image_id,x,y,w,h,gx,gy,gw,gh,icdas,ic4,y_ge1,y_ge2,y_ge3,y_ge4,y_ge5,y_ge6,mask_ge1,mask_ge2,mask_ge3,mask_ge4,mask_ge5,mask_ge6
8b148305-247.jpg,143.38228187711405,20.710565049946126,234.19117647058832,313.84832425859935,143.38228187711405,20.710565049946126,234.19117647058832,313.84832425859935,3,2,1,0,1,0,0,0,1,0,1,0,1,0
8b148305-247.jpg,184.80392156862737,296.32352941176475,328.18627450980404,302.69607843137254,184.80392156862737,296.32352941176475,328.18627450980404,302.69607843137254,3,2,1,0,1,0,0,0,1,0,1,0,1,0
8b148305-247.jpg,264.46078431372536,581.4950980392157,256.4950980392156,223.0395445819435,264.46078431372536,581.4950980392157,256.4950980392156,223.0395445819435,1,1,1,0,0,0,0,0,1,0,1,0,1,0
8b148305-247.jpg,368.01472167436697,726.470588235294,242.1568469530845,251.71568627450964,368.01472167436697,726.470588235294,242.1568469530845,251.71568627450964,0,0,0,0,0,0,0,0,1,0,1,0,1,0
8b148305-247.jpg,489.0931372549019,911.2745098039212,197.5490196078431,223.03941302367616,489.0931372549019,911.2745098039212,197.5490196078431,223.03941302367616,0,0,0,0,0,0,0,0,1,0,1,0,1,0
8b148305-247.jpg,667.5245098039218,1013.2352941176468,180.02450980392155,143.3823529411765,667.5245098039218,1013.2352941176468,180.02450980392155,143.3823529411765,0,0,0,0,0,0,0,0,1,0,1,0,1,0
8b148305-247.jpg,826.8382352941177,1045.0980392156862,164.09313725490208,140.1960784313725,826.8382352941177,1045.0980392156862,164.09313725490208,140.1960784313725,0,0,0,0,0,0,0,0,1,0,1,0,1,0
8b148305-247.jpg,995.7107843137256,1046.6911764705883,165.686274509804,124.26470588235298,995.7107843137256,1046.6911764705883,165.686274509804,124.26470588235298,0,0,0,0,0,0,0,0,1,0,1,0,1,0
8b148305-247.jpg,1143.8725490196082,998.8970588235296,178.4313725490196,173.65196078431376,1143.8725490196082,998.8970588235296,178.4313725490196,173.65196078431376,0,0,0,0,0,0,0,0,1,0,1,0,1,0
8b148305-247.jpg,1299.9999999999998,947.9166666666666,197.54901960784332,223.0392156862747,1299.9999999999998,947.9166666666666,197.54901960784332,223.0392156862747,1,1,1,0,0,0,0,0,1,0,1,0,1,0
8b148305-247.jpg,1357.3529411764707,753.5539215686275,246.93627450980387,258.0882352941175,1357.3529411764707,753.5539215686275,246.93627450980387,258.0882352941175,1,1,1,0,0,0,0,0,1,0,1,0,1,0
8b148305-247.jpg,1427.4509803921571,587.8676470588235,256.49509803921546,227.8186274509804,1427.4509803921571,587.8676470588235,256.49509803921546,227.8186274509804,0,0,0,0,0,0,0,0,1,0,1,0,1,0
8b148305-247.jpg,1500.7352941176475,318.6274509803921,296.3235294117649,332.96568627450984,1500.7352941176475,318.6274509803921,296.3235294117649,332.96568627450984,1,1,1,0,0,0,0,0,1,0,1,0,1,0
8b148305-247.jpg,1621.8137254901958,52.57368289641028,203.92156862745068,294.7302386722171,1621.8137254901958,52.57368289641028,203.92156862745068,294.7302386722171,2,1,1,0,0,0,0,0,1,0,1,0,1,0
25f69e77-229.jpg,92.40196078431372,952.6960784313724,336.15196078431376,277.2058823529412,92.40196078431372,952.6960784313724,336.15196078431376,277.2058823529412,1,1,1,0,0,0,0,0,1,0,1,0,1,0
25f69e77-229.jpg,191.1764705882353,661.1519607843136,348.8970588235294,326.5931372549019,191.1764705882353,661.1519607843136,348.8970588235294,326.5931372549019,3,2,1,0,1,0,0,0,1,0,1,0,1,0
25f69e77-229.jpg,283.57843137254906,474.7549019607843,302.69607843137254,232.59803921568624,283.57843137254906,474.7549019607843,302.69607843137254,232.59803921568624,1,1,1,0,0,0,0,0,1,0,1,0,1,0
25f69e77-229.jpg,353.67647058823525,293.13725490196083,266.0539215686275,237.37745098039207,353.67647058823525,293.13725490196083,266.0539215686275,237.37745098039207,0,0,0,0,0,0,0,0,1,0,1,0,1,0
25f69e77-229.jpg,471.5686274509801,127.45098039215684,197.5490196078431,235.7845549156476,471.5686274509801,127.45098039215684,197.5490196078431,235.7845549156476,0,0,0,0,0,0,0,0,1,0,1,0,1,0
25f69e77-229.jpg,637.2549019607844,173.6519607843137,195.9558823529412,194.3627450980392,637.2549019607844,173.6519607843137,195.9558823529412,194.3627450980392,0,0,0,0,0,0,0,0,1,0,1,0,1,0
25f69e77-229.jpg,822.0588235294119,180.02450980392163,175.2450980392158,165.68636221531568,822.0588235294119,180.02450980392163,175.2450980392158,165.68636221531568,0,0,0,0,0,0,0,0,1,0,1,0,1,0
25f69e77-229.jpg,995.710784313726,157.7205882352941,168.8726200836699,175.2450980392156,995.710784313726,157.7205882352941,168.8726200836699,175.2450980392156,0,0,0,0,0,0,0,0,1,0,1,0,1,0
25f69e77-229.jpg,1156.6176470588227,170.46586168553335,197.5490985679133,186.3967957069942,1156.6176470588227,170.46586168553335,197.5490985679133,186.3967957069942,0,0,0,0,0,0,0,0,1,0,1,0,1,0
25f69e77-229.jpg,1346.200980392158,159.31372549019613,197.54905908787703,254.9019607843135,1346.200980392158,159.31372549019613,197.54905908787703,254.9019607843135,0,0,0,0,0,0,0,0,1,0,1,0,1,0
25f69e77-229.jpg,1440.1960784313728,293.1372549019608,245.34313725490225,242.156862745098,1440.1960784313728,293.1372549019608,245.34313725490225,242.156862745098,1,1,1,0,0,0,0,0,1,0,1,0,1,0
25f69e77-229.jpg,1467.279380180678,476.3480392156863,262.86767864285207,237.3774509803922,1467.279380180678,476.3480392156863,262.86767864285207,237.3774509803922,0,0,0,0,0,0,0,0,1,0,1,0,1,0
25f69e77-229.jpg,1472.0587682573632,656.3725490196077,347.3039768406762,331.3725490196075,1472.0587682573632,656.3725490196077,347.3039768406762,331.3725490196075,3,2,1,0,1,0,0,0,1,0,1,0,1,0
25f69e77-229.jpg,1596.3235294117649,938.357843137255,307.47549019607845,262.8676470588235,1596.3235294117649,938.357843137255,307.47549019607845,262.8676470588235,2,1,1,0,0,0,0,0,1,0,1,0,1,0
25f69e77-229.jpg,1714.2156862745096,1155.0245098039215,210.29411764705884,127.45098039215696,1714.2156862745096,1155.0245098039215,210.29411764705884,127.45098039215696,3,2,1,0,1,0,0,0,1,0,1,0,1,0
024be0a0-237.jpg,289.9509803921568,495.4656862745097,86.02941176470591,173.65196078431376,289.9509803921568,495.4656862745097,86.02941176470591,173.65196078431376,1,1,1,0,0,0,0,0,1,0,1,0,1,0
024be0a0-237.jpg,363.2352941176471,498.6519607843137,114.70588235294125,173.65196078431376,363.2352941176471,498.6519607843137,114.70588235294125,173.65196078431376,1,1,1,0,0,0,0,0,1,0,1,0,1,0
024be0a0-237.jpg,288.357843137255,648.406862745098,109.92647058823523,98.77450980392152,288.357843137255,648.406862745098,109.92647058823523,98.77450980392152,1,1,1,0,0,0,0,0,1,0,1,0,1,0
024be0a0-237.jpg,395.0980392156863,657.9656862745097,89.2156862745098,122.671568627451,395.0980392156863,657.9656862745097,89.2156862745098,122.671568627451,1,1,1,0,0,0,0,0,1,0,1,0,1,0
024be0a0-237.jpg,463.6029411764707,485.906862745098,157.7205882352942,223.0392156862745,463.6029411764707,485.906862745098,157.7205882352942,223.0392156862745,1,1,1,0,0,0,0,0,1,0,1,0,1,0
024be0a0-237.jpg,468.38235294117646,672.3039215686274,122.67156862745104,146.56862745098027,468.38235294117646,672.3039215686274,122.67156862745104,146.56862745098027,1,1,1,0,0,0,0,0,1,0,1,0,1,0
024be0a0-237.jpg,603.7990196078432,458.8235294117648,173.6519607843138,245.34313725490188,603.7990196078432,458.8235294117648,173.6519607843138,245.34313725490188,1,1,1,0,0,0,0,0,1,0,1,0,1,0
024be0a0-237.jpg,759.9264705882354,444.485294117647,237.37745098039227,261.27450980392143,759.9264705882354,444.485294117647,237.37745098039227,261.27450980392143,1,1,1,0,0,0,0,0,1,0,1,0,1,0
024be0a0-237.jpg,992.5245098039215,426.9607843137255,243.74999999999983,281.985294117647,992.5245098039215,426.9607843137255,243.74999999999983,281.985294117647,1,1,1,0,0,0,0,0,1,0,1,0,1,0
024be0a0-237.jpg,589.4607843137256,680.2696078431377,146.5686274509806,173.65213619533716,589.4607843137256,680.2696078431377,146.5686274509806,173.65213619533716,0,0,0,0,0,0,0,0,1,0,1,0,1,0
024be0a0-237.jpg,739.21568627451,686.6421568627452,130.63725490196092,122.671568627451,739.21568627451,686.6421568627452,130.63725490196092,122.671568627451,0,0,0,0,0,0,0,0,1,0,1,0,1,0
024be0a0-237.jpg,874.6323529411766,689.828431372549,129.04411764705898,121.078431372549,874.6323529411766,689.828431372549,129.04411764705898,121.078431372549,1,1,1,0,0,0,0,0,1,0,1,0,1,0
024be0a0-237.jpg,1002.0833333333336,685.0490196078432,146.5686274509804,173.65196078431364,1002.0833333333336,685.0490196078432,146.5686274509804,173.65196078431364,1,1,1,0,0,0,0,0,1,0,1,0,1,0
024be0a0-237.jpg,1158.2107843137255,677.0833333333333,133.82352941176464,181.61764705882345,1158.2107843137255,677.0833333333333,133.82352941176464,181.61764705882345,1,1,1,0,0,0,0,0,1,0,1,0,1,0
024be0a0-237.jpg,1231.495098039216,438.1127450980393,175.2450980392156,246.93627450980387,1231.495098039216,438.1127450980393,175.2450980392156,246.93627450980387,1,1,1,0,0,0,0,0,1,0,1,0,1,0
024be0a0-237.jpg,1288.8480392156864,632.4754901960783,167.2794117647058,232.5980392156864,1288.8480392156864,632.4754901960783,167.2794117647058,232.5980392156864,0,0,0,0,0,0,0,0,1,0,1,0,1,0
024be0a0-237.jpg,1408.3333333333337,425.36764705882354,140.19607843137263,246.936274509804,1408.3333333333337,425.36764705882354,140.19607843137263,246.936274509804,1,1,1,0,0,0,0,0,1,0,1,0,1,0
024be0a0-237.jpg,1451.3480392156866,645.220588235294,122.67156862745112,205.5147058823529,1451.3480392156866,645.220588235294,122.67156862745112,205.5147058823529,1,1,1,0,0,0,0,0,1,0,1,0,1,0
024be0a0-237.jpg,1532.5980392156866,469.9754901960784,135.41666666666657,194.36274509803928,1532.5980392156866,469.9754901960784,135.41666666666657,194.36274509803928,1,1,1,0,0,0,0,0,1,0,1,0,1,0
024be0a0-237.jpg,1556.495098039216,651.593137254902,98.77450980392184,138.60294117647052,1556.495098039216,651.593137254902,98.77450980392184,138.60294117647052,1,1,1,0,0,0,0,0,1,0,1,0,1,0
024be0a0-237.jpg,1647.3039215686276,487.5,73.28431372549005,159.3137254901961,1647.3039215686276,487.5,73.28431372549005,159.3137254901961,1,1,1,0,0,0,0,0,1,0,1,0,1,0
024be0a0-237.jpg,1720.5882352941176,485.906862745098,87.62254901960802,140.1960784313726,1720.5882352941176,485.906862745098,87.62254901960802,140.1960784313726,1,1,1,0,0,0,0,0,1,0,1,0,1,0
024be0a0-237.jpg,1661.6421568627452,614.9509803921569,124.26470588235304,173.65196078431364,1661.6421568627452,614.9509803921569,124.26470588235304,173.65196078431364,1,1,1,0,0,0,0,0,1,0,1,0,1,0
c636df10-156.jpg,787.0098039215687,403.0637254901961,302.69607843137254,312.2549019607844,787.0098039215687,403.0637254901961,302.69607843137254,312.2549019607844,2,1,1,0,0,0,0,0,1,0,1,0,1,0
c636df10-156.jpg,560.7843137254903,474.7549019607842,242.15686274509807,245.3431372549021,560.7843137254903,474.7549019607842,242.15686274509807,245.3431372549021,2,1,1,0,0,0,0,0,1,0,1,0,1,0
c636df10-156.jpg,375.9803921568628,462.0098039215686,200.7352941176471,274.01960784313724,375.9803921568628,462.0098039215686,200.7352941176471,274.01960784313724,1,1,1,0,0,0,0,0,1,0,1,0,1,0
c636df10-156.jpg,259.6813725490196,469.97549019607845,141.7892156862746,238.9705882352941,259.6813725490196,469.97549019607845,141.7892156862746,238.9705882352941,1,1,1,0,0,0,0,0,1,0,1,0,1,0
c636df10-156.jpg,178.43137254901964,498.65196078431376,114.70588235294116,165.68627450980387,178.43137254901964,498.65196078431376,114.70588235294116,165.68627450980387,0,0,0,0,0,0,0,0,1,0,1,0,1,0
c636df10-156.jpg,119.4852941176471,465.1960784313725,79.65686274509802,162.5,119.4852941176471,465.1960784313725,79.65686274509802,162.5,0,0,0,0,0,0,0,0,1,0,1,0,1,0
c636df10-156.jpg,1083.3333333333337,411.0293021328161,305.88235294117663,302.6961880632624,1083.3333333333337,411.0293021328161,305.88235294117663,302.6961880632624,2,1,1,0,0,0,0,0,1,0,1,0,1,0
c636df10-156.jpg,1374.8774509803925,469.9753367114332,223.03916831023312,253.30897701405704,1374.8774509803925,469.9753367114332,223.03916831023312,253.30897701405704,2,1,1,0,0,0,0,0,1,0,1,0,1,0
c636df10-156.jpg,1725.367647058824,495.4656862745097,144.97549019607845,213.4803921568628,1725.367647058824,495.4656862745097,144.97549019607845,213.4803921568628,0,0,0,0,0,0,0,0,1,0,1,0,1,0
c636df10-156.jpg,1586.764705882353,433.33333333333326,192.7696078431373,297.91666666666674,1586.764705882353,433.33333333333326,192.7696078431373,297.91666666666674,1,1,1,0,0,0,0,0,1,0,1,0,1,0
c636df10-156.jpg,1835.2941176470588,514.5833333333333,81.25000000000028,167.27941176470597,1835.2941176470588,514.5833333333333,81.25000000000028,167.27941176470597,0,0,0,0,0,0,0,0,1,0,1,0,1,0
c636df10-156.jpg,1905.3921568627447,477.9411764705884,35.04901960784309,105.14705882352938,1905.3921568627447,477.9411764705884,35.04901960784309,105.14705882352938,0,0,0,0,0,0,0,0,1,0,1,0,1,0
c636df10-156.jpg,716.9117489138683,689.8283217406588,197.54901960784304,240.5640324594877,716.9117489138683,689.8283217406588,197.54901960784304,240.5640324594877,1,1,1,0,0,0,0,0,1,0,1,0,1,0
c636df10-156.jpg,919.2401960784316,697.7941176470588,195.9558823529412,226.22549019607848,919.2401960784316,697.7941176470588,195.9558823529412,226.22549019607848,1,1,1,0,0,0,0,0,1,0,1,0,1,0
c636df10-156.jpg,1118.3823529411773,700.980392156863,199.14220423878632,226.2254901960785,1118.3823529411773,700.980392156863,199.14220423878632,226.2254901960785,1,1,1,0,0,0,0,0,1,0,1,0,1,0
c636df10-156.jpg,144.9754901960784,657.9656862745098,151.3480392156863,73.28466454753718,144.9754901960784,657.9656862745098,151.3480392156863,73.28466454753718,1,1,1,0,0,0,0,0,1,0,1,0,1,0
c636df10-156.jpg,275.6127450980392,685.0490196078431,144.97549019607837,108.33346489160104,275.6127450980392,685.0490196078431,144.97549019607837,108.33346489160104,1,1,1,0,0,0,0,0,1,0,1,0,1,0
c636df10-156.jpg,369.607835241248,712.1324406466882,186.39705882352945,154.53431372549025,369.607835241248,712.1324406466882,186.39705882352945,154.53431372549025,1,1,1,0,0,0,0,0,1,0,1,0,1,0
c636df10-156.jpg,536.8872549019608,699.3872549019607,191.17647058823528,200.73529411764704,536.8872549019608,699.3872549019607,191.17647058823528,200.73529411764704,1,1,1,0,0,0,0,0,1,0,1,0,1,0
c636df10-156.jpg,1309.5588235294108,699.3872549019604,187.9902039744384,234.1913080288556,1309.5588235294108,699.3872549019604,187.9902039744384,234.1913080288556,1,1,1,0,0,0,0,0,1,0,1,0,1,0
c636df10-156.jpg,1492.7696078431372,685.0490196078431,165.68627450980415,250.12254901960785,1492.7696078431372,685.0490196078431,165.68627450980415,250.12254901960785,1,1,1,0,0,0,0,0,1,0,1,0,1,0
c636df10-156.jpg,1648.8970588235295,705.7598039215686,129.04411764705884,152.94117647058826,1648.8970588235295,705.7598039215686,129.04411764705884,152.94117647058826,1,1,1,0,0,0,0,0,1,0,1,0,1,0
c636df10-156.jpg,1738.112745098039,694.6078431372548,97.1813725490196,82.84313725490199,1738.112745098039,694.6078431372548,97.1813725490196,82.84313725490199,0,0,0,0,0,0,0,0,1,0,1,0,1,0
dad6d960-145.jpg,456.3636363636362,505.45454545454527,210.90896163631723,209.0909090909092,456.3636363636362,505.45454545454527,210.90896163631723,209.0909090909092,0,0,0,0,0,0,0,0,1,0,1,0,1,0
dad6d960-145.jpg,648.1980416091908,501.5354469062624,243.2368993939476,261.71081061563467,648.1980416091908,501.5354469062624,243.2368993939476,261.71081061563467,1,1,1,0,0,0,0,0,1,0,1,0,1,0
dad6d960-145.jpg,449.09269173567657,681.1409586049832,211.42179334314727,244.26326427781507,449.09269173567657,681.1409586049832,211.42179334314727,244.26326427781507,2,1,1,0,0,0,0,0,1,0,1,0,1,0
dad6d960-145.jpg,635.8822467716541,697.5620183883684,92.3685180368359,131.36847826706048,635.8822467716541,697.5620183883684,92.3685180368359,131.36847826706048,2,1,1,0,0,0,0,0,1,0,1,0,1,0
dad6d960-145.jpg,730.303340526105,745.7988815020555,87.23688009922014,66.71055536999187,730.303340526105,745.7988815020555,87.23688009922014,66.71055536999187,2,1,1,0,0,0,0,0,1,0,1,0,1,0
dad6d960-145.jpg,820.6191693347075,734.5094029009772,49.263325292370936,50.28949558660893,820.6191693347075,734.5094029009772,49.263325292370936,50.28949558660893,2,1,1,0,0,0,0,0,1,0,1,0,1,0
dad6d960-145.jpg,859.6191863202429,545.6672153920799,104.68425611906426,202.18429858289835,859.6191863202429,545.6672153920799,104.68425611906426,202.18429858289835,1,1,1,0,0,0,0,0,1,0,1,0,1,0
dad6d960-145.jpg,943.777117710079,504.61456593362345,135.47374321290633,267.86853771642865,943.777117710079,504.61456593362345,135.47374321290633,267.86853771642865,1,1,1,0,0,0,0,0,1,0,1,0,1,0
dad6d960-145.jpg,855.5139213743959,743.7462490291316,62.60537150315912,60.55265795122322,855.5139213743959,743.7462490291316,62.60537150315912,60.55265795122322,2,1,1,0,0,0,0,0,1,0,1,0,1,0
af4f53cc-116.jpg,966.0646288485163,145.72511335883132,183.3918017948733,143.9527046346855,966.0646288485163,145.72511335883132,183.3918017948733,143.9527046346855,0,0,0,0,0,0,0,0,1,0,1,0,1,0
af4f53cc-116.jpg,1145.5125209273713,126.0055647787374,179.44789207885435,167.61616293079803,1145.5125209273713,126.0055647787374,179.44789207885435,167.61616293079803,0,0,0,0,0,0,0,0,1,0,1,0,1,0
af4f53cc-116.jpg,818.1680144978121,163.47270708091585,141.98074977667602,134.0929303446385,818.1680144978121,163.47270708091585,141.98074977667602,134.0929303446385,0,0,0,0,0,0,0,0,1,0,1,0,1,0
af4f53cc-116.jpg,694.6214936365899,209.03077411546,172.39957777829505,176.4401928824738,694.6214936365899,209.03077411546,172.39957777829505,176.4401928824738,0,0,0,0,0,0,0,0,1,0,1,0,1,0
af4f53cc-116.jpg,648.827855789231,354.4929178658965,203.37762691033248,172.39957777829494,648.827855789231,354.4929178658965,203.37762691033248,172.39957777829494,1,1,1,0,0,0,0,0,1,0,1,0,1,0
af4f53cc-116.jpg,568.0155537056553,468.9770124842954,223.58070243122623,157.58398906297285,568.0155537056553,468.9770124842954,223.58070243122623,157.58398906297285,1,1,1,0,0,0,0,0,1,0,1,0,1,0
af4f53cc-116.jpg,516.834429052724,574.0330051929441,241.0900345493344,195.29639670197483,516.834429052724,574.0330051929441,241.0900345493344,195.29639670197483,1,1,1,0,0,0,0,0,1,0,1,0,1,0
af4f53cc-116.jpg,460.2658175942207,692.5577149155221,237.04941944515576,161.62460416715166,460.2658175942207,692.5577149155221,237.04941944515576,161.62460416715166,1,1,1,0,0,0,0,0,1,0,1,0,1,0
af4f53cc-116.jpg,448.1439722816844,827.2448850548143,208.765113715904,90.2404039933264,448.1439722816844,827.2448850548143,208.765113715904,90.2404039933264,3,2,1,0,1,0,0,0,1,0,1,0,1,0
af4f53cc-116.jpg,426.5940250593974,959.238311791321,211.4588571186893,142.76840034765033,426.5940250593974,959.238311791321,211.4588571186893,142.76840034765033,0,0,0,0,0,0,0,0,1,0,1,0,1,0
af4f53cc-116.jpg,480.4688931151147,971.3601571038585,215.49947222286875,121.2184531253637,480.4688931151147,971.3601571038585,215.49947222286875,121.2184531253637,0,0,0,0,0,0,0,0,1,0,1,0,1,0
af4f53cc-116.jpg,530.303146066653,984.8288741177876,214.15260052147588,129.2996833337215,530.303146066653,984.8288741177876,214.15260052147588,129.2996833337215,0,0,0,0,0,0,0,0,1,0,1,0,1,0
af4f53cc-116.jpg,594.952987733514,1000.9913345345028,218.1932156256545,145.46214375043664,594.952987733514,1000.9913345345028,218.1932156256545,145.46214375043664,0,0,0,0,0,0,0,0,1,0,1,0,1,0
af4f53cc-116.jpg,644.7872406850523,1034.6631270693265,119.87158142397092,200.6838835075463,644.7872406850523,1034.6631270693265,119.87158142397092,200.6838835075463,0,0,0,0,0,0,0,0,1,0,1,0,1,0
af4f53cc-116.jpg,756.5775919006655,1052.1724591874345,156.23711736157972,204.72449861172515,756.5775919006655,1052.1724591874345,156.23711736157972,204.72449861172515,0,0,0,0,0,0,0,0,1,0,1,0,1,0
af4f53cc-116.jpg,903.3866073524948,1046.7849723818626,193.94952500058167,206.0713703131181,903.3866073524948,1046.7849723818626,193.94952500058167,206.0713703131181,0,0,0,0,0,0,0,0,1,0,1,0,1,0
af4f53cc-116.jpg,1082.520543637752,1061.6005610971847,185.8682947922236,200.68388350754708,1082.520543637752,1061.6005610971847,185.8682947922236,200.68388350754708,0,0,0,0,0,0,0,0,1,0,1,0,1,0
af4f53cc-116.jpg,1230.9362585046365,1025.2381729158424,173.74644947968804,245.13064965351307,1230.9362585046365,1025.2381729158424,173.74644947968804,245.13064965351307,0,0,0,0,0,0,0,0,1,0,1,0,1,0
af4f53cc-116.jpg,1404.8333532289096,1024.6285441978637,141.27088340166432,193.2122820171637,1404.8333532289096,1024.6285441978637,141.27088340166432,193.2122820171637,0,0,0,0,0,0,0,0,1,0,1,0,1,0
af4f53cc-116.jpg,1279.423639754782,191.52458975361844,172.3995777782947,161.624604167151,1279.423639754782,191.52458975361844,172.3995777782947,161.624604167151,0,0,0,0,0,0,0,0,1,0,1,0,1,0
af4f53cc-116.jpg,1415.4576815954683,256.1744314204791,179.1339362852597,164.31834756993743,1415.4576815954683,256.1744314204791,179.1339362852597,164.31834756993743,0,0,0,0,0,0,0,0,1,0,1,0,1,0
af4f53cc-116.jpg,1414.1108098940754,419.1459072890236,211.45885711869,153.54337395879412,1414.1108098940754,419.1459072890236,211.45885711869,153.54337395879412,1,1,1,0,0,0,0,0,1,0,1,0,1,0
af4f53cc-116.jpg,1473.6885507238028,527.2391676266581,212.8767095177756,155.85616232551442,1473.6885507238028,527.2391676266581,212.8767095177756,155.85616232551442,3,2,1,0,1,0,0,0,1,0,1,0,1,0
af4f53cc-116.jpg,1501.0584133760883,642.8008099363076,234.9246544321167,193.1095864911251,1501.0584133760883,642.8008099363076,234.9246544321167,193.1095864911251,3,2,1,0,1,0,0,0,1,0,1,0,1,0
af4f53cc-116.jpg,1576.325535669873,753.0405345080131,230.363010656736,187.78766875318067,1576.325535669873,753.0405345080131,230.363010656736,187.78766875318067,3,2,1,0,1,0,0,0,1,0,1,0,1,0
af4f53cc-116.jpg,1380.9351272910476,1008.4925859293422,208.3150657424043,153.57534043782496,1380.9351272910476,1008.4925859293422,208.3150657424043,153.57534043782496,0,0,0,0,0,0,0,0,1,0,1,0,1,0
af4f53cc-116.jpg,1455.4419756222792,991.7665587529472,206.0342438547045,123.9246558978477,1455.4419756222792,991.7665587529472,206.0342438547045,123.9246558978477,0,0,0,0,0,0,0,0,1,0,1,0,1,0
af4f53cc-116.jpg,1505.620057151469,986.444641015003,205.2739698921412,101.11643702094334,1505.620057151469,986.444641015003,205.2739698921412,101.11643702094334,0,0,0,0,0,0,0,0,1,0,1,0,1,0
af4f53cc-116.jpg,1583.9282752955062,977.3213534642408,169.5410936516569,73.74657436865732,1583.9282752955062,977.3213534642408,169.5410936516569,73.74657436865732,0,0,0,0,0,0,0,0,1,0,1,0,1,0
04da7e02-166.jpg,439.70588235294105,863.4801948194616,275.6127450980392,213.48058949426408,439.70588235294105,863.4801948194616,275.6127450980392,213.48058949426408,6,3,1,0,1,0,1,0,1,0,1,0,1,0
04da7e02-166.jpg,428.5539215686275,1022.7942492053268,274.0196078431373,111.51947628486926,428.5539215686275,1022.7942492053268,274.0196078431373,111.51947628486926,5,3,1,0,1,0,1,0,1,0,1,0,1,0
04da7e02-166.jpg,1546.9362745098042,831.6176470588236,270.83333333333314,248.529411764706,1546.9362745098042,831.6176470588236,270.83333333333314,248.529411764706,5,3,1,0,1,0,1,0,1,0,1,0,1,0
04da7e02-166.jpg,578.3088235294118,425.3676470588235,176.83823529411774,197.54901960784323,578.3088235294118,425.3676470588235,176.83823529411774,197.54901960784323,0,0,0,0,0,0,0,0,1,0,1,0,1,0
04da7e02-166.jpg,728.0637254901961,366.4215686274511,162.5,167.27941176470586,728.0637254901961,366.4215686274511,162.5,167.27941176470586,0,0,0,0,0,0,0,0,1,0,1,0,1,0
04da7e02-166.jpg,895.343137254902,317.0343137254902,216.66666666666657,211.8872549019608,895.343137254902,317.0343137254902,216.66666666666657,211.8872549019608,0,0,0,0,0,0,0,0,1,0,1,0,1,0
04da7e02-166.jpg,1118.3823529411764,329.77941176470586,224.6323529411765,178.4313725490196,1118.3823529411764,329.77941176470586,224.6323529411765,178.4313725490196,0,0,0,0,0,0,0,0,1,0,1,0,1,0
04da7e02-166.jpg,1328.6764705882354,374.3872549019607,173.6519607843138,159.3137254901961,1328.6764705882354,374.3872549019607,173.6519607843138,159.3137254901961,0,0,0,0,0,0,0,0,1,0,1,0,1,0
04da7e02-166.jpg,1454.5343137254904,420.5882352941177,191.17647058823536,213.4803921568628,1454.5343137254904,420.5882352941177,191.17647058823536,213.4803921568628,1,1,1,0,0,0,0,0,1,0,1,0,1,0
04da7e02-166.jpg,1449.7549019607848,589.4607843137255,237.377450980392,184.8039215686274,1449.7549019607848,589.4607843137255,237.377450980392,184.8039215686274,2,1,1,0,0,0,0,0,1,0,1,0,1,0
04da7e02-166.jpg,492.2794117647059,732.8431372549019,232.5980392156864,170.46568627450978,492.2794117647059,732.8431372549019,232.5980392156864,170.46568627450978,2,1,1,0,0,0,0,0,1,0,1,0,1,0
04da7e02-166.jpg,565.5637254901962,599.0196078431372,250.1225490196078,187.99019607843127,565.5637254901962,599.0196078431372,250.1225490196078,187.99019607843127,1,1,1,0,0,0,0,0,1,0,1,0,1,0
04da7e02-166.jpg,1519.8529411764707,723.2843137254902,229.41176470588232,170.46568627450978,1519.8529411764707,723.2843137254902,229.41176470588232,170.46568627450978,2,1,1,0,0,0,0,0,1,0,1,0,1,0
04da7e02-166.jpg,1670.8394101442232,958.8699341494674,205.87498710979503,174.7543495234306,1670.8394101442232,958.8699341494674,205.87498710979503,174.7543495234306,5,3,1,0,1,0,1,0,1,0,1,0,1,0
04da7e02-166.jpg,527.7544526450704,1139.6090216702758,46.6809563795465,51.46874677744863,527.7544526450704,1139.6090216702758,46.6809563795465,51.46874677744863,0,0,0,0,0,0,0,0,1,0,1,0,1,0
04da7e02-166.jpg,579.223199422519,1103.7005936860098,150.81539753391976,130.46746955256984,579.223199422519,1103.7005936860098,150.81539753391976,130.46746955256984,0,0,0,0,0,0,0,0,1,0,1,0,1,0
04da7e02-166.jpg,724.0538589590616,1048.64111942542,179.54213992133276,168.76926558019483,724.0538589590616,1048.64111942542,179.54213992133276,168.76926558019483,0,0,0,0,0,0,0,0,1,0,1,0,1,0
04da7e02-166.jpg,905.9898940793452,1029.4898425185252,226.2230963008794,168.76961152605284,905.9898940793452,1029.4898425185252,226.2230963008794,168.76961152605284,0,0,0,0,0,0,0,0,1,0,1,0,1,0
04da7e02-166.jpg,1135.803833178651,1036.671528115378,227.42004390035504,153.20929273287084,1135.803833178651,1036.671528115378,227.42004390035504,153.20929273287084,0,0,0,0,0,0,0,0,1,0,1,0,1,0
04da7e02-166.jpg,1358.436086681104,1051.034899309085,177.14824472238178,141.2398167381151,1358.436086681104,1051.034899309085,177.14824472238178,141.2398167381151,0,0,0,0,0,0,0,0,1,0,1,0,1,0
04da7e02-166.jpg,1533.1904362045343,1074.973851298596,144.83065953654204,129.27034074335975,1533.1904362045343,1074.973851298596,144.83065953654204,129.27034074335975,0,0,0,0,0,0,0,0,1,0,1,0,1,0
04da7e02-166.jpg,1648.097405754187,1115.670069680765,57.4534610452792,89.77123469678901,1648.097405754187,1115.670069680765,57.4534610452792,89.77123469678901,0,0,0,0,0,0,0,0,1,0,1,0,1,0
04da7e02-166.jpg,1694.7783621337346,1136.0181788718492,38.30232318321748,31.120637586364296,1694.7783621337346,1136.0181788718492,38.30232318321748,31.120637586364296,0,0,0,0,0,0,0,0,1,0,1,0,1,0
5b7fd5c5-261.jpg,149.7549019607843,505.0245098039216,108.33333333333334,148.1617647058823,149.7549019607843,505.0245098039216,108.33333333333334,148.1617647058823,0,0,0,0,0,0,0,0,1,0,1,0,1,0
5b7fd5c5-261.jpg,157.72058823529414,642.0343137254902,86.02941176470588,108.33333333333329,157.72058823529414,642.0343137254902,86.02941176470588,108.33333333333329,0,0,0,0,0,0,0,0,1,0,1,0,1,0
5b7fd5c5-261.jpg,218.25980392156853,685.0490196078434,159.31372549019608,106.74037148945467,218.25980392156853,685.0490196078434,159.31372549019608,106.74037148945467,1,1,1,0,0,0,0,0,1,0,1,0,1,0
5b7fd5c5-261.jpg,231.0049019607843,562.3774509803923,106.74019607843135,116.29901960784312,231.0049019607843,562.3774509803923,106.74019607843135,116.29901960784312,1,1,1,0,0,0,0,0,1,0,1,0,1,0
5b7fd5c5-261.jpg,286.7647058823528,485.9068627450984,141.78921568627442,219.8533139248952,286.7647058823528,485.9068627450984,141.78921568627442,219.8533139248952,1,1,1,0,0,0,0,0,1,0,1,0,1,0
5b7fd5c5-261.jpg,345.7107843137256,678.6764705882355,92.40196078431374,121.078431372549,345.7107843137256,678.6764705882355,92.40196078431374,121.078431372549,1,1,1,0,0,0,0,0,1,0,1,0,1,0
5b7fd5c5-261.jpg,390.3186274509805,404.65686274509807,203.92156862745105,283.57843137254906,390.3186274509805,404.65686274509807,203.92156862745105,283.57843137254906,1,1,1,0,0,0,0,0,1,0,1,0,1,0
5b7fd5c5-261.jpg,584.6813725490196,388.7254901960784,218.2598039215688,274.01960784313724,584.6813725490196,388.7254901960784,218.2598039215688,274.01960784313724,1,1,1,0,0,0,0,0,1,0,1,0,1,0
5b7fd5c5-261.jpg,556.0049651288399,643.6274509803924,197.5489564397877,210.29411764705875,556.0049651288399,643.6274509803924,197.5489564397877,210.29411764705875,2,1,1,0,0,0,0,0,1,0,1,0,1,0
5b7fd5c5-261.jpg,406.25000000000006,665.9313725490196,176.8382352941176,159.3137254901961,406.25000000000006,665.9313725490196,176.8382352941176,159.3137254901961,2,1,1,0,0,0,0,0,1,0,1,0,1,0
5b7fd5c5-261.jpg,736.0294117647064,626.1029411764704,165.68632188584508,194.36274509803903,736.0294117647064,626.1029411764704,165.68632188584508,194.36274509803903,2,1,1,0,0,0,0,0,1,0,1,0,1,0
5b7fd5c5-261.jpg,787.0098039215685,345.7107843137255,297.9166587706599,323.406862745098,787.0098039215685,345.7107843137255,297.9166587706599,323.406862745098,1,1,1,0,0,0,0,0,1,0,1,0,1,0
5b7fd5c5-261.jpg,904.9019607843138,630.8823529411769,181.6176944348652,191.17647058823536,904.9019607843138,630.8823529411769,181.6176944348652,191.17647058823536,1,1,1,0,0,0,0,0,1,0,1,0,1,0
5b7fd5c5-261.jpg,1073.774509803921,364.8282559615256,293.137254901961,302.69625384239606,1073.774509803921,364.8282559615256,293.137254901961,302.69625384239606,1,1,1,0,0,0,0,0,1,0,1,0,1,0
5b7fd5c5-261.jpg,1089.7058823529414,653.1862745098039,156.12745098039227,170.46568627450978,1089.7058823529414,653.1862745098039,156.12745098039227,170.46568627450978,1,1,1,0,0,0,0,0,1,0,1,0,1,0
5b7fd5c5-261.jpg,1260.171568627451,621.3235294117649,151.3480392156862,181.6176470588235,1260.171568627451,621.3235294117649,151.3480392156862,181.6176470588235,1,1,1,0,0,0,0,0,1,0,1,0,1,0
5b7fd5c5-261.jpg,1346.200980392157,406.2499999999999,215.07357678780664,242.15686274509784,1346.200980392157,406.2499999999999,215.07357678780664,242.15686274509784,1,1,1,0,0,0,0,0,1,0,1,0,1,0
5b7fd5c5-261.jpg,1559.6813725490197,323.40686274509807,156.12745098039227,157.72058823529417,1559.6813725490197,323.40686274509807,156.12745098039227,157.72058823529417,1,1,1,0,0,0,0,0,1,0,1,0,1,0
5b7fd5c5-261.jpg,1402.2443688219084,608.2887700534759,198.8129962728894,230.412412899044,1402.2443688219084,608.2887700534759,198.8129962728894,230.412412899044,2,1,1,0,0,0,0,0,1,0,1,0,1,0
5b7fd5c5-261.jpg,1572.0912331874902,591.1724193809756,160.63036784961895,208.02949278885112,1572.0912331874902,591.1724193809756,160.63036784961895,208.02949278885112,1,1,1,0,0,0,0,0,1,0,1,0,1,0
5b7fd5c5-261.jpg,1643.1899205963375,435.8086209690486,160.63036784961923,211.97941986712053,1643.1899205963375,435.8086209690486,160.63036784961923,211.97941986712053,2,1,1,0,0,0,0,0,1,0,1,0,1,0
5b7fd5c5-261.jpg,1757.7323658467153,612.7154971692448,131.29552931888128,116.90697816064753,1757.7323658467153,612.7154971692448,131.29552931888128,116.90697816064753,3,2,1,0,1,0,0,0,1,0,1,0,1,0
5b7fd5c5-261.jpg,1696.581023424223,651.3847284069973,87.23059139679066,97.1227203180764,1696.581023424223,651.3847284069973,87.23059139679066,97.1227203180764,1,1,1,0,0,0,0,0,1,0,1,0,1,0
5b7fd5c5-261.jpg,1794.6030281896883,447.2471588495591,119.60483150281648,160.07263163534802,1794.6030281896883,447.2471588495591,119.60483150281648,160.07263163534802,1,1,1,0,0,0,0,0,1,0,1,0,1,0
bc030429-65.jpg,737.6225490196078,495.4656862745098,143.38235294117652,227.81862745098047,737.6225490196078,495.4656862745098,143.38235294117652,227.81862745098047,1,1,1,0,0,0,0,0,1,0,1,0,1,0
bc030429-65.jpg,783.8235294117648,713.7254901960785,62.13235294117652,103.5539215686274,783.8235294117648,713.7254901960785,62.13235294117652,103.5539215686274,0,0,0,0,0,0,0,0,1,0,1,0,1,0
bc030429-65.jpg,849.1421254231999,669.1176470588234,46.20118998912306,124.26470588235291,849.1421254231999,669.1176470588234,46.20118998912306,124.26470588235291,0,0,0,0,0,0,0,0,1,0,1,0,1,0
bc030429-65.jpg,888.970588235294,508.2107843137254,93.9950980392156,197.54901960784304,888.970588235294,508.2107843137254,93.9950980392156,197.54901960784304,0,0,0,0,0,0,0,0,1,0,1,0,1,0
bc030429-65.jpg,975.0000000000002,485.906862745098,52.57352941176464,223.0392156862745,975.0000000000002,485.906862745098,52.57352941176464,223.0392156862745,0,0,0,0,0,0,0,0,1,0,1,0,1,0
bc030429-65.jpg,1006.8627450980396,484.313725490196,62.13235294117638,180.02450980392152,1006.8627450980396,484.313725490196,62.13235294117638,180.02450980392152,0,0,0,0,0,0,0,0,1,0,1,0,1,0
c2e348a2-157.jpg,896.9363297818526,500.24509803921546,133.8234741397164,172.05882352941174,896.9363297818526,500.24509803921546,133.8234741397164,172.05882352941174,2,1,1,0,0,0,0,0,1,0,1,0,1,0
c2e348a2-157.jpg,1002.0833649173616,490.6864060680719,101.96075272969765,178.43124099075186,1002.0833649173616,490.6864060680719,101.96075272969765,178.43124099075186,2,1,1,0,0,0,0,0,1,0,1,0,1,0
c2e348a2-157.jpg,916.0539215686272,656.3725490196081,70.09806290370734,152.94117647058837,916.0539215686272,656.3725490196081,70.09806290370734,152.94117647058837,2,1,1,0,0,0,0,0,1,0,1,0,1,0
c2e348a2-157.jpg,990.9313488609988,669.1175155005553,33.455890248947966,115.51059366505098,990.9313488609988,669.1175155005553,33.455890248947966,115.51059366505098,2,1,1,0,0,0,0,0,1,0,1,0,1,0
cce45772-253.jpg,251.7156783785029,963.847973436552,277.20585076891336,253.30882352941177,251.7156783785029,963.847973436552,277.20585076891336,253.30882352941177,2,1,1,0,0,0,0,0,1,0,1,0,1,0
cce45772-253.jpg,160.90686274509807,1105.637254901961,148.16176470588232,148.16176470588246,160.90686274509807,1105.637254901961,148.16176470588232,148.16176470588246,0,0,0,0,0,0,0,0,1,0,1,0,1,0
cce45772-253.jpg,312.2549019607843,763.1127450980391,264.46078431372547,248.5294117647058,312.2549019607843,763.1127450980391,264.46078431372547,248.5294117647058,2,1,1,0,0,0,0,0,1,0,1,0,1,0
cce45772-253.jpg,387.1323529411765,621.3235294117648,245.343137254902,162.49999999999991,387.1323529411765,621.3235294117648,245.343137254902,162.49999999999991,0,0,0,0,0,0,0,0,1,0,1,0,1,0
cce45772-253.jpg,458.8235294117646,447.671568627451,235.78431372549028,194.36274509803928,458.8235294117646,447.671568627451,235.78431372549028,194.36274509803928,0,0,0,0,0,0,0,0,1,0,1,0,1,0
cce45772-253.jpg,551.2254901960783,293.1372549019608,197.54901960784323,181.61764705882345,551.2254901960783,293.1372549019608,197.54901960784323,181.61764705882345,0,0,0,0,0,0,0,0,1,0,1,0,1,0
cce45772-253.jpg,689.8284313725492,172.05882352941177,172.0588235294116,168.87254901960785,689.8284313725492,172.05882352941177,172.0588235294116,168.87254901960785,1,1,1,0,0,0,0,0,1,0,1,0,1,0
cce45772-253.jpg,804.5343137254904,54.16666666666667,211.8872549019608,192.7696078431372,804.5343137254904,54.16666666666667,211.8872549019608,192.7696078431372,0,0,0,0,0,0,0,0,1,0,1,0,1,0
cce45772-253.jpg,1019.607843137255,58.94607843137256,202.32843137254903,192.7696078431373,1019.607843137255,58.94607843137256,202.32843137254903,192.7696078431373,0,0,0,0,0,0,0,0,1,0,1,0,1,0
cce45772-253.jpg,1183.700980392157,143.3823529411765,165.686274509804,156.12745098039215,1183.700980392157,143.3823529411765,165.686274509804,156.12745098039215,0,0,0,0,0,0,0,0,1,0,1,0,1,0
cce45772-253.jpg,1272.916666666667,243.75,187.9901960784315,199.1421568627451,1272.916666666667,243.75,187.9901960784315,199.1421568627451,0,0,0,0,0,0,0,0,1,0,1,0,1,0
cce45772-253.jpg,1319.1176470588236,406.25,238.9705882352942,210.29411764705875,1319.1176470588236,406.25,238.9705882352942,210.29411764705875,0,0,0,0,0,0,0,0,1,0,1,0,1,0
cce45772-253.jpg,1384.436274509804,570.3431372549019,219.85294117647072,181.6176470588236,1384.436274509804,570.3431372549019,219.85294117647072,181.6176470588236,0,0,0,0,0,0,0,0,1,0,1,0,1,0
cce45772-253.jpg,1390.8088235294128,732.8431372549021,262.86771022687844,266.0539215686274,1390.8088235294128,732.8431372549021,262.86771022687844,266.0539215686274,2,1,1,0,0,0,0,0,1,0,1,0,1,0
cce45772-253.jpg,1413.112745098039,949.5098039215684,266.05392156862735,250.122549019608,1413.112745098039,949.5098039215684,266.05392156862735,250.122549019608,2,1,1,0,0,0,0,0,1,0,1,0,1,0
cce45772-253.jpg,1526.2254901960785,1100.857843137255,187.9901960784315,178.43137254901953,1526.2254901960785,1100.857843137255,187.9901960784315,178.43137254901953,0,0,0,0,0,0,0,0,1,0,1,0,1,0
ec98b5a9-206.jpg,180.02450980392163,908.0880379567157,301.1029411764705,237.37764831779447,180.02450980392163,908.0880379567157,301.1029411764705,237.37764831779447,5,3,1,0,1,0,1,0,1,0,1,0,1,0
ec98b5a9-206.jpg,250.122549019608,673.8970588235294,304.2892156862745,264.46078431372547,250.122549019608,673.8970588235294,304.2892156862745,264.46078431372547,3,2,1,0,1,0,0,0,1,0,1,0,1,0
ec98b5a9-206.jpg,359.8417293760229,553.3297779530383,255.39678305864527,176.25975168836086,359.8417293760229,553.3297779530383,255.39678305864527,176.25975168836086,1,1,1,0,0,0,0,0,1,0,1,0,1,0
ec98b5a9-206.jpg,414.69808066678814,383.3650173964048,223.0225429526198,199.64114732049023,414.69808066678814,383.3650173964048,223.0225429526198,199.64114732049023,2,1,1,0,0,0,0,0,1,0,1,0,1,0
ec98b5a9-206.jpg,539.6986188539421,274.5515992622637,154.67692495101048,207.73470734699657,539.6986188539421,274.5515992622637,154.67692495101048,207.73470734699657,0,0,0,0,0,0,0,0,1,0,1,0,1,0
ec98b5a9-206.jpg,681.7855615414969,220.59453241888772,176.2597516883603,189.7491297910232,681.7855615414969,220.59453241888772,176.2597516883603,189.7491297910232,0,0,0,0,0,0,0,0,1,0,1,0,1,0
ec98b5a9-206.jpg,822.0739353342751,169.33531891768092,159.17334718795857,180.7561739253088,822.0739353342751,169.33531891768092,159.17334718795857,180.7561739253088,0,0,0,0,0,0,0,0,1,0,1,0,1,0
ec98b5a9-206.jpg,982.1465669696232,166.63746557551227,153.7776405036209,184.35331171486703,982.1465669696232,166.63746557551227,153.7776405036209,184.35331171486703,0,0,0,0,0,0,0,0,1,0,1,0,1,0
ec98b5a9-206.jpg,1107.147105156777,192.71671454981043,179.85688947791942,189.74901839920472,1107.147105156777,192.71671454981043,179.85688947791942,189.74901839920472,0,0,0,0,0,0,0,0,1,0,1,0,1,0
ec98b5a9-206.jpg,1269.0183056869043,207.105265708044,174.4611827935816,187.051165057036,1269.0183056869043,207.105265708044,174.4611827935816,187.051165057036,0,0,0,0,0,0,0,0,1,0,1,0,1,0
ec98b5a9-206.jpg,1293.2989857664234,333.0050883425874,224.82111184739887,210.4325606891653,1293.2989857664234,333.0050883425874,224.82111184739887,210.4325606891653,0,0,0,0,0,0,0,0,1,0,1,0,1,0
ec98b5a9-206.jpg,1293.2989857664236,471.4948932405852,255.39678305864496,205.93613845221736,1293.2989857664236,471.4948932405852,255.39678305864496,205.93613845221736,1,1,1,0,0,0,0,0,1,0,1,0,1,0
ec98b5a9-206.jpg,1347.256052609799,613.5818359281413,313.85027213896905,275.1810409012163,1347.256052609799,613.5818359281413,313.85027213896905,275.1810409012163,2,1,1,0,0,0,0,0,1,0,1,0,1,0
ec98b5a9-206.jpg,1439.8823506909275,843.7986544598778,301.2602898755148,267.08748087470985,1439.8823506909275,843.7986544598778,301.2602898755148,267.08748087470985,4,2,1,0,1,0,0,0,1,0,1,0,1,0
ec98b5a9-206.jpg,1644.782643281109,1035.6103724674583,125.89982263454374,106.1155647919724,1644.782643281109,1035.6103724674583,125.89982263454374,106.1155647919724,1,1,1,0,0,0,0,0,1,0,1,0,1,0
ec98b5a9-206.jpg,235.3754362406246,1249.6400709461825,160.09878575150898,49.41484745916269,235.3754362406246,1249.6400709461825,160.09878575150898,49.41484745916269,2,1,1,0,0,0,0,0,1,0,1,0,1,0
ec98b5a9-206.jpg,483.57794372015286,1257.7336309726888,79.16318548644547,41.3212874326563,483.57794372015286,1257.7336309726888,79.16318548644547,41.3212874326563,0,0,0,0,0,0,0,0,1,0,1,0,1,0
ec98b5a9-206.jpg,569.0099662221646,1192.985150760638,144.8109501458858,106.9690520920968,569.0099662221646,1192.985150760638,144.8109501458858,106.9690520920968,0,0,0,0,0,0,0,0,1,0,1,0,1,0
ec98b5a9-206.jpg,718.2911844888368,1175.898709129629,149.28121826667282,118.70558418603176,718.2911844888368,1175.898709129629,149.28121826667282,118.70558418603176,0,0,0,0,0,0,0,0,1,0,1,0,1,0
ec98b5a9-206.jpg,868.4716872028972,1173.2007196419042,156.47549384578906,125.00071146331396,868.4716872028972,1173.2007196419042,156.47549384578906,125.00071146331396,0,0,0,0,0,0,0,0,1,0,1,0,1,0
ec98b5a9-206.jpg,1028.544318838248,1174.999461812846,155.57620939840007,119.60483150281613,1028.544318838248,1174.999461812846,155.57620939840007,119.60483150281613,0,0,0,0,0,0,0,0,1,0,1,0,1,0
ec98b5a9-206.jpg,1182.321959341867,1174.0999669586874,162.77048497751633,115.10861967263304,1182.321959341867,1174.0999669586874,162.77048497751633,115.10861967263304,0,0,0,0,0,0,0,0,1,0,1,0,1,0
ec98b5a9-206.jpg,1349.588866556334,1211.8701241558194,136.69123600321825,85.43202250201153,1349.588866556334,1211.8701241558194,136.69123600321825,85.43202250201153,0,0,0,0,0,0,0,0,1,0,1,0,1,0
ec98b5a9-206.jpg,1472.7908358487086,1247.8415020514033,73.74132468594695,46.76279126425887,1472.7908358487086,1247.8415020514033,73.74132468594695,46.76279126425887,0,0,0,0,0,0,0,0,1,0,1,0,1,0
36cf3e90-180.jpg,712.1323529411765,433.33315792230974,203.9215686274508,258.08841070514114,712.1323529411765,433.33315792230974,203.9215686274508,258.08841070514114,0,0,0,0,0,0,0,0,1,0,1,0,1,0
36cf3e90-180.jpg,743.9950980392157,680.2696078431374,92.4019607843138,151.34803921568627,743.9950980392157,680.2696078431374,92.4019607843138,151.34803921568627,0,0,0,0,0,0,0,0,1,0,1,0,1,0
36cf3e90-180.jpg,914.460784313726,430.1470588235293,197.54904329586392,243.75000000000003,914.460784313726,430.1470588235293,197.54904329586392,243.75000000000003,0,0,0,0,0,0,0,0,1,0,1,0,1,0
36cf3e90-180.jpg,826.8382352941177,629.2892156862745,197.5490196078431,219.85294117647047,826.8382352941177,629.2892156862745,197.5490196078431,219.85294117647047,0,0,0,0,0,0,0,0,1,0,1,0,1,0
36cf3e90-180.jpg,1002.633831242077,649.5306865773117,80.26671100667485,150.87168828106448,1002.633831242077,649.5306865773117,80.26671100667485,150.87168828106448,0,0,0,0,0,0,0,0,1,0,1,0,1,0
36cf3e90-180.jpg,1061.3474439228855,659.9356305966955,34.18767320654666,119.65685622291316,1061.3474439228855,659.9356305966955,34.18767320654666,119.65685622291316,0,0,0,0,0,0,0,0,1,0,1,0,1,0
36cf3e90-180.jpg,1094.0486707704156,629.4640088256425,57.22723262561062,97.36054760994791,1094.0486707704156,629.4640088256425,57.22723262561062,97.36054760994791,0,0,0,0,0,0,0,0,1,0,1,0,1,0
36cf3e90-180.jpg,1079.1844908132575,390.1502963798168,165.73589402304137,292.081642829844,1079.1844908132575,390.1502963798168,165.73589402304137,292.081642829844,1,1,1,0,0,0,0,0,1,0,1,0,1,0
36cf3e90-180.jpg,1214.4487630652463,445.8910679122298,64.65929497759902,228.90876842644272,1214.4487630652463,445.8910679122298,64.65929497759902,228.90876842644272,0,0,0,0,0,0,0,0,1,0,1,0,1,0
90e6305a-46.jpg,154.53431372549022,970.220588235294,307.47549019607845,323.406862745098,154.53431372549022,970.220588235294,307.47549019607845,323.406862745098,3,2,1,0,1,0,0,0,1,0,1,0,1,0
90e6305a-46.jpg,157.72058823529414,759.9264705882352,291.5441176470589,219.8529411764704,157.72058823529414,759.9264705882352,291.5441176470589,219.8529411764704,0,0,0,0,0,0,0,0,1,0,1,0,1,0
90e6305a-46.jpg,259.68137254901967,570.343137254902,283.5784313725491,232.59803921568624,259.68137254901967,570.343137254902,283.5784313725491,232.59803921568624,0,0,0,0,0,0,0,0,1,0,1,0,1,0
90e6305a-46.jpg,355.26946112526133,323.4068627450977,243.7501467178763,246.93627450980387,355.26946112526133,323.4068627450977,243.7501467178763,246.93627450980387,0,0,0,0,0,0,0,0,1,0,1,0,1,0
90e6305a-46.jpg,544.8529411764705,187.99008644654168,223.0392156862745,210.29422727894857,544.8529411764705,187.99008644654168,223.0392156862745,210.29422727894857,0,0,0,0,0,0,0,0,1,0,1,0,1,0
90e6305a-46.jpg,750.3676470588233,46.20078305475536,258.08840297169,280.3923542001463,750.3676470588233,46.20078305475536,258.08840297169,280.3923542001463,0,0,0,0,0,0,0,0,1,0,1,0,1,0
90e6305a-46.jpg,1021.2009803921568,68.50490196078431,264.4607843137257,238.9705882352941,1021.2009803921568,68.50490196078431,264.4607843137257,238.9705882352941,0,0,0,0,0,0,0,0,1,0,1,0,1,0
90e6305a-46.jpg,1229.901960784313,245.3429179911225,221.4460784313726,192.76982710691652,1229.901960784313,245.3429179911225,221.4460784313726,192.76982710691652,0,0,0,0,0,0,0,0,1,0,1,0,1,0
90e6305a-46.jpg,1456.127450980392,267.6470588235294,221.44607843137263,208.70098039215688,1456.127450980392,267.6470588235294,221.44607843137263,208.70098039215688,0,0,0,0,0,0,0,0,1,0,1,0,1,0
90e6305a-46.jpg,1414.705882352941,530.5147058823529,293.13725490196106,242.15686274509807,1414.705882352941,530.5147058823529,293.13725490196106,242.15686274509807,1,1,1,0,0,0,0,0,1,0,1,0,1,0
90e6305a-46.jpg,1518.2597200827825,736.029411764706,277.2059661917274,227.8186274509803,1518.2597200827825,736.029411764706,277.2059661917274,227.8186274509803,1,1,1,0,0,0,0,0,1,0,1,0,1,0
90e6305a-46.jpg,1524.6322900620864,944.7303921568626,315.4412393496776,278.7990196078429,1524.6322900620864,944.7303921568626,315.4412393496776,278.7990196078429,2,1,1,0,0,0,0,0,1,0,1,0,1,0
bb1ba13f-62.jpg,15.931372549019612,22.30392156862746,342.5245098039216,218.25980392156868,15.931372549019612,22.30392156862746,342.5245098039216,218.25980392156868,3,2,1,0,1,0,0,0,1,0,1,0,1,0
bb1ba13f-62.jpg,86.02941176470586,181.6176470588236,339.3382352941177,325.0,86.02941176470586,181.6176470588236,339.3382352941177,325.0,3,2,1,0,1,0,0,0,1,0,1,0,1,0
bb1ba13f-62.jpg,187.99019607843127,454.0441176470588,325.0,237.3774509803922,187.99019607843127,454.0441176470588,325.0,237.3774509803922,0,0,0,0,0,0,0,0,1,0,1,0,1,0
bb1ba13f-62.jpg,302.6960784313726,637.2549019607843,321.81372549019613,254.90196078431376,302.6960784313726,637.2549019607843,321.81372549019613,254.90196078431376,0,0,0,0,0,0,0,0,1,0,1,0,1,0
bb1ba13f-62.jpg,436.5196078431373,865.0735294117649,270.83333333333326,235.78431372549025,436.5196078431373,865.0735294117649,270.83333333333326,235.78431372549025,0,0,0,0,0,0,0,0,1,0,1,0,1,0
bb1ba13f-62.jpg,651.5931372549021,984.5588235294116,232.59806017538287,221.4460784313727,651.5931372549021,984.5588235294116,232.59806017538287,221.4460784313727,1,1,1,0,0,0,0,0,1,0,1,0,1,0
bb1ba13f-62.jpg,869.8529411764706,1024.387254901961,266.05392156862735,266.05392156862746,869.8529411764706,1024.387254901961,266.05392156862735,266.05392156862746,2,1,1,0,0,0,0,0,1,0,1,0,1,0
bb1ba13f-62.jpg,1140.6862745098042,1032.3529411764707,286.76470588235304,219.85294117647072,1140.6862745098042,1032.3529411764707,286.76470588235304,219.85294117647072,2,1,1,0,0,0,0,0,1,0,1,0,1,0
bb1ba13f-62.jpg,1373.2843137254902,970.2205882352944,235.7843137254904,224.63235294117632,1373.2843137254902,970.2205882352944,235.7843137254904,224.63235294117632,1,1,1,0,0,0,0,0,1,0,1,0,1,0
bb1ba13f-62.jpg,1499.1421568627454,801.3480392156864,259.6813725490196,234.19117647058812,1499.1421568627454,801.3480392156864,259.6813725490196,234.19117647058812,0,0,0,0,0,0,0,0,1,0,1,0,1,0
bb1ba13f-62.jpg,1674.3872549019611,137.00980392156862,291.54411764705856,293.1372549019608,1674.3872549019611,137.00980392156862,291.54411764705856,293.1372549019608,2,1,1,0,0,0,0,0,1,0,1,0,1,0
bb1ba13f-62.jpg,1640.93137254902,404.656862745098,293.1372549019608,223.03921568627445,1640.93137254902,404.656862745098,293.1372549019608,223.03921568627445,0,0,0,0,0,0,0,0,1,0,1,0,1,0
bb1ba13f-62.jpg,1559.68137254902,584.6813725490194,307.47549019607874,250.12254901960785,1559.68137254902,584.6813725490194,307.47549019607874,250.12254901960785,0,0,0,0,0,0,0,0,1,0,1,0,1,0
bb1ba13f-62.jpg,1661.6421568627452,1.5931372549019611,321.81372549019613,160.90686274509804,1661.6421568627452,1.5931372549019611,321.81372549019613,160.90686274509804,0,0,0,0,0,0,0,0,1,0,1,0,1,0
c0f75d30-129.jpg,304.5690772774921,426.8648743143517,63.333974952033714,170.1324425182084,304.5690772774921,426.8648743143517,63.333974952033714,170.1324425182084,1,1,1,0,0,0,0,0,1,0,1,0,1,0
c0f75d30-129.jpg,354.24278312222333,431.83224489882434,68.30155155827727,183.7927116255092,354.24278312222333,431.83224489882434,68.30155155827727,183.7927116255092,1,1,1,0,0,0,0,0,1,0,1,0,1,0
c0f75d30-129.jpg,386.53069192129976,443.0088287138889,89.41279805780468,182.5508689793909,386.53069192129976,443.0088287138889,89.41279805780468,182.5508689793909,1,1,1,0,0,0,0,0,1,0,1,0,1,0
c0f75d30-129.jpg,453.5901948116881,397.0606508075117,150.26310733872293,250.8522145158977,453.5901948116881,397.0606508075117,150.26310733872293,250.8522145158977,1,1,1,0,0,0,0,0,1,0,1,0,1,0
c0f75d30-129.jpg,583.9836726541112,397.06065080751193,183.79277048887292,247.1266865775433,583.9836726541112,397.06065080751193,183.79277048887292,247.1266865775433,1,1,1,0,0,0,0,0,1,0,1,0,1,0
c0f75d30-129.jpg,313.2619758003202,606.9320580015067,85.68714258216339,162.68138664149845,313.2619758003202,606.9320580015067,85.68714258216339,162.68138664149845,1,1,1,0,0,0,0,0,1,0,1,0,1,0
c0f75d30-129.jpg,377.8377933984722,616.8667991704527,120.45871705235508,186.2764484389341,377.8377933984722,616.8667991704527,120.45871705235508,186.2764484389341,1,1,1,0,0,0,0,0,1,0,1,0,1,0
c0f75d30-129.jpg,463.52493598063575,635.4944388622278,119.2168940273578,213.596935132349,463.52493598063575,635.4944388622278,119.2168940273578,213.596935132349,1,1,1,0,0,0,0,0,1,0,1,0,1,0
c0f75d30-129.jpg,574.0489314851652,609.4157432937432,127.90979255018595,226.0153615935324,574.0489314851652,609.4157432937432,127.90979255018595,226.0153615935324,1,1,1,0,0,0,0,0,1,0,1,0,1,0
c0f75d30-129.jpg,759.0834857567934,369.74011259290944,247.12668657754364,291.83302183780273,759.0834857567934,369.74011259290944,247.12668657754364,291.83302183780273,1,1,1,0,0,0,0,0,1,0,1,0,1,0
c0f75d30-129.jpg,699.4750387431145,614.3831138782166,166.40691457985355,204.90403660952109,699.4750387431145,614.3831138782166,166.40691457985355,204.90403660952109,1,1,1,0,0,0,0,0,1,0,1,0,1,0
c0f75d30-129.jpg,1003.7264870420968,362.2887991102604,264.51248362319944,301.7680206126871,1003.7264870420968,362.2887991102604,264.51248362319944,301.7680206126871,1,1,1,0,0,0,0,0,1,0,1,0,1,0
c0f75d30-129.jpg,1192.4864907675994,608.1739006476241,158.95593718762638,224.7735189474137,1192.4864907675994,608.1739006476241,158.95593718762638,224.7735189474137,2,1,1,0,0,0,0,0,1,0,1,0,1,0
c0f75d30-129.jpg,1262.0297574347078,388.367752284684,198.69474489444687,243.4011586391884,1262.0297574347078,388.367752284684,198.69474489444687,243.4011586391884,2,1,1,0,0,0,0,0,1,0,1,0,1,0
c0f75d30-129.jpg,864.6401106768498,633.010753569991,163.92322928761686,171.37428516432672,864.6401106768498,633.010753569991,163.92322928761686,171.37428516432672,1,1,1,0,0,0,0,0,1,0,1,0,1,0
c0f75d30-129.jpg,1033.8464213199547,644.1873373850558,153.9884881186704,176.34165574879984,1033.8464213199547,644.1873373850558,153.9884881186704,176.34165574879984,1,1,1,0,0,0,0,0,1,0,1,0,1,0
c0f75d30-129.jpg,1452.3473930618252,358.56352877784474,167.64875722597168,290.59117919168443,1452.3473930618252,358.56352877784474,167.64875722597168,290.59117919168443,2,1,1,0,0,0,0,0,1,0,1,0,1,0
c0f75d30-129.jpg,1344.3070828495308,585.8207330174948,168.89052138760755,276.93091008438284,1344.3070828495308,585.8207330174948,168.89052138760755,276.93091008438284,1,1,1,0,0,0,0,0,1,0,1,0,1,0
c0f75d30-129.jpg,1506.9884694910309,640.4618094467008,152.74664547255185,183.79271162550972,1506.9884694910309,640.4618094467008,152.74664547255185,183.79271162550972,1,1,1,0,0,0,0,0,1,0,1,0,1,0
c0f75d30-129.jpg,1596.4011400115492,596.9973168325599,170.13244251820822,180.06718368715494,1596.4011400115492,596.9973168325599,170.13244251820822,180.06718368715494,2,1,1,0,0,0,0,0,1,0,1,0,1,0
c0f75d30-129.jpg,1611.3032517649683,413.2046052070503,99.34741168946488,191.2437675022197,1611.3032517649683,413.2046052070503,99.34741168946488,191.2437675022197,1,1,1,0,0,0,0,0,1,0,1,0,1,0
c0f75d30-129.jpg,1689.5393384704205,425.62303166823307,90.65447392439609,178.82534104103652,1689.5393384704205,425.62303166823307,90.65447392439609,178.82534104103652,1,1,1,0,0,0,0,0,1,0,1,0,1,0
c0f75d30-129.jpg,1772.742795760349,450.4598845905997,80.71977199769009,144.05374694972383,1772.742795760349,450.4598845905997,80.71977199769009,144.05374694972383,1,1,1,0,0,0,0,0,1,0,1,0,1,0
c0f75d30-129.jpg,1730.5201457923267,593.2717888942052,132.8771631346592,139.08637636525052,1730.5201457923267,593.2717888942052,132.8771631346592,139.08637636525052,1,1,1,0,0,0,0,0,1,0,1,0,1,0
308f0530-211.jpg,180.02450980392163,970.220588235294,259.6813725490196,258.0882352941175,180.02450980392163,970.220588235294,259.6813725490196,258.0882352941175,1,1,1,0,0,0,0,0,1,0,1,0,1,0
308f0530-211.jpg,235.78431372549028,747.1813725490196,275.6127450980392,288.357843137255,235.78431372549028,747.1813725490196,275.6127450980392,288.357843137255,1,1,1,0,0,0,0,0,1,0,1,0,1,0
308f0530-211.jpg,336.15196078431376,592.6470588235295,248.52941176470583,194.3627450980392,336.15196078431376,592.6470588235295,248.52941176470583,194.3627450980392,1,1,1,0,0,0,0,0,1,0,1,0,1,0
308f0530-211.jpg,417.4019607843138,420.5882352941176,231.00490196078425,194.36274509803928,417.4019607843138,420.5882352941176,231.00490196078425,194.36274509803928,0,0,0,0,0,0,0,0,1,0,1,0,1,0
308f0530-211.jpg,538.4803526768283,254.9019607843138,151.34807869572114,180.02450980392146,538.4803526768283,254.9019607843138,151.34807869572114,180.02450980392146,0,0,0,0,0,0,0,0,1,0,1,0,1,0
308f0530-211.jpg,671.0043184552889,183.94637636213133,192.93739053085875,161.05374797621027,671.0043184552889,183.94637636213133,192.93739053085875,161.05374797621027,0,0,0,0,0,0,0,0,1,0,1,0,1,0
308f0530-211.jpg,836.1456442486513,111.18616801704688,218.2808613209293,195.3899844782848,836.1456442486513,111.18616801704688,218.2808613209293,195.3899844782848,0,0,0,0,0,0,0,0,1,0,1,0,1,0
308f0530-211.jpg,1054.4265055695805,112.00369933285556,215.8282673735028,190.4847965834325,1054.4265055695805,112.00369933285556,215.8282673735028,190.4847965834325,0,0,0,0,0,0,0,0,1,0,1,0,1,0
308f0530-211.jpg,1224.4730354653948,192.12163326172424,180.67436811902616,173.31675146843767,1224.4730354653948,192.12163326172424,180.67436811902616,173.31675146843767,0,0,0,0,0,0,0,0,1,0,1,0,1,0
308f0530-211.jpg,1356.0955611029992,304.1235585479056,180.674420793728,193.7549218466673,1356.0955611029992,304.1235585479056,180.674420793728,193.7549218466673,0,0,0,0,0,0,0,0,1,0,1,0,1,0
308f0530-211.jpg,1373.2637187349826,474.9876035519287,247.71198869004309,207.6529542154157,1373.2637187349826,474.9876035519287,247.71198869004309,207.6529542154157,1,1,1,0,0,0,0,0,1,0,1,0,1,0
308f0530-211.jpg,1430.9982041971284,654.844493029848,250.9821139532778,188.03220263600628,1430.9982041971284,654.844493029848,250.9821139532778,188.03220263600628,1,1,1,0,0,0,0,0,1,0,1,0,1,0
308f0530-211.jpg,1424.4579536706583,828.9786632971059,285.3184292172446,275.5080534275399,1424.4579536706583,828.9786632971059,285.3184292172446,275.5080534275399,1,1,1,0,0,0,0,0,1,0,1,0,1,0
308f0530-211.jpg,1519.2915863044664,1028.4563043544326,269.78533421687786,239.53712559991104,1519.2915863044664,1028.4563043544326,269.78533421687786,239.53712559991104,1,1,1,0,0,0,0,0,1,0,1,0,1,0
86324d62-226.jpg,79.65686274509807,626.1029411764705,49.38725490196079,87.62254901960787,79.65686274509807,626.1029411764705,49.38725490196079,87.62254901960787,0,0,0,0,0,0,0,0,1,0,1,0,1,0
86324d62-226.jpg,140.19607843137257,500.2450980392157,168.8725490196078,229.41176470588223,140.19607843137257,500.2450980392157,168.8725490196078,229.41176470588223,0,0,0,0,0,0,0,0,1,0,1,0,1,0
86324d62-226.jpg,122.67156862745097,716.9117647058823,178.4313725490196,178.4313725490196,122.67156862745097,716.9117647058823,178.4313725490196,178.4313725490196,1,1,1,0,0,0,0,0,1,0,1,0,1,0
86324d62-226.jpg,294.7303921568628,404.65686274509767,234.1910185504496,337.74509803921524,294.7303921568628,404.65686274509767,234.1910185504496,337.74509803921524,1,1,1,0,0,0,0,0,1,0,1,0,1,0
86324d62-226.jpg,261.27450980392155,715.3186274509804,159.3137254901961,152.94117647058806,261.27450980392155,715.3186274509804,159.3137254901961,152.94117647058806,0,0,0,0,0,0,0,0,1,0,1,0,1,0
86324d62-226.jpg,431.7401960784314,724.8774509803923,125.8578431372549,119.48529411764702,431.7401960784314,724.8774509803923,125.8578431372549,119.48529411764702,0,0,0,0,0,0,0,0,1,0,1,0,1,0
86324d62-226.jpg,522.5490196078432,396.6911764705882,288.35784313725503,353.67647058823525,522.5490196078432,396.6911764705882,288.35784313725503,353.67647058823525,1,1,1,0,0,0,0,0,1,0,1,0,1,0
86324d62-226.jpg,571.936274509804,734.4362745098038,148.16176470588232,148.16176470588238,571.936274509804,734.4362745098038,148.16176470588232,148.16176470588238,0,0,0,0,0,0,0,0,1,0,1,0,1,0
86324d62-226.jpg,729.6567995770428,691.4215686274512,192.7696710111932,199.14215686274497,729.6567995770428,691.4215686274512,192.7696710111932,199.14215686274497,0,0,0,0,0,0,0,0,1,0,1,0,1,0
86324d62-226.jpg,809.3137254901957,420.588037956716,254.90196078431376,285.1717659648522,809.3137254901957,420.588037956716,254.90196078431376,285.1717659648522,0,0,0,0,0,0,0,0,1,0,1,0,1,0
86324d62-226.jpg,1049.8774509803925,364.82819018239184,270.833246477257,326.5933784450593,1049.8774509803925,364.82819018239184,270.833246477257,326.5933784450593,1,1,1,0,0,0,0,0,1,0,1,0,1,0
86324d62-226.jpg,931.9852941176472,643.6274509803923,248.5294117647058,345.71078431372536,931.9852941176472,643.6274509803923,248.5294117647058,345.71078431372536,0,0,0,0,0,0,0,0,1,0,1,0,1,0
86324d62-226.jpg,1182.107843137255,656.3725490196077,227.81862745098024,293.1372549019608,1182.107843137255,656.3725490196077,227.81862745098024,293.1372549019608,0,0,0,0,0,0,0,0,1,0,1,0,1,0
86324d62-226.jpg,1301.593137254902,415.8088235294118,229.41176470588232,269.2401960784314,1301.593137254902,415.8088235294118,229.41176470588232,269.2401960784314,0,0,0,0,0,0,0,0,1,0,1,0,1,0
86324d62-226.jpg,1393.995098039216,677.0833333333334,156.12745098039198,213.48039215686268,1393.995098039216,677.0833333333334,156.12745098039198,213.48039215686268,0,0,0,0,0,0,0,0,1,0,1,0,1,0
86324d62-226.jpg,1503.921568627451,476.3480392156863,154.53431372549034,183.2107843137255,1503.921568627451,476.3480392156863,154.53431372549034,183.2107843137255,0,0,0,0,0,0,0,0,1,0,1,0,1,0
86324d62-226.jpg,1521.4460784313726,614.9509803921567,234.1911764705881,189.58353067073503,1521.4460784313726,614.9509803921567,234.1911764705881,189.58353067073503,3,2,1,0,1,0,0,0,1,0,1,0,1,0
86324d62-226.jpg,1644.117647058824,444.4852941176471,149.75490196078425,170.46568627450978,1644.117647058824,444.4852941176471,149.75490196078425,170.46568627450978,3,2,1,0,1,0,0,0,1,0,1,0,1,0
86324d62-226.jpg,1792.2794117647063,385.5392156862746,114.70588235294116,146.5686274509804,1792.2794117647063,385.5392156862746,114.70588235294116,146.5686274509804,0,0,0,0,0,0,0,0,1,0,1,0,1,0
86324d62-226.jpg,1730.1470588235295,528.921568627451,175.24509803921546,151.34803921568627,1730.1470588235295,528.921568627451,175.24509803921546,151.34803921568627,0,0,0,0,0,0,0,0,1,0,1,0,1,0
2b975f8c-52.jpg,726.4705882352943,82.84313725490196,269.2401960784314,205.51470588235293,726.4705882352943,82.84313725490196,269.2401960784314,205.51470588235293,1,1,1,0,0,0,0,0,1,0,1,0,1,0
2b975f8c-52.jpg,552.8186274509807,210.29392030965727,226.22549019607848,231.0050992981857,552.8186274509807,210.29392030965727,226.22549019607848,231.0050992981857,1,1,1,0,0,0,0,0,1,0,1,0,1,0
2b975f8c-52.jpg,1010.0490196078432,31.8627450980392,248.5294117647058,229.4117647058824,1010.0490196078432,31.8627450980392,248.5294117647058,229.4117647058824,0,0,0,0,0,0,0,0,1,0,1,0,1,0
2b975f8c-52.jpg,395.0980392156864,329.7794117647059,207.1078431372549,238.9705882352941,395.0980392156864,329.7794117647059,207.1078431372549,238.9705882352941,0,0,0,0,0,0,0,0,1,0,1,0,1,0
2b975f8c-52.jpg,297.91666666666663,551.2254901960785,275.6127450980391,231.00529663558723,297.91666666666663,551.2254901960785,275.6127450980391,231.00529663558723,1,1,1,0,0,0,0,0,1,0,1,0,1,0
2b975f8c-52.jpg,205.51470588235296,751.9607843137255,305.8823529411765,223.0392156862744,205.51470588235296,751.9607843137255,305.8823529411765,223.0392156862744,1,1,1,0,0,0,0,0,1,0,1,0,1,0
2b975f8c-52.jpg,172.05882352941174,955.8823529411764,340.9313725490196,328.186274509804,172.05882352941174,955.8823529411764,340.9313725490196,328.186274509804,3,2,1,0,1,0,0,0,1,0,1,0,1,0
2b975f8c-52.jpg,1201.225490196078,170.4653135260848,229.4117647058823,205.515078630778,1201.225490196078,170.4653135260848,229.4117647058823,205.515078630778,1,1,1,0,0,0,0,0,1,0,1,0,1,0
2b975f8c-52.jpg,1403.5539215686276,286.7647058823529,229.41176470588232,216.66666666666669,1403.5539215686276,286.7647058823529,229.41176470588232,216.66666666666669,0,0,0,0,0,0,0,0,1,0,1,0,1,0
2b975f8c-52.jpg,1484.8038272499932,490.6862745098033,256.49519235785027,227.8186274509804,1484.8038272499932,490.6862745098033,256.49519235785027,227.8186274509804,0,0,0,0,0,0,0,0,1,0,1,0,1,0
2b975f8c-52.jpg,1532.5980392156866,715.3186274509806,293.1372549019608,211.8872549019608,1532.5980392156866,715.3186274509806,293.1372549019608,211.8872549019608,0,0,0,0,0,0,0,0,1,0,1,0,1,0
2b975f8c-52.jpg,1529.4116494275509,917.6470588235292,345.71089959205665,325.00024119015706,1529.4116494275509,917.6470588235292,345.71089959205665,325.00024119015706,3,2,1,0,1,0,0,0,1,0,1,0,1,0
d2b3cd3c-263.jpg,750.3676470588235,500.24509803921575,43.0147058823529,210.2941176470587,750.3676470588235,500.24509803921575,43.0147058823529,210.2941176470587,1,1,1,0,0,0,0,0,1,0,1,0,1,0
d2b3cd3c-263.jpg,798.1617647058825,477.9411764705883,210.29411764705884,277.2058823529412,798.1617647058825,477.9411764705883,210.29411764705884,277.2058823529412,1,1,1,0,0,0,0,0,1,0,1,0,1,0
d2b3cd3c-263.jpg,755.1470588235296,699.3872549019608,117.89215686274504,180.0245098039217,755.1470588235296,699.3872549019608,117.89215686274504,180.0245098039217,1,1,1,0,0,0,0,0,1,0,1,0,1,0
d2b3cd3c-263.jpg,860.2941176470589,694.6078431372549,184.8039215686275,258.0882352941176,860.2941176470589,694.6078431372549,184.8039215686275,258.0882352941176,2,1,1,0,0,0,0,0,1,0,1,0,1,0
d2b3cd3c-263.jpg,1003.6764705882356,476.3480392156862,92.40196078431369,283.5784313725491,1003.6764705882356,476.3480392156862,92.40196078431369,283.5784313725491,1,1,1,0,0,0,0,0,1,0,1,0,1,0
d2b3cd3c-263.jpg,1068.9950980392157,482.7205882352941,105.14705882352956,301.1029411764705,1068.9950980392157,482.7205882352941,105.14705882352956,301.1029411764705,1,1,1,0,0,0,0,0,1,0,1,0,1,0
d1bf28ca-279.jpg,189.5833333333333,527.3284313725491,76.47058823529413,130.63725490196074,189.5833333333333,527.3284313725491,76.47058823529413,130.63725490196074,0,0,0,0,0,0,0,0,1,0,1,0,1,0
d1bf28ca-279.jpg,223.03921568627453,476.3480392156863,90.8088235294118,141.7892156862745,223.03921568627453,476.3480392156863,90.8088235294118,141.7892156862745,1,1,1,0,0,0,0,0,1,0,1,0,1,0
d1bf28ca-279.jpg,262.8676549548306,630.8822433092867,141.78917620623986,97.1813725490196,262.8676549548306,630.8822433092867,141.78917620623986,97.1813725490196,1,1,1,0,0,0,0,0,1,0,1,0,1,0
d1bf28ca-279.jpg,326.59313725490205,426.9607843137255,98.77450980392156,192.7696078431373,326.59313725490205,426.9607843137255,98.77450980392156,192.7696078431373,1,1,1,0,0,0,0,0,1,0,1,0,1,0
d1bf28ca-279.jpg,288.357843137255,438.1127450980392,66.91176470588235,192.7696078431373,288.357843137255,438.1127450980392,66.91176470588235,192.7696078431373,1,1,1,0,0,0,0,0,1,0,1,0,1,0
d1bf28ca-279.jpg,406.25000000000006,383.9460784313725,165.68627450980395,258.0882352941177,406.25000000000006,383.9460784313725,165.68627450980395,258.0882352941177,1,1,1,0,0,0,0,0,1,0,1,0,1,0
d1bf28ca-279.jpg,374.3872549019608,629.2892156862745,62.13235294117645,122.67156862745108,374.3872549019608,629.2892156862745,62.13235294117645,122.67156862745108,1,1,1,0,0,0,0,0,1,0,1,0,1,0
d1bf28ca-279.jpg,431.7401960784314,611.7647058823528,165.68627450980395,167.27941176470586,431.7401960784314,611.7647058823528,165.68627450980395,167.27941176470586,1,1,1,0,0,0,0,0,1,0,1,0,1,0
d1bf28ca-279.jpg,571.936274509804,415.8088235294117,197.5490196078431,258.08823529411774,571.936274509804,415.8088235294117,197.5490196078431,258.08823529411774,1,1,1,0,0,0,0,0,1,0,1,0,1,0
d1bf28ca-279.jpg,621.3235294117648,656.3725490196077,98.77450980392148,43.014705882352985,621.3235294117648,656.3725490196077,98.77450980392148,43.014705882352985,0,0,0,0,0,0,0,0,1,0,1,0,1,0
d1bf28ca-279.jpg,775.8578431372549,388.72549019607845,245.343137254902,296.3235294117647,775.8578431372549,388.72549019607845,245.343137254902,296.3235294117647,1,1,1,0,0,0,0,0,1,0,1,0,1,0
d1bf28ca-279.jpg,1019.607843137255,360.0490196078432,246.93627450980367,299.50980392156856,1019.607843137255,360.0490196078432,246.93627450980367,299.50980392156856,1,1,1,0,0,0,0,0,1,0,1,0,1,0
d1bf28ca-279.jpg,1070.5882352941178,657.9656862745097,117.89215686274515,70.09803921568636,1070.5882352941178,657.9656862745097,117.89215686274515,70.09803921568636,1,1,1,0,0,0,0,0,1,0,1,0,1,0
d1bf28ca-279.jpg,1247.4264705882354,616.5441176470588,71.6911764705884,58.9460784313727,1247.4264705882354,616.5441176470588,71.6911764705884,58.9460784313727,0,0,0,0,0,0,0,0,1,0,1,0,1,0
d1bf28ca-279.jpg,1269.730392156863,399.8774509803922,197.54901960784323,229.41176470588232,1269.730392156863,399.8774509803922,197.54901960784323,229.41176470588232,1,1,1,0,0,0,0,0,1,0,1,0,1,0
d1bf28ca-279.jpg,1328.6764705882354,632.4754901960785,127.45098039215692,97.18137254901964,1328.6764705882354,632.4754901960785,127.45098039215692,97.18137254901964,1,1,1,0,0,0,0,0,1,0,1,0,1,0
d1bf28ca-279.jpg,1430.6372549019611,454.0441176470586,151.3480392156862,238.9705882352941,1430.6372549019611,454.0441176470586,151.3480392156862,238.9705882352941,1,1,1,0,0,0,0,0,1,0,1,0,1,0
d1bf28ca-279.jpg,1566.053921568628,426.9607843137255,160.90686274509807,221.4460784313725,1566.053921568628,426.9607843137255,160.90686274509807,221.4460784313725,1,1,1,0,0,0,0,0,1,0,1,0,1,0
d1bf28ca-279.jpg,1464.0931372549023,603.7990196078431,191.1765416522973,238.970588235294,1464.0931372549023,603.7990196078431,191.1765416522973,238.970588235294,1,1,1,0,0,0,0,0,1,0,1,0,1,0
d1bf28ca-279.jpg,1645.7107843137258,618.1372549019607,47.79411764705884,82.84313725490199,1645.7107843137258,618.1372549019607,47.79411764705884,82.84313725490199,1,1,1,0,0,0,0,0,1,0,1,0,1,0
d1bf28ca-279.jpg,1696.6911764705883,546.4460784313726,105.14705882352928,164.09313725490188,1696.6911764705883,546.4460784313726,105.14705882352928,164.09313725490188,1,1,1,0,0,0,0,0,1,0,1,0,1,0
d1bf28ca-279.jpg,1663.2352941176473,689.8284313725491,95.58823529411768,144.97549019607848,1663.2352941176473,689.8284313725491,95.58823529411768,144.97549019607848,1,1,1,0,0,0,0,0,1,0,1,0,1,0
d1bf28ca-279.jpg,1771.5686274509808,589.4607843137255,76.47058823529392,111.51960784313724,1771.5686274509808,589.4607843137255,76.47058823529392,111.51960784313724,1,1,1,0,0,0,0,0,1,0,1,0,1,0
d1bf28ca-279.jpg,1757.2303921568628,696.2009803921568,58.946078431372655,109.92647058823536,1757.2303921568628,696.2009803921568,58.946078431372655,109.92647058823536,1,1,1,0,0,0,0,0,1,0,1,0,1,0
b2780b3d-277.jpg,103.55392156862747,1033.9460784313726,329.7794117647059,223.0392156862745,103.55392156862747,1033.9460784313726,329.7794117647059,223.0392156862745,1,1,1,0,0,0,0,0,1,0,1,0,1,0
b2780b3d-277.jpg,189.58324647725703,842.7696078431369,326.5932241109785,277.2058823529412,189.58324647725703,842.7696078431369,326.5932241109785,277.2058823529412,1,1,1,0,0,0,0,0,1,0,1,0,1,0
b2780b3d-277.jpg,235.78431372549028,664.3382352941177,301.1029411764706,200.7352941176471,235.78431372549028,664.3382352941177,301.1029411764706,200.7352941176471,1,1,1,0,0,0,0,0,1,0,1,0,1,0
b2780b3d-277.jpg,299.50974864952013,476.3480392156864,277.20593762498964,215.07352941176472,299.50974864952013,476.3480392156864,277.20593762498964,215.07352941176472,1,1,1,0,0,0,0,0,1,0,1,0,1,0
b2780b3d-277.jpg,395.0980392156863,281.9852941176471,218.25980392156865,216.66666666666669,395.0980392156863,281.9852941176471,218.25980392156865,216.66666666666669,1,1,1,0,0,0,0,0,1,0,1,0,1,0
b2780b3d-277.jpg,551.2254901960786,186.3970588235294,213.48039215686285,176.83823529411768,551.2254901960786,186.3970588235294,213.48039215686285,176.83823529411768,0,0,0,0,0,0,0,0,1,0,1,0,1,0
b2780b3d-277.jpg,740.8088235294118,122.67156862745097,250.122549019608,194.3627450980392,740.8088235294118,122.67156862745097,250.122549019608,194.3627450980392,1,1,1,0,0,0,0,0,1,0,1,0,1,0
b2780b3d-277.jpg,986.1519607843138,180.02450980392155,254.9019607843138,176.83823529411768,986.1519607843138,180.02450980392155,254.9019607843138,176.83823529411768,1,1,1,0,0,0,0,0,1,0,1,0,1,0
b2780b3d-277.jpg,1233.0882352941178,194.36274509803923,234.1911764705884,159.31372549019605,1233.0882352941178,194.36274509803923,234.1911764705884,159.31372549019605,1,1,1,0,0,0,0,0,1,0,1,0,1,0
b2780b3d-277.jpg,1400.3676470588236,270.83333333333337,245.343137254902,215.07352941176467,1400.3676470588236,270.83333333333337,245.343137254902,215.07352941176467,4,2,1,0,1,0,0,0,1,0,1,0,1,0
b2780b3d-277.jpg,1430.637254901961,471.56862745098033,288.357843137255,213.4803921568628,1430.637254901961,471.56862745098033,288.357843137255,213.4803921568628,1,1,1,0,0,0,0,0,1,0,1,0,1,0
b2780b3d-277.jpg,1487.9901960784312,667.5245098039214,278.7990196078434,192.7696078431373,1487.9901960784312,667.5245098039214,278.7990196078434,192.7696078431373,1,1,1,0,0,0,0,0,1,0,1,0,1,0
b2780b3d-277.jpg,1507.107843137255,834.8039215686275,321.81372549019613,277.20588235294105,1507.107843137255,834.8039215686275,321.81372549019613,277.20588235294105,2,1,1,0,0,0,0,0,1,0,1,0,1,0
b2780b3d-277.jpg,1577.2058823529414,1027.5735294117649,329.7794117647058,232.59803921568624,1577.2058823529414,1027.5735294117649,329.7794117647058,232.59803921568624,3,2,1,0,1,0,0,0,1,0,1,0,1,0
5b6ca6fe-112.jpg,136.4829396325459,994.7506561679792,325.4593175853018,275.5905511811022,136.4829396325459,994.7506561679792,325.4593175853018,275.5905511811022,5,3,1,0,1,0,1,0,1,0,1,0,1,0
5b6ca6fe-112.jpg,165.66521927133036,729.7937084431795,338.06479704962504,313.8211064245523,165.66521927133036,729.7937084431795,338.06479704962504,313.8211064245523,5,3,1,0,1,0,1,0,1,0,1,0,1,0
5b6ca6fe-112.jpg,1501.6574704846118,1021.1975578116634,323.2492083343028,261.29311007022784,1501.6574704846118,1021.1975578116634,323.2492083343028,261.29311007022784,5,3,1,0,1,0,1,0,1,0,1,0,1,0
5b6ca6fe-112.jpg,1484.148138366508,769.3325496511854,321.90233663291025,296.31177430644465,1484.148138366508,769.3325496511854,321.90233663291025,296.31177430644465,5,3,1,0,1,0,1,0,1,0,1,0,1,0
5b6ca6fe-112.jpg,1461.2513194428254,598.2798435742834,289.5774157994801,188.56203819500973,1461.2513194428254,598.2798435742834,289.5774157994801,188.56203819500973,3,2,1,0,1,0,0,0,1,0,1,0,1,0
5b6ca6fe-112.jpg,1415.4576815954642,398.9428317681294,263.98685347300966,207.41824201451067,1415.4576815954642,398.9428317681294,263.98685347300966,207.41824201451067,2,1,1,0,0,0,0,0,1,0,1,0,1,0
5b6ca6fe-112.jpg,258.49489009894137,561.645499480852,266.6805968758002,188.56203819501025,258.49489009894137,561.645499480852,266.6805968758002,188.56203819501025,4,2,1,0,1,0,0,0,1,0,1,0,1,0
5b6ca6fe-112.jpg,342.0009355853026,374.43033298723446,261.2931100702282,211.4588571186899,342.0009355853026,374.43033298723446,261.2931100702282,211.4588571186899,3,2,1,0,1,0,0,0,1,0,1,0,1,0
5b6ca6fe-112.jpg,453.791286800916,203.37762691033248,202.03075520893955,206.0713703131181,453.791286800916,203.37762691033248,202.03075520893955,206.0713703131181,0,0,0,0,0,0,0,0,1,0,1,0,1,0
5b6ca6fe-112.jpg,627.5377362806042,113.13722291700606,165.66521927133044,169.70583437550908,627.5377362806042,113.13722291700606,165.66521927133044,169.70583437550908,0,0,0,0,0,0,0,0,1,0,1,0,1,0
5b6ca6fe-112.jpg,778.3873668366126,55.22173975711014,237.04941944515568,193.949525000582,778.3873668366126,55.22173975711014,237.04941944515568,193.949525000582,1,1,1,0,0,0,0,0,1,0,1,0,1,0
5b6ca6fe-112.jpg,1015.4367862817668,47.14050954875256,247.82439305629865,189.9089098964028,1015.4367862817668,47.14050954875256,247.82439305629865,189.9089098964028,1,1,1,0,0,0,0,0,1,0,1,0,1,0
5b6ca6fe-112.jpg,1233.6300019074208,121.2184531253637,180.48080798665265,167.01209097272314,1233.6300019074208,121.2184531253637,180.48080798665265,167.01209097272314,1,1,1,0,0,0,0,0,1,0,1,0,1,0
5b6ca6fe-112.jpg,1365.6234286439296,218.1932156256544,203.3776269103327,199.33701180615336,1365.6234286439296,218.1932156256544,203.3776269103327,199.33701180615336,0,0,0,0,0,0,0,0,1,0,1,0,1,0
cc0eaa25-33.jpg,87.62254901960783,317.03431372549016,215.07352941176472,374.3872549019608,87.62254901960783,317.03431372549016,215.07352941176472,374.3872549019608,1,1,1,0,0,0,0,0,1,0,1,0,1,0
cc0eaa25-33.jpg,52.57346653267496,401.470588235294,73.28437660457995,261.2745098039215,52.57346653267496,401.470588235294,73.28437660457995,261.2745098039215,1,1,1,0,0,0,0,0,1,0,1,0,1,0
cc0eaa25-33.jpg,7.965686274509807,428.5539215686275,41.42156862745099,205.5147058823529,7.965686274509807,428.5539215686275,41.42156862745099,205.5147058823529,0,0,0,0,0,0,0,0,1,0,1,0,1,0
cc0eaa25-33.jpg,178.43137254901967,689.8284313725491,84.4362745098039,205.51470588235296,178.43137254901967,689.8284313725491,84.4362745098039,205.51470588235296,1,1,1,0,0,0,0,0,1,0,1,0,1,0
cc0eaa25-33.jpg,280.3921568627452,307.47549019607845,309.0686274509803,380.7598039215686,280.3921568627452,307.47549019607845,309.0686274509803,380.7598039215686,1,1,1,0,0,0,0,0,1,0,1,0,1,0
cc0eaa25-33.jpg,261.27450980392155,673.8970588235296,116.2990196078432,229.41176470588223,261.27450980392155,673.8970588235296,116.2990196078432,229.41176470588223,1,1,1,0,0,0,0,0,1,0,1,0,1,0
cc0eaa25-33.jpg,385.5392156862745,672.3039215686275,144.97549019607854,194.36274509803903,385.5392156862745,672.3039215686275,144.97549019607854,194.36274509803903,0,0,0,0,0,0,0,0,1,0,1,0,1,0
cc0eaa25-33.jpg,524.1421568627451,648.406862745098,173.65196078431376,223.0392156862745,524.1421568627451,648.406862745098,173.65196078431376,223.0392156862745,0,0,0,0,0,0,0,0,1,0,1,0,1,0
cc0eaa25-33.jpg,586.2745098039217,326.59313725490193,264.46078431372547,336.1519607843137,586.2745098039217,326.59313725490193,264.46078431372547,336.1519607843137,1,1,1,0,0,0,0,0,1,0,1,0,1,0
cc0eaa25-33.jpg,693.0147058823529,589.4607843137255,205.51470588235304,299.50980392156873,693.0147058823529,589.4607843137255,205.51470588235304,299.50980392156873,0,0,0,0,0,0,0,0,1,0,1,0,1,0
cc0eaa25-33.jpg,852.328431372549,324.99971495708667,336.151960784314,348.89734386644324,852.328431372549,324.99971495708667,336.151960784314,348.89734386644324,2,1,1,0,0,0,0,0,1,0,1,0,1,0
cc0eaa25-33.jpg,1185.2941176470592,423.77450980392166,289.9509803921566,278.79901960784304,1185.2941176470592,423.77450980392166,289.9509803921566,278.79901960784304,2,1,1,0,0,0,0,0,1,0,1,0,1,0
cc0eaa25-33.jpg,919.2401960784316,626.1029411764706,278.79901960784326,334.5588235294119,919.2401960784316,626.1029411764706,278.79901960784326,334.5588235294119,2,1,1,0,0,0,0,0,1,0,1,0,1,0
cc0eaa25-33.jpg,1207.5980392156864,665.9313725490196,264.4607843137254,229.4117647058825,1207.5980392156864,665.9313725490196,264.4607843137254,229.4117647058825,2,1,1,0,0,0,0,0,1,0,1,0,1,0
cc0eaa25-33.jpg,1456.1274509803925,495.4656862745098,253.30882352941185,189.58333333333337,1456.1274509803925,495.4656862745098,253.30882352941185,189.58333333333337,2,1,1,0,0,0,0,0,1,0,1,0,1,0
cc0eaa25-33.jpg,1491.1764705882354,673.8970588235294,329.7794117647058,133.82352941176464,1491.1764705882354,673.8970588235294,329.7794117647058,133.82352941176464,1,1,1,0,0,0,0,0,1,0,1,0,1,0
cc0eaa25-33.jpg,1717.4019607843136,476.3480392156863,256.49509803921575,194.3627450980393,1717.4019607843136,476.3480392156863,256.49509803921575,194.3627450980393,2,1,1,0,0,0,0,0,1,0,1,0,1,0
cc0eaa25-33.jpg,1892.6470588235293,653.1862745098039,98.77450980392156,86.02941176470588,1892.6470588235293,653.1862745098039,98.77450980392156,86.02941176470588,1,1,1,0,0,0,0,0,1,0,1,0,1,0
78ecb279-31.jpg,1070.5882352941178,388.72549019607845,258.0882352941176,302.69607843137254,1070.5882352941178,388.72549019607845,258.0882352941176,302.69607843137254,1,1,1,0,0,0,0,0,1,0,1,0,1,0
78ecb279-31.jpg,788.6029411764707,377.5735294117648,275.6127450980392,296.32352941176475,788.6029411764707,377.5735294117648,275.6127450980392,296.32352941176475,1,1,1,0,0,0,0,0,1,0,1,0,1,0
78ecb279-31.jpg,943.1372549019608,665.9313725490196,151.34803921568633,180.0245098039217,943.1372549019608,665.9313725490196,151.34803921568633,180.0245098039217,0,0,0,0,0,0,0,0,1,0,1,0,1,0
78ecb279-31.jpg,1102.450980392157,673.8970588235295,151.34803921568633,178.43137254901953,1102.450980392157,673.8970588235295,151.34803921568633,178.43137254901953,0,0,0,0,0,0,0,0,1,0,1,0,1,0
78ecb279-31.jpg,602.2058823529412,441.2990196078431,199.14215686274508,229.4117647058825,602.2058823529412,441.2990196078431,199.14215686274508,229.4117647058825,0,0,0,0,0,0,0,0,1,0,1,0,1,0
78ecb279-31.jpg,756.7401960784315,661.1519607843137,181.61764705882348,215.07352941176484,756.7401960784315,661.1519607843137,181.61764705882348,215.07352941176484,2,1,1,0,0,0,0,0,1,0,1,0,1,0
78ecb279-31.jpg,557.5980392156863,664.3382352941177,208.70098039215685,242.15712586163315,557.5980392156863,664.3382352941177,208.70098039215685,242.15712586163315,2,1,1,0,0,0,0,0,1,0,1,0,1,0
78ecb279-31.jpg,433.33333333333337,462.0098039215686,170.4656862745098,234.19117647058823,433.33333333333337,462.0098039215686,170.4656862745098,234.19117647058823,2,1,1,0,0,0,0,0,1,0,1,0,1,0
78ecb279-31.jpg,420.5882352941177,696.2009803921568,137.00980392156865,207.1078431372549,420.5882352941177,696.2009803921568,137.00980392156865,207.1078431372549,2,1,1,0,0,0,0,0,1,0,1,0,1,0
78ecb279-31.jpg,296.3235294117648,495.46568627450966,148.16176470588232,223.0392156862746,296.3235294117648,495.46568627450966,148.16176470588232,223.0392156862746,2,1,1,0,0,0,0,0,1,0,1,0,1,0
78ecb279-31.jpg,325.0,726.470588235294,100.36764705882356,143.3823529411764,325.0,726.470588235294,100.36764705882356,143.3823529411764,1,1,1,0,0,0,0,0,1,0,1,0,1,0
78ecb279-31.jpg,238.97058823529417,721.6911764705882,90.80882352941175,122.671568627451,238.97058823529417,721.6911764705882,90.80882352941175,122.671568627451,2,1,1,0,0,0,0,0,1,0,1,0,1,0
78ecb279-31.jpg,235.7843137254902,546.4460784313726,86.02941176470591,173.65196078431384,235.7843137254902,546.4460784313726,86.02941176470591,173.65196078431384,2,1,1,0,0,0,0,0,1,0,1,0,1,0
78ecb279-31.jpg,122.671568627451,723.2843137254903,122.671568627451,113.11274509803924,122.671568627451,723.2843137254903,122.671568627451,113.11274509803924,2,1,1,0,0,0,0,0,1,0,1,0,1,0
78ecb279-31.jpg,76.47058823529412,557.5980392156863,103.55392156862746,141.7892156862745,76.47058823529412,557.5980392156863,103.55392156862746,141.7892156862745,2,1,1,0,0,0,0,0,1,0,1,0,1,0
78ecb279-31.jpg,184.80392156862743,571.936274509804,68.50490196078437,135.41666666666663,184.80392156862743,571.936274509804,68.50490196078437,135.41666666666663,1,1,1,0,0,0,0,0,1,0,1,0,1,0
78ecb279-31.jpg,1260.171568627451,667.5245098039217,149.75490196078425,202.32843137254903,1260.171568627451,667.5245098039217,149.75490196078425,202.32843137254903,0,0,0,0,0,0,0,0,1,0,1,0,1,0
78ecb279-31.jpg,1335.0490196078435,406.2500000000001,199.14215686274505,272.42647058823536,1335.0490196078435,406.2500000000001,199.14215686274505,272.42647058823536,0,0,0,0,0,0,0,0,1,0,1,0,1,0
78ecb279-31.jpg,1542.156862745098,434.92647058823536,159.31372549019613,289.95098039215696,1542.156862745098,434.92647058823536,159.31372549019613,289.95098039215696,2,1,1,0,0,0,0,0,1,0,1,0,1,0
78ecb279-31.jpg,1411.5196078431372,653.186274509804,146.56862745098067,285.1715686274511,1411.5196078431372,653.186274509804,146.56862745098067,285.1715686274511,2,1,1,0,0,0,0,0,1,0,1,0,1,0
78ecb279-31.jpg,1542.156862745098,708.9460784313725,98.77450980392184,219.85294117647072,1542.156862745098,708.9460784313725,98.77450980392184,219.85294117647072,2,1,1,0,0,0,0,0,1,0,1,0,1,0
78ecb279-31.jpg,1680.7598039215686,544.8529411764705,137.0098039215685,205.5147058823529,1680.7598039215686,544.8529411764705,137.0098039215685,205.5147058823529,2,1,1,0,0,0,0,0,1,0,1,0,1,0
78ecb279-31.jpg,1768.3823529411766,642.0343137254903,86.02941176470608,141.7892156862744,1768.3823529411766,642.0343137254903,86.02941176470608,141.7892156862744,2,1,1,0,0,0,0,0,1,0,1,0,1,0
78ecb279-31.jpg,1817.7696078431368,657.9656862745098,100.36764705882376,141.7892156862746,1817.7696078431368,657.9656862745098,100.36764705882376,141.7892156862746,1,1,1,0,0,0,0,0,1,0,1,0,1,0
78ecb279-31.jpg,1886.274509803921,662.7450980392157,95.58823529411768,101.9607843137256,1886.274509803921,662.7450980392157,95.58823529411768,101.9607843137256,1,1,1,0,0,0,0,0,1,0,1,0,1,0
78ecb279-31.jpg,1629.779411764706,764.7058823529412,86.0294117647058,105.14705882352928,1629.779411764706,764.7058823529412,86.0294117647058,105.14705882352928,1,1,1,0,0,0,0,0,1,0,1,0,1,0
78ecb279-31.jpg,1715.8088235294113,777.4509803921568,124.26470588235304,109.92660214650292,1715.8088235294113,777.4509803921568,124.26470588235304,109.92660214650292,1,1,1,0,0,0,0,0,1,0,1,0,1,0
87be61d5-135.jpg,205.45454545454547,474.5454545454545,234.54545454545456,174.54545454545445,205.45454545454547,474.5454545454545,234.54545454545456,174.54545454545445,2,1,1,0,0,0,0,0,1,0,1,0,1,0
87be61d5-135.jpg,123.63636363636364,541.8181818181818,245.45454545454547,129.09124853567863,123.63636363636364,541.8181818181818,245.45454545454547,129.09124853567863,2,1,1,0,0,0,0,0,1,0,1,0,1,0
87be61d5-135.jpg,434.5454545454545,483.63636363636346,274.54545454545456,203.63636363636363,434.5454545454545,483.63636363636346,274.54545454545456,203.63636363636363,2,1,1,0,0,0,0,0,1,0,1,0,1,0
87be61d5-135.jpg,323.6363636363636,645.4545454545453,245.45454545454547,105.45454545454548,323.6363636363636,645.4545454545453,245.45454545454547,105.45454545454548,2,1,1,0,0,0,0,0,1,0,1,0,1,0
87be61d5-135.jpg,523.6363636363635,658.1818181818181,279.9999999999999,220.00049030911185,523.6363636363635,658.1818181818181,279.9999999999999,220.00049030911185,4,2,1,0,1,0,0,0,1,0,1,0,1,0
87be61d5-135.jpg,716.3636363636363,507.2727272727275,170.90903345452483,214.5454545454545,716.3636363636363,507.2727272727275,170.90903345452483,214.5454545454545,0,0,0,0,0,0,0,0,1,0,1,0,1,0
87be61d5-135.jpg,803.6363636363634,590.9090909090908,225.45470345460288,258.18181818181824,803.6363636363634,590.9090909090908,225.45470345460288,258.18181818181824,0,0,0,0,0,0,0,0,1,0,1,0,1,0
87be61d5-135.jpg,941.8181818181818,527.2727272727273,158.1818181818184,120.00000000000004,941.8181818181818,527.2727272727273,158.1818181818184,120.00000000000004,0,0,0,0,0,0,0,0,1,0,1,0,1,0
87be61d5-135.jpg,1030.908961636317,558.1818181818179,227.2728565455012,252.72727272727252,1030.908961636317,558.1818181818179,227.2728565455012,252.72727272727252,4,2,1,0,1,0,0,0,1,0,1,0,1,0
87be61d5-135.jpg,1252.7272727272723,598.1818181818181,179.99999999999986,189.090909090909,1252.7272727272723,598.1818181818181,179.99999999999986,189.090909090909,0,0,0,0,0,0,0,0,1,0,1,0,1,0
87be61d5-135.jpg,1438.181760727252,603.636099623765,180.00005745456568,192.727536739871,1438.181760727252,603.636099623765,180.00005745456568,192.727536739871,0,0,0,0,0,0,0,0,1,0,1,0,1,0
87be61d5-135.jpg,1741.8181818181815,547.2727272727274,90.90909090909122,110.90909090909084,1741.8181818181815,547.2727272727274,90.90909090909122,110.90909090909084,0,0,0,0,0,0,0,0,1,0,1,0,1,0
87be61d5-135.jpg,1794.5451385453407,623.6363636363634,158.1821341819307,219.99999999999977,1794.5451385453407,623.6363636363634,158.1821341819307,219.99999999999977,0,0,0,0,0,0,0,0,1,0,1,0,1,0
87be61d5-135.jpg,1609.090765454494,581.8181818181812,176.3637800000521,247.27272727272705,1609.090765454494,581.8181818181812,176.3637800000521,247.27272727272705,4,2,1,0,1,0,0,0,1,0,1,0,1,0
236480b3-32.jpg,412.6225490196078,514.5833333333331,223.0392156862746,202.3284313725491,412.6225490196078,514.5833333333331,223.0392156862746,202.3284313725491,2,1,1,0,0,0,0,0,1,0,1,0,1,0
236480b3-32.jpg,211.8872549019608,473.1617647058824,208.70098039215688,187.99019607843127,211.8872549019608,473.1617647058824,208.70098039215688,187.99019607843127,2,1,1,0,0,0,0,0,1,0,1,0,1,0
236480b3-32.jpg,246.93627450980395,681.8627450980392,281.985294117647,133.82352941176464,246.93627450980395,681.8627450980392,281.985294117647,133.82352941176464,2,1,1,0,0,0,0,0,1,0,1,0,1,0
236480b3-32.jpg,622.9166666666669,532.1078431372549,138.60294117647052,199.1421568627451,622.9166666666669,532.1078431372549,138.60294117647052,199.1421568627451,2,1,1,0,0,0,0,0,1,0,1,0,1,0
236480b3-32.jpg,503.43137254901967,721.6911764705883,234.1911764705881,157.72093905734124,503.43137254901967,721.6911764705883,234.1911764705881,157.72093905734124,2,1,1,0,0,0,0,0,1,0,1,0,1,0
236480b3-32.jpg,763.1127450980393,477.9411764705882,216.6666666666667,275.6127450980392,763.1127450980393,477.9411764705882,216.6666666666667,275.6127450980392,2,1,1,0,0,0,0,0,1,0,1,0,1,0
236480b3-32.jpg,911.2745098039225,729.6568627450979,234.19122886982925,262.8676470588234,911.2745098039225,729.6568627450979,234.19122886982925,262.8676470588234,2,1,1,0,0,0,0,0,1,0,1,0,1,0
236480b3-32.jpg,986.1519607843138,455.6372549019609,266.05392156862763,288.35784313725486,986.1519607843138,455.6372549019609,266.05392156862763,288.35784313725486,2,1,1,0,0,0,0,0,1,0,1,0,1,0
236480b3-32.jpg,1424.2647058823534,707.3529411764705,223.0392156862743,277.2058823529412,1424.2647058823534,707.3529411764705,223.0392156862743,277.2058823529412,2,1,1,0,0,0,0,0,1,0,1,0,1,0
236480b3-32.jpg,1150.2450980392157,708.9460784313719,270.8334800512098,296.32352941176447,1150.2450980392157,708.9460784313719,270.8334800512098,296.32352941176447,2,1,1,0,0,0,0,0,1,0,1,0,1,0
236480b3-32.jpg,734.4364317075282,742.4019607843137,180.02435260619745,186.39705882352948,734.4364317075282,742.4019607843137,180.02435260619745,186.39705882352948,2,1,1,0,0,0,0,0,1,0,1,0,1,0
236480b3-32.jpg,1519.8529411764707,409.4362745098039,353.67647058823536,358.4558823529412,1519.8529411764707,409.4362745098039,353.67647058823536,358.4558823529412,1,1,1,0,0,0,0,0,1,0,1,0,1,0
236480b3-32.jpg,1266.5441176470586,454.0441176470586,246.9362745098041,281.9852941176472,1266.5441176470586,454.0441176470586,246.9362745098041,281.9852941176472,1,1,1,0,0,0,0,0,1,0,1,0,1,0
236480b3-32.jpg,1650.4901960784314,759.9264705882354,180.02450980392183,195.9558823529412,1650.4901960784314,759.9264705882354,180.02450980392183,195.9558823529412,0,0,0,0,0,0,0,0,1,0,1,0,1,0
236480b3-32.jpg,1825.735294117647,779.0441176470588,143.38235294117652,187.99019607843147,1825.735294117647,779.0441176470588,143.38235294117652,187.99019607843147,0,0,0,0,0,0,0,0,1,0,1,0,1,0
236480b3-32.jpg,1852.8186274509808,418.9950980392158,143.38235294117624,361.642156862745,1852.8186274509808,418.9950980392158,143.38235294117624,361.642156862745,1,1,1,0,0,0,0,0,1,0,1,0,1,0
3a08245d-69.jpg,568.7499056813655,181.6174935741779,219.85303549510508,202.32858485719453,568.7499056813655,181.6174935741779,219.85303549510508,202.32858485719453,0,0,0,0,0,0,0,0,1,0,1,0,1,0
3a08245d-69.jpg,101.9607843137255,1112.0098039215686,302.6960784313726,183.21078431372567,101.9607843137255,1112.0098039215686,302.6960784313726,183.21078431372567,2,1,1,0,0,0,0,0,1,0,1,0,1,0
3a08245d-69.jpg,140.19607843137257,892.1568627450979,355.2696078431373,278.7990196078432,140.19607843137257,892.1568627450979,355.2696078431373,278.7990196078432,3,2,1,0,1,0,0,0,1,0,1,0,1,0
3a08245d-69.jpg,245.343137254902,720.0980392156865,232.5980392156864,176.83823529411762,245.343137254902,720.0980392156865,232.5980392156864,176.83823529411762,1,1,1,0,0,0,0,0,1,0,1,0,1,0
3a08245d-69.jpg,310.66176470588243,516.1764705882352,281.9852941176472,213.4803921568628,310.66176470588243,516.1764705882352,281.9852941176472,213.4803921568628,3,2,1,0,1,0,0,0,1,0,1,0,1,0
3a08245d-69.jpg,441.29891695975306,328.1862745098037,208.70108304024697,223.0394349500538,441.29891695975306,328.1862745098037,208.70108304024697,223.0394349500538,0,0,0,0,0,0,0,0,1,0,1,0,1,0
3a08245d-69.jpg,779.0441176470586,106.74002066740792,256.4950980392156,207.1080185482785,779.0441176470586,106.74002066740792,256.4950980392156,207.1080185482785,0,0,0,0,0,0,0,0,1,0,1,0,1,0
3a08245d-69.jpg,1040.3186274509803,119.48518448575742,234.19117647058823,202.32854100443865,1040.3186274509803,119.48518448575742,234.19117647058823,202.32854100443865,0,0,0,0,0,0,0,0,1,0,1,0,1,0
3a08245d-69.jpg,1228.3088235294117,218.25980392156865,218.2598039215688,200.7352941176471,1228.3088235294117,218.25980392156865,218.2598039215688,200.7352941176471,0,0,0,0,0,0,0,0,1,0,1,0,1,0
3a08245d-69.jpg,1363.7254901960794,372.7941176470587,215.07345834770143,248.529411764706,1363.7254901960794,372.7941176470587,215.07345834770143,248.529411764706,0,0,0,0,0,0,0,0,1,0,1,0,1,0
3a08245d-69.jpg,1446.5686274509803,634.0686274509804,245.343137254902,203.92156862745108,1446.5686274509803,634.0686274509804,245.343137254902,203.92156862745108,1,1,1,0,0,0,0,0,1,0,1,0,1,0
3a08245d-69.jpg,1487.9901960784314,785.4166666666666,318.62745098039227,347.3039215686276,1487.9901960784314,785.4166666666666,318.62745098039227,347.3039215686276,3,2,1,0,1,0,0,0,1,0,1,0,1,0
3a08245d-69.jpg,1553.3088235294122,1053.063725490196,318.62745098039227,243.75,1553.3088235294122,1053.063725490196,318.62745098039227,243.75,3,2,1,0,1,0,0,0,1,0,1,0,1,0
cbdcf4fe-16.jpg,1472.058823529412,258.0882352941176,231.0049019607845,310.6617647058824,1472.058823529412,258.0882352941176,231.0049019607845,310.6617647058824,1,1,1,0,0,0,0,0,1,0,1,0,1,0
cbdcf4fe-16.jpg,1682.3529411764705,274.01960784313746,144.97541683714044,288.357843137255,1682.3529411764705,274.01960784313746,144.97541683714044,288.357843137255,1,1,1,0,0,0,0,0,1,0,1,0,1,0
cbdcf4fe-16.jpg,278.7990300876916,358.4558823529412,208.7009699123086,288.357843137255,278.7990300876916,358.4558823529412,208.7009699123086,288.357843137255,2,1,1,0,0,0,0,0,1,0,1,0,1,0
cbdcf4fe-16.jpg,151.3480392156863,348.8970588235294,144.9754901960785,277.2058823529412,151.3480392156863,348.8970588235294,144.9754901960785,277.2058823529412,2,1,1,0,0,0,0,0,1,0,1,0,1,0
cbdcf4fe-16.jpg,73.28435564488336,329.77941176470586,113.11270317864611,227.8186274509803,73.28435564488336,329.77941176470586,113.11270317864611,227.8186274509803,2,1,1,0,0,0,0,0,1,0,1,0,1,0
cbdcf4fe-16.jpg,22.30392156862746,320.22058823529414,66.91176470588238,124.26470588235298,22.30392156862746,320.22058823529414,66.91176470588238,124.26470588235298,2,1,1,0,0,0,0,0,1,0,1,0,1,0
cbdcf4fe-16.jpg,63.72549019607842,497.0588235294118,74.87745098039214,73.2844014310019,63.72549019607842,497.0588235294118,74.87745098039214,73.2844014310019,1,1,1,0,0,0,0,0,1,0,1,0,1,0
cbdcf4fe-16.jpg,101.9607843137255,551.2254901960785,108.33333333333326,170.46597131742283,101.9607843137255,551.2254901960785,108.33333333333326,170.46597131742283,2,1,1,0,0,0,0,0,1,0,1,0,1,0
cbdcf4fe-16.jpg,189.5833647728782,597.4264705882351,144.97545875653353,184.80416275878488,189.5833647728782,597.4264705882351,144.97545875653353,184.80416275878488,2,1,1,0,0,0,0,0,1,0,1,0,1,0
cbdcf4fe-16.jpg,274.0196078431373,602.2058823529412,176.83823529411768,253.30882352941177,274.0196078431373,602.2058823529412,176.83823529411768,253.30882352941177,2,1,1,0,0,0,0,0,1,0,1,0,1,0
cbdcf4fe-16.jpg,454.0441176470589,632.4754901960785,197.54901960784323,277.2060358375869,454.0441176470589,632.4754901960785,197.54901960784323,277.2060358375869,2,1,1,0,0,0,0,0,1,0,1,0,1,0
cbdcf4fe-16.jpg,1427.4509803921574,557.5980392156862,165.68616971132064,312.25490196078425,1427.4509803921574,557.5980392156862,165.68616971132064,312.25490196078425,2,1,1,0,0,0,0,0,1,0,1,0,1,0
cbdcf4fe-16.jpg,1570.8333333333337,552.8186274509803,176.83823529411768,227.8186274509804,1570.8333333333337,552.8186274509803,176.83823529411768,227.8186274509804,2,1,1,0,0,0,0,0,1,0,1,0,1,0
cbdcf4fe-16.jpg,1696.6911764705876,552.8186274509807,113.11267173910116,148.16196204328375,1696.6911764705876,552.8186274509807,113.11267173910116,148.16196204328375,1,1,1,0,0,0,0,0,1,0,1,0,1,0
cbdcf4fe-16.jpg,1800.245098039216,489.0931372549019,106.74022751797573,144.9754901960784,1800.245098039216,489.0931372549019,106.74022751797573,144.9754901960784,6,3,1,0,1,0,1,0,1,0,1,0,1,0
cbdcf4fe-16.jpg,1808.2107843137253,326.593137254902,82.8431791742957,184.80392156862743,1808.2107843137253,326.593137254902,82.8431791742957,184.80392156862743,2,1,1,0,0,0,0,0,1,0,1,0,1,0
cbdcf4fe-16.jpg,1887.867647058824,301.10294117647044,70.0981125746238,151.34803921568627,1887.867647058824,301.10294117647044,70.0981125746238,151.34803921568627,2,1,1,0,0,0,0,0,1,0,1,0,1,0
cbdcf4fe-16.jpg,1894.2401960784312,417.40196078431376,71.69117647058812,90.80882352941175,1894.2401960784312,417.40196078431376,71.69117647058812,90.80882352941175,1,1,1,0,0,0,0,0,1,0,1,0,1,0
cbdcf4fe-16.jpg,471.5686274509805,388.7254901960784,215.07352941176472,264.46078431372547,471.5686274509805,388.7254901960784,215.07352941176472,264.46078431372547,4,2,1,0,1,0,0,0,1,0,1,0,1,0
cbdcf4fe-16.jpg,640.4411764705881,645.220588235294,202.3284523322457,259.68143832815326,640.4411764705881,645.220588235294,202.3284523322457,259.68143832815326,4,2,1,0,1,0,0,0,1,0,1,0,1,0
cbdcf4fe-16.jpg,841.1764705882359,675.4901960784314,187.9901017597968,248.5294117647058,841.1764705882359,675.4901960784314,187.9901017597968,248.5294117647058,4,2,1,0,1,0,0,0,1,0,1,0,1,0
cbdcf4fe-16.jpg,1032.352941176471,667.5245098039215,191.1764705882352,223.0392156862745,1032.352941176471,667.5245098039215,191.1764705882352,223.0392156862745,4,2,1,0,1,0,0,0,1,0,1,0,1,0
cbdcf4fe-16.jpg,1229.9019607843138,622.9166666666669,191.17647058823536,250.1225490196078,1229.9019607843138,622.9166666666669,191.17647058823536,250.1225490196078,4,2,1,0,1,0,0,0,1,0,1,0,1,0
cbdcf4fe-16.jpg,1295.2205882352944,329.77941176470586,203.9215686274511,313.8480392156864,1295.2205882352944,329.77941176470586,203.9215686274511,313.8480392156864,4,2,1,0,1,0,0,0,1,0,1,0,1,0
cbdcf4fe-16.jpg,990.9313725490196,350.4901960784314,299.5098039215687,340.9313725490196,990.9313725490196,350.4901960784314,299.5098039215687,340.9313725490196,4,2,1,0,1,0,0,0,1,0,1,0,1,0
cbdcf4fe-16.jpg,686.642156862745,348.89692726526164,299.5098039215686,340.93150410728725,686.642156862745,348.89692726526164,299.5098039215686,340.93150410728725,4,2,1,0,1,0,0,0,1,0,1,0,1,0
d683bbb2-188.jpg,96.98309470331652,411.1454973300275,31.65481254811379,142.44665646651202,96.98309470331652,411.1454973300275,31.65481254811379,142.44665646651202,0,0,0,0,0,0,0,0,1,0,1,0,1,0
d683bbb2-188.jpg,119.7349225830863,396.3073039480992,37.59015854007236,166.18776587759734,119.7349225830863,396.3073039480992,37.59015854007236,166.18776587759734,0,0,0,0,0,0,0,0,1,0,1,0,1,0
d683bbb2-188.jpg,133.77785167779106,405.4342956506023,147.9664117042235,249.98891475142776,133.77785167779106,405.4342956506023,147.9664117042235,249.98891475142776,1,1,1,0,0,0,0,0,1,0,1,0,1,0
d683bbb2-188.jpg,256.74537190687187,360.8416784246714,214.85524712882025,351.33577208308725,256.74537190687187,360.8416784246714,214.85524712882025,351.33577208308725,1,1,1,0,0,0,0,0,1,0,1,0,1,0
d683bbb2-188.jpg,460.7903780012773,433.1355375148049,295.9327229481149,322.2832387877956,460.7903780012773,433.1355375148049,295.9327229481149,322.2832387877956,1,1,1,0,0,0,0,0,1,0,1,0,1,0
d683bbb2-188.jpg,754.696264263093,510.1593815599826,247.2862347775967,240.5298747338057,754.696264263093,510.1593815599826,247.2862347775967,240.5298747338057,1,1,1,0,0,0,0,0,1,0,1,0,1,0
d683bbb2-188.jpg,238.5029141464288,654.071918970941,50.67342866582994,88.50958873631632,238.5029141464288,654.071918970941,50.67342866582994,88.50958873631632,0,0,0,0,0,0,0,0,1,0,1,0,1,0
d683bbb2-188.jpg,342.5524347085319,667.584833281829,64.86190162664118,95.2660458917604,342.5524347085319,667.584833281829,64.86190162664118,95.2660458917604,0,0,0,0,0,0,0,0,1,0,1,0,1,0
d683bbb2-188.jpg,437.8184236727709,649.3423989621305,108.10331448710386,143.912537410957,437.8184236727709,649.3423989621305,108.10331448710386,143.912537410957,0,0,0,0,0,0,0,0,1,0,1,0,1,0
d683bbb2-188.jpg,593.8925839635264,651.3693361087637,149.99334885085656,166.8846126254871,593.8925839635264,651.3693361087637,149.99334885085656,166.8846126254871,0,0,0,0,0,0,0,0,1,0,1,0,1,0
d683bbb2-188.jpg,749.9667442542834,671.6387075750956,166.88449173946665,175.66788604154362,749.9667442542834,671.6387075750956,166.88449173946665,175.66788604154362,0,0,0,0,0,0,0,0,1,0,1,0,1,0
d683bbb2-188.jpg,932.3910874512712,618.262696047088,227.69260613846285,225.66566899182925,932.3910874512712,618.262696047088,227.69260613846285,225.66566899182925,0,0,0,0,0,0,0,0,1,0,1,0,1,0
d683bbb2-188.jpg,1012.1172818855104,557.454581648092,166.20884602392252,107.4276687715595,1012.1172818855104,557.454581648092,166.20884602392252,107.4276687715595,0,0,0,0,0,0,0,0,1,0,1,0,1,0
d683bbb2-188.jpg,1177.6504821938884,546.6442501993816,214.1796918275748,212.82840039648588,1177.6504821938884,546.6442501993816,214.1796918275748,212.82840039648588,1,1,1,0,0,0,0,0,1,0,1,0,1,0
d683bbb2-188.jpg,1149.2733621410237,677.7195190149952,179.04611461926606,162.15497173065592,1149.2733621410237,677.7195190149952,179.04611461926606,162.15497173065592,1,1,1,0,0,0,0,0,1,0,1,0,1,0
d683bbb2-188.jpg,1349.9401396577102,575.6970159677909,144.58818312650152,141.88560026432376,1349.9401396577102,575.6970159677909,144.58818312650152,141.88560026432376,0,0,0,0,0,0,0,0,1,0,1,0,1,0
d683bbb2-188.jpg,1331.022059622467,699.3401819124159,152.02028599748985,87.15829730522759,1331.022059622467,699.3401819124159,152.02028599748985,87.15829730522759,0,0,0,0,0,0,0,0,1,0,1,0,1,0
d683bbb2-188.jpg,1487.7718656287673,518.9427758620614,202.01806894777548,150.668994566401,1487.7718656287673,518.9427758620614,202.01806894777548,150.668994566401,1,1,1,0,0,0,0,0,1,0,1,0,1,0
d683bbb2-188.jpg,1452.6382884204577,639.2077132289645,224.990023276285,113.50858249963032,1452.6382884204577,639.2077132289645,224.990023276285,113.50858249963032,1,1,1,0,0,0,0,0,1,0,1,0,1,0
bf27a3f3-122.jpg,1089.090909090909,296.3636363636363,400.0,372.7272727272728,1089.090909090909,296.3636363636363,400.0,372.7272727272728,2,1,1,0,0,0,0,0,1,0,1,0,1,0
bf27a3f3-122.jpg,16.363607636353294,349.09075822656695,180.00010054549068,125.4546963188874,16.363607636353294,349.09075822656695,180.00010054549068,125.4546963188874,0,0,0,0,0,0,0,0,1,0,1,0,1,0
bf27a3f3-122.jpg,7.27272727272728,405.45454545454544,109.0909090909091,123.63636363636364,7.27272727272728,405.45454545454544,109.0909090909091,123.63636363636364,0,0,0,0,0,0,0,0,1,0,1,0,1,0
bf27a3f3-122.jpg,190.9090909090909,356.3636363636364,252.72728709091425,207.2727272727272,190.9090909090909,356.3636363636364,252.72728709091425,207.2727272727272,0,0,0,0,0,0,0,0,1,0,1,0,1,0
bf27a3f3-122.jpg,107.27272727272722,470.9090909090908,301.8181818181818,220.00056574128283,107.27272727272722,470.9090909090908,301.8181818181818,220.00056574128283,0,0,0,0,0,0,0,0,1,0,1,0,1,0
bf27a3f3-122.jpg,443.6363636363636,376.3636363636364,278.1818181818182,243.63636363636363,443.6363636363636,376.3636363636364,278.1818181818182,243.63636363636363,1,1,1,0,0,0,0,0,1,0,1,0,1,0
bf27a3f3-122.jpg,396.3636363636364,554.5454545454545,240.0,229.09090909090904,396.3636363636364,554.5454545454545,240.0,229.09090909090904,1,1,1,0,0,0,0,0,1,0,1,0,1,0
bf27a3f3-122.jpg,729.0909090909089,350.9090909090908,352.7272727272727,296.3636363636364,729.0909090909089,350.9090909090908,352.7272727272727,296.3636363636364,0,0,0,0,0,0,0,0,1,0,1,0,1,0
bf27a3f3-122.jpg,630.9090909090908,563.6363636363639,274.5454545454546,316.3640512405769,630.9090909090908,563.6363636363639,274.5454545454546,316.3640512405769,0,0,0,0,0,0,0,0,1,0,1,0,1,0
bf27a3f3-122.jpg,905.4545454545456,607.2727272727268,319.9999138181507,356.3639380923209,905.4545454545456,607.2727272727268,319.9999138181507,356.3639380923209,0,0,0,0,0,0,0,0,1,0,1,0,1,0
bf27a3f3-122.jpg,1481.8181818181813,254.5450396685136,447.2728278182179,434.5458694223954,1481.8181818181813,254.5450396685136,447.2728278182179,434.5458694223954,0,0,0,0,0,0,0,0,1,0,1,0,1,0
bf27a3f3-122.jpg,1227.2727272727268,612.7272727272727,312.72717218178195,332.7272727272728,1227.2727272727268,612.7272727272727,312.72717218178195,332.7272727272728,0,0,0,0,0,0,0,0,1,0,1,0,1,0
bf27a3f3-122.jpg,1538.1818181818176,647.2727272727275,292.72727272727275,290.9092794895185,1538.1818181818176,647.2727272727275,292.72727272727275,290.9092794895185,0,0,0,0,0,0,0,0,1,0,1,0,1,0
bf27a3f3-122.jpg,1861.818066909049,536.3636363636361,130.90920581822184,370.9090909090907,1861.818066909049,536.3636363636361,130.90920581822184,370.9090909090907,0,0,0,0,0,0,0,0,1,0,1,0,1,0
bf27a3f3-122.jpg,1943.636363636364,341.81818181818176,47.2727272727272,178.1818181818182,1943.636363636364,341.81818181818176,47.2727272727272,178.1818181818182,0,0,0,0,0,0,0,0,1,0,1,0,1,0
91819bd3-51.jpg,114.7056413164305,380.7598039215685,293.1374959384715,345.7107843137252,114.7056413164305,380.7598039215685,293.1374959384715,345.7107843137252,1,1,1,0,0,0,0,0,1,0,1,0,1,0
91819bd3-51.jpg,218.25980392156865,708.9460784313725,108.33333333333336,84.43627450980398,218.25980392156865,708.9460784313725,108.33333333333336,84.43627450980398,0,0,0,0,0,0,0,0,1,0,1,0,1,0
91819bd3-51.jpg,345.71078431372564,677.0833333333334,113.11274509803916,149.75490196078428,345.71078431372564,677.0833333333334,113.11274509803916,149.75490196078428,0,0,0,0,0,0,0,0,1,0,1,0,1,0
91819bd3-51.jpg,403.0637254901959,423.7745098039213,293.13708722438844,326.5931372549018,403.0637254901959,423.7745098039213,293.13708722438844,326.5931372549018,0,0,0,0,0,0,0,0,1,0,1,0,1,0
91819bd3-51.jpg,702.5735294117649,471.5686274509805,275.6127450980392,285.1715686274511,702.5735294117649,471.5686274509805,275.6127450980392,285.1715686274511,0,0,0,0,0,0,0,0,1,0,1,0,1,0
91819bd3-51.jpg,462.00980392156856,710.5392156862745,156.12745098039213,183.2107843137256,462.00980392156856,710.5392156862745,156.12745098039213,183.2107843137256,0,0,0,0,0,0,0,0,1,0,1,0,1,0
91819bd3-51.jpg,629.2892156862745,656.3725490196078,194.36274509803923,238.9705882352942,629.2892156862745,656.3725490196078,194.36274509803923,238.9705882352942,0,0,0,0,0,0,0,0,1,0,1,0,1,0
91819bd3-51.jpg,830.0245098039215,640.4411764705883,269.2401960784315,275.6127450980392,830.0245098039215,640.4411764705883,269.2401960784315,275.6127450980392,0,0,0,0,0,0,0,0,1,0,1,0,1,0
91819bd3-51.jpg,982.9656862745096,446.078431372549,277.20588235294133,278.7990196078432,982.9656862745096,446.078431372549,277.20588235294133,278.7990196078432,0,0,0,0,0,0,0,0,1,0,1,0,1,0
91819bd3-51.jpg,1092.8921568627452,642.0343137254902,275.61274509803934,245.343137254902,1092.8921568627452,642.0343137254902,275.61274509803934,245.343137254902,0,0,0,0,0,0,0,0,1,0,1,0,1,0
91819bd3-51.jpg,1253.799019607843,477.9411764705883,250.1225490196079,219.85294117647047,1253.799019607843,477.9411764705883,250.1225490196079,219.85294117647047,0,0,0,0,0,0,0,0,1,0,1,0,1,0
91819bd3-51.jpg,1390.8088235294117,638.8480392156862,229.41176470588232,167.27941176470597,1390.8088235294117,638.8480392156862,229.41176470588232,167.27941176470597,0,0,0,0,0,0,0,0,1,0,1,0,1,0
91819bd3-51.jpg,1481.6176470588236,449.264705882353,232.59803921568647,202.3284313725491,1481.6176470588236,449.264705882353,232.59803921568647,202.3284313725491,0,0,0,0,0,0,0,0,1,0,1,0,1,0
91819bd3-51.jpg,1695.0980392156866,431.7401960784314,211.8872549019608,140.1960784313725,1695.0980392156866,431.7401960784314,211.8872549019608,140.1960784313725,0,0,0,0,0,0,0,0,1,0,1,0,1,0
91819bd3-51.jpg,1626.593137254902,536.8872549019608,286.76470588235304,176.83823529411774,1626.593137254902,536.8872549019608,286.76470588235304,176.83823529411774,3,2,1,0,1,0,0,0,1,0,1,0,1,0
91819bd3-51.jpg,1865.563725490196,462.0098039215686,100.36764705882348,82.84313725490199,1865.563725490196,462.0098039215686,100.36764705882348,82.84313725490199,0,0,0,0,0,0,0,0,1,0,1,0,1,0
4d17374f-174.jpg,773.1568781009586,395.6117110854431,143.5140171771188,269.9116836817371,773.1568781009586,395.6117110854431,143.5140171771188,269.9116836817371,0,0,0,0,0,0,0,0,1,0,1,0,1,0
4d17374f-174.jpg,765.2570239444201,629.9740510627562,77.68189920596328,192.2297844757739,765.2570239444201,629.9740510627562,77.68189920596328,192.2297844757739,1,1,1,0,0,0,0,0,1,0,1,0,1,0
4d17374f-174.jpg,848.2054925880761,635.2406205004485,59.24899753279752,113.23124291038714,848.2054925880761,635.2406205004485,59.24899753279752,113.23124291038714,0,0,0,0,0,0,0,0,1,0,1,0,1,0
4d17374f-174.jpg,895.4721858747552,468.1362037706476,124.3188116601695,237.15164615608424,895.4721858747552,468.1362037706476,124.3188116601695,237.15164615608424,0,0,0,0,0,0,0,0,1,0,1,0,1,0
4d17374f-174.jpg,1004.9267817469132,437.0563520728104,141.88559356696803,274.3123092938204,1004.9267817469132,437.0563520728104,141.88559356696803,274.3123092938204,0,0,0,0,0,0,0,0,1,0,1,0,1,0
4d17374f-174.jpg,904.9312258923763,645.1553812432795,37.160571282463714,101.34685733165976,904.9312258923763,645.1553812432795,37.160571282463714,101.34685733165976,0,0,0,0,0,0,0,0,1,0,1,0,1,0
4d17374f-174.jpg,931.281408798608,686.3697698914883,31.07970961239788,104.72508590938192,931.281408798608,686.3697698914883,31.07970961239788,104.72508590938192,0,0,0,0,0,0,0,0,1,0,1,0,1,0
4d17374f-174.jpg,1046.571369872889,714.0132508169089,59.35280784730683,37.59019881733006,1046.571369872889,714.0132508169089,59.35280784730683,37.59019881733006,0,0,0,0,0,0,0,0,1,0,1,0,1,0
8070dcce-150.jpg,109.7195727832528,407.7436770762121,86.18022716223979,110.1191791517509,109.7195727832528,407.7436770762121,86.18022716223979,110.1191791517509,0,0,0,0,0,0,0,0,1,0,1,0,1,0
8070dcce-150.jpg,278.4891843093056,581.3010790001672,106.52833635332418,73.01380356800864,278.4891843093056,581.3010790001672,106.52833635332418,73.01380356800864,0,0,0,0,0,0,0,0,1,0,1,0,1,0
8070dcce-150.jpg,404.747117317017,613.879900763629,41.11323749827761,38.176577676972016,404.747117317017,613.879900763629,41.11323749827761,38.176577676972016,0,0,0,0,0,0,0,0,1,0,1,0,1,0
8070dcce-150.jpg,400.9714118324808,449.4269507705185,164.45297286503046,213.5371212920747,400.9714118324808,449.4269507705185,164.45297286503046,213.5371212920747,0,0,0,0,0,0,0,0,1,0,1,0,1,0
8070dcce-150.jpg,435.37228402491775,621.4313117327005,122.9201896632177,109.49545905153538,435.37228402491775,621.4313117327005,122.9201896632177,109.49545905153538,0,0,0,0,0,0,0,0,1,0,1,0,1,0
8070dcce-150.jpg,203.0814855423459,429.2887338667721,143.63371193706632,146.0276071360174,203.0814855423459,429.2887338667721,143.63371193706632,146.0276071360174,0,0,0,0,0,0,0,0,1,0,1,0,1,0
8070dcce-150.jpg,358.68467347416777,510.6811706311096,65.83211797115545,105.33138875384851,358.68467347416777,510.6811706311096,65.83211797115545,105.33138875384851,0,0,0,0,0,0,0,0,1,0,1,0,1,0
8070dcce-150.jpg,313.200664694098,512.0058074374415,77.61812097017554,89.63935578740563,313.200664694098,512.0058074374415,77.61812097017554,89.63935578740563,0,0,0,0,0,0,0,0,1,0,1,0,1,0
8070dcce-150.jpg,566.9686580243437,455.2789514267637,184.88123670805848,208.83594844099625,566.9686580243437,455.2789514267637,184.88123670805848,208.83594844099625,0,0,0,0,0,0,0,0,1,0,1,0,1,0
8070dcce-150.jpg,560.2122008688996,632.7895076016104,125.91579244236556,149.8705041753032,560.2122008688996,632.7895076016104,125.91579244236556,149.8705041753032,0,0,0,0,0,0,0,0,1,0,1,0,1,0
8070dcce-150.jpg,695.3413439777796,583.6516373801995,153.55584444190896,205.76483155215809,695.3413439777796,583.6516373801995,153.55584444190896,205.76483155215809,0,0,0,0,0,0,0,0,1,0,1,0,1,0
8070dcce-150.jpg,753.07829582415,416.5827940917238,243.23250325977088,243.84676550943053,753.07829582415,416.5827940917238,243.23250325977088,243.84676550943053,0,0,0,0,0,0,0,0,1,0,1,0,1,0
8070dcce-150.jpg,847.0545182863857,616.2054764018843,144.9566927991424,138.81448337548565,847.0545182863857,616.2054764018843,144.9566927991424,138.81448337548565,0,0,0,0,0,0,0,0,1,0,1,0,1,0
8070dcce-150.jpg,996.9250224616884,558.4684788917265,157.8554202632928,219.2778050380212,996.9250224616884,558.4684788917265,157.8554202632928,219.2778050380212,0,0,0,0,0,0,0,0,1,0,1,0,1,0
8070dcce-150.jpg,1016.5801705502528,396.9276290960237,246.91771566777248,256.13124997191863,1016.5801705502528,396.9276290960237,246.91771566777248,256.13124997191863,0,0,0,0,0,0,0,0,1,0,1,0,1,0
8070dcce-150.jpg,1156.623100681274,602.6925620909964,143.11406528537415,164.61186524172632,1156.623100681274,602.6925620909964,143.11406528537415,164.61186524172632,0,0,0,0,0,0,0,0,1,0,1,0,1,0
8070dcce-150.jpg,1262.2695216573077,452.20774154867854,172.59676915270572,203.92216141885507,1262.2695216573077,452.20774154867854,172.59676915270572,203.92216141885507,1,1,1,0,0,0,0,0,1,0,1,0,1,0
8070dcce-150.jpg,1430.56672716564,435.0095799604316,170.75409901940304,228.4910965295606,1430.56672716564,435.0095799604316,170.75409901940304,228.4910965295606,0,0,0,0,0,0,0,0,1,0,1,0,1,0
8070dcce-150.jpg,1302.194041212204,625.4188270683986,143.11404701985907,162.7693050048061,1302.194041212204,625.4188270683986,143.11404701985907,162.7693050048061,0,0,0,0,0,0,0,0,1,0,1,0,1,0
8070dcce-150.jpg,1442.2369713432242,623.5761569350958,111.1744405087002,135.74336648664772,1442.2369713432242,623.5761569350958,111.1744405087002,135.74336648664772,0,0,0,0,0,0,0,0,1,0,1,0,1,0
8070dcce-150.jpg,1549.1118390747938,490.2896839595188,97.66151706505384,158.46963146405017,1549.1118390747938,490.2896839595188,97.66151706505384,158.46963146405017,0,0,0,0,0,0,0,0,1,0,1,0,1,0
8070dcce-150.jpg,1547.269168941491,649.3735388013365,41.76718968819955,56.50855075462253,1547.269168941491,649.3735388013365,41.76718968819955,56.50855075462253,0,0,0,0,0,0,0,0,1,0,1,0,1,0
8070dcce-150.jpg,1653.5780149390534,470.6345358709543,92.74773004291262,105.0321975982658,1653.5780149390534,470.6345358709543,92.74773004291262,105.0321975982658,0,0,0,0,0,0,0,0,1,0,1,0,1,0
8070dcce-150.jpg,1739.5692878265222,441.7660371158756,54.665880621319616,63.87923128783412,1739.5692878265222,441.7660371158756,54.665880621319616,63.87923128783412,0,0,0,0,0,0,0,0,1,0,1,0,1,0
8070dcce-150.jpg,1595.2267818741182,562.1538867868752,103.18952137645796,122.23029155797016,1595.2267818741182,562.1538867868752,103.18952137645796,122.23029155797016,0,0,0,0,0,0,0,0,1,0,1,0,1,0
7b938f9c-154.jpg,137.0098039215687,1075.367515500556,288.35784313725486,208.70111195042503,137.0098039215687,1075.367515500556,288.35784313725486,208.70111195042503,4,2,1,0,1,0,0,0,1,0,1,0,1,0
7b938f9c-154.jpg,221.44607843137263,841.1764705882354,293.13725490196083,281.9852941176472,221.44607843137263,841.1764705882354,293.13725490196083,281.9852941176472,4,2,1,0,1,0,0,0,1,0,1,0,1,0
7b938f9c-154.jpg,307.47549019607845,697.7941176470588,269.24019607843144,178.4313725490197,307.47549019607845,697.7941176470588,269.24019607843144,178.4313725490197,1,1,1,0,0,0,0,0,1,0,1,0,1,0
7b938f9c-154.jpg,358.4558823529412,516.1764705882351,267.6470588235295,197.54901960784323,358.4558823529412,516.1764705882351,267.6470588235295,197.54901960784323,0,0,0,0,0,0,0,0,1,0,1,0,1,0
7b938f9c-154.jpg,430.1470588235295,302.6960784313726,213.48039215686285,213.4803921568627,430.1470588235295,302.6960784313726,213.48039215686285,213.4803921568627,0,0,0,0,0,0,0,0,1,0,1,0,1,0
7b938f9c-154.jpg,599.0196078431376,146.56875900924803,189.5833333333333,200.73516255937932,599.0196078431376,146.56875900924803,189.5833333333333,200.73516255937932,0,0,0,0,0,0,0,0,1,0,1,0,1,0
7b938f9c-154.jpg,771.078431372549,52.57352941176471,227.81862745098053,211.8872549019608,771.078431372549,52.57352941176471,227.81862745098053,211.8872549019608,0,0,0,0,0,0,0,0,1,0,1,0,1,0
7b938f9c-154.jpg,1024.3872549019616,66.91167700037057,232.5980392156864,207.1079308427665,1024.3872549019616,66.91167700037057,232.5980392156864,207.1079308427665,0,0,0,0,0,0,0,0,1,0,1,0,1,0
7b938f9c-154.jpg,1252.2058823529408,181.6175593533118,181.61764705882345,175.2451857447275,1252.2058823529408,181.6175593533118,181.61764705882345,175.2451857447275,0,0,0,0,0,0,0,0,1,0,1,0,1,0
7b938f9c-154.jpg,1373.2843137254904,337.74509803921575,191.17647058823536,207.1078431372549,1373.2843137254904,337.74509803921575,191.17647058823536,207.1078431372549,0,0,0,0,0,0,0,0,1,0,1,0,1,0
7b938f9c-154.jpg,1374.8774509803925,527.328431372549,248.5294117647058,197.54901960784323,1374.8774509803925,527.328431372549,248.5294117647058,197.54901960784323,1,1,1,0,0,0,0,0,1,0,1,0,1,0
7b938f9c-154.jpg,1521.5806739887314,658.1113456902798,247.3032230321383,190.6484513690197,1521.5806739887314,658.1113456902798,247.3032230321383,190.6484513690197,1,1,1,0,0,0,0,0,1,0,1,0,1,0
7b938f9c-154.jpg,1457.7315762800542,848.7596485368726,288.6702095560753,267.9867653220988,1457.7315762800542,848.7596485368726,288.6702095560753,267.9867653220988,5,3,1,0,1,0,1,0,1,0,1,0,1,0
7b938f9c-154.jpg,1597.1205675694607,1041.9053635991856,218.52612071567165,221.2239740578406,1597.1205675694607,1041.9053635991856,218.52612071567165,221.2239740578406,4,2,1,0,1,0,0,0,1,0,1,0,1,0
cd35e202-111.jpg,1377.952755905511,669.2913385826772,259.84251968503924,191.60104986876632,1377.952755905511,669.2913385826772,259.84251968503924,191.60104986876632,3,2,1,0,1,0,0,0,1,0,1,0,1,0
cd35e202-111.jpg,78.74015748031493,427.8215223097114,110.23622047244092,238.8451443569553,78.74015748031493,427.8215223097114,110.23622047244092,238.8451443569553,0,0,0,0,0,0,0,0,1,0,1,0,1,0
cd35e202-111.jpg,165.35433070866142,409.4488188976378,94.4881889763779,254.59317585301827,165.35433070866142,409.4488188976378,94.4881889763779,254.59317585301827,0,0,0,0,0,0,0,0,1,0,1,0,1,0
cd35e202-111.jpg,152.2309711286089,661.4173228346455,65.61679790026251,186.3517060367455,152.2309711286089,661.4173228346455,65.61679790026251,186.3517060367455,0,0,0,0,0,0,0,0,1,0,1,0,1,0
cd35e202-111.jpg,215.2230971128609,648.2939632545931,78.74015748031496,167.9790026246721,215.2230971128609,648.2939632545931,78.74015748031496,167.9790026246721,0,0,0,0,0,0,0,0,1,0,1,0,1,0
cd35e202-111.jpg,239.9105821716955,367.3590883688096,238.4272691956807,295.7932287014084,239.9105821716955,367.3590883688096,238.4272691956807,295.7932287014084,0,0,0,0,0,0,0,0,1,0,1,0,1,0
cd35e202-111.jpg,290.1057967392073,663.152317070218,96.80505666591546,181.0613096899529,290.1057967392073,663.152317070218,96.80505666591546,181.0613096899529,0,0,0,0,0,0,0,0,1,0,1,0,1,0
cd35e202-111.jpg,360.020559886813,652.3961996628941,168.5125060480751,211.53697567737063,360.020559886813,652.3961996628941,168.5125060480751,211.53697567737063,0,0,0,0,0,0,0,0,1,0,1,0,1,0
cd35e202-111.jpg,469.3744201946064,361.9810296651476,259.9395040103287,304.75665987417835,469.3744201946064,361.9810296651476,259.9395040103287,304.75665987417835,0,0,0,0,0,0,0,0,1,0,1,0,1,0
cd35e202-111.jpg,517.7769485275641,659.56694460111,138.03684006065717,172.09787851718303,517.7769485275641,659.56694460111,138.03684006065717,172.09787851718303,0,0,0,0,0,0,0,0,1,0,1,0,1,0
cd35e202-111.jpg,725.7285517358268,426.5177341090912,188.23205462816887,225.8784655538028,725.7285517358268,426.5177341090912,188.23205462816887,225.8784655538028,0,0,0,0,0,0,0,0,1,0,1,0,1,0
cd35e202-111.jpg,657.6064748227752,645.2254547246781,163.1344473444132,218.70772061558665,657.6064748227752,645.2254547246781,163.1344473444132,218.70772061558665,0,0,0,0,0,0,0,0,1,0,1,0,1,0
cd35e202-111.jpg,913.960606363994,412.1762442326587,231.2565242574669,267.1102489485441,913.960606363994,412.1762442326587,231.2565242574669,267.1102489485441,0,0,0,0,0,0,0,0,1,0,1,0,1,0
cd35e202-111.jpg,1141.6317581523529,494.6398110221429,202.57354450460085,204.36623073915487,1141.6317581523529,494.6398110221429,202.57354450460085,204.36623073915487,0,0,0,0,0,0,0,0,1,0,1,0,1,0
cd35e202-111.jpg,822.5336084017421,605.7863575644899,200.78085827004733,286.8297975286383,822.5336084017421,605.7863575644899,200.78085827004733,286.8297975286383,0,0,0,0,0,0,0,0,1,0,1,0,1,0
cd35e202-111.jpg,1021.5217804372348,634.4693373173533,206.15891697370927,233.0492104920184,1021.5217804372348,634.4693373173533,206.15891697370927,233.0492104920184,0,0,0,0,0,0,0,0,1,0,1,0,1,0
cd35e202-111.jpg,1224.0953249418346,677.4938069466486,152.3783299370904,168.51250604807487,1224.0953249418346,677.4938069466486,152.3783299370904,168.51250604807487,0,0,0,0,0,0,0,0,1,0,1,0,1,0
cd35e202-111.jpg,1324.4857540768598,523.3227907750068,175.6832509862909,186.439368393615,1324.4857540768598,523.3227907750068,175.6832509862909,186.439368393615,0,0,0,0,0,0,0,0,1,0,1,0,1,0
cd35e202-111.jpg,1492.998260124931,492.8471247875875,215.12234814647752,193.6101133318291,1492.998260124931,492.8471247875875,215.12234814647752,193.6101133318291,3,2,1,0,1,0,0,0,1,0,1,0,1,0
cd35e202-111.jpg,1686.6083734567658,462.3714588001711,168.51250604807518,182.8539959245069,1686.6083734567658,462.3714588001711,168.51250604807518,182.8539959245069,2,1,1,0,0,0,0,0,1,0,1,0,1,0
cd35e202-111.jpg,1629.2424139510315,645.2254547246768,202.5735445045999,148.79295746798215,1629.2424139510315,645.2254547246768,202.5735445045999,148.79295746798215,2,1,1,0,0,0,0,0,1,0,1,0,1,0
15b3a4f0-282.jpg,4.779411764705877,576.7156862745098,71.69117647058825,245.343137254902,4.779411764705877,576.7156862745098,71.69117647058825,245.343137254902,1,1,1,0,0,0,0,0,1,0,1,0,1,0
15b3a4f0-282.jpg,80.52192941926444,512.341802782869,240.47765407645187,306.8538391382781,80.52192941926444,512.341802782869,240.47765407645187,306.8538391382781,2,1,1,0,0,0,0,0,1,0,1,0,1,0
15b3a4f0-282.jpg,311.2063758636436,475.3452406172612,285.09115551144976,320.9995834957162,311.2063758636436,475.3452406172612,285.09115551144976,320.9995834957162,2,1,1,0,0,0,0,0,1,0,1,0,1,0
15b3a4f0-282.jpg,577.7992502922879,481.873806089131,230.68444644437864,282.91512676494426,577.7992502922879,481.873806089131,230.68444644437864,282.91512676494426,1,1,1,0,0,0,0,0,1,0,1,0,1,0
15b3a4f0-282.jpg,782.3684763844734,537.3687391936102,221.97937299364744,266.5930241887558,782.3684763844734,537.3687391936102,221.97937299364744,266.5930241887558,1,1,1,0,0,0,0,0,1,0,1,0,1,0
15b3a4f0-282.jpg,974.9682264819044,479.69777734262686,225.2437755376721,257.8878009779143,974.9682264819044,479.69777734262686,225.2437755376721,257.8878009779143,1,1,1,0,0,0,0,0,1,0,1,0,1,0
15b3a4f0-282.jpg,431.9892699925401,774.5821404861492,122.95916249157956,75.08125851255734,431.9892699925401,774.5821404861492,122.95916249157956,75.08125851255734,1,1,1,0,0,0,0,0,1,0,1,0,1,0
15b3a4f0-282.jpg,307.9419733196191,781.1109455741974,84.87446614462992,36.99675685375328,307.9419733196191,781.1109455741974,84.87446614462992,36.99675685375328,0,0,0,0,0,0,0,0,1,0,1,0,1,0
15b3a4f0-282.jpg,590.8568604683862,743.0262492272483,122.95916249157948,56.58297742975349,590.8568604683862,743.0262492272483,122.95916249157948,56.58297742975349,0,0,0,0,0,0,0,0,1,0,1,0,1,0
15b3a4f0-282.jpg,727.9617673174041,749.5550543152966,163.22012720121165,82.69819778194719,727.9617673174041,749.5550543152966,163.22012720121165,82.69819778194719,1,1,1,0,0,0,0,0,1,0,1,0,1,0
15b3a4f0-282.jpg,900.9751021506886,670.1212590773738,237.21325153242773,272.0335453353528,900.9751021506886,670.1212590773738,237.21325153242773,272.0335453353528,1,1,1,0,0,0,0,0,1,0,1,0,1,0
15b3a4f0-282.jpg,1126.2188776883606,588.5111954767681,133.84050430499343,180.6302741026742,1126.2188776883606,588.5111954767681,133.84050430499343,180.6302741026742,2,1,1,0,0,0,0,0,1,0,1,0,1,0
15b3a4f0-282.jpg,1120.7782067816534,757.1719935846866,88.13886868865438,126.22356503560376,1120.7782067816534,757.1719935846866,88.13886868865438,126.22356503560376,2,1,1,0,0,0,0,0,1,0,1,0,1,0
15b3a4f0-282.jpg,1238.2966983665258,602.6569398342064,181.7184082840157,163.22012720121168,1238.2966983665258,602.6569398342064,181.7184082840157,163.22012720121168,2,1,1,0,0,0,0,0,1,0,1,0,1,0
15b3a4f0-282.jpg,1191.5069285688453,749.5550543152967,215.4505679055994,151.2506512064562,1191.5069285688453,749.5550543152967,215.4505679055994,151.2506512064562,2,1,1,0,0,0,0,0,1,0,1,0,1,0
15b3a4f0-282.jpg,1394.988020479689,590.6874638394509,166.48452974523593,150.16251702511468,1394.988020479689,590.6874638394509,166.48452974523593,150.16251702511468,2,1,1,0,0,0,0,0,1,0,1,0,1,0
15b3a4f0-282.jpg,1368.872800127495,714.7347605123715,184.98281082804,141.45744357438343,1368.872800127495,714.7347605123715,184.98281082804,141.45744357438343,2,1,1,0,0,0,0,0,1,0,1,0,1,0
4591b6b9-243.jpg,81.25000000000001,492.279411764706,141.7892156862745,181.6176470588236,81.25000000000001,492.279411764706,141.7892156862745,181.6176470588236,0,0,0,0,0,0,0,0,1,0,1,0,1,0
4591b6b9-243.jpg,103.55392156862747,677.0833333333333,162.50000000000003,152.9413957343678,103.55392156862747,677.0833333333333,162.50000000000003,152.9413957343678,0,0,0,0,0,0,0,0,1,0,1,0,1,0
4591b6b9-243.jpg,195.95588235294125,495.4656862745098,172.05882352941177,246.93627450980387,195.95588235294125,495.4656862745098,172.05882352941177,246.93627450980387,0,0,0,0,0,0,0,0,1,0,1,0,1,0
4591b6b9-243.jpg,318.62745098039227,430.1470588235293,200.7352941176472,305.8825064258223,318.62745098039227,430.1470588235293,200.7352941176472,305.8825064258223,0,0,0,0,0,0,0,0,1,0,1,0,1,0
4591b6b9-243.jpg,237.37745098039213,685.0490196078431,149.75490196078437,165.68627450980387,237.37745098039213,685.0490196078431,149.75490196078437,165.68627450980387,0,0,0,0,0,0,0,0,1,0,1,0,1,0
4591b6b9-243.jpg,334.55882352941177,670.7107843137256,172.05882352941182,245.34313725490188,334.55882352941177,670.7107843137256,172.05882352941182,245.34313725490188,0,0,0,0,0,0,0,0,1,0,1,0,1,0
4591b6b9-243.jpg,426.9607843137256,681.8627450980393,234.19117647058823,310.66176470588226,426.9607843137256,681.8627450980393,234.19117647058823,310.66176470588226,0,0,0,0,0,0,0,0,1,0,1,0,1,0
4591b6b9-243.jpg,506.6176470588237,433.33333333333337,227.8186274509804,269.2401960784314,506.6176470588237,433.33333333333337,227.8186274509804,269.2401960784314,0,0,0,0,0,0,0,0,1,0,1,0,1,0
4591b6b9-243.jpg,716.9117647058823,372.7941176470589,315.4411764705883,336.1519607843137,716.9117647058823,372.7941176470589,315.4411764705883,336.1519607843137,0,0,0,0,0,0,0,0,1,0,1,0,1,0
4591b6b9-243.jpg,638.8480392156868,675.4901960784314,200.73529411764724,242.15695045060968,638.8480392156868,675.4901960784314,200.73529411764724,242.15695045060968,0,0,0,0,0,0,0,0,1,0,1,0,1,0
4591b6b9-243.jpg,836.3970588235295,662.7450980392157,187.9901960784312,264.4607843137256,836.3970588235295,662.7450980392157,187.9901960784312,264.4607843137256,0,0,0,0,0,0,0,0,1,0,1,0,1,0
4591b6b9-243.jpg,1013.2352941176472,374.3872549019608,301.10294117647044,332.9656862745098,1013.2352941176472,374.3872549019608,301.10294117647044,332.9656862745098,0,0,0,0,0,0,0,0,1,0,1,0,1,0
4591b6b9-243.jpg,1018.0147058823524,678.6764705882352,194.3628161621021,248.52941176470583,1018.0147058823524,678.6764705882352,194.3628161621021,248.52941176470583,0,0,0,0,0,0,0,0,1,0,1,0,1,0
4591b6b9-243.jpg,1213.970588235294,646.813725490196,176.83823529411768,237.37745098039213,1213.970588235294,646.813725490196,176.83823529411768,237.37745098039213,0,0,0,0,0,0,0,0,1,0,1,0,1,0
4591b6b9-243.jpg,1301.5931372549023,401.470588235294,232.59803921568616,272.42647058823536,1301.5931372549023,401.470588235294,232.59803921568616,272.42647058823536,1,1,1,0,0,0,0,0,1,0,1,0,1,0
4591b6b9-243.jpg,1508.700980392157,398.28431372549016,192.7696078431373,302.69607843137254,1508.700980392157,398.28431372549016,192.7696078431373,302.69607843137254,1,1,1,0,0,0,0,0,1,0,1,0,1,0
4591b6b9-243.jpg,1675.980392156863,458.8235294117648,151.3480392156862,251.7156862745097,1675.980392156863,458.8235294117648,151.3480392156862,251.7156862745097,1,1,1,0,0,0,0,0,1,0,1,0,1,0
4591b6b9-243.jpg,1387.6225490196082,634.0686274509806,203.9215686274511,301.1029411764706,1387.6225490196082,634.0686274509806,203.9215686274511,301.1029411764706,0,0,0,0,0,0,0,0,1,0,1,0,1,0
4591b6b9-243.jpg,1556.4950980392157,649.9999999999998,156.12745098039227,216.6667105194229,1556.4950980392157,649.9999999999998,156.12745098039227,216.6667105194229,0,0,0,0,0,0,0,0,1,0,1,0,1,0
4591b6b9-243.jpg,1664.8284313725492,667.5245098039215,148.16176470588232,176.83823529411774,1664.8284313725492,667.5245098039215,148.16176470588232,176.83823529411774,0,0,0,0,0,0,0,0,1,0,1,0,1,0
4591b6b9-243.jpg,1773.1617647058824,651.5931372549021,125.85784313725468,140.1960784313724,1773.1617647058824,651.5931372549021,125.85784313725468,140.1960784313724,0,0,0,0,0,0,0,0,1,0,1,0,1,0
4591b6b9-243.jpg,1816.1764705882351,463.6029411764706,100.36764705882376,184.8039215686274,1816.1764705882351,463.6029411764706,100.36764705882376,184.8039215686274,0,0,0,0,0,0,0,0,1,0,1,0,1,0
fa238421-97.jpg,84.15672913117545,507.1550255536628,183.81601362862008,201.5332197614991,84.15672913117545,507.1550255536628,183.81601362862008,201.5332197614991,1,1,1,0,0,0,0,0,1,0,1,0,1,0
fa238421-97.jpg,62.01022146507664,662.1805792163544,157.24020442930154,148.38160136286209,62.01022146507664,662.1805792163544,157.24020442930154,148.38160136286209,0,0,0,0,0,0,0,0,1,0,1,0,1,0
fa238421-97.jpg,221.46507666098813,389.7785349233387,316.69477932040854,356.55877342419063,221.46507666098813,389.7785349233387,316.69477932040854,356.55877342419063,1,1,1,0,0,0,0,0,1,0,1,0,1,0
fa238421-97.jpg,531.5161839863714,407.49574105621815,336.6269165247019,343.2708688245315,531.5161839863714,407.49574105621815,336.6269165247019,343.2708688245315,1,1,1,0,0,0,0,0,1,0,1,0,1,0
fa238421-97.jpg,859.2844974446339,436.2862010221464,281.2606473594549,296.76320272572406,859.2844974446339,436.2862010221464,281.2606473594549,296.76320272572406,0,0,0,0,0,0,0,0,1,0,1,0,1,0
fa238421-97.jpg,230.3236797274276,702.0442930153321,159.4548551959114,132.87904599659296,230.3236797274276,702.0442930153321,159.4548551959114,132.87904599659296,1,1,1,0,0,0,0,0,1,0,1,0,1,0
fa238421-97.jpg,438.5008517887563,651.107325383305,152.81090289608173,183.8160136286202,438.5008517887563,651.107325383305,152.81090289608173,183.8160136286202,1,1,1,0,0,0,0,0,1,0,1,0,1,0
fa238421-97.jpg,595.741056218058,744.1226575809198,177.1720613287903,110.73253833049398,595.741056218058,744.1226575809198,177.1720613287903,110.73253833049398,0,0,0,0,0,0,0,0,1,0,1,0,1,0
fa238421-97.jpg,772.9131175468483,666.609880749574,221.46507666098813,190.4599659284497,772.9131175468483,666.609880749574,221.46507666098813,190.4599659284497,1,1,1,0,0,0,0,0,1,0,1,0,1,0
fa238421-97.jpg,1001.022146507666,633.3901192504259,234.75298126064715,250.25553662691647,1001.022146507666,633.3901192504259,234.75298126064715,250.25553662691647,0,0,0,0,0,0,0,0,1,0,1,0,1,0
fa238421-97.jpg,1136.115843270869,425.21294718909706,230.32367972742747,261.32879045996594,1136.115843270869,425.21294718909706,230.32367972742747,261.32879045996594,1,1,1,0,0,0,0,0,1,0,1,0,1,0
fa238421-97.jpg,1222.487223168654,686.541737649063,239.1822827938671,205.96252129471893,1222.487223168654,686.541737649063,239.1822827938671,205.96252129471893,1,1,1,0,0,0,0,0,1,0,1,0,1,0
fa238421-97.jpg,1368.654173764906,407.4956816449448,194.8892674616696,168.31351767362406,1368.654173764906,407.4956816449448,194.8892674616696,168.31351767362406,5,3,1,0,1,0,1,0,1,0,1,0,1,0
fa238421-97.jpg,1386.3713798977851,467.2913117546848,347.7001703577514,172.7427597955706,1386.3713798977851,467.2913117546848,347.7001703577514,172.7427597955706,4,2,1,0,1,0,0,0,1,0,1,0,1,0
fa238421-97.jpg,1373.0834752981257,620.1022146507665,232.5383304940373,152.81095240547603,1373.0834752981257,620.1022146507665,232.5383304940373,152.81095240547603,1,1,1,0,0,0,0,0,1,0,1,0,1,0
fa238421-97.jpg,1601.1925042589437,580.2385008517888,243.6115843270869,132.8790459965928,1601.1925042589437,580.2385008517888,243.6115843270869,132.8790459965928,0,0,0,0,0,0,0,0,1,0,1,0,1,0
fa238421-97.jpg,1731.8568994889267,394.2078364565588,174.95741056218037,192.67461669505963,1731.8568994889267,394.2078364565588,174.95741056218037,192.67461669505963,0,0,0,0,0,0,0,0,1,0,1,0,1,0
8c477306-142.jpg,301.33305605252235,760.7799317810347,269.8186188339279,250.6264249438769,301.33305605252235,760.7799317810347,269.8186188339279,250.6264249438769,2,1,1,0,0,0,0,0,1,0,1,0,1,0
8c477306-142.jpg,414.22792233149954,630.9509278686659,231.4343113220488,189.6632404980691,414.22792233149954,630.9509278686659,231.4343113220488,189.6632404980691,0,0,0,0,0,0,0,0,1,0,1,0,1,0
8c477306-142.jpg,388.2619788499649,467.2534881530708,243.85288048229395,199.8237712390372,388.2619788499649,467.2534881530708,243.85288048229395,199.8237712390372,0,0,0,0,0,0,0,0,1,0,1,0,1,0
8c477306-142.jpg,467.28847175655454,306.942892017798,203.21061481935985,209.9843019800051,467.28847175655454,306.942892017798,203.21061481935985,209.9843019800051,1,1,1,0,0,0,0,0,1,0,1,0,1,0
8c477306-142.jpg,605.0201106896762,214.3694485136392,197.565875518822,171.59979371168782,605.0201106896762,214.3694485136392,197.565875518822,171.59979371168782,0,0,0,0,0,0,0,0,1,0,1,0,1,0
8c477306-142.jpg,743.8806439707577,103.73227719843815,228.0475212538745,194.1790319384994,743.8806439707577,103.73227719843815,228.0475212538745,194.1790319384994,0,0,0,0,0,0,0,0,1,0,1,0,1,0
8c477306-142.jpg,969.6702695044168,145.50292648542666,232.56320567000773,180.6320791541999,969.6702695044168,145.50292648542666,232.56320567000773,180.6320791541999,0,0,0,0,0,0,0,0,1,0,1,0,1,0
8c477306-142.jpg,1162.7203535828082,217.7557534633624,198.69480554154703,165.9555930417495,1162.7203535828082,217.7557534633624,198.69480554154703,165.9555930417495,0,0,0,0,0,0,0,0,1,0,1,0,1,0
8c477306-142.jpg,1305.6970660338552,251.6243297789192,206.59748515575583,212.2423147938292,1305.6970660338552,251.6243297789192,206.59748515575583,212.2423147938292,1,1,1,0,0,0,0,0,1,0,1,0,1,0
8c477306-142.jpg,1320.3734684834744,461.6086317589243,243.8526575150112,199.82388833264616,1320.3734684834744,461.6086317589243,243.8526575150112,199.82388833264616,1,1,1,0,0,0,0,0,1,0,1,0,1,0
8c477306-142.jpg,1361.0155111791255,626.4351832656791,235.950165193318,177.2447671994427,1361.0155111791255,626.4351832656791,235.950165193318,177.2447671994427,1,1,1,0,0,0,0,0,1,0,1,0,1,0
8c477306-142.jpg,1380.2076248009537,755.1351924804969,269.81863667131,248.36852922366177,1380.2076248009537,755.1351924804969,269.81863667131,248.36852922366177,2,1,1,0,0,0,0,0,1,0,1,0,1,0
8c477306-142.jpg,1389.239207681813,942.5408417017334,281.1080171667813,193.0497796350104,1389.239207681813,942.5408417017334,281.1080171667813,193.0497796350104,3,2,1,0,1,0,0,0,1,0,1,0,1,0
8c477306-142.jpg,296.4176790977005,1109.2078116418234,37.25527938354933,46.28686226440979,296.4176790977005,1109.2078116418234,37.25527938354933,46.28686226440979,0,0,0,0,0,0,0,0,1,0,1,0,1,0
8c477306-142.jpg,335.93085420146497,1049.3735750561232,94.83162024903456,151.27901325441206,335.93085420146497,1049.3735750561232,94.83162024903456,151.27901325441206,0,0,0,0,0,0,0,0,1,0,1,0,1,0
8c477306-142.jpg,400.2808822275956,1029.0525135741868,146.76322181398214,202.08166695925223,400.2808822275956,1029.0525135741868,146.76322181398214,202.08166695925223,0,0,0,0,0,0,0,0,1,0,1,0,1,0
8c477306-142.jpg,540.2704168809324,1059.534105797091,165.9552997610449,196.4369276587144,540.2704168809324,1059.534105797091,165.9552997610449,196.4369276587144,0,0,0,0,0,0,0,0,1,0,1,0,1,0
8c477306-142.jpg,670.0994207933009,1106.9496114782262,238.20799848269405,125.31351691532144,670.0994207933009,1106.9496114782262,238.20799848269405,125.31351691532144,0,0,0,0,0,0,0,0,1,0,1,0,1,0
8c477306-142.jpg,908.3073746825384,1103.5632362723377,241.59488665647285,158.0525364840057,908.3073746825384,1103.5632362723377,241.59488665647285,158.0525364840057,0,0,0,0,0,0,0,0,1,0,1,0,1,0
8c477306-142.jpg,1143.1285741783663,1160.0103716717765,173.85797045656332,114.02382754575066,1143.1285741783663,1160.0103716717765,173.85797045656332,114.02382754575066,0,0,0,0,0,0,0,0,1,0,1,0,1,0
8c477306-142.jpg,1311.341805334392,1184.8473182690295,86.9289852282813,76.76845448731382,1311.341805334392,1184.8473182690295,86.9289852282813,76.76845448731382,0,0,0,0,0,0,0,0,1,0,1,0,1,0
8c477306-142.jpg,1350.854980438139,1158.654761345389,161.984655538914,49.76446109899398,1350.854980438139,1158.654761345389,161.984655538914,49.76446109899398,0,0,0,0,0,0,0,0,1,0,1,0,1,0
8c477306-142.jpg,1513.1431859012823,1172.5476729158572,50.032938318154834,24.75313790477132,1513.1431859012823,1172.5476729158572,50.032938318154834,24.75313790477132,0,0,0,0,0,0,0,0,1,0,1,0,1,0
5c2f8957-162.jpg,422.2930767218488,526.5924445166576,97.93207632072694,149.37114671141185,422.2930767218488,526.5924445166576,97.93207632072694,149.37114671141185,1,1,1,0,0,0,0,0,1,0,1,0,1,0
5c2f8957-162.jpg,441.08810206109496,665.0822494146555,76.16941230509538,82.10467004667007,441.08810206109496,665.0822494146555,76.16941230509538,82.10467004667007,0,0,0,0,0,0,0,0,1,0,1,0,1,0
5c2f8957-162.jpg,490.5487662787192,672.9959525516838,83.09388293879863,116.72712127116966,490.5487662787192,672.9959525516838,83.09388293879863,116.72712127116966,0,0,0,0,0,0,0,0,1,0,1,0,1,0
5c2f8957-162.jpg,475.7105728967907,502.8513351055722,83.0938829387987,166.1877658775974,475.7105728967907,502.8513351055722,83.0938829387987,166.1877658775974,1,1,1,0,0,0,0,0,1,0,1,0,1,0
5c2f8957-162.jpg,528.1388561796042,438.55249711721615,147.3927209271548,233.4542425423392,528.1388561796042,438.55249711721615,147.3927209271548,233.4542425423392,1,1,1,0,0,0,0,0,1,0,1,0,1,0
5c2f8957-162.jpg,558.8044558355895,644.3087786799558,90.01837318369873,159.26327563269737,558.8044558355895,644.3087786799558,90.01837318369873,159.26327563269737,1,1,1,0,0,0,0,0,1,0,1,0,1,0
5c2f8957-162.jpg,667.617873969731,426.6819424116733,158.2740186153769,246.31401014001017,667.617873969731,426.6819424116733,158.2740186153769,246.31401014001017,1,1,1,0,0,0,0,0,1,0,1,0,1,0
5c2f8957-162.jpg,638.9306755840073,631.4490110822845,146.4035325490221,200.81021710209663,638.9306755840073,631.4490110822845,146.4035325490221,200.81021710209663,1,1,1,0,0,0,0,0,1,0,1,0,1,0
5c2f8957-162.jpg,825.8919367102993,453.72386433275057,203.7778557784828,229.16421714021897,825.8919367102993,453.72386433275057,203.7778557784828,229.16421714021897,0,0,0,0,0,0,0,0,1,0,1,0,1,0
5c2f8957-162.jpg,793.2479112700573,658.1577591697554,118.7055470554266,112.77026970265536,793.2479112700573,658.1577591697554,118.7055470554266,112.77026970265536,0,0,0,0,0,0,0,0,1,0,1,0,1,0
5c2f8957-162.jpg,903.050542296327,667.0606751989126,135.5221662216121,120.68397283968368,903.050542296327,667.0606751989126,135.5221662216121,120.68397283968368,0,0,0,0,0,0,0,0,1,0,1,0,1,0
5c2f8957-162.jpg,1029.6697924887822,469.1660040038303,202.78864288635395,220.64656771403915,1029.6697924887822,469.1660040038303,202.78864288635395,220.64656771403915,0,0,0,0,0,0,0,0,1,0,1,0,1,0
5c2f8957-162.jpg,1036.594282733682,682.8880814729694,118.70554705542688,84.0830958309272,1036.594282733682,682.8880814729694,118.70554705542688,84.0830958309272,0,0,0,0,0,0,0,0,1,0,1,0,1,0
5c2f8957-162.jpg,1164.2027458182667,650.2440560327271,114.74873961210288,112.77037861910009,1164.2027458182667,650.2440560327271,114.74873961210288,112.77037861910009,0,0,0,0,0,0,0,0,1,0,1,0,1,0
5c2f8957-162.jpg,1230.4800095908786,458.2325694210452,152.33878538779757,210.80653156212412,1230.4800095908786,458.2325694210452,152.33878538779757,210.80653156212412,0,0,0,0,0,0,0,0,1,0,1,0,1,0
5c2f8957-162.jpg,1281.9190799815638,623.535307945256,133.54374043735532,202.78864288635395,1281.9190799815638,623.535307945256,133.54374043735532,202.78864288635395,1,1,1,0,0,0,0,0,1,0,1,0,1,0
5c2f8957-162.jpg,1389.743285223576,439.5417100093447,118.70554705542702,201.7994299942254,1389.743285223576,439.5417100093447,118.70554705542702,201.7994299942254,1,1,1,0,0,0,0,0,1,0,1,0,1,0
5c2f8957-162.jpg,1399.635414144862,505.8189737819579,148.38193381928363,161.24170141695458,1399.635414144862,505.8189737819579,148.38193381928363,161.24170141695458,1,1,1,0,0,0,0,0,1,0,1,0,1,0
5c2f8957-162.jpg,1535.157580366474,514.7218898111148,61.331199311970295,144.42508225076924,1535.157580366474,514.7218898111148,61.331199311970295,144.42508225076924,1,1,1,0,0,0,0,0,1,0,1,0,1,0
5c2f8957-162.jpg,1410.5167363470814,666.0714759213399,146.40360118820954,182.01530829720969,1410.5167363470814,666.0714759213399,146.40360118820954,182.01530829720969,0,0,0,0,0,0,0,0,1,0,1,0,1,0
6c17749f-186.jpg,648.7481186962208,451.8907736382785,174.13417026725796,152.06082474042265,648.7481186962208,451.8907736382785,174.13417026725796,152.06082474042265,0,0,0,0,0,0,0,0,1,0,1,0,1,0
6c17749f-186.jpg,626.6747731693848,567.1626891673083,58.04476394142031,192.93739053085844,626.6747731693848,567.1626891673083,58.04476394142031,192.93739053085844,0,0,0,0,0,0,0,0,1,0,1,0,1,0
6c17749f-186.jpg,686.3545592234207,574.5204710095867,117.724610773959,188.03220263600616,686.3545592234207,574.5204710095867,117.724610773959,188.03220263600616,1,1,1,0,0,0,0,0,1,0,1,0,1,0
6c17749f-186.jpg,804.0790686998782,454.3433675857048,174.95170158306664,222.3685178999726,804.0790686998782,454.3433675857048,174.95170158306664,222.3685178999726,2,1,1,0,0,0,0,0,1,0,1,0,1,0
6c17749f-186.jpg,963.4976752825784,411.8317391636506,177.40424690769305,299.2164615859924,963.4976752825784,411.8317391636506,177.40424690769305,299.2164615859924,2,1,1,0,0,0,0,0,1,0,1,0,1,0
6c17749f-186.jpg,787.7284423837036,588.4185033783351,66.22006899570732,145.52057421395253,787.7284423837036,588.4185033783351,66.22006899570732,145.52057421395253,1,1,1,0,0,0,0,0,1,0,1,0,1,0
03fde12b-182.jpg,125.85784313725492,535.2941176470588,60.53921568627454,213.4803921568628,125.85784313725492,535.2941176470588,60.53921568627454,213.4803921568628,0,0,0,0,0,0,0,0,1,0,1,0,1,0
03fde12b-182.jpg,186.39705882352945,532.1078431372548,50.98039215686271,231.0049019607844,186.39705882352945,532.1078431372548,50.98039215686271,231.0049019607844,0,0,0,0,0,0,0,0,1,0,1,0,1,0
03fde12b-182.jpg,219.8529411764706,517.7696078431372,191.17647058823533,278.7990196078432,219.8529411764706,517.7696078431372,191.17647058823533,278.7990196078432,0,0,0,0,0,0,0,0,1,0,1,0,1,0
03fde12b-182.jpg,411.0294117647059,497.05882352941165,258.0882352941177,294.73039215686265,411.0294117647059,497.05882352941165,258.0882352941177,294.73039215686265,0,0,0,0,0,0,0,0,1,0,1,0,1,0
03fde12b-182.jpg,657.96568627451,568.75,207.10784313725492,213.4803921568628,657.96568627451,568.75,207.10784313725492,213.4803921568628,0,0,0,0,0,0,0,0,1,0,1,0,1,0
03fde12b-182.jpg,855.5147058823532,463.6029411764707,248.529411764706,262.8676470588235,855.5147058823532,463.6029411764707,248.529411764706,262.8676470588235,0,0,0,0,0,0,0,0,1,0,1,0,1,0
03fde12b-182.jpg,1093.8859510602117,476.9619934912117,186.3971400043889,230.54383105806,1093.8859510602117,476.9619934912117,186.3971400043889,230.54383105806,1,1,1,0,0,0,0,0,1,0,1,0,1,0
03fde12b-182.jpg,1248.3993697480605,552.9924058614231,137.34526105586554,143.06798026652666,1248.3993697480605,552.9924058614231,137.34526105586554,143.06798026652666,0,0,0,0,0,0,0,0,1,0,1,0,1,0
03fde12b-182.jpg,1363.6712852770902,517.8385592816478,206.83542289960684,146.33810552976144,1363.6712852770902,517.8385592816478,206.83542289960684,146.33810552976144,1,1,1,0,0,0,0,0,1,0,1,0,1,0
03fde12b-182.jpg,1279.4654503474908,627.3877556000159,232.99653440678745,148.79069947718742,1279.4654503474908,627.3877556000159,232.99653440678745,148.79069947718742,3,2,1,0,1,0,0,0,1,0,1,0,1,0
03fde12b-182.jpg,231.3904128820084,773.7258611297781,49.0518789485234,62.13238000146311,231.3904128820084,773.7258611297781,49.0518789485234,62.13238000146311,0,0,0,0,0,0,0,0,1,0,1,0,1,0
03fde12b-182.jpg,280.44229183053176,790.8940187617615,69.49016184374145,83.38819421248971,280.44229183053176,790.8940187617615,69.49016184374145,83.38819421248971,0,0,0,0,0,0,0,0,1,0,1,0,1,0
03fde12b-182.jpg,375.2759244643436,770.4557358665434,110.36672763417762,101.37388316028152,375.2759244643436,770.4557358665434,110.36672763417762,101.37388316028152,0,0,0,0,0,0,0,0,1,0,1,0,1,0
03fde12b-182.jpg,542.0523128893233,749.1999216555166,114.45438421322145,114.45438421322116,542.0523128893233,749.1999216555166,114.45438421322145,114.45438421322116,0,0,0,0,0,0,0,0,1,0,1,0,1,0
03fde12b-182.jpg,696.5657315771707,698.5129800753753,174.9517015830667,183.1271497615405,696.5657315771707,698.5129800753753,174.9517015830667,183.1271497615405,0,0,0,0,0,0,0,0,1,0,1,0,1,0
03fde12b-182.jpg,871.5174331602374,672.3519779694965,220.73345526835527,176.58695549356443,871.5174331602374,672.3519779694965,220.73345526835527,176.58695549356443,0,0,0,0,0,0,0,0,1,0,1,0,1,0
03fde12b-182.jpg,1094.7034823760202,675.6221032327312,191.30232789924136,129.1699478977784,1094.7034823760202,675.6221032327312,191.30232789924136,129.1699478977784,0,0,0,0,0,0,0,0,1,0,1,0,1,0
03fde12b-182.jpg,1568.3434652529938,449.9834600695237,127.5348852661608,139.7978550032917,1568.3434652529938,449.9834600695237,127.5348852661608,139.7978550032917,2,1,1,0,0,0,0,0,1,0,1,0,1,0
03fde12b-182.jpg,1512.7513357779976,579.1534079673022,178.22182684630135,106.27928483741178,1512.7513357779976,579.1534079673022,178.22182684630135,106.27928483741178,2,1,1,0,0,0,0,0,1,0,1,0,1,0
f07e5340-266.jpg,141.78921568627453,89.21568627450984,321.81372549019613,234.19117647058823,141.78921568627453,89.21568627450984,321.81372549019613,234.19117647058823,0,0,0,0,0,0,0,0,1,0,1,0,1,0
f07e5340-266.jpg,180.02450980392166,313.8480392156864,331.37265166769805,296.3235294117647,180.02450980392166,313.8480392156864,331.37265166769805,296.3235294117647,2,1,1,0,0,0,0,0,1,0,1,0,1,0
f07e5340-266.jpg,281.9852941176474,554.4117647058823,280.39224371882113,223.0392156862745,281.9852941176474,554.4117647058823,280.39224371882113,223.0392156862745,1,1,1,0,0,0,0,0,1,0,1,0,1,0
f07e5340-266.jpg,339.3382352941177,705.7598039215686,254.9019607843138,218.2598039215688,339.3382352941177,705.7598039215686,254.9019607843138,218.2598039215688,1,1,1,0,0,0,0,0,1,0,1,0,1,0
f07e5340-266.jpg,471.5686274509801,852.3284313725494,176.83823529411748,164.09340037143684,471.5686274509801,852.3284313725494,176.83823529411748,164.09340037143684,1,1,1,0,0,0,0,0,1,0,1,0,1,0
f07e5340-266.jpg,638.8480392156863,895.343137254902,175.24509803921575,148.16176470588246,638.8480392156863,895.343137254902,175.24509803921575,148.16176470588246,1,1,1,0,0,0,0,0,1,0,1,0,1,0
f07e5340-266.jpg,777.4509803921571,928.7990196078432,160.90686274509792,127.45098039215677,777.4509803921571,928.7990196078432,160.90686274509792,127.45098039215677,0,0,0,0,0,0,0,0,1,0,1,0,1,0
f07e5340-266.jpg,944.7303921568626,931.985294117647,173.65196078431367,116.29901960784323,944.7303921568626,931.985294117647,173.65196078431367,116.29901960784323,0,0,0,0,0,0,0,0,1,0,1,0,1,0
f07e5340-266.jpg,1115.1960784313726,895.343137254902,178.4313725490196,148.16176470588246,1115.1960784313726,895.343137254902,178.4313725490196,148.16176470588246,0,0,0,0,0,0,0,0,1,0,1,0,1,0
f07e5340-266.jpg,1277.6960784313726,855.514705882353,172.05882352941188,184.8039215686275,1277.6960784313726,855.514705882353,172.05882352941188,184.8039215686275,1,1,1,0,0,0,0,0,1,0,1,0,1,0
f07e5340-266.jpg,1368.5049019607848,721.6911764705882,248.5294117647058,250.1225490196078,1368.5049019607848,721.6911764705882,248.5294117647058,250.1225490196078,1,1,1,0,0,0,0,0,1,0,1,0,1,0
f07e5340-266.jpg,1400.367615474796,565.5637254901961,274.0196394271645,219.8529411764705,1400.367615474796,565.5637254901961,274.0196394271645,219.8529411764705,0,0,0,0,0,0,0,0,1,0,1,0,1,0
f07e5340-266.jpg,1470.465670482496,323.406862745098,336.15197657632785,313.84803921568613,1470.465670482496,323.406862745098,336.15197657632785,313.84803921568613,2,1,1,0,0,0,0,0,1,0,1,0,1,0
f07e5340-266.jpg,1577.2058428729065,79.65686274509804,299.5098434016035,281.9852941176471,1577.2058428729065,79.65686274509804,299.5098434016035,281.9852941176471,1,1,1,0,0,0,0,0,1,0,1,0,1,0
f0daeb4d-28.jpg,27.083333333333343,360.04901960784315,127.45098039215684,313.8480392156863,27.083333333333343,360.04901960784315,127.45098039215684,313.8480392156863,3,2,1,0,1,0,0,0,1,0,1,0,1,0
f0daeb4d-28.jpg,152.94117647058823,458.82352941176464,143.38235294117655,259.6813725490196,152.94117647058823,458.82352941176464,143.38235294117655,259.6813725490196,3,2,1,0,1,0,0,0,1,0,1,0,1,0
f0daeb4d-28.jpg,119.48529411764709,672.3039215686275,52.573529411764696,100.36764705882352,119.48529411764709,672.3039215686275,52.573529411764696,100.36764705882352,0,0,0,0,0,0,0,0,1,0,1,0,1,0
f0daeb4d-28.jpg,159.3137254901961,715.3186274509803,122.671568627451,164.093137254902,159.3137254901961,715.3186274509803,122.671568627451,164.093137254902,2,1,1,0,0,0,0,0,1,0,1,0,1,0
f0daeb4d-28.jpg,275.6127450980392,428.55392156862746,280.3921568627451,374.3872549019608,275.6127450980392,428.55392156862746,280.3921568627451,374.3872549019608,3,2,1,0,1,0,0,0,1,0,1,0,1,0
f0daeb4d-28.jpg,294.73039215686254,783.8235294117646,114.70588235294116,129.04429305808253,294.73039215686254,783.8235294117646,114.70588235294116,129.04429305808253,2,1,1,0,0,0,0,0,1,0,1,0,1,0
f0daeb4d-28.jpg,436.5196078431374,772.6715686274509,172.05882352941182,137.00980392156853,436.5196078431374,772.6715686274509,172.05882352941182,137.00980392156853,1,1,1,0,0,0,0,0,1,0,1,0,1,0
f0daeb4d-28.jpg,632.4754901960787,802.9411764705883,143.38235294117646,130.6374303129845,632.4754901960787,802.9411764705883,143.38235294117646,130.6374303129845,1,1,1,0,0,0,0,0,1,0,1,0,1,0
f0daeb4d-28.jpg,559.1911764705883,439.7058823529412,323.40686274509807,377.57352941176464,559.1911764705883,439.7058823529412,323.40686274509807,377.57352941176464,3,2,1,0,1,0,0,0,1,0,1,0,1,0
f0daeb4d-28.jpg,884.1911764705881,436.5196078431373,294.7303921568627,312.25490196078425,884.1911764705881,436.5196078431373,294.7303921568627,312.25490196078425,3,2,1,0,1,0,0,0,1,0,1,0,1,0
f0daeb4d-28.jpg,1048.28431372549,634.06862745098,259.681487827351,353.67647058823485,1048.28431372549,634.06862745098,259.681487827351,353.67647058823485,3,2,1,0,1,0,0,0,1,0,1,0,1,0
f0daeb4d-28.jpg,822.058708251081,689.8284313725486,218.2599191999004,258.0884326315193,822.058708251081,689.8284313725486,218.2599191999004,258.0884326315193,1,1,1,0,0,0,0,0,1,0,1,0,1,0
f0daeb4d-28.jpg,1288.8480392156869,675.4901960784316,253.3087292107768,253.30882352941177,1288.8480392156869,675.4901960784316,253.3087292107768,253.30882352941177,3,2,1,0,1,0,0,0,1,0,1,0,1,0
f0daeb4d-28.jpg,1430.6372549019611,481.12745098039215,250.12254901960773,238.9705882352941,1430.6372549019611,481.12745098039215,250.12254901960773,238.9705882352941,2,1,1,0,0,0,0,0,1,0,1,0,1,0
f0daeb4d-28.jpg,1653.6764705882351,528.9215686274509,245.343137254902,186.39705882352948,1653.6764705882351,528.9215686274509,245.343137254902,186.39705882352948,1,1,1,0,0,0,0,0,1,0,1,0,1,0
f0daeb4d-28.jpg,1905.3921568627447,536.8872549019608,86.0294117647058,151.34803921568636,1905.3921568627447,536.8872549019608,86.0294117647058,151.34803921568636,0,0,0,0,0,0,0,0,1,0,1,0,1,0
f0daeb4d-28.jpg,1833.700980392157,688.2352941176472,154.53431372549005,111.51960784313724,1833.700980392157,688.2352941176472,154.53431372549005,111.51960784313724,3,2,1,0,1,0,0,0,1,0,1,0,1,0
f0daeb4d-28.jpg,1550.122465180822,675.4901960784312,269.24027991721795,167.27941176470569,1550.122465180822,675.4901960784312,269.24027991721795,167.27941176470569,1,1,1,0,0,0,0,0,1,0,1,0,1,0
f0daeb4d-28.jpg,1215.563725490196,525.7352941176472,232.59803921568604,172.05882352941163,1215.563725490196,525.7352941176472,232.59803921568604,172.05882352941163,0,0,0,0,0,0,0,0,1,0,1,0,1,0
93742b4a-197.jpg,238.97058823529417,426.9607843137255,140.19607843137254,144.9754901960784,238.97058823529417,426.9607843137255,140.19607843137254,144.9754901960784,1,1,1,0,0,0,0,0,1,0,1,0,1,0
93742b4a-197.jpg,258.0882352941177,568.75,187.99019607843127,146.56862745098047,258.0882352941177,568.75,187.99019607843127,146.56862745098047,1,1,1,0,0,0,0,0,1,0,1,0,1,0
93742b4a-197.jpg,364.828431372549,457.23039215686265,227.81862745098053,175.24509803921563,364.828431372549,457.23039215686265,227.81862745098053,175.24509803921563,1,1,1,0,0,0,0,0,1,0,1,0,1,0
93742b4a-197.jpg,431.7401960784315,619.730392156863,246.93627450980395,154.53459876840313,431.7401960784315,619.730392156863,246.93627450980395,154.53459876840313,3,2,1,0,1,0,0,0,1,0,1,0,1,0
93742b4a-197.jpg,581.4950980392158,525.7352941176472,159.313725490196,151.34803921568627,581.4950980392158,525.7352941176472,159.313725490196,151.34803921568627,0,0,0,0,0,0,0,0,1,0,1,0,1,0
93742b4a-197.jpg,734.4362745098039,465.1960784313725,205.5147058823529,215.07352941176472,734.4362745098039,465.1960784313725,205.5147058823529,215.07352941176472,0,0,0,0,0,0,0,0,1,0,1,0,1,0
93742b4a-197.jpg,659.5588235294119,673.8970588235296,152.94117647058826,125.85784313725487,659.5588235294119,673.8970588235296,152.94117647058826,125.85784313725487,0,0,0,0,0,0,0,0,1,0,1,0,1,0
93742b4a-197.jpg,793.3823529411766,622.9166666666666,223.0392156862746,223.0392156862745,793.3823529411766,622.9166666666666,223.0392156862746,223.0392156862745,0,0,0,0,0,0,0,0,1,0,1,0,1,0
93742b4a-197.jpg,909.6813725490196,442.8921568627452,245.34313725490208,254.90196078431364,909.6813725490196,442.8921568627452,245.34313725490208,254.90196078431364,0,0,0,0,0,0,0,0,1,0,1,0,1,0
93742b4a-197.jpg,1000.4901960784316,622.9166666666667,229.41176470588212,226.2254901960783,1000.4901960784316,622.9166666666667,229.41176470588212,226.2254901960783,0,0,0,0,0,0,0,0,1,0,1,0,1,0
93742b4a-197.jpg,1158.2107843137258,465.1960784313726,221.44607843137263,231.0049019607844,1158.2107843137258,465.1960784313726,221.44607843137263,231.0049019607844,1,1,1,0,0,0,0,0,1,0,1,0,1,0
93742b4a-197.jpg,1239.4607843137255,673.8970588235294,109.9264705882355,84.4362745098039,1239.4607843137255,673.8970588235294,109.9264705882355,84.4362745098039,0,0,0,0,0,0,0,0,1,0,1,0,1,0
93742b4a-197.jpg,1384.4362745098038,449.2647058823529,248.52941176470608,286.764705882353,1384.4362745098038,449.2647058823529,248.52941176470608,286.764705882353,0,0,0,0,0,0,0,0,1,0,1,0,1,0
93742b4a-197.jpg,1615.4411764705883,439.7058823529412,234.1911764705884,267.6470588235293,1615.4411764705883,439.7058823529412,234.1911764705884,267.6470588235293,0,0,0,0,0,0,0,0,1,0,1,0,1,0
93742b4a-197.jpg,1827.3284313725487,466.7892156862745,98.77450980392156,194.3627450980392,1827.3284313725487,466.7892156862745,98.77450980392156,194.3627450980392,0,0,0,0,0,0,0,0,1,0,1,0,1,0
93742b4a-197.jpg,1897.426470588236,476.34803921568624,89.21568627450966,210.29411764705887,1897.426470588236,476.34803921568624,89.21568627450966,210.29411764705887,0,0,0,0,0,0,0,0,1,0,1,0,1,0
93742b4a-197.jpg,1828.921568627451,677.0833333333333,58.946078431372655,127.45098039215688,1828.921568627451,677.0833333333333,58.946078431372655,127.45098039215688,0,0,0,0,0,0,0,0,1,0,1,0,1,0
787a9884-160.jpg,156.12745098039218,949.5098039215684,337.74509803921575,321.8137254901962,156.12745098039218,949.5098039215684,337.74509803921575,321.8137254901962,2,1,1,0,0,0,0,0,1,0,1,0,1,0
787a9884-160.jpg,203.92156862745097,748.7745098039215,302.69607843137265,211.8872549019609,203.92156862745097,748.7745098039215,302.69607843137265,211.8872549019609,1,1,1,0,0,0,0,0,1,0,1,0,1,0
787a9884-160.jpg,301.1029411764706,557.5980392156862,267.64705882352945,216.66666666666663,301.1029411764706,557.5980392156862,267.64705882352945,216.66666666666663,1,1,1,0,0,0,0,0,1,0,1,0,1,0
787a9884-160.jpg,401.4705882352943,342.52450980392155,219.85294117647064,235.7843137254902,401.4705882352943,342.52450980392155,219.85294117647064,235.7843137254902,1,1,1,0,0,0,0,0,1,0,1,0,1,0
787a9884-160.jpg,575.122549019608,224.6323529411765,218.25980392156865,235.7843137254903,575.122549019608,224.6323529411765,218.25980392156865,235.7843137254903,1,1,1,0,0,0,0,0,1,0,1,0,1,0
787a9884-160.jpg,774.2647058823532,151.3480392156863,237.37745098039213,251.71568627450984,774.2647058823532,151.3480392156863,237.37745098039213,251.71568627450984,1,1,1,0,0,0,0,0,1,0,1,0,1,0
787a9884-160.jpg,1027.5735294117649,167.2794117647059,258.08823529411785,246.93627450980387,1027.5735294117649,167.2794117647059,258.08823529411785,246.93627450980387,1,1,1,0,0,0,0,0,1,0,1,0,1,0
787a9884-160.jpg,1242.6470588235293,251.71537930521856,216.66654822656292,232.59834618497743,1242.6470588235293,251.71537930521856,216.66654822656292,232.59834618497743,1,1,1,0,0,0,0,0,1,0,1,0,1,0
787a9884-160.jpg,1389.2156862745092,383.94585916759337,221.44601526331653,235.7845329892696,1389.2156862745092,383.94585916759337,221.44601526331653,235.7845329892696,1,1,1,0,0,0,0,0,1,0,1,0,1,0
787a9884-160.jpg,1441.789215686275,605.3921568627452,264.4607843137257,219.85294117647047,1441.789215686275,605.3921568627452,264.4607843137257,219.85294117647047,1,1,1,0,0,0,0,0,1,0,1,0,1,0
787a9884-160.jpg,1491.1764705882356,809.3137254901957,281.985238845598,199.14215686274505,1491.1764705882356,809.3137254901957,281.985238845598,199.14215686274505,1,1,1,0,0,0,0,0,1,0,1,0,1,0
787a9884-160.jpg,1511.887254901961,989.3382352941176,318.6274509803925,301.1029411764707,1511.887254901961,989.3382352941176,318.6274509803925,301.1029411764707,2,1,1,0,0,0,0,0,1,0,1,0,1,0
381372b6-181.jpg,406.930109241468,593.2029638102108,172.1230432303688,117.716334163298,406.930109241468,593.2029638102108,172.1230432303688,117.716334163298,3,2,1,0,1,0,0,0,1,0,1,0,1,0
381372b6-181.jpg,390.1134900752826,453.7239460200843,118.70554705542672,152.33878538779757,390.1134900752826,453.7239460200843,118.70554705542672,152.33878538779757,1,1,1,0,0,0,0,0,1,0,1,0,1,0
381372b6-181.jpg,496.9484824251666,517.033571116312,187.95044950442565,147.39272092715476,496.9484824251666,517.033571116312,187.95044950442565,147.39272092715476,1,1,1,0,0,0,0,0,1,0,1,0,1,0
381372b6-181.jpg,549.3767657079799,657.5018017985678,267.08748087471,124.64112392842004,549.3767657079799,657.5018017985678,267.08748087471,124.64112392842004,3,2,1,0,1,0,0,0,1,0,1,0,1,0
381372b6-181.jpg,675.9960159004357,563.5265770463541,152.3388442213858,145.41429514289766,675.9960159004357,563.5265770463541,152.3388442213858,145.41429514289766,0,0,0,0,0,0,0,0,1,0,1,0,1,0
381372b6-181.jpg,807.5613305535335,556.6018961976757,177.06910769101148,169.1555951577618,807.5613305535335,556.6018961976757,177.06910769101148,169.1555951577618,0,0,0,0,0,0,0,0,1,0,1,0,1,0
381372b6-181.jpg,782.8310082503192,689.1566143466805,184.98281082804,132.55452754522642,782.8310082503192,689.1566143466805,184.98281082804,132.55452754522642,0,0,0,0,0,0,0,0,1,0,1,0,1,0
381372b6-181.jpg,972.759883539002,526.9257000375974,208.7239202391254,215.6484104840252,972.759883539002,526.9257000375974,208.7239202391254,215.6484104840252,0,0,0,0,0,0,0,0,1,0,1,0,1,0
381372b6-181.jpg,953.96483858856,672.339995180496,200.8102171020965,197.8428098731557,953.96483858856,672.339995180496,200.8102171020965,197.8428098731557,0,0,0,0,0,0,0,0,1,0,1,0,1,0
381372b6-181.jpg,1174.9964479647847,508.1306550871548,212.68077180763967,246.31401014001017,1174.9964479647847,508.1306550871548,212.68077180763967,246.31401014001017,0,0,0,0,0,0,0,0,1,0,1,0,1,0
381372b6-181.jpg,1158.1798287985994,672.3399951804951,193.88572685719663,204.76706867061108,1158.1798287985994,672.3399951804951,193.88572685719663,204.76706867061108,0,0,0,0,0,0,0,0,1,0,1,0,1,0
381372b6-181.jpg,1389.655645556681,472.5189909705268,251.2600598922558,278.9580355802527,1389.655645556681,472.5189909705268,251.2600598922558,278.9580355802527,0,0,0,0,0,0,0,0,1,0,1,0,1,0
381372b6-181.jpg,1367.8929619298533,698.0595303758375,127.60846308458385,135.5221662216121,1367.8929619298533,698.0595303758375,127.60846308458385,135.5221662216121,0,0,0,0,0,0,0,0,1,0,1,0,1,0
381372b6-181.jpg,1638.9372943730773,434.9289010696418,226.5297522974393,283.90410004089546,1638.9372943730773,434.9289010696418,226.5297522974393,283.90410004089546,0,0,0,0,0,0,0,0,1,0,1,0,1,0
381372b6-181.jpg,1576.6168821689782,691.1350401309376,98.92128921285575,115.73790837904087,1576.6168821689782,691.1350401309376,98.92128921285575,115.73790837904087,0,0,0,0,0,0,0,0,1,0,1,0,1,0
381372b6-181.jpg,1833.8122341224023,477.4650554311696,76.1693926938986,216.63762337615373,1833.8122341224023,477.4650554311696,76.1693926938986,216.63762337615373,0,0,0,0,0,0,0,0,1,0,1,0,1,0
381372b6-181.jpg,1706.2037710378193,703.9948077286087,93.97522475221253,100.89971499711264,1706.2037710378193,703.9948077286087,93.97522475221253,100.89971499711264,0,0,0,0,0,0,0,0,1,0,1,0,1,0
381372b6-181.jpg,1843.7043630436883,677.2860596411377,58.363560635584975,62.32041220409904,1843.7043630436883,677.2860596411377,58.363560635584975,62.32041220409904,0,0,0,0,0,0,0,0,1,0,1,0,1,0
381372b6-181.jpg,1906.024775247788,367.6624244049,88.0399473994413,274.01197111961,1906.024775247788,367.6624244049,88.0399473994413,274.01197111961,1,1,1,0,0,0,0,0,1,0,1,0,1,0
381372b6-181.jpg,1886.2405174052165,607.0519443000105,49.46064460642788,82.1046700466701,1886.2405174052165,607.0519443000105,49.46064460642788,82.1046700466701,0,0,0,0,0,0,0,0,1,0,1,0,1,0
6b989eba-275.jpg,55.75980392156861,485.906862745098,164.09313725490202,189.58333333333343,55.75980392156861,485.906862745098,164.09313725490202,189.58333333333343,1,1,1,0,0,0,0,0,1,0,1,0,1,0
6b989eba-275.jpg,108.3333017493055,656.3726147987418,218.25980392156865,138.60294117647052,108.3333017493055,656.3726147987418,218.25980392156865,138.60294117647052,3,2,1,0,1,0,0,0,1,0,1,0,1,0
6b989eba-275.jpg,208.7009803921569,512.9901960784314,197.54901960784315,191.17647058823528,208.7009803921569,512.9901960784314,197.54901960784315,191.17647058823528,1,1,1,0,0,0,0,0,1,0,1,0,1,0
6b989eba-275.jpg,401.4705882352941,487.5,173.65196078431367,250.1225490196078,401.4705882352941,487.5,173.65196078431367,250.1225490196078,1,1,1,0,0,0,0,0,1,0,1,0,1,0
6b989eba-275.jpg,317.03431372549016,689.8284313725491,254.90196078431376,159.31372549019602,317.03431372549016,689.8284313725491,254.90196078431376,159.31372549019602,2,1,1,0,0,0,0,0,1,0,1,0,1,0
6b989eba-275.jpg,538.480392156863,482.7205882352941,191.17661271636004,274.01960784313724,538.480392156863,482.7205882352941,191.17661271636004,274.01960784313724,1,1,1,0,0,0,0,0,1,0,1,0,1,0
6b989eba-275.jpg,519.3627450980391,708.9460784313726,197.54901960784323,175.24509803921575,519.3627450980391,708.9460784313726,197.54901960784323,175.24509803921575,1,1,1,0,0,0,0,0,1,0,1,0,1,0
6b989eba-275.jpg,724.8774509803923,426.9607843137256,267.6470588235294,353.67647058823525,724.8774509803923,426.9607843137256,267.6470588235294,353.67647058823525,1,1,1,0,0,0,0,0,1,0,1,0,1,0
6b989eba-275.jpg,688.2353730777164,673.8970588235287,245.3430582948328,275.61292050906303,688.2353730777164,673.8970588235287,245.3430582948328,275.61292050906303,1,1,1,0,0,0,0,0,1,0,1,0,1,0
6b989eba-275.jpg,997.3039215686276,398.2843137254903,243.75,329.77941176470586,997.3039215686276,398.2843137254903,243.75,329.77941176470586,1,1,1,0,0,0,0,0,1,0,1,0,1,0
6b989eba-275.jpg,927.2058823529412,657.9656862745098,234.1912317426366,281.9852941176468,927.2058823529412,657.9656862745098,234.1912317426366,281.9852941176468,1,1,1,0,0,0,0,0,1,0,1,0,1,0
6b989eba-275.jpg,1221.9362745098042,431.7401960784314,259.68137254901933,340.9313725490196,1221.9362745098042,431.7401960784314,259.68137254901933,340.9313725490196,1,1,1,0,0,0,0,0,1,0,1,0,1,0
6b989eba-275.jpg,1166.1764705882354,721.6911764705883,135.41666666666686,117.8921568627452,1166.1764705882354,721.6911764705883,135.41666666666686,117.8921568627452,0,0,0,0,0,0,0,0,1,0,1,0,1,0
6b989eba-275.jpg,1331.862745098039,766.2990196078431,109.92647058823536,113.11274509803934,1331.862745098039,766.2990196078431,109.92647058823536,113.11274509803934,0,0,0,0,0,0,0,0,1,0,1,0,1,0
6b989eba-275.jpg,1478.4313725490206,363.235294117647,294.7304790129396,387.13235294117646,1478.4313725490206,363.235294117647,294.7304790129396,387.13235294117646,1,1,1,0,0,0,0,0,1,0,1,0,1,0
6b989eba-275.jpg,1435.4166666666667,728.0637254901961,183.2107843137254,173.65196078431364,1435.4166666666667,728.0637254901961,183.2107843137254,173.65196078431364,0,0,0,0,0,0,0,0,1,0,1,0,1,0
6b989eba-275.jpg,1613.8480392156862,726.470588235294,87.62254901960773,60.53921568627441,1613.8480392156862,726.470588235294,87.62254901960773,60.53921568627441,0,0,0,0,0,0,0,0,1,0,1,0,1,0
6b989eba-275.jpg,1693.5049019607843,686.642156862745,168.87262008367026,229.41176470588223,1693.5049019607843,686.642156862745,168.87262008367026,229.41176470588223,1,1,1,0,0,0,0,0,1,0,1,0,1,0
6b989eba-275.jpg,1714.2156862745096,390.31862745098033,167.27949072477514,297.9166666666666,1714.2156862745096,390.31862745098033,167.27949072477514,297.9166666666666,1,1,1,0,0,0,0,0,1,0,1,0,1,0
6b989eba-275.jpg,1860.7843137254904,434.9264705882353,121.07843137254918,315.44117647058823,1860.7843137254904,434.9264705882353,121.07843137254918,315.44117647058823,1,1,1,0,0,0,0,0,1,0,1,0,1,0
aa16b183-60.jpg,226.2254901960785,549.6323529411766,101.96078431372555,124.26470588235298,226.2254901960785,549.6323529411766,101.96078431372555,124.26470588235298,0,0,0,0,0,0,0,0,1,0,1,0,1,0
aa16b183-60.jpg,235.78431372549025,651.5931372549021,143.3823529411765,127.45098039215677,235.78431372549025,651.5931372549021,143.3823529411765,127.45098039215677,0,0,0,0,0,0,0,0,1,0,1,0,1,0
aa16b183-60.jpg,334.5588235294119,516.1764705882352,227.81862745098047,165.68627450980398,334.5588235294119,516.1764705882352,227.81862745098047,165.68627450980398,1,1,1,0,0,0,0,0,1,0,1,0,1,0
aa16b183-60.jpg,567.156862745098,492.279411764706,208.70098039215685,221.4460784313726,567.156862745098,492.279411764706,208.70098039215685,221.4460784313726,0,0,0,0,0,0,0,0,1,0,1,0,1,0
aa16b183-60.jpg,767.8921568627452,485.90686274509807,224.6323529411765,221.4460784313725,767.8921568627452,485.90686274509807,224.6323529411765,221.4460784313725,0,0,0,0,0,0,0,0,1,0,1,0,1,0
aa16b183-60.jpg,645.2205882352943,677.0833333333334,205.5147058823529,170.46568627450984,645.2205882352943,677.0833333333334,205.5147058823529,170.46568627450984,0,0,0,0,0,0,0,0,1,0,1,0,1,0
aa16b183-60.jpg,994.1176470588236,426.9607843137255,242.15686274509792,286.764705882353,994.1176470588236,426.9607843137255,242.15686274509792,286.764705882353,0,0,0,0,0,0,0,0,1,0,1,0,1,0
aa16b183-60.jpg,852.3284313725491,665.9313725490196,202.32843137254903,202.32843137254903,852.3284313725491,665.9313725490196,202.32843137254903,202.32843137254903,0,0,0,0,0,0,0,0,1,0,1,0,1,0
aa16b183-60.jpg,1068.9950980392157,610.1715686274508,207.10784313725503,278.7991950188667,1068.9950980392157,610.1715686274508,207.10784313725503,278.7991950188667,1,1,1,0,0,0,0,0,1,0,1,0,1,0
aa16b183-60.jpg,1244.2401960784312,431.7401960784314,210.29411764705884,242.15686274509807,1244.2401960784312,431.7401960784314,210.29411764705884,242.15686274509807,0,0,0,0,0,0,0,0,1,0,1,0,1,0
aa16b183-60.jpg,1269.730392156863,645.2205882352943,168.87254901960787,200.7352941176471,1269.730392156863,645.2205882352943,168.87254901960787,200.7352941176471,0,0,0,0,0,0,0,0,1,0,1,0,1,0
aa16b183-60.jpg,1456.1273985811513,395.0980392156862,210.2942329253892,278.7990196078431,1456.1273985811513,395.0980392156862,210.2942329253892,278.7990196078431,0,0,0,0,0,0,0,0,1,0,1,0,1,0
aa16b183-60.jpg,1671.200980392157,411.0294117647059,175.24509803921575,275.6127450980392,1671.200980392157,411.0294117647059,175.24509803921575,275.6127450980392,0,0,0,0,0,0,0,0,1,0,1,0,1,0
aa16b183-60.jpg,1805.024509803922,452.4509803921569,100.36764705882348,189.58333333333337,1805.024509803922,452.4509803921569,100.36764705882348,189.58333333333337,0,0,0,0,0,0,0,0,1,0,1,0,1,0
aa16b183-60.jpg,1873.5294012848567,444.48544760229214,38.23534651688889,127.45098039215692,1873.5294012848567,444.48544760229214,38.23534651688889,127.45098039215692,0,0,0,0,0,0,0,0,1,0,1,0,1,0
aa16b183-60.jpg,1448.1617647058822,626.1029411764707,125.85784313725526,203.9215686274509,1448.1617647058822,626.1029411764707,125.85784313725526,203.9215686274509,1,1,1,0,0,0,0,0,1,0,1,0,1,0
aa16b183-60.jpg,1583.5785047314864,656.3725490196077,89.21561291557228,156.12745098039218,1583.5785047314864,656.3725490196077,89.21561291557228,156.12745098039218,1,1,1,0,0,0,0,0,1,0,1,0,1,0
aa16b183-60.jpg,380.7598039215686,651.5931372549014,272.4264705882352,181.6179540281149,380.7598039215686,651.5931372549014,272.4264705882352,181.6179540281149,1,1,1,0,0,0,0,0,1,0,1,0,1,0
aa16b183-60.jpg,1688.725490196079,675.4901960784314,89.21568627450966,149.75490196078417,1688.725490196079,675.4901960784314,89.21568627450966,149.75490196078417,0,0,0,0,0,0,0,0,1,0,1,0,1,0
aa16b183-60.jpg,1782.720588235294,694.6078431372549,63.72549019607845,143.3823529411766,1782.720588235294,694.6078431372549,63.72549019607845,143.3823529411766,0,0,0,0,0,0,0,0,1,0,1,0,1,0
f887a525-273.jpg,93.99509803921568,457.2303921568628,90.80882352941175,164.093137254902,93.99509803921568,457.2303921568628,90.80882352941175,164.093137254902,1,1,1,0,0,0,0,0,1,0,1,0,1,0
f887a525-273.jpg,173.65196078431376,492.279411764706,100.36764705882356,157.72058823529412,173.65196078431376,492.279411764706,100.36764705882356,157.72058823529412,1,1,1,0,0,0,0,0,1,0,1,0,1,0
f887a525-273.jpg,237.37745098039213,449.2647058823529,71.69117647058823,213.4803921568628,237.37745098039213,449.2647058823529,71.69117647058823,213.4803921568628,1,1,1,0,0,0,0,0,1,0,1,0,1,0
f887a525-273.jpg,288.357843137255,442.8921568627451,122.671568627451,243.75,288.357843137255,442.8921568627451,122.671568627451,243.75,1,1,1,0,0,0,0,0,1,0,1,0,1,0
f887a525-273.jpg,393.5049019607843,380.7598039215686,186.39705882352936,345.71078431372547,393.5049019607843,380.7598039215686,186.39705882352936,345.71078431372547,1,1,1,0,0,0,0,0,1,0,1,0,1,0
f887a525-273.jpg,149.7549019607842,626.1029411764707,121.078431372549,124.26503477802198,149.7549019607842,626.1029411764707,121.078431372549,124.26503477802198,1,1,1,0,0,0,0,0,1,0,1,0,1,0
f887a525-273.jpg,246.936274509804,659.5588235294117,98.77450980392156,140.1960784313726,246.936274509804,659.5588235294117,98.77450980392156,140.1960784313726,1,1,1,0,0,0,0,0,1,0,1,0,1,0
f887a525-273.jpg,318.6274509803922,665.9313725490196,101.96078431372548,159.3137254901961,318.6274509803922,665.9313725490196,101.96078431372548,159.3137254901961,1,1,1,0,0,0,0,0,1,0,1,0,1,0
f887a525-273.jpg,401.4705882352941,653.1862745098039,184.8039215686274,234.1911764705884,401.4705882352941,653.1862745098039,184.8039215686274,234.1911764705884,1,1,1,0,0,0,0,0,1,0,1,0,1,0
f887a525-273.jpg,575.1225490196082,363.2352941176472,237.3773957083436,309.0686274509804,575.1225490196082,363.2352941176472,237.3773957083436,309.0686274509804,1,1,1,0,0,0,0,0,1,0,1,0,1,0
f887a525-273.jpg,571.936274509804,638.8480392156864,202.32843137254903,269.24019607843127,571.936274509804,638.8480392156864,202.32843137254903,269.24019607843127,1,1,1,0,0,0,0,0,1,0,1,0,1,0
f887a525-273.jpg,772.671568627451,645.2205882352941,151.3480392156862,178.43137254901953,772.671568627451,645.2205882352941,151.3480392156862,178.43137254901953,1,1,1,0,0,0,0,0,1,0,1,0,1,0
f887a525-273.jpg,796.5686274509804,404.656862745098,274.01960784313746,328.1862745098039,796.5686274509804,404.656862745098,274.01960784313746,328.1862745098039,1,1,1,0,0,0,0,0,1,0,1,0,1,0
f887a525-273.jpg,1067.4019607843138,371.2009803921568,266.0539215686275,356.86274509803934,1067.4019607843138,371.2009803921568,266.0539215686275,356.86274509803934,1,1,1,0,0,0,0,0,1,0,1,0,1,0
f887a525-273.jpg,924.0196078431374,700.9803921568626,129.04411764705898,173.65196078431376,924.0196078431374,700.9803921568626,129.04411764705898,173.65196078431376,1,1,1,0,0,0,0,0,1,0,1,0,1,0
f887a525-273.jpg,1043.5049019607843,691.4215686274509,186.39705882352928,216.6666666666665,1043.5049019607843,691.4215686274509,186.39705882352928,216.6666666666665,1,1,1,0,0,0,0,0,1,0,1,0,1,0
f887a525-273.jpg,1229.9019607843138,650.0,113.11274509803924,162.5,1229.9019607843138,650.0,113.11274509803924,162.5,1,1,1,0,0,0,0,0,1,0,1,0,1,0
f887a525-273.jpg,1333.4558823529414,407.8431372549019,176.83823529411768,294.7303921568627,1333.4558823529414,407.8431372549019,176.83823529411768,294.7303921568627,1,1,1,0,0,0,0,0,1,0,1,0,1,0
f887a525-273.jpg,1339.8284313725492,662.7450980392156,181.61764705882376,286.76470588235287,1339.8284313725492,662.7450980392156,181.61764705882376,286.76470588235287,1,1,1,0,0,0,0,0,1,0,1,0,1,0
f887a525-273.jpg,1516.6666666666667,462.0098039215687,170.46568627450966,301.1029411764706,1516.6666666666667,462.0098039215687,170.46568627450966,301.1029411764706,1,1,1,0,0,0,0,0,1,0,1,0,1,0
f887a525-273.jpg,1523.0392156862745,707.3529411764705,121.07843137254918,218.2598039215688,1523.0392156862745,707.3529411764705,121.07843137254918,218.2598039215688,2,1,1,0,0,0,0,0,1,0,1,0,1,0
f887a525-273.jpg,1647.3039215686276,729.6568627450981,82.84313725490222,168.8725490196078,1647.3039215686276,729.6568627450981,82.84313725490222,168.8725490196078,1,1,1,0,0,0,0,0,1,0,1,0,1,0
f887a525-273.jpg,1672.794117647059,517.7696078431374,89.21568627450966,215.07352941176472,1672.794117647059,517.7696078431374,89.21568627450966,215.07352941176472,1,1,1,0,0,0,0,0,1,0,1,0,1,0
f887a525-273.jpg,1736.5196078431377,517.7696078431371,76.47058823529392,199.1421568627451,1736.5196078431377,517.7696078431371,76.47058823529392,199.1421568627451,1,1,1,0,0,0,0,0,1,0,1,0,1,0
f887a525-273.jpg,1803.43137254902,540.0735294117648,39.82843137254889,184.8039215686275,1803.43137254902,540.0735294117648,39.82843137254889,184.8039215686275,1,1,1,0,0,0,0,0,1,0,1,0,1,0
f887a525-273.jpg,1733.3333333333337,721.6911764705882,55.759803921568505,129.04411764705875,1733.3333333333337,721.6911764705882,55.759803921568505,129.04411764705875,1,1,1,0,0,0,0,0,1,0,1,0,1,0
f887a525-273.jpg,1798.6519607843138,710.5392156862744,60.53921568627459,97.18137254901973,1798.6519607843138,710.5392156862744,60.53921568627459,97.18137254901973,1,1,1,0,0,0,0,0,1,0,1,0,1,0
f887a525-273.jpg,1828.9216238995,541.6666666666664,81.24994472795137,149.75490196078422,1828.9216238995,541.6666666666664,81.24994472795137,149.75490196078422,1,1,1,0,0,0,0,0,1,0,1,0,1,0
c94855ad-205.jpg,320.5146576863415,673.8908252106137,296.9028520499109,292.5579322638146,320.5146576863415,673.8908252106137,296.9028520499109,292.5579322638146,4,2,1,0,1,0,0,0,1,0,1,0,1,0
c94855ad-205.jpg,403.0681336221704,560.922910772111,253.4536541889482,168.00356506238856,403.0681336221704,560.922910772111,253.4536541889482,168.00356506238856,2,1,1,0,0,0,0,0,1,0,1,0,1,0
c94855ad-205.jpg,439.27577697174144,390.0227325189916,241.8672229605892,189.72816399286972,439.27577697174144,390.0227325189916,241.8672229605892,189.72816399286972,4,2,1,0,1,0,0,0,1,0,1,0,1,0
c94855ad-205.jpg,216.2365828200313,852.0325364405602,315.7308377896613,247.66042780748657,216.2365828200313,852.0325364405602,315.7308377896613,247.66042780748657,3,2,1,0,1,0,0,0,1,0,1,0,1,0
c94855ad-205.jpg,177.13230474516487,1038.864087242699,308.4893048128343,136.14081996434933,177.13230474516487,1038.864087242699,308.4893048128343,136.14081996434933,3,2,1,0,1,0,0,0,1,0,1,0,1,0
c94855ad-205.jpg,495.7597054782405,187.25966963633692,205.6595867892067,192.62491671509665,495.7597054782405,187.25966963633692,205.6595867892067,192.62491671509665,1,1,1,0,0,0,0,0,1,0,1,0,1,0
c94855ad-205.jpg,660.8667075972149,127.87923875785076,195.5213903743318,170.9001782531194,660.8667075972149,127.87923875785076,195.5213903743318,170.9001782531194,0,0,0,0,0,0,0,0,1,0,1,0,1,0
c94855ad-205.jpg,830.318579254969,90.22326727834992,212.90106951871664,163.65846587865465,830.318579254969,90.22326727834992,212.90106951871664,163.65846587865465,0,0,0,0,0,0,0,0,1,0,1,0,1,0
c94855ad-205.jpg,1051.9094452767497,82.98173430152282,221.59095216003809,154.96880570409976,1051.9094452767497,82.98173430152282,221.59095216003809,154.96880570409976,0,0,0,0,0,0,0,0,1,0,1,0,1,0
c94855ad-205.jpg,1218.464746812901,139.4654523239239,199.8663101604274,168.00380425923896,1218.464746812901,139.4654523239239,199.8663101604274,168.00380425923896,0,0,0,0,0,0,0,0,1,0,1,0,1,0
c94855ad-205.jpg,1345.915727205058,211.8807422260532,205.65953654188937,212.9013485817085,1345.915727205058,211.8807422260532,205.65953654188937,212.9013485817085,0,0,0,0,0,0,0,0,1,0,1,0,1,0
c94855ad-205.jpg,1357.5021799679816,429.1270105938579,240.4188948306592,178.14171122994645,1357.5021799679816,429.1270105938579,240.4188948306592,178.14171122994645,2,1,1,0,0,0,0,0,1,0,1,0,1,0
c94855ad-205.jpg,1398.054764638213,585.544122893323,228.8324420677361,169.45187165775397,1398.054764638213,585.544122893323,228.8324420677361,169.45187165775397,2,1,1,0,0,0,0,0,1,0,1,0,1,0
c94855ad-205.jpg,1398.5585615858386,700.5369873700956,293.7962289621814,290.82859028579537,1398.5585615858386,700.5369873700956,293.7962289621814,290.82859028579537,2,1,1,0,0,0,0,0,1,0,1,0,1,0
c94855ad-205.jpg,1522.2101731019077,878.5953079532356,250.2708617085247,246.3140101400101,1522.2101731019077,878.5953079532356,250.2708617085247,246.3140101400101,3,2,1,0,1,0,0,0,1,0,1,0,1,0
c94855ad-205.jpg,1565.7355403555644,1069.5133961340464,234.4434554344673,169.15540455398326,1565.7355403555644,1069.5133961340464,234.4434554344673,169.15540455398326,2,1,1,0,0,0,0,0,1,0,1,0,1,0
137dcfeb-184.jpg,440.23309075176735,261.1207038637741,243.3464450056106,254.2277132770388,440.23309075176735,261.1207038637741,243.3464450056106,254.2277132770388,2,1,1,0,0,0,0,0,1,0,1,0,1,0
137dcfeb-184.jpg,401.65378795875336,115.70640872087648,214.65919759189663,187.9504495044256,401.65378795875336,115.70640872087648,214.65919759189663,187.9504495044256,3,2,1,0,1,0,0,0,1,0,1,0,1,0
137dcfeb-184.jpg,523.3269736905659,479.7367530241849,198.83179131783967,170.1446174461116,523.3269736905659,479.7367530241849,198.83179131783967,170.1446174461116,1,1,1,0,0,0,0,0,1,0,1,0,1,0
137dcfeb-184.jpg,576.7445385046951,638.9998244385491,211.6914902763252,175.09088612508913,576.7445385046951,638.9998244385491,211.6914902763252,175.09088612508913,2,1,1,0,0,0,0,0,1,0,1,0,1,0
137dcfeb-184.jpg,769.6409838305761,912.0227868843638,167.17697876972608,173.1122561224973,769.6409838305761,912.0227868843638,167.17697876972608,173.1122561224973,2,1,1,0,0,0,0,0,1,0,1,0,1,0
137dcfeb-184.jpg,1390.8666800873089,677.5793314498961,202.78864288635413,176.07989479888283,1390.8666800873089,677.5793314498961,202.78864288635413,176.07989479888283,2,1,1,0,0,0,0,0,1,0,1,0,1,0
137dcfeb-184.jpg,661.8167785885636,786.3927495840372,159.26327563269737,181.0259592595256,661.8167785885636,786.3927495840372,159.26327563269737,181.0259592595256,0,0,0,0,0,0,0,0,1,0,1,0,1,0
137dcfeb-184.jpg,895.2710211309028,987.2029666861338,193.88572685719708,171.13383033824027,895.2710211309028,987.2029666861338,193.88572685719708,171.13383033824027,0,0,0,0,0,0,0,0,1,0,1,0,1,0
137dcfeb-184.jpg,1093.1135995566146,985.4303003031192,181.02601319031467,184.98281082803987,1093.1135995566146,985.4303003031192,181.02601319031467,184.98281082803987,1,1,1,0,0,0,0,0,1,0,1,0,1,0
137dcfeb-184.jpg,1219.776461692823,904.808368550146,161.3732771662583,157.46453866406674,1219.776461692823,904.808368550146,161.3732771662583,157.46453866406674,1,1,1,0,0,0,0,0,1,0,1,0,1,0
137dcfeb-184.jpg,1353.2304944151003,818.2587107737972,161.3732328862244,179.79993421925334,1353.2304944151003,818.2587107737972,161.3732328862244,179.79993421925334,1,1,1,0,0,0,0,0,1,0,1,0,1,0
137dcfeb-184.jpg,1395.6677847149865,523.4314894453319,206.6023701404456,171.42416088605833,1395.6677847149865,523.4314894453319,206.6023701404456,171.42416088605833,1,1,1,0,0,0,0,0,1,0,1,0,1,0
137dcfeb-184.jpg,1492.9865208972606,116.36890545205353,217.7701066630709,225.58749510738625,1492.9865208972606,116.36890545205353,217.7701066630709,225.58749510738625,4,2,1,0,1,0,0,0,1,0,1,0,1,0
137dcfeb-184.jpg,1403.6449857240527,286.117957781843,250.15638317055405,252.94830855212,1403.6449857240527,286.117957781843,250.15638317055405,252.94830855212,3,2,1,0,1,0,0,0,1,0,1,0,1,0
512fcc4a-100.jpg,223.67972742759795,383.1346222310248,276.8315496842744,256.899449319231,223.67972742759795,383.1346222310248,276.8315496842744,256.899449319231,2,1,1,0,0,0,0,0,1,0,1,0,1,0
512fcc4a-100.jpg,84.15672913117552,35.434412265758084,380.9201866794488,374.2759795570698,84.15672913117552,35.434412265758084,380.9201866794488,374.2759795570698,3,2,1,0,1,0,0,0,1,0,1,0,1,0
512fcc4a-100.jpg,1552.469652266173,15.50255536626915,389.779070050692,380.9199318568995,1552.469652266173,15.50255536626915,389.779070050692,380.9199318568995,3,2,1,0,1,0,0,0,1,0,1,0,1,0
512fcc4a-100.jpg,1463.8839273888384,345.4855195911417,323.33924126533765,343.27105696022886,1463.8839273888384,345.4855195911417,323.33924126533765,343.27105696022886,2,1,1,0,0,0,0,0,1,0,1,0,1,0
512fcc4a-100.jpg,329.9829642248722,615.6729131175467,232.53833049403747,241.39693356047687,329.9829642248722,615.6729131175467,232.53833049403747,241.39693356047687,1,1,1,0,0,0,0,0,1,0,1,0,1,0
512fcc4a-100.jpg,485.0085178875639,795.0596252129471,219.25042589437828,210.3918228279388,485.0085178875639,795.0596252129471,219.25042589437828,210.3918228279388,1,1,1,0,0,0,0,0,1,0,1,0,1,0
512fcc4a-100.jpg,640.0340715502552,888.0749574105625,192.6744892837852,170.52810902896093,640.0340715502552,888.0749574105625,192.6744892837852,170.52810902896093,1,1,1,0,0,0,0,0,1,0,1,0,1,0
512fcc4a-100.jpg,828.2793867120954,910.221465076661,163.8841822113862,181.6013628620103,828.2793867120954,910.221465076661,163.8841822113862,181.6013628620103,1,1,1,0,0,0,0,0,1,0,1,0,1,0
512fcc4a-100.jpg,992.1635434412268,916.8654173764904,183.81601362862,155.0255536626917,992.1635434412268,916.8654173764904,183.81601362862,155.0255536626917,1,1,1,0,0,0,0,0,1,0,1,0,1,0
512fcc4a-100.jpg,1171.550255536627,859.2844974446336,190.46009333972432,203.74787052810893,1171.550255536627,859.2844974446336,190.46009333972432,203.74787052810893,1,1,1,0,0,0,0,0,1,0,1,0,1,0
512fcc4a-100.jpg,1355.3662691652453,770.6985063877537,197.103918228279,232.53829088652225,1355.3662691652453,770.6985063877537,197.103918228279,232.53829088652225,1,1,1,0,0,0,0,0,1,0,1,0,1,0
512fcc4a-100.jpg,1525.894378194208,657.7512776831345,210.3918228279386,201.533249467136,1525.894378194208,657.7512776831345,210.3918228279386,201.533249467136,1,1,1,0,0,0,0,0,1,0,1,0,1,0
c8459c6b-257.jpg,144.97549019607845,460.4166666666667,90.80882352941178,111.51960784313717,144.97549019607845,460.4166666666667,90.80882352941178,111.51960784313717,0,0,0,0,0,0,0,0,1,0,1,0,1,0
c8459c6b-257.jpg,192.76955257108875,611.7648155142425,162.50000000000003,98.77450980392152,192.76955257108875,611.7648155142425,162.50000000000003,98.77450980392152,0,0,0,0,0,0,0,0,1,0,1,0,1,0
c8459c6b-257.jpg,231.0049019607843,500.2450980392157,176.83823529411768,138.60294117647052,231.0049019607843,500.2450980392157,176.83823529411768,138.60294117647052,0,0,0,0,0,0,0,0,1,0,1,0,1,0
c8459c6b-257.jpg,393.5049019607844,520.9558823529412,183.21078431372547,176.8382352941175,393.5049019607844,520.9558823529412,183.21078431372547,176.8382352941175,0,0,0,0,0,0,0,0,1,0,1,0,1,0
c8459c6b-257.jpg,344.11764705882354,648.4068627450981,245.343137254902,189.58353067073443,344.11764705882354,648.4068627450981,245.343137254902,189.58353067073443,0,0,0,0,0,0,0,0,1,0,1,0,1,0
c8459c6b-257.jpg,552.8186274509804,474.7549019607843,210.2941176470588,251.71568627450984,552.8186274509804,474.7549019607843,210.2941176470588,251.71568627450984,0,0,0,0,0,0,0,0,1,0,1,0,1,0
c8459c6b-257.jpg,589.4607843137255,681.8627450980392,200.7352941176472,219.85294117647047,589.4607843137255,681.8627450980392,200.7352941176472,219.85294117647047,0,0,0,0,0,0,0,0,1,0,1,0,1,0
c8459c6b-257.jpg,755.1470588235295,458.8235294117648,246.93627450980387,321.813725490196,755.1470588235295,458.8235294117648,246.93627450980387,321.813725490196,0,0,0,0,0,0,0,0,1,0,1,0,1,0
c8459c6b-257.jpg,804.5343137254903,708.9460784313726,231.00490196078425,184.8039215686275,804.5343137254903,708.9460784313726,231.00490196078425,184.8039215686275,0,0,0,0,0,0,0,0,1,0,1,0,1,0
c8459c6b-257.jpg,1006.8627450980396,474.7549019607843,259.68137254901944,293.1372549019609,1006.8627450980396,474.7549019607843,259.68137254901944,293.1372549019609,1,1,1,0,0,0,0,0,1,0,1,0,1,0
c8459c6b-257.jpg,1073.7745098039209,693.0147058823532,195.95600868905308,180.02450980392166,1073.7745098039209,693.0147058823532,195.95600868905308,180.02450980392166,1,1,1,0,0,0,0,0,1,0,1,0,1,0
c8459c6b-257.jpg,1266.5441176470604,455.6370356381808,326.59303460681133,352.0835525971128,1266.5441176470604,455.6370356381808,326.59303460681133,352.0835525971128,1,1,1,0,0,0,0,0,1,0,1,0,1,0
c8459c6b-257.jpg,1360.5392156862747,793.3823529411765,159.31372549019613,62.13235294117649,1360.5392156862747,793.3823529411765,159.31372549019613,62.13235294117649,0,0,0,0,0,0,0,0,1,0,1,0,1,0
c8459c6b-257.jpg,1634.5588235294113,423.7744001720319,294.73039215686265,366.4216782593408,1634.5588235294113,423.7744001720319,294.73039215686265,366.4216782593408,0,0,0,0,0,0,0,0,1,0,1,0,1,0
c8459c6b-257.jpg,1741.2990196078435,787.0098039215685,124.26470588235276,60.53921568627469,1741.2990196078435,787.0098039215685,124.26470588235276,60.53921568627469,1,1,1,0,0,0,0,0,1,0,1,0,1,0
c8459c6b-257.jpg,1930.882352941177,442.8921568627451,63.72549019607845,262.8676470588234,1930.882352941177,442.8921568627451,63.72549019607845,262.8676470588234,0,0,0,0,0,0,0,0,1,0,1,0,1,0
c8459c6b-257.jpg,1934.0686274509808,707.3529411764705,58.94607843137237,111.51960784313724,1934.0686274509808,707.3529411764705,58.94607843137237,111.51960784313724,0,0,0,0,0,0,0,0,1,0,1,0,1,0
f9687157-53.jpg,149.75490196078434,116.29901960784308,259.6813725490196,262.8676470588236,149.75490196078434,116.29901960784308,259.6813725490196,262.8676470588236,2,1,1,0,0,0,0,0,1,0,1,0,1,0
f9687157-53.jpg,238.97058823529417,345.7107843137255,264.46078431372547,336.15196078431376,238.97058823529417,345.7107843137255,264.46078431372547,336.15196078431376,3,2,1,0,1,0,0,0,1,0,1,0,1,0
f9687157-53.jpg,377.5735294117648,645.2205882352941,195.9558823529412,219.8529411764706,377.5735294117648,645.2205882352941,195.9558823529412,219.8529411764706,0,0,0,0,0,0,0,0,1,0,1,0,1,0
f9687157-53.jpg,471.5685331323458,818.8725490196077,223.0393100049093,250.1225490196078,471.5685331323458,818.8725490196077,223.0393100049093,250.1225490196078,0,0,0,0,0,0,0,0,1,0,1,0,1,0
f9687157-53.jpg,645.2205882352941,982.9656862745098,189.58333333333343,199.1421568627452,645.2205882352941,982.9656862745098,189.58333333333343,199.1421568627452,0,0,0,0,0,0,0,0,1,0,1,0,1,0
f9687157-53.jpg,783.8235294117648,1057.843137254902,180.0245098039217,172.05882352941177,783.8235294117648,1057.843137254902,180.0245098039217,172.05882352941177,0,0,0,0,0,0,0,0,1,0,1,0,1,0
f9687157-53.jpg,951.1029411764708,1084.9264705882351,146.56862745098053,162.5,951.1029411764708,1084.9264705882351,146.56862745098053,162.5,0,0,0,0,0,0,0,0,1,0,1,0,1,0
f9687157-53.jpg,1094.485294117647,1061.029411764706,137.00980392156865,164.093137254902,1094.485294117647,1061.029411764706,137.00980392156865,164.093137254902,0,0,0,0,0,0,0,0,1,0,1,0,1,0
f9687157-53.jpg,1237.8676470588236,1027.5735294117644,157.72058823529406,175.24509803921575,1237.8676470588236,1027.5735294117644,157.72058823529406,175.24509803921575,0,0,0,0,0,0,0,0,1,0,1,0,1,0
f9687157-53.jpg,1336.6421568627452,892.1568627450981,203.9215686274508,210.29411764705875,1336.6421568627452,892.1568627450981,203.9215686274508,210.29411764705875,0,0,0,0,0,0,0,0,1,0,1,0,1,0
f9687157-53.jpg,1424.2647058823536,723.2843137254903,227.8186274509804,229.41176470588223,1424.2647058823536,723.2843137254903,227.8186274509804,229.41176470588223,0,0,0,0,0,0,0,0,1,0,1,0,1,0
f9687157-53.jpg,1481.6176470588232,524.1421568627451,211.88725490196103,218.25980392156853,1481.6176470588232,524.1421568627451,211.88725490196103,218.25980392156853,1,1,1,0,0,0,0,0,1,0,1,0,1,0
f9687157-53.jpg,1511.887254901961,227.8186274509804,266.05392156862763,323.406862745098,1511.887254901961,227.8186274509804,266.05392156862763,323.406862745098,4,2,1,0,1,0,0,0,1,0,1,0,1,0
f9687157-53.jpg,1546.9362745098044,1.5931372549019756,238.9705882352942,235.7843137254902,1546.9362745098044,1.5931372549019756,238.9705882352942,235.7843137254902,3,2,1,0,1,0,0,0,1,0,1,0,1,0
e0a09bed-254.jpg,213.4803921568628,52.57352941176472,224.6323529411765,133.8235294117647,213.4803921568628,52.57352941176472,224.6323529411765,133.8235294117647,0,0,0,0,0,0,0,0,1,0,1,0,1,0
e0a09bed-254.jpg,248.5294117647059,137.0098039215686,304.2893499183924,286.76470588235287,248.5294117647059,137.0098039215686,304.2893499183924,286.76470588235287,1,1,1,0,0,0,0,0,1,0,1,0,1,0
e0a09bed-254.jpg,309.06862745098044,383.9460784313725,288.3579142013174,304.28921568627453,309.06862745098044,383.9460784313725,288.3579142013174,304.28921568627453,3,2,1,0,1,0,0,0,1,0,1,0,1,0
e0a09bed-254.jpg,404.65686274509807,632.4754901960783,218.2598039215687,203.92156862745108,404.65686274509807,632.4754901960783,218.2598039215687,203.92156862745108,0,0,0,0,0,0,0,0,1,0,1,0,1,0
e0a09bed-254.jpg,466.7892156862746,810.906862745098,210.29411764705884,195.95588235294125,466.7892156862746,810.906862745098,210.29411764705884,195.95588235294125,0,0,0,0,0,0,0,0,1,0,1,0,1,0
e0a09bed-254.jpg,610.1715686274509,869.8529411764706,192.76960784313732,172.05882352941194,610.1715686274509,869.8529411764706,192.76960784313732,172.05882352941194,0,0,0,0,0,0,0,0,1,0,1,0,1,0
e0a09bed-254.jpg,689.8284313725492,990.9313725490196,180.02450980392155,109.92647058823545,689.8284313725492,990.9313725490196,180.02450980392155,109.92647058823545,0,0,0,0,0,0,0,0,1,0,1,0,1,0
e0a09bed-254.jpg,809.3137254901962,1062.6225490196075,141.7892156862746,98.7745098039217,809.3137254901962,1062.6225490196075,141.7892156862746,98.7745098039217,0,0,0,0,0,0,0,0,1,0,1,0,1,0
e0a09bed-254.jpg,951.1029411764708,1054.656862745098,148.16176470588232,108.33333333333346,951.1029411764708,1054.656862745098,148.16176470588232,108.33333333333346,0,0,0,0,0,0,0,0,1,0,1,0,1,0
e0a09bed-254.jpg,1088.112745098039,1037.1323529411764,157.72058823529434,105.14705882352928,1088.112745098039,1037.1323529411764,157.72058823529434,105.14705882352928,0,0,0,0,0,0,0,0,1,0,1,0,1,0
e0a09bed-254.jpg,1166.1764705882354,888.9705882352943,184.8039215686273,215.07352941176453,1166.1764705882354,888.9705882352943,184.8039215686273,215.07352941176453,0,0,0,0,0,0,0,0,1,0,1,0,1,0
e0a09bed-254.jpg,1301.5931372549023,831.6176470588236,197.5490196078431,218.2598039215688,1301.5931372549023,831.6176470588236,197.5490196078431,218.2598039215688,0,0,0,0,0,0,0,0,1,0,1,0,1,0
e0a09bed-254.jpg,1374.8774509803925,664.3382352941177,219.85294117647072,224.63235294117652,1374.8774509803925,664.3382352941177,219.85294117647072,224.63235294117652,0,0,0,0,0,0,0,0,1,0,1,0,1,0
e0a09bed-254.jpg,1400.3676470588232,428.5540750532732,304.28921568627413,302.6960565049945,1400.3676470588232,428.5540750532732,304.28921568627413,302.6960565049945,3,2,1,0,1,0,0,0,1,0,1,0,1,0
e0a09bed-254.jpg,1460.9068627450974,181.6177786170912,302.6960784313726,280.3920253044776,1460.9068627450974,181.6177786170912,302.6960784313726,280.3920253044776,1,1,1,0,0,0,0,0,1,0,1,0,1,0
20635337-63.jpg,23.89705882352942,976.593137254902,353.67647058823536,288.3578431372548,23.89705882352942,976.593137254902,353.67647058823536,288.3578431372548,4,2,1,0,1,0,0,0,1,0,1,0,1,0
20635337-63.jpg,86.02941176470588,659.5588235294117,342.5245098039216,321.813725490196,86.02941176470588,659.5588235294117,342.5245098039216,321.813725490196,3,2,1,0,1,0,0,0,1,0,1,0,1,0
20635337-63.jpg,200.7352941176472,473.1617647058824,313.8480392156863,213.4803921568628,200.7352941176472,473.1617647058824,313.8480392156863,213.4803921568628,1,1,1,0,0,0,0,0,1,0,1,0,1,0
20635337-63.jpg,315.44117647058823,278.7990196078431,246.93627450980395,219.8529411764706,315.44117647058823,278.7990196078431,246.93627450980395,219.8529411764706,1,1,1,0,0,0,0,0,1,0,1,0,1,0
20635337-63.jpg,473.1617647058823,141.78921568627453,216.6666666666668,199.1421568627451,473.1617647058823,141.78921568627453,216.6666666666668,199.1421568627451,0,0,0,0,0,0,0,0,1,0,1,0,1,0
20635337-63.jpg,622.9166666666667,63.725490196078425,195.9558823529411,176.83823529411768,622.9166666666667,63.725490196078425,195.9558823529411,176.83823529411768,1,1,1,0,0,0,0,0,1,0,1,0,1,0
20635337-63.jpg,810.9068627450984,14.338235294117638,170.46571771405468,183.21078431372555,810.9068627450984,14.338235294117638,170.46571771405468,183.21078431372555,1,1,1,0,0,0,0,0,1,0,1,0,1,0
20635337-63.jpg,989.3382352941178,23.89705882352939,168.87254901960787,165.68627450980395,989.3382352941178,23.89705882352939,168.87254901960787,165.68627450980395,1,1,1,0,0,0,0,0,1,0,1,0,1,0
20635337-63.jpg,1161.3970588235295,31.862745098039227,195.9558823529412,181.6176470588236,1161.3970588235295,31.862745098039227,195.9558823529412,181.6176470588236,1,1,1,0,0,0,0,0,1,0,1,0,1,0
20635337-63.jpg,1282.475490196079,95.58823529411768,210.29411764705856,197.54901960784315,1282.475490196079,95.58823529411768,210.29411764705856,197.54901960784315,1,1,1,0,0,0,0,0,1,0,1,0,1,0
20635337-63.jpg,1417.8921568627454,234.1911764705883,248.5294117647058,215.07352941176467,1417.8921568627454,234.1911764705883,248.5294117647058,215.07352941176467,0,0,0,0,0,0,0,0,1,0,1,0,1,0
20635337-63.jpg,1491.1764705882356,426.9607843137253,261.27454124346576,223.03921568627445,1491.1764705882356,426.9607843137253,261.27454124346576,223.03921568627445,1,1,1,0,0,0,0,0,1,0,1,0,1,0
20635337-63.jpg,1548.5294117647063,626.1029411764706,339.3382352941177,313.8480392156862,1548.5294117647063,626.1029411764706,339.3382352941177,313.8480392156862,3,2,1,0,1,0,0,0,1,0,1,0,1,0
20635337-63.jpg,1599.5091856105173,911.2742466873864,355.2702261541868,317.03549774989904,1599.5091856105173,911.2742466873864,355.2702261541868,317.03549774989904,4,2,1,0,1,0,0,0,1,0,1,0,1,0
3c6f6940-104.jpg,310.05110732538344,569.1652470187394,186.03066439523,205.96252129471893,310.05110732538344,569.1652470187394,186.03066439523,205.96252129471893,0,0,0,0,0,0,0,0,1,0,1,0,1,0
3c6f6940-104.jpg,400.8517887563884,777.3424190800681,68.65417376490633,121.80579216354336,400.8517887563884,777.3424190800681,68.65417376490633,121.80579216354336,0,0,0,0,0,0,0,0,1,0,1,0,1,0
3c6f6940-104.jpg,482.7938671209541,498.2964224872232,214.8211243611584,245.8262350936968,482.7938671209541,498.2964224872232,214.8211243611584,245.8262350936968,0,0,0,0,0,0,0,0,1,0,1,0,1,0
3c6f6940-104.jpg,469.5059625212948,750.7666098807501,110.732538330494,128.4497939727669,469.5059625212948,750.7666098807501,110.732538330494,128.4497939727669,0,0,0,0,0,0,0,0,1,0,1,0,1,0
3c6f6940-104.jpg,566.9505962521295,677.6831345826234,152.81090289608173,186.0307040027454,566.9505962521295,677.6831345826234,152.81090289608173,186.0307040027454,0,0,0,0,0,0,0,0,1,0,1,0,1,0
3c6f6940-104.jpg,710.9028960817717,518.2282793867121,181.60136286201023,208.1771720613288,710.9028960817717,518.2282793867121,181.60136286201023,208.1771720613288,0,0,0,0,0,0,0,0,1,0,1,0,1,0
3c6f6940-104.jpg,715.3319937569522,697.6149914821121,150.596455987511,150.5962521294718,715.3319937569522,697.6149914821121,150.596455987511,150.5962521294718,0,0,0,0,0,0,0,0,1,0,1,0,1,0
3c6f6940-104.jpg,903.5775127768312,560.3066439522997,197.10391822827944,186.03066439523,903.5775127768312,560.3066439522997,197.10391822827944,186.03066439523,0,0,0,0,0,0,0,0,1,0,1,0,1,0
3c6f6940-104.jpg,868.1431005110733,699.8296422487222,174.95741056218066,212.60647359454853,868.1431005110733,699.8296422487222,174.95741056218066,212.60647359454853,0,0,0,0,0,0,0,0,1,0,1,0,1,0
3c6f6940-104.jpg,1448.381601362862,540.3747870528109,179.38671209540018,128.44974446337298,1448.381601362862,540.3747870528109,179.38671209540018,128.44974446337298,2,1,1,0,0,0,0,0,1,0,1,0,1,0
3c6f6940-104.jpg,1038.6712095400335,688.756388415673,174.95728315090577,166.09886690701404,1038.6712095400335,688.756388415673,174.95728315090577,166.09886690701404,0,0,0,0,0,0,0,0,1,0,1,0,1,0
3c6f6940-104.jpg,1111.75468483816,533.7308347529813,166.09880749574103,181.6013628620102,1111.75468483816,533.7308347529813,166.09880749574103,181.6013628620102,0,0,0,0,0,0,0,0,1,0,1,0,1,0
3c6f6940-104.jpg,1280.0680921360015,578.0238104776637,163.8842076936412,130.6644348374984,1280.0680921360015,578.0238104776637,163.8842076936412,130.6644348374984,0,0,0,0,0,0,0,0,1,0,1,0,1,0
3c6f6940-104.jpg,1184.838160136287,713.117546848382,126.23509369676344,104.08864544193708,1184.838160136287,713.117546848382,126.23509369676344,104.08864544193708,0,0,0,0,0,0,0,0,1,0,1,0,1,0
3c6f6940-104.jpg,1313.287802670638,677.683154386381,259.1141906578656,157.2400757048767,1313.287802670638,677.683154386381,259.1141906578656,157.2400757048767,1,1,1,0,0,0,0,0,1,0,1,0,1,0
642c620f-12.jpg,28.67647058823529,532.1078431372548,167.27943272440243,129.04411764705875,28.67647058823529,532.1078431372548,167.27943272440243,129.04411764705875,2,1,1,0,0,0,0,0,1,0,1,0,1,0
642c620f-12.jpg,6.372549019607831,650.0000000000002,178.43144590795768,183.2107843137255,6.372549019607831,650.0000000000002,178.43144590795768,183.2107843137255,1,1,1,0,0,0,0,0,1,0,1,0,1,0
642c620f-12.jpg,199.14215686274505,490.6861429515362,344.1176470588235,205.51483744062008,199.14215686274505,490.6861429515362,344.1176470588235,205.51483744062008,1,1,1,0,0,0,0,0,1,0,1,0,1,0
642c620f-12.jpg,176.83823529411757,667.5245098039215,344.11764705882365,181.6176470588235,176.83823529411757,667.5245098039215,344.11764705882365,181.6176470588235,1,1,1,0,0,0,0,0,1,0,1,0,1,0
642c620f-12.jpg,535.2941176470589,508.2106089027018,221.4460784313725,168.87272443063142,535.2941176470589,508.2106089027018,221.4460784313725,168.87272443063142,1,1,1,0,0,0,0,0,1,0,1,0,1,0
642c620f-12.jpg,511.3970588235293,664.3382352941176,243.75000000000003,234.19141766074583,511.3970588235293,664.3382352941176,243.75000000000003,234.19141766074583,0,0,0,0,0,0,0,0,1,0,1,0,1,0
642c620f-12.jpg,721.6911764705884,477.9411764705881,259.68137254901944,240.56372549019613,721.6911764705884,477.9411764705881,259.68137254901944,240.56372549019613,0,0,0,0,0,0,0,0,1,0,1,0,1,0
642c620f-12.jpg,984.558823529412,406.25,267.6470588235296,336.1519607843137,984.558823529412,406.25,267.6470588235296,336.1519607843137,2,1,1,0,0,0,0,0,1,0,1,0,1,0
642c620f-12.jpg,1258.5784313725492,428.5539215686275,246.93627450980387,331.3725490196079,1258.5784313725492,428.5539215686275,246.93627450980387,331.3725490196079,1,1,1,0,0,0,0,0,1,0,1,0,1,0
642c620f-12.jpg,755.1470588235294,635.6617647058823,238.9705882352941,210.29411764705887,755.1470588235294,635.6617647058823,238.9705882352941,210.29411764705887,0,0,0,0,0,0,0,0,1,0,1,0,1,0
642c620f-12.jpg,989.3382352941176,635.6617647058824,231.00490196078425,231.00490196078417,989.3382352941176,635.6617647058824,231.00490196078425,231.00490196078417,2,1,1,0,0,0,0,0,1,0,1,0,1,0
642c620f-12.jpg,1218.7500000000005,584.6813725490196,159.31372549019585,240.563725490196,1218.7500000000005,584.6813725490196,159.31372549019585,240.563725490196,0,0,0,0,0,0,0,0,1,0,1,0,1,0
642c620f-12.jpg,1715.8088235294117,436.5196078431373,84.43627450980415,243.75,1715.8088235294117,436.5196078431373,84.43627450980415,243.75,0,0,0,0,0,0,0,0,1,0,1,0,1,0
642c620f-12.jpg,1502.3284313725496,439.705882352941,211.88729682135417,364.8284313725488,1502.3284313725496,439.705882352941,211.88729682135417,364.8284313725488,1,1,1,0,0,0,0,0,1,0,1,0,1,0
642c620f-12.jpg,1805.024509803922,361.6421568627451,116.29901960784308,288.35784313725486,1805.024509803922,361.6421568627451,116.29901960784308,288.35784313725486,1,1,1,0,0,0,0,0,1,0,1,0,1,0
642c620f-12.jpg,1781.1274509803925,627.6960784313725,97.1813725490196,132.23039215686285,1781.1274509803925,627.6960784313725,97.1813725490196,132.23039215686285,0,0,0,0,0,0,0,0,1,0,1,0,1,0
642c620f-12.jpg,1720.5882038545728,675.4901960784315,57.35297261601529,84.4362745098039,1720.5882038545728,675.4901960784315,57.35297261601529,84.4362745098039,0,0,0,0,0,0,0,0,1,0,1,0,1,0
789284b8-137.jpg,9.09092345455062,907.2720860992736,359.9999999999998,378.1823839231003,9.09092345455062,907.2720860992736,359.9999999999998,378.1823839231003,3,2,1,0,1,0,0,0,1,0,1,0,1,0
789284b8-137.jpg,165.4545454545454,752.7272727272726,318.1818181818182,203.63636363636363,165.4545454545454,752.7272727272726,318.1818181818182,203.63636363636363,4,2,1,0,1,0,0,0,1,0,1,0,1,0
789284b8-137.jpg,230.90890418175087,410.9090909090908,310.90927763643094,323.63636363636346,230.90890418175087,410.9090909090908,310.90927763643094,323.63636363636346,5,3,1,0,1,0,1,0,1,0,1,0,1,0
789284b8-137.jpg,430.909090909091,274.5454545454545,172.72727272727272,187.2727272727272,430.909090909091,274.5454545454545,172.72727272727272,187.2727272727272,0,0,0,0,0,0,0,0,1,0,1,0,1,0
789284b8-137.jpg,594.5455407273039,205.45454545454524,189.09082290905988,194.54545454545445,594.5455407273039,205.45454545454524,189.09082290905988,194.54545454545445,5,3,1,0,1,0,1,0,1,0,1,0,1,0
789284b8-137.jpg,1518.181573999912,732.7272727272738,400.0002441819062,398.1818181818185,1518.181573999912,732.7272727272738,400.0002441819062,398.1818181818185,5,3,1,0,1,0,1,0,1,0,1,0,1,0
789284b8-137.jpg,1472.7272727272723,479.9998868517427,303.6362199999484,358.18193133007424,1472.7272727272723,479.9998868517427,303.6362199999484,358.18193133007424,4,2,1,0,1,0,0,0,1,0,1,0,1,0
789284b8-137.jpg,770.909090909091,169.0909090909091,245.45454545454547,190.90909090909088,770.909090909091,169.0909090909091,245.45454545454547,190.90909090909088,5,3,1,0,1,0,1,0,1,0,1,0,1,0
789284b8-137.jpg,1007.272727272727,185.4540551454336,232.72712909085752,172.72776303638454,1007.272727272727,185.4540551454336,232.72712909085752,172.72776303638454,5,3,1,0,1,0,1,0,1,0,1,0,1,0
789284b8-137.jpg,1234.5454545454538,250.9087891804066,201.8181818181816,174.54575627413868,1234.5454545454538,250.9087891804066,201.8181818181816,174.54575627413868,5,3,1,0,1,0,1,0,1,0,1,0,1,0
789284b8-137.jpg,1414.5454545454545,358.181818181818,196.36363636363623,172.72727272727272,1414.5454545454545,358.181818181818,196.36363636363623,172.72727272727272,0,0,0,0,0,0,0,0,1,0,1,0,1,0
4960af30-167.jpg,192.7696078431373,884.1911764705883,259.6813725490196,242.156862745098,192.7696078431373,884.1911764705883,259.6813725490196,242.156862745098,5,3,1,0,1,0,1,0,1,0,1,0,1,0
4960af30-167.jpg,274.01960784313724,667.5245098039215,299.5098039215687,269.24019607843144,274.01960784313724,667.5245098039215,299.5098039215687,269.24019607843144,6,3,1,0,1,0,1,0,1,0,1,0,1,0
4960af30-167.jpg,406.25,546.4460784313725,216.6666666666667,186.39705882352948,406.25,546.4460784313725,216.6666666666667,186.39705882352948,6,3,1,0,1,0,1,0,1,0,1,0,1,0
4960af30-167.jpg,487.4999526239584,418.9950103337038,203.92161600349257,202.32851907806065,487.4999526239584,418.9950103337038,203.92161600349257,202.32851907806065,0,0,0,0,0,0,0,0,1,0,1,0,1,0
4960af30-167.jpg,584.681325172978,283.57825596152554,175.24514541525744,203.9217440384743,584.681325172978,283.57825596152554,175.24514541525744,203.9217440384743,1,1,1,0,0,0,0,0,1,0,1,0,1,0
4960af30-167.jpg,755.1470588235295,309.0686274509804,168.87259639564965,197.5490196078431,755.1470588235295,309.0686274509804,168.87259639564965,197.5490196078431,0,0,0,0,0,0,0,0,1,0,1,0,1,0
4960af30-167.jpg,888.9705882352941,296.3235294117647,151.34803921568633,143.38235294117655,888.9705882352941,296.3235294117647,151.34803921568633,143.38235294117655,0,0,0,0,0,0,0,0,1,0,1,0,1,0
4960af30-167.jpg,1021.200980392157,329.7794117647059,160.9068627450982,141.7892156862745,1021.200980392157,329.7794117647059,160.9068627450982,141.7892156862745,0,0,0,0,0,0,0,0,1,0,1,0,1,0
4960af30-167.jpg,1162.9901960784314,364.8283655934151,165.6862429257761,149.7549677399181,1162.9901960784314,364.8283655934151,165.6862429257761,149.7549677399181,0,0,0,0,0,0,0,0,1,0,1,0,1,0
4960af30-167.jpg,1301.593137254902,368.0145304713293,148.16175680987538,132.23056756788645,1301.593137254902,368.0145304713293,148.16175680987538,132.23056756788645,0,0,0,0,0,0,0,0,1,0,1,0,1,0
4960af30-167.jpg,1328.742835711809,671.890609870684,280.9364613645095,234.443550736358,1328.742835711809,671.890609870684,280.9364613645095,234.443550736358,6,3,1,0,1,0,1,0,1,0,1,0,1,0
4960af30-167.jpg,1257.5195074785524,470.0912751783477,206.74549445486804,179.0475334752686,1257.5195074785524,470.0912751783477,206.74549445486804,179.0475334752686,0,0,0,0,0,0,0,0,1,0,1,0,1,0
4960af30-167.jpg,1416.7827831112504,502.73517808758993,191.90730107294007,205.75640409374049,1416.7827831112504,502.73517808758993,191.90730107294007,205.75640409374049,2,1,1,0,0,0,0,0,1,0,1,0,1,0
4960af30-167.jpg,1378.2034803182364,886.5499027644698,258.18453542875875,234.44345543446764,1378.2034803182364,886.5499027644698,258.18453542875875,234.44345543446764,4,2,1,0,1,0,0,0,1,0,1,0,1,0
4960af30-167.jpg,365.24947877859495,1146.672001720074,70.23411534112739,51.43907039068473,365.24947877859495,1146.672001720074,70.23411534112739,51.43907039068473,0,0,0,0,0,0,0,0,1,0,1,0,1,0
4960af30-167.jpg,445.3757230410079,1191.1865818658591,55.39592195919916,26.70874808747078,445.3757230410079,1191.1865818658591,55.39592195919916,26.70874808747078,0,0,0,0,0,0,0,0,1,0,1,0,1,0
4960af30-167.jpg,481.9766000497645,1178.3268142681875,90.01837318369859,86.06152161518429,481.9766000497645,1178.3268142681875,90.01837318369859,86.06152161518429,0,0,0,0,0,0,0,0,1,0,1,0,1,0
4960af30-167.jpg,555.1783540672777,1155.574849676453,168.1661916618546,141.4575116471618,555.1783540672777,1155.574849676453,168.1661916618546,141.4575116471618,0,0,0,0,0,0,0,0,1,0,1,0,1,0
4960af30-167.jpg,726.312184405518,1102.1574215742887,178.08709011091713,195.813748550351,726.312184405518,1102.1574215742887,178.08709011091713,195.813748550351,0,0,0,0,0,0,0,0,1,0,1,0,1,0
4960af30-167.jpg,869.7480537641583,1154.5857048571022,151.34957249566895,142.44665646651214,869.7480537641583,1154.5857048571022,151.34957249566895,142.44665646651214,0,0,0,0,0,0,0,0,1,0,1,0,1,0
4960af30-167.jpg,1013.1839231227988,1138.758298583046,148.38193381928335,154.3172111720544,1013.1839231227988,1138.758298583046,148.38193381928335,154.3172111720544,0,0,0,0,0,0,0,0,1,0,1,0,1,0
4960af30-167.jpg,1158.5981545293089,1140.7367243673027,164.2094038297294,151.34957249566864,1158.5981545293089,1140.7367243673027,164.2094038297294,151.34957249566864,0,0,0,0,0,0,0,0,1,0,1,0,1,0
4960af30-167.jpg,1306.98015208498,1213.9384783848157,136.51137911374065,83.09388293879859,1306.98015208498,1213.9384783848157,136.51137911374065,83.09388293879859,0,0,0,0,0,0,0,0,1,0,1,0,1,0
4960af30-167.jpg,1446.0407804080091,1263.3991229912438,83.09388293879863,34.6224512244992,1446.0407804080091,1263.3991229912438,83.09388293879863,34.6224512244992,0,0,0,0,0,0,0,0,1,0,1,0,1,0
4960af30-167.jpg,1471.7603156033513,1231.7443104431295,149.37114671141217,65.28805088048475,1471.7603156033513,1231.7443104431295,149.37114671141217,65.28805088048475,0,0,0,0,0,0,0,0,1,0,1,0,1,0
0a339b03-239.jpg,189.58333333333337,506.6176470588235,148.16176470588232,92.40196078431374,189.58333333333337,506.6176470588235,148.16176470588232,92.40196078431374,1,1,1,0,0,0,0,0,1,0,1,0,1,0
0a339b03-239.jpg,218.25980392156865,602.2058823529412,175.24509803921575,95.58823529411754,218.25980392156865,602.2058823529412,175.24509803921575,95.58823529411754,1,1,1,0,0,0,0,0,1,0,1,0,1,0
0a339b03-239.jpg,342.52450980392166,525.7352941176471,178.4313725490196,124.2647058823529,342.52450980392166,525.7352941176471,178.4313725490196,124.2647058823529,2,1,1,0,0,0,0,0,1,0,1,0,1,0
0a339b03-239.jpg,517.7696078431372,503.4313725490196,172.05882352941188,191.17647058823528,517.7696078431372,503.4313725490196,172.05882352941188,191.17647058823528,1,1,1,0,0,0,0,0,1,0,1,0,1,0
0a339b03-239.jpg,364.8284313725492,638.8480392156863,243.75000000000003,170.46597131742308,364.8284313725492,638.8480392156863,243.75000000000003,170.46597131742308,2,1,1,0,0,0,0,0,1,0,1,0,1,0
0a339b03-239.jpg,680.2696078431372,503.4313725490196,189.58333333333343,199.14215686274505,680.2696078431372,503.4313725490196,189.58333333333343,199.14215686274505,1,1,1,0,0,0,0,0,1,0,1,0,1,0
0a339b03-239.jpg,605.3921568627452,664.3382352941177,176.83823529411768,159.31372549019602,605.3921568627452,664.3382352941177,176.83823529411768,159.31372549019602,1,1,1,0,0,0,0,0,1,0,1,0,1,0
0a339b03-239.jpg,787.0098039215687,657.9656862745098,189.5833333333333,213.4803921568628,787.0098039215687,657.9656862745098,189.5833333333333,213.4803921568628,1,1,1,0,0,0,0,0,1,0,1,0,1,0
0a339b03-239.jpg,866.6666666666672,474.7549019607845,216.66666666666663,261.274729067701,866.6666666666672,474.7549019607845,216.66666666666663,261.274729067701,1,1,1,0,0,0,0,0,1,0,1,0,1,0
0a339b03-239.jpg,963.8480392156864,675.4901960784314,210.29411764705884,232.59803921568607,963.8480392156864,675.4901960784314,210.29411764705884,232.59803921568607,0,0,0,0,0,0,0,0,1,0,1,0,1,0
0a339b03-239.jpg,1083.333333333334,468.38235294117646,219.85296486449107,250.12274635700945,1083.333333333334,468.38235294117646,219.85296486449107,250.12274635700945,1,1,1,0,0,0,0,0,1,0,1,0,1,0
0a339b03-239.jpg,1300.0,438.1127450980392,237.37745098039227,277.2058823529412,1300.0,438.1127450980392,237.37745098039227,277.2058823529412,1,1,1,0,0,0,0,0,1,0,1,0,1,0
0a339b03-239.jpg,1535.7843137254902,420.5882352941176,205.51470588235304,289.9509803921568,1535.7843137254902,420.5882352941176,205.51470588235304,289.9509803921568,1,1,1,0,0,0,0,0,1,0,1,0,1,0
0a339b03-239.jpg,1185.2941176470592,656.3725490196075,149.75496512883964,183.21078431372564,1185.2941176470592,656.3725490196075,149.75496512883964,183.21078431372564,0,0,0,0,0,0,0,0,1,0,1,0,1,0
0a339b03-239.jpg,1335.0490196078435,672.3039215686275,135.41666666666657,159.31372549019602,1335.0490196078435,672.3039215686275,135.41666666666657,159.31372549019602,1,1,1,0,0,0,0,0,1,0,1,0,1,0
0a339b03-239.jpg,1460.9068627450984,691.421568627451,154.53431372549005,187.99019607843147,1460.9068627450984,691.421568627451,154.53431372549005,187.99019607843147,1,1,1,0,0,0,0,0,1,0,1,0,1,0
0a339b03-239.jpg,1609.0686274509803,707.3529411764706,86.02938018067813,154.53431372549025,1609.0686274509803,707.3529411764706,86.02938018067813,154.53431372549025,1,1,1,0,0,0,0,0,1,0,1,0,1,0
0a339b03-239.jpg,1715.8088235294117,446.07843137254895,108.33333333333344,242.15686274509807,1715.8088235294117,446.07843137254895,108.33333333333344,242.15686274509807,1,1,1,0,0,0,0,0,1,0,1,0,1,0
0a339b03-239.jpg,1814.5833333333333,446.07843137254906,93.99509803921576,232.5980392156864,1814.5833333333333,446.07843137254906,93.99509803921576,232.5980392156864,1,1,1,0,0,0,0,0,1,0,1,0,1,0
0a339b03-239.jpg,1683.9460784313724,675.4901960784314,119.48529411764724,194.36274509803903,1683.9460784313724,675.4901960784314,119.48529411764724,194.36274509803903,1,1,1,0,0,0,0,0,1,0,1,0,1,0
0a339b03-239.jpg,1792.279411764706,694.6078431372549,30.26960784313729,143.3823529411766,1792.279411764706,694.6078431372549,30.26960784313729,143.3823529411766,1,1,1,0,0,0,0,0,1,0,1,0,1,0
9a50228d-127.jpg,124.82441634611752,992.3363750587232,321.54310338422897,251.3743046845632,124.82441634611752,992.3363750587232,321.54310338422897,251.3743046845632,4,2,1,0,1,0,0,0,1,0,1,0,1,0
9a50228d-127.jpg,201.933074232024,769.4924337449646,335.4226618036924,316.1454973322156,201.933074232024,769.4924337449646,335.4226618036924,316.1454973322156,4,2,1,0,1,0,0,0,1,0,1,0,1,0
9a50228d-127.jpg,290.60803080081564,622.215009149998,283.7598610201349,189.68718643221484,290.60803080081564,622.215009149998,283.7598610201349,189.68718643221484,2,1,1,0,0,0,0,0,1,0,1,0,1,0
9a50228d-127.jpg,383.1384202639032,290.64752431576835,233.6392333942958,212.8200397228196,383.1384202639032,290.64752431576835,233.6392333942958,212.8200397228196,2,1,1,0,0,0,0,0,1,0,1,0,1,0
9a50228d-127.jpg,557.4039870860515,173.44238032449283,201.25359708221512,179.66330083657775,557.4039870860515,173.44238032449283,201.25359708221512,179.66330083657775,0,0,0,0,0,0,0,0,1,0,1,0,1,0
9a50228d-127.jpg,728.5852075927638,86.36169683221499,237.4946662885914,202.79577023993352,728.5852075927638,86.36169683221499,237.4946662885914,202.79577023993352,1,1,1,0,0,0,0,0,1,0,1,0,1,0
9a50228d-127.jpg,967.6220470390735,74.02431157046999,237.4946662885911,212.04880918624224,967.6220470390735,74.02431157046999,237.4946662885911,212.04880918624224,1,1,1,0,0,0,0,0,1,0,1,0,1,0
9a50228d-127.jpg,1160.3936917538351,179.66285296812038,209.73546416746,171.9526269916113,1160.3936917538351,179.66285296812038,209.73546416746,171.9526269916113,1,1,1,0,0,0,0,0,1,0,1,0,1,0
9a50228d-127.jpg,1289.9362370021572,320.00072228758427,229.7837700420696,212.8201037040276,1289.9362370021572,320.00072228758427,229.7837700420696,212.8201037040276,2,1,1,0,0,0,0,0,1,0,1,0,1,0
9a50228d-127.jpg,1356.2496279597644,645.3994665050329,261.3984416070159,195.8559910302016,1356.2496279597644,645.3994665050329,261.3984416070159,195.8559910302016,4,2,1,0,1,0,0,0,1,0,1,0,1,0
9a50228d-127.jpg,1375.419871124158,805.0143883288602,316.91668746804066,314.6033241744969,1375.419871124158,805.0143883288602,316.91668746804066,314.6033241744969,4,2,1,0,1,0,0,0,1,0,1,0,1,0
9a50228d-127.jpg,1503.4202432147638,997.7338531483174,255.22971851820947,293.0131079053694,1503.4202432147638,997.7338531483174,255.22971851820947,293.0131079053694,5,3,1,0,1,0,1,0,1,0,1,0,1,0
9426ba08-43.jpg,740.8088235294117,460.4166666666666,70.09803921568647,259.6813725490196,740.8088235294117,460.4166666666666,70.09803921568647,259.6813725490196,1,1,1,0,0,0,0,0,1,0,1,0,1,0
9426ba08-43.jpg,756.7401331993417,716.9117647058822,57.35300405556029,87.62254901960786,756.7401331993417,716.9117647058822,57.35300405556029,87.62254901960786,0,0,0,0,0,0,0,0,1,0,1,0,1,0
9426ba08-43.jpg,817.2794536840994,535.2941176470589,62.13239486056963,207.1078431372549,817.2794536840994,535.2941176470589,62.13239486056963,207.1078431372549,0,0,0,0,0,0,0,0,1,0,1,0,1,0
9426ba08-43.jpg,853.9215686274513,670.7107843137256,63.72549019607832,105.14705882352928,853.9215686274513,670.7107843137256,63.72549019607832,105.14705882352928,0,0,0,0,0,0,0,0,1,0,1,0,1,0
9426ba08-43.jpg,1018.0147058823532,428.5539215686275,81.25,231.00490196078425,1018.0147058823532,428.5539215686275,81.25,231.00490196078425,0,0,0,0,0,0,0,0,1,0,1,0,1,0
9426ba08-43.jpg,863.4803921568628,414.2156862745098,211.8872549019608,289.9509803921569,863.4803921568628,414.2156862745098,211.8872549019608,289.9509803921569,0,0,0,0,0,0,0,0,1,0,1,0,1,0
9426ba08-43.jpg,909.6813725490196,669.1176470588235,52.57352941176464,87.62254901960796,909.6813725490196,669.1176470588235,52.57352941176464,87.62254901960796,0,0,0,0,0,0,0,0,1,0,1,0,1,0
a1df39ae-119.jpg,49.86876640419956,65.61679790026243,372.7034120734908,254.5931758530184,49.86876640419956,65.61679790026243,372.7034120734908,254.5931758530184,4,2,1,0,1,0,0,0,1,0,1,0,1,0
a1df39ae-119.jpg,125.98425196850393,299.21259842519686,304.4619422572179,215.2230971128608,125.98425196850393,299.21259842519686,304.4619422572179,215.2230971128608,2,1,1,0,0,0,0,0,1,0,1,0,1,0
a1df39ae-119.jpg,238.8451443569554,461.94225721784767,312.3359580052493,244.0944881889764,238.8451443569554,461.94225721784767,312.3359580052493,244.0944881889764,1,1,1,0,0,0,0,0,1,0,1,0,1,0
a1df39ae-119.jpg,374.5454545454546,672.7272727272725,252.72727272727275,243.63636363636363,374.5454545454546,672.7272727272725,252.72727272727275,243.63636363636363,1,1,1,0,0,0,0,0,1,0,1,0,1,0
a1df39ae-119.jpg,530.9090909090911,854.545454545454,274.5453827272465,194.5454545454544,530.9090909090911,854.545454545454,274.5453827272465,194.5454545454544,1,1,1,0,0,0,0,0,1,0,1,0,1,0
a1df39ae-119.jpg,763.6363636363637,939.9999999999998,290.90909090909065,234.5454545454545,763.6363636363637,939.9999999999998,290.90909090909065,234.5454545454545,0,0,0,0,0,0,0,0,1,0,1,0,1,0
a1df39ae-119.jpg,1081.8181818181815,919.9999999999995,294.54545454545485,236.36363636363623,1081.8181818181815,919.9999999999995,294.54545454545485,236.36363636363623,0,0,0,0,0,0,0,0,1,0,1,0,1,0
a1df39ae-119.jpg,1329.0909090909092,830.909090909091,265.4545454545453,207.27272727272705,1329.0909090909092,830.909090909091,265.4545454545453,207.27272727272705,2,1,1,0,0,0,0,0,1,0,1,0,1,0
a1df39ae-119.jpg,1456.3636363636365,667.2727272727273,283.63636363636374,239.99999999999983,1456.3636363636365,667.2727272727273,283.63636363636374,239.99999999999983,2,1,1,0,0,0,0,0,1,0,1,0,1,0
a1df39ae-119.jpg,1567.272727272727,456.3637495118928,316.363636363636,241.81806866992528,1567.272727272727,456.3637495118928,316.363636363636,241.81806866992528,2,1,1,0,0,0,0,0,1,0,1,0,1,0
a1df39ae-119.jpg,1658.4932723174647,299.1598934499009,308.7220818250114,200.80595587733063,1658.4932723174647,299.1598934499009,308.7220818250114,200.80595587733063,3,2,1,0,1,0,0,0,1,0,1,0,1,0
a1df39ae-119.jpg,1677.617541151522,31.418675620099776,307.3561628304466,304.6239444195149,1677.617541151522,31.418675620099776,307.3561628304466,304.6239444195149,4,2,1,0,1,0,0,0,1,0,1,0,1,0
3e695421-170.jpg,297.91666666666674,442.89215686274514,119.4852941176471,132.23039215686265,297.91666666666674,442.89215686274514,119.4852941176471,132.23039215686265,2,1,1,0,0,0,0,0,1,0,1,0,1,0
3e695421-170.jpg,420.5882352941177,457.23039215686265,175.24509803921575,170.46568627450978,420.5882352941177,457.23039215686265,175.24509803921575,170.46568627450978,2,1,1,0,0,0,0,0,1,0,1,0,1,0
3e695421-170.jpg,307.47549019607845,570.343137254902,122.67156862745097,76.47058823529413,307.47549019607845,570.343137254902,122.67156862745097,76.47058823529413,1,1,1,0,0,0,0,0,1,0,1,0,1,0
3e695421-170.jpg,417.4019607843136,605.3921568627451,227.8186274509803,164.093488076949,417.4019607843136,605.3921568627451,227.8186274509803,164.093488076949,2,1,1,0,0,0,0,0,1,0,1,0,1,0
3e695421-170.jpg,581.4950980392158,506.6176470588235,164.09319252695053,184.80392156862752,581.4950980392158,506.6176470588235,164.09319252695053,184.80392156862752,1,1,1,0,0,0,0,0,1,0,1,0,1,0
3e695421-170.jpg,721.6911764705884,501.8382352941176,187.99019607843127,202.32843137254903,721.6911764705884,501.8382352941176,187.99019607843127,202.32843137254903,1,1,1,0,0,0,0,0,1,0,1,0,1,0
3e695421-170.jpg,638.8480392156866,669.1176470588235,160.90686274509807,146.56875900924814,638.8480392156866,669.1176470588235,160.90686274509807,146.56875900924814,1,1,1,0,0,0,0,0,1,0,1,0,1,0
3e695421-170.jpg,787.0098039215688,669.1176470588235,202.32843137254903,178.4313725490197,787.0098039215688,669.1176470588235,202.32843137254903,178.4313725490197,1,1,1,0,0,0,0,0,1,0,1,0,1,0
3e695421-170.jpg,900.1225490196081,505.0245098039216,202.3284313725489,234.19117647058812,900.1225490196081,505.0245098039216,202.3284313725489,234.19117647058812,1,1,1,0,0,0,0,0,1,0,1,0,1,0
3e695421-170.jpg,1094.4852941176473,503.43137254901967,219.85294117647044,221.4460784313726,1094.4852941176473,503.43137254901967,219.85294117647044,221.4460784313726,1,1,1,0,0,0,0,0,1,0,1,0,1,0
3e695421-170.jpg,1009.4487232381998,704.0163122410773,152.87835605623115,134.89266710843953,1009.4487232381998,704.0163122410773,152.87835605623115,134.89266710843953,0,0,0,0,0,0,0,0,1,0,1,0,1,0
3e695421-170.jpg,1170.4206393209377,668.9442187928832,160.9719160827379,154.6769249510105,1170.4206393209377,668.9442187928832,160.9719160827379,154.6769249510105,0,0,0,0,0,0,0,0,1,0,1,0,1,0
3e695421-170.jpg,1307.1118753241522,481.8928185753415,232.0153874265152,239.20989816613653,1307.1118753241522,481.8928185753415,232.0153874265152,239.20989816613653,1,1,1,0,0,0,0,0,1,0,1,0,1,0
3e695421-170.jpg,1525.6379960398208,507.9723027101442,222.1233119903139,182.5548294581692,1525.6379960398208,507.9723027101442,222.1233119903139,182.5548294581692,1,1,1,0,0,0,0,0,1,0,1,0,1,0
3e695421-170.jpg,1350.277528798853,713.9084411623622,104.3169958971931,53.05794329528026,1350.277528798853,713.9084411623622,104.3169958971931,53.05794329528026,1,1,1,0,0,0,0,0,1,0,1,0,1,0
3e695421-170.jpg,1479.7744892229528,682.4336587798887,136.691236003218,84.53251527098413,1479.7744892229528,682.4336587798887,136.691236003218,84.53251527098413,1,1,1,0,0,0,0,0,1,0,1,0,1,0
3e695421-170.jpg,1749.998923625692,609.5914452651698,73.74132468594667,51.25921350120714,1749.998923625692,609.5914452651698,73.74132468594667,51.25921350120714,1,1,1,0,0,0,0,0,1,0,1,0,1,0
3e695421-170.jpg,1725.7182435461727,648.2606765029225,74.64060913333697,58.4534890803239,1725.7182435461727,648.2606765029225,74.64060913333697,58.4534890803239,1,1,1,0,0,0,0,0,1,0,1,0,1,0
3e695421-170.jpg,1620.50196320159,680.634916608948,98.02200476546602,71.04347134377801,1620.50196320159,680.634916608948,98.02200476546602,71.04347134377801,1,1,1,0,0,0,0,0,1,0,1,0,1,0
caf12a43-66.jpg,208.7009803921568,645.2205882352946,310.6617647058821,152.941483439879,208.7009803921568,645.2205882352946,310.6617647058821,152.941483439879,3,2,1,0,1,0,0,0,1,0,1,0,1,0
caf12a43-66.jpg,100.36764705882356,635.6617647058823,133.8235294117647,89.21568627450985,100.36764705882356,635.6617647058823,133.8235294117647,89.21568627450985,0,0,0,0,0,0,0,0,1,0,1,0,1,0
caf12a43-66.jpg,65.31862745098039,442.8921568627452,194.36274509803923,173.65196078431364,65.31862745098039,442.8921568627452,194.36274509803923,173.65196078431364,0,0,0,0,0,0,0,0,1,0,1,0,1,0
caf12a43-66.jpg,259.6813725490196,519.3627450980392,259.6813725490196,156.12745098039224,259.6813725490196,519.3627450980392,259.6813725490196,156.12745098039224,0,0,0,0,0,0,0,0,1,0,1,0,1,0
caf12a43-66.jpg,514.5833333333335,552.8186274509803,172.05882352941174,149.75490196078428,514.5833333333335,552.8186274509803,172.05882352941174,149.75490196078428,0,0,0,0,0,0,0,0,1,0,1,0,1,0
caf12a43-66.jpg,489.09313725490193,696.2009803921569,189.5833333333333,137.00980392156862,489.09313725490193,696.2009803921569,189.5833333333333,137.00980392156862,0,0,0,0,0,0,0,0,1,0,1,0,1,0
caf12a43-66.jpg,677.0833333333335,524.1421568627452,205.5147058823529,199.1421568627451,677.0833333333335,524.1421568627452,205.5147058823529,199.1421568627451,0,0,0,0,0,0,0,0,1,0,1,0,1,0
caf12a43-66.jpg,667.5245098039218,710.5392156862745,207.10784313725483,167.27941176470603,667.5245098039218,710.5392156862745,207.10784313725483,167.27941176470603,0,0,0,0,0,0,0,0,1,0,1,0,1,0
caf12a43-66.jpg,881.0049019607845,484.3137254901961,250.122549019608,264.4607843137254,881.0049019607845,484.3137254901961,250.122549019608,264.4607843137254,1,1,1,0,0,0,0,0,1,0,1,0,1,0
caf12a43-66.jpg,882.5980392156861,696.2009803921568,221.4460784313726,202.3286725627065,882.5980392156861,696.2009803921568,221.4460784313726,202.3286725627065,0,0,0,0,0,0,0,0,1,0,1,0,1,0
caf12a43-66.jpg,1140.6862745098042,477.9411764705883,219.85294117647044,266.0539215686274,1140.6862745098042,477.9411764705883,219.85294117647044,266.0539215686274,0,0,0,0,0,0,0,0,1,0,1,0,1,0
caf12a43-66.jpg,1110.4166666666667,673.8970588235295,168.87254901960787,223.0392156862745,1110.4166666666667,673.8970588235295,168.87254901960787,223.0392156862745,0,0,0,0,0,0,0,0,1,0,1,0,1,0
caf12a43-66.jpg,1357.3529411764707,441.2990196078431,235.78431372549005,305.8823529411764,1357.3529411764707,441.2990196078431,235.78431372549005,305.8823529411764,0,0,0,0,0,0,0,0,1,0,1,0,1,0
caf12a43-66.jpg,1293.6274509803925,686.6421568627452,124.26470588235304,200.7352941176471,1293.6274509803925,686.6421568627452,124.26470588235304,200.7352941176471,0,0,0,0,0,0,0,0,1,0,1,0,1,0
caf12a43-66.jpg,1452.9411764705883,699.3872549019608,109.92647058823536,165.68627450980398,1452.9411764705883,699.3872549019608,109.92647058823536,165.68627450980398,0,0,0,0,0,0,0,0,1,0,1,0,1,0
caf12a43-66.jpg,1607.475490196079,372.7941176470588,207.1078431372547,307.4754901960784,1607.475490196079,372.7941176470588,207.1078431372547,307.4754901960784,0,0,0,0,0,0,0,0,1,0,1,0,1,0
caf12a43-66.jpg,1779.5343137254904,409.4362745098039,66.91176470588232,231.0049019607844,1779.5343137254904,409.4362745098039,66.91176470588232,231.0049019607844,0,0,0,0,0,0,0,0,1,0,1,0,1,0
caf12a43-66.jpg,1835.2941176470588,385.5392156862745,70.09803921568647,258.08823529411774,1835.2941176470588,385.5392156862745,70.09803921568647,258.08823529411774,0,0,0,0,0,0,0,0,1,0,1,0,1,0
caf12a43-66.jpg,1588.357843137255,661.1519607843136,55.759803921568505,151.34803921568636,1588.357843137255,661.1519607843136,55.759803921568505,151.34803921568636,0,0,0,0,0,0,0,0,1,0,1,0,1,0
caf12a43-66.jpg,1653.6764705882354,662.7450980392157,76.47058823529449,172.05882352941182,1653.6764705882354,662.7450980392157,76.47058823529449,172.05882352941182,0,0,0,0,0,0,0,0,1,0,1,0,1,0
b57361a1-225.jpg,41.42156862745099,348.89705882352945,52.57352941176471,116.29901960784312,41.42156862745099,348.89705882352945,52.57352941176471,116.29901960784312,0,0,0,0,0,0,0,0,1,0,1,0,1,0
b57361a1-225.jpg,86.02941176470586,398.2843137254904,70.09808659172792,156.12745098039218,86.02941176470586,398.2843137254904,70.09808659172792,156.12745098039218,0,0,0,0,0,0,0,0,1,0,1,0,1,0
b57361a1-225.jpg,54.166666666666686,508.2107843137255,113.11274509803924,82.84313725490199,54.166666666666686,508.2107843137255,113.11274509803924,82.84313725490199,0,0,0,0,0,0,0,0,1,0,1,0,1,0
b57361a1-225.jpg,146.56862745098044,382.3529411764706,82.84313725490195,211.8872549019608,146.56862745098044,382.3529411764706,82.84313725490195,211.8872549019608,0,0,0,0,0,0,0,0,1,0,1,0,1,0
b57361a1-225.jpg,133.8235294117647,576.7156862745097,143.38235294117644,168.87279020976538,133.8235294117647,576.7156862745097,143.38235294117644,168.87279020976538,0,0,0,0,0,0,0,0,1,0,1,0,1,0
b57361a1-225.jpg,221.4460784313726,368.0147058823529,117.8921568627451,264.46078431372547,221.4460784313726,368.0147058823529,117.8921568627451,264.46078431372547,0,0,0,0,0,0,0,0,1,0,1,0,1,0
b57361a1-225.jpg,229.41176470588235,626.1029411764706,130.63725490196083,173.65196078431376,229.41176470588235,626.1029411764706,130.63725490196083,173.65196078431376,0,0,0,0,0,0,0,0,1,0,1,0,1,0
b57361a1-225.jpg,326.593137254902,313.8480392156862,208.7009803921569,339.3382352941176,326.593137254902,313.8480392156862,208.7009803921569,339.3382352941176,0,0,0,0,0,0,0,0,1,0,1,0,1,0
b57361a1-225.jpg,321.81372549019613,618.1372549019607,183.21078431372555,227.81862745098047,321.81372549019613,618.1372549019607,183.21078431372555,227.81862745098047,0,0,0,0,0,0,0,0,1,0,1,0,1,0
b57361a1-225.jpg,450.857843137255,603.7990196078433,231.0049019607844,297.91666666666663,450.857843137255,603.7990196078433,231.0049019607844,297.91666666666663,0,0,0,0,0,0,0,0,1,0,1,0,1,0
b57361a1-225.jpg,536.8872549019607,375.9803921568628,235.78431372549028,274.01960784313724,536.8872549019607,375.9803921568628,235.78431372549028,274.01960784313724,0,0,0,0,0,0,0,0,1,0,1,0,1,0
b57361a1-225.jpg,766.2990196078431,326.59313725490176,278.79892485576,331.3725490196076,766.2990196078431,326.59313725490176,278.79892485576,331.3725490196076,1,1,1,0,0,0,0,0,1,0,1,0,1,0
b57361a1-225.jpg,627.6960784313726,626.1029411764706,213.4803921568627,165.6862745098038,627.6960784313726,626.1029411764706,213.4803921568627,165.6862745098038,0,0,0,0,0,0,0,0,1,0,1,0,1,0
b57361a1-225.jpg,842.7696078431375,643.6274509803922,160.90686274509807,106.74019607843128,842.7696078431375,643.6274509803922,160.90686274509807,106.74019607843128,0,0,0,0,0,0,0,0,1,0,1,0,1,0
b57361a1-225.jpg,1043.5049019607843,302.6960784313725,293.1372233179329,356.8627450980391,1043.5049019607843,302.6960784313725,293.1372233179329,356.8627450980391,0,0,0,0,0,0,0,0,1,0,1,0,1,0
b57361a1-225.jpg,1013.2352941176472,632.4754901960785,170.4656862745098,183.2107843137255,1013.2352941176472,632.4754901960785,170.4656862745098,183.2107843137255,0,0,0,0,0,0,0,0,1,0,1,0,1,0
b57361a1-225.jpg,1194.8529411764707,587.8676470588235,199.1421568627453,208.70098039215696,1194.8529411764707,587.8676470588235,199.1421568627453,208.70098039215696,0,0,0,0,0,0,0,0,1,0,1,0,1,0
b57361a1-225.jpg,1330.2696078431372,326.59313725490193,235.7843137254904,286.7647058823529,1330.2696078431372,326.59313725490193,235.7843137254904,286.7647058823529,0,0,0,0,0,0,0,0,1,0,1,0,1,0
b57361a1-225.jpg,1401.960784313726,573.5294117647059,203.9215686274511,324.9999999999999,1401.960784313726,573.5294117647059,203.9215686274511,324.9999999999999,0,0,0,0,0,0,0,0,1,0,1,0,1,0
b57361a1-225.jpg,1545.343137254902,299.5098039215686,211.8872549019605,293.1372549019608,1545.343137254902,299.5098039215686,211.8872549019605,293.1372549019608,1,1,1,0,0,0,0,0,1,0,1,0,1,0
b57361a1-225.jpg,1715.8088235294117,344.11764705882354,162.5,254.90196078431367,1715.8088235294117,344.11764705882354,162.5,254.90196078431367,0,0,0,0,0,0,0,0,1,0,1,0,1,0
b57361a1-225.jpg,1586.7647058823532,583.0882352941176,172.05882352941188,285.1715686274509,1586.7647058823532,583.0882352941176,172.05882352941188,285.1715686274509,1,1,1,0,0,0,0,0,1,0,1,0,1,0
446b990b-140.jpg,254.54545454545456,430.9090909090909,172.72727272727272,174.54545454545453,254.54545454545456,430.9090909090909,172.72727272727272,174.54545454545453,0,0,0,0,0,0,0,0,1,0,1,0,1,0
446b990b-140.jpg,214.54545454545456,558.1818181818181,50.9090909090909,85.45454545454535,214.54545454545456,558.1818181818181,50.9090909090909,85.45454545454535,0,0,0,0,0,0,0,0,1,0,1,0,1,0
446b990b-140.jpg,274.5454545454545,600.0,107.27272727272734,143.6363636363636,274.5454545454545,600.0,107.27272727272734,143.6363636363636,0,0,0,0,0,0,0,0,1,0,1,0,1,0
446b990b-140.jpg,387.2727272727272,387.2727272727272,245.45443054541323,298.1818181818181,387.2727272727272,387.2727272727272,245.45443054541323,298.1818181818181,0,0,0,0,0,0,0,0,1,0,1,0,1,0
446b990b-140.jpg,618.181818181818,381.8178046573264,294.5454545454545,309.0912862517639,618.181818181818,381.8178046573264,294.5454545454545,309.0912862517639,1,1,1,0,0,0,0,0,1,0,1,0,1,0
446b990b-140.jpg,867.2727272727268,461.8181818181818,219.99989945450992,269.09090909090884,867.2727272727268,461.8181818181818,219.99989945450992,269.09090909090884,1,1,1,0,0,0,0,0,1,0,1,0,1,0
446b990b-140.jpg,414.5454545454545,679.9999999999999,109.09090909090914,81.81818181818181,414.5454545454545,679.9999999999999,109.09090909090914,81.81818181818181,0,0,0,0,0,0,0,0,1,0,1,0,1,0
446b990b-140.jpg,532.727272727273,665.4545454545455,141.81818181818178,127.27250097621388,532.727272727273,665.4545454545455,141.81818181818178,127.27250097621388,0,0,0,0,0,0,0,0,1,0,1,0,1,0
446b990b-140.jpg,674.5454545454546,669.090909090909,176.3636363636364,196.36363636363612,674.5454545454546,669.090909090909,176.3636363636364,196.36363636363612,0,0,0,0,0,0,0,0,1,0,1,0,1,0
446b990b-140.jpg,841.8181818181819,685.4545454545453,109.09090909090908,118.18181818181812,841.8181818181819,685.4545454545453,109.09090909090908,118.18181818181812,0,0,0,0,0,0,0,0,1,0,1,0,1,0
446b990b-140.jpg,1085.4545454545455,470.9090909090907,209.09090909090887,292.72727272727263,1085.4545454545455,470.9090909090907,209.09090909090887,292.72727272727263,1,1,1,0,0,0,0,0,1,0,1,0,1,0
446b990b-140.jpg,1267.2727272727277,507.2727272727272,161.81818181818173,212.72727272727275,1267.2727272727277,507.2727272727272,161.81818181818173,212.72727272727275,1,1,1,0,0,0,0,0,1,0,1,0,1,0
446b990b-140.jpg,970.909090909091,649.090909090909,150.9090909090909,181.8181818181819,970.909090909091,649.090909090909,150.9090909090909,181.8181818181819,0,0,0,0,0,0,0,0,1,0,1,0,1,0
446b990b-140.jpg,1128.1681383922592,684.1284672260825,212.89714513862864,244.2801929928856,1128.1681383922592,684.1284672260825,212.89714513862864,244.2801929928856,0,0,0,0,0,0,0,0,1,0,1,0,1,0
446b990b-140.jpg,1420.7956357849143,488.1953675379955,212.89700442298732,150.1305569038596,1420.7956357849143,488.1953675379955,212.89700442298732,150.1305569038596,4,2,1,0,1,0,0,0,1,0,1,0,1,0
446b990b-140.jpg,1337.672502583907,682.4320767525934,86.51591414798673,103.47981888288628,1337.672502583907,682.4320767525934,86.51591414798673,103.47981888288628,0,0,0,0,0,0,0,0,1,0,1,0,1,0
446b990b-140.jpg,1416.554659601189,602.7017244985664,161.15709498154445,154.3715330875843,1416.554659601189,602.7017244985664,161.15709498154445,154.3715330875843,1,1,1,0,0,0,0,0,1,0,1,0,1,0
446b990b-140.jpg,1576.8635593459876,493.284433389472,119.59552838104078,170.48734815473202,1576.8635593459876,493.284433389472,119.59552838104078,170.48734815473202,4,2,1,0,1,0,0,0,1,0,1,0,1,0
27b9908b-255.jpg,55.75980392156864,487.5,125.85784313725492,114.70588235294125,55.75980392156864,487.5,125.85784313725492,114.70588235294125,0,0,0,0,0,0,0,0,1,0,1,0,1,0
27b9908b-255.jpg,47.79411764705885,599.0196078431369,121.078431372549,84.43607717240278,47.79411764705885,599.0196078431369,121.078431372549,84.43607717240278,1,1,1,0,0,0,0,0,1,0,1,0,1,0
27b9908b-255.jpg,141.78921568627453,643.6274509803923,133.8235294117647,138.60294117647052,141.78921568627453,643.6274509803923,133.8235294117647,138.60294117647052,0,0,0,0,0,0,0,0,1,0,1,0,1,0
27b9908b-255.jpg,149.75490196078434,514.5833333333333,106.74025135047988,151.3480392156862,149.75490196078434,514.5833333333333,106.74025135047988,151.3480392156862,0,0,0,0,0,0,0,0,1,0,1,0,1,0
27b9908b-255.jpg,238.9705882352941,468.3823529411765,133.82352941176475,210.29411764705887,238.9705882352941,468.3823529411765,133.82352941176475,210.29411764705887,0,0,0,0,0,0,0,0,1,0,1,0,1,0
27b9908b-255.jpg,374.3872549019607,462.0098039215682,181.61764705882345,266.0542723906748,374.3872549019607,462.0098039215682,181.61764705882345,266.0542723906748,0,0,0,0,0,0,0,0,1,0,1,0,1,0
27b9908b-255.jpg,423.77450980392166,688.2352941176472,195.9558823529412,156.12745098039213,423.77450980392166,688.2352941176472,195.9558823529412,156.12745098039213,1,1,1,0,0,0,0,0,1,0,1,0,1,0
27b9908b-255.jpg,552.8186274509806,471.5686274509804,199.14215686274508,243.7500000000001,552.8186274509806,471.5686274509804,199.14215686274508,243.7500000000001,1,1,1,0,0,0,0,0,1,0,1,0,1,0
27b9908b-255.jpg,278.7990196078432,648.406862745098,137.00980392156865,192.7696078431373,278.7990196078432,648.406862745098,137.00980392156865,192.7696078431373,0,0,0,0,0,0,0,0,1,0,1,0,1,0
27b9908b-255.jpg,748.8388414265155,457.8290928348921,264.58290272618694,293.56806340404086,748.8388414265155,457.8290928348921,264.58290272618694,293.56806340404086,0,0,0,0,0,0,0,0,1,0,1,0,1,0
27b9908b-255.jpg,613.5746096935273,663.6983423612714,158.3037911520528,173.16799689402956,613.5746096935273,663.6983423612714,158.3037911520528,173.16799689402956,1,1,1,0,0,0,0,0,1,0,1,0,1,0
27b9908b-255.jpg,814.984597497313,738.0193710711554,145.6692162713723,97.360547609948,814.984597497313,738.0193710711554,145.6692162713723,97.360547609948,0,0,0,0,0,0,0,0,1,0,1,0,1,0
27b9908b-255.jpg,1052.0686790818424,448.9105693897064,263.8396887555433,290.5952222556458,1052.0686790818424,448.9105693897064,263.8396887555433,290.5952222556458,0,0,0,0,0,0,0,0,1,0,1,0,1,0
27b9908b-255.jpg,1112.2686239317572,729.1008578547861,149.3853818967769,85.46918301636647,1112.2686239317572,729.1008578547861,149.3853818967769,85.46918301636647,1,1,1,0,0,0,0,0,1,0,1,0,1,0
27b9908b-255.jpg,1304.7601766954483,442.9648870929163,188.03220263600625,246.74581531681463,1304.7601766954483,442.9648870929163,188.03220263600625,246.74581531681463,1,1,1,0,0,0,0,0,1,0,1,0,1,0
27b9908b-255.jpg,1276.518185785692,669.6440246580623,184.3161512005122,159.79021172625036,1276.518185785692,669.6440246580623,184.3161512005122,159.79021172625036,1,1,1,0,0,0,0,0,1,0,1,0,1,0
27b9908b-255.jpg,1484.6170661733674,445.9377282413116,156.81737057785483,264.5828622071868,1484.6170661733674,445.9377282413116,156.81737057785483,264.5828622071868,0,0,0,0,0,0,0,0,1,0,1,0,1,0
27b9908b-255.jpg,1619.476333005394,482.3550323091548,122.62969737130874,197.6939363682913,1619.476333005394,482.3550323091548,122.62969737130874,197.6939363682913,1,1,1,0,0,0,0,0,1,0,1,0,1,0
27b9908b-255.jpg,1452.997228695254,678.5625481032483,175.39762775532608,210.3285112489716,1452.997228695254,678.5625481032483,175.39762775532608,210.3285112489716,0,0,0,0,0,0,0,0,1,0,1,0,1,0
27b9908b-255.jpg,1595.6936038182312,639.1724028870099,123.3729076584072,185.80257177471,1595.6936038182312,639.1724028870099,123.3729076584072,185.80257177471,0,0,0,0,0,0,0,0,1,0,1,0,1,0
27b9908b-255.jpg,1683.392417695894,640.6588234612074,138.9803236874827,140.46687723630367,1683.392417695894,640.6588234612074,138.9803236874827,140.46687723630367,2,1,1,0,0,0,0,0,1,0,1,0,1,0
27b9908b-255.jpg,1724.2689834863304,509.8538129318118,94.38770646155264,153.84452942945964,1724.2689834863304,509.8538129318118,94.38770646155264,153.84452942945964,1,1,1,0,0,0,0,0,1,0,1,0,1,0
27b9908b-255.jpg,1808.251745928499,486.8142940317477,88.44202416476207,134.52106196488998,1808.251745928499,486.8142940317477,88.44202416476207,134.52106196488998,1,1,1,0,0,0,0,0,1,0,1,0,1,0
27b9908b-255.jpg,1792.6443298994238,622.0785662837363,50.53829952272082,66.8889258388955,1792.6443298994238,622.0785662837363,50.53829952272082,66.8889258388955,0,0,0,0,0,0,0,0,1,0,1,0,1,0
3835a768-123.jpg,181.8181818181818,472.7272727272728,74.5454545454545,221.81818181818176,181.8181818181818,472.7272727272728,74.5454545454545,221.81818181818176,0,0,0,0,0,0,0,0,1,0,1,0,1,0
3835a768-123.jpg,232.72727272727275,487.2727272727272,92.72727272727272,210.90909090909088,232.72727272727275,487.2727272727272,92.72727272727272,210.90909090909088,0,0,0,0,0,0,0,0,1,0,1,0,1,0
3835a768-123.jpg,258.1818181818182,447.2727272727272,198.18181818181816,241.8181818181818,258.1818181818182,447.2727272727272,198.18181818181816,241.8181818181818,0,0,0,0,0,0,0,0,1,0,1,0,1,0
3835a768-123.jpg,420.0000000000001,465.45454545454527,181.81818181818176,234.54545454545445,420.0000000000001,465.45454545454527,181.81818181818176,234.54545454545445,0,0,0,0,0,0,0,0,1,0,1,0,1,0
3835a768-123.jpg,590.909090909091,460.0000000000002,170.90900472724147,234.5454545454545,590.909090909091,460.0000000000002,170.90900472724147,234.5454545454545,0,0,0,0,0,0,0,0,1,0,1,0,1,0
3835a768-123.jpg,765.4545454545456,474.54545454545416,176.36340654537187,225.4545454545453,765.4545454545456,474.54545454545416,176.36340654537187,225.4545454545453,1,1,1,0,0,0,0,0,1,0,1,0,1,0
3835a768-123.jpg,276.3636363636364,689.0909090909089,101.81818181818188,190.90912862517635,276.3636363636364,689.0909090909089,101.81818181818188,190.90912862517635,0,0,0,0,0,0,0,0,1,0,1,0,1,0
3835a768-123.jpg,356.36363636363615,685.4545454545455,85.4545167272624,156.36393809232052,356.36363636363615,685.4545454545455,85.4545167272624,156.36393809232052,0,0,0,0,0,0,0,0,1,0,1,0,1,0
3835a768-123.jpg,409.0909090909091,687.2727272727273,96.36363636363632,150.90909090909088,409.0909090909091,687.2727272727273,96.36363636363632,150.90909090909088,0,0,0,0,0,0,0,0,1,0,1,0,1,0
3835a768-123.jpg,498.18181818181847,689.090909090909,112.72725836363088,152.7272727272727,498.18181818181847,689.090909090909,112.72725836363088,152.7272727272727,0,0,0,0,0,0,0,0,1,0,1,0,1,0
3835a768-123.jpg,610.9090909090909,685.4545454545454,127.2727272727272,167.27272727272725,610.9090909090909,685.4545454545454,127.2727272727272,167.27272727272725,0,0,0,0,0,0,0,0,1,0,1,0,1,0
3835a768-123.jpg,739.9999999999997,678.181818181818,163.63636363636363,210.9092417734329,739.9999999999997,678.181818181818,163.63636363636363,210.9092417734329,1,1,1,0,0,0,0,0,1,0,1,0,1,0
3835a768-123.jpg,943.636435454571,541.8180309538395,154.54529654539806,161.8181818181818,943.636435454571,541.8180309538395,154.54529654539806,161.8181818181818,1,1,1,0,0,0,0,0,1,0,1,0,1,0
3835a768-123.jpg,900.0,676.3636363636365,167.2726841818029,196.3636363636361,900.0,676.3636363636365,167.2726841818029,196.3636363636361,0,0,0,0,0,0,0,0,1,0,1,0,1,0
3835a768-123.jpg,1244.6166957397973,556.2628772617015,188.2992688491907,133.16665216896004,1244.6166957397973,556.2628772617015,188.2992688491907,133.16665216896004,2,1,1,0,0,0,0,0,1,0,1,0,1,0
3835a768-123.jpg,1064.7993055498637,678.4029913529772,156.06787665586086,162.00529021828896,1064.7993055498637,678.4029913529772,156.06787665586086,162.00529021828896,1,1,1,0,0,0,0,0,1,0,1,0,1,0
3835a768-123.jpg,1097.8788929799389,562.2002439189163,148.4342468393068,139.9522140629194,1097.8788929799389,562.2002439189163,148.4342468393068,139.9522140629194,0,0,0,0,0,0,0,0,1,0,1,0,1,0
3835a768-123.jpg,1214.0816672169767,672.4656246957624,202.7186280783233,122.14030763443036,1214.0816672169767,672.4656246957624,202.7186280783233,122.14030763443036,1,1,1,0,0,0,0,0,1,0,1,0,1,0
3835a768-123.jpg,1430.3714525869452,560.5038534454271,66.15922846610772,78.8821570172821,1430.3714525869452,560.5038534454271,66.15922846610772,78.8821570172821,2,1,1,0,0,0,0,0,1,0,1,0,1,0
3835a768-123.jpg,1420.1931097460058,637.6896199892193,82.27492456277248,93.30147604194669,1420.1931097460058,637.6896199892193,82.27492456277248,93.30147604194669,0,0,0,0,0,0,0,0,1,0,1,0,1,0
414e441d-281.jpg,358.79196495979545,690.0257483946083,173.11225612249729,123.65161151606948,358.79196495979545,690.0257483946083,173.11225612249729,123.65161151606948,5,3,1,0,1,0,1,0,1,0,1,0,1,0
414e441d-281.jpg,345.93219736212416,565.3849239864104,149.37114671141202,139.4790177901263,345.93219736212416,565.3849239864104,149.37114671141202,139.4790177901263,2,1,1,0,0,0,0,0,1,0,1,0,1,0
414e441d-281.jpg,457.7132541726511,548.5683048202251,202.7886428863539,165.1985529854687,457.7132541726511,548.5683048202251,202.7886428863539,165.1985529854687,2,1,1,0,0,0,0,0,1,0,1,0,1,0
414e441d-281.jpg,500.2494085341789,715.7452835899509,245.3247972478819,142.44665646651194,500.2494085341789,715.7452835899509,245.3247972478819,142.44665646651194,1,1,1,0,0,0,0,0,1,0,1,0,1,0
414e441d-281.jpg,642.6960650006911,566.3741368785389,130.5761017609693,161.24170141695458,642.6960650006911,566.3741368785389,130.5761017609693,161.24170141695458,1,1,1,0,0,0,0,0,1,0,1,0,1,0
414e441d-281.jpg,746.5634186741894,521.8595567327541,174.10146901462582,224.551326513182,746.5634186741894,521.8595567327541,174.10146901462582,224.551326513182,1,1,1,0,0,0,0,0,1,0,1,0,1,0
414e441d-281.jpg,716.8870319103327,731.5726898640077,147.3927209271548,160.25248852482596,716.8870319103327,731.5726898640077,147.3927209271548,160.25248852482596,1,1,1,0,0,0,0,0,1,0,1,0,1,0
414e441d-281.jpg,896.9237782777308,487.23710550825456,237.4110548884601,277.968822688124,896.9237782777308,487.23710550825456,237.4110548884601,277.968822688124,1,1,1,0,0,0,0,0,1,0,1,0,1,0
414e441d-281.jpg,851.4199852398164,719.7021351584651,231.475816758082,214.6591975918966,851.4199852398164,719.7021351584651,231.475816758082,214.6591975918966,1,1,1,0,0,0,0,0,1,0,1,0,1,0
414e441d-281.jpg,1130.3780208200687,514.9350664878541,233.45424254233905,276.97960979599554,1130.3780208200687,514.9350664878541,233.45424254233905,276.97960979599554,1,1,1,0,0,0,0,0,1,0,1,0,1,0
414e441d-281.jpg,1083.8850148900267,699.9178773158939,193.8857268571969,153.32799827992625,1083.8850148900267,699.9178773158939,193.8857268571969,153.32799827992625,1,1,1,0,0,0,0,0,1,0,1,0,1,0
414e441d-281.jpg,1361.957684577084,479.32340237122605,279.9473220143649,315.558912589009,1361.957684577084,479.32340237122605,279.9473220143649,315.558912589009,2,1,1,0,0,0,0,0,1,0,1,0,1,0
414e441d-281.jpg,1630.03437834392,428.87354487266987,259.1737777376815,335.3431704315804,1630.03437834392,428.87354487266987,259.1737777376815,335.3431704315804,2,1,1,0,0,0,0,0,1,0,1,0,1,0
414e441d-281.jpg,1897.1218592186303,495.150808645283,94.9644376443416,219.6052620525394,1897.1218592186303,495.150808645283,94.9644376443416,219.6052620525394,2,1,1,0,0,0,0,0,1,0,1,0,1,0
414e441d-281.jpg,1613.2177150525436,740.475605893165,151.34961662086266,117.71633416329806,1613.2177150525436,740.475605893165,151.34961662086266,117.71633416329806,1,1,1,0,0,0,0,0,1,0,1,0,1,0
414e441d-281.jpg,1473.7387413876083,787.9578247153355,124.64082440819794,25.719535195342367,1473.7387413876083,787.9578247153355,124.64082440819794,25.719535195342367,1,1,1,0,0,0,0,0,1,0,1,0,1,0
414e441d-281.jpg,1780.3947379474612,749.3785219223217,67.26647666474179,61.33119931197045,1780.3947379474612,749.3785219223217,67.26647666474179,61.33119931197045,1,1,1,0,0,0,0,0,1,0,1,0,1,0
414e441d-281.jpg,1855.5749177492312,683.1012581497085,95.95365053647016,122.66239862394087,1855.5749177492312,683.1012581497085,95.95365053647016,122.66239862394087,1,1,1,0,0,0,0,0,1,0,1,0,1,0
414e441d-281.jpg,1948.5608707757265,728.6050511876222,47.48227765576061,67.2664766647418,1948.5608707757265,728.6050511876222,47.48227765576061,67.2664766647418,1,1,1,0,0,0,0,0,1,0,1,0,1,0
79c6a9e2-214.jpg,713.7254901960787,388.72549019607845,207.10784313725483,221.44607843137257,713.7254901960787,388.72549019607845,207.10784313725483,221.44607843137257,1,1,1,0,0,0,0,0,1,0,1,0,1,0
79c6a9e2-214.jpg,922.4264705882354,390.31862745098033,165.68627450980387,231.0049019607844,922.4264705882354,390.31862745098033,165.68627450980387,231.0049019607844,2,1,1,0,0,0,0,0,1,0,1,0,1,0
79c6a9e2-214.jpg,888.9705882352941,597.4264705882351,74.87745098039227,202.3284313725491,888.9705882352941,597.4264705882351,74.87745098039227,202.3284313725491,2,1,1,0,0,0,0,0,1,0,1,0,1,0
79c6a9e2-214.jpg,740.8088235294117,594.2401960784314,135.41666666666686,186.3970588235294,740.8088235294117,594.2401960784314,135.41666666666686,186.3970588235294,2,1,1,0,0,0,0,0,1,0,1,0,1,0
79c6a9e2-214.jpg,981.3725490196072,621.3235294117646,54.1666666666667,173.6520923425815,981.3725490196072,621.3235294117646,54.1666666666667,173.6520923425815,1,1,1,0,0,0,0,0,1,0,1,0,1,0
79c6a9e2-214.jpg,1083.3333333333337,387.1323529411762,89.21564679447545,278.7990196078431,1083.3333333333337,387.1323529411762,89.21564679447545,278.7990196078431,1,1,1,0,0,0,0,0,1,0,1,0,1,0
c195bcab-20.jpg,36.64215686274511,0.0,325.00000000000006,301.1029411764706,36.64215686274511,0.0,325.00000000000006,301.1029411764706,6,3,1,0,1,0,1,0,1,0,1,0,1,0
c195bcab-20.jpg,160.90686274509818,270.83333333333337,302.6961308306139,331.37254901960773,160.90686274509818,270.83333333333337,302.6961308306139,331.37254901960773,6,3,1,0,1,0,1,0,1,0,1,0,1,0
c195bcab-20.jpg,662.7450980392157,1005.2696078431374,191.17647058823536,191.17647058823528,662.7450980392157,1005.2696078431374,191.17647058823536,191.17647058823528,1,1,1,0,0,0,0,0,1,0,1,0,1,0
c195bcab-20.jpg,834.8039215686277,1029.166820151312,162.50000000000003,176.83808180947227,834.8039215686277,1029.166820151312,162.50000000000003,176.83808180947227,1,1,1,0,0,0,0,0,1,0,1,0,1,0
c195bcab-20.jpg,1003.6764705882356,1018.0147716614867,151.3480392156863,178.4313067698858,1003.6764705882356,1018.0147716614867,151.3480392156863,178.4313067698858,1,1,1,0,0,0,0,0,1,0,1,0,1,0
c195bcab-20.jpg,1151.8382352941176,976.593137254902,176.83823529411754,184.8039215686275,1151.8382352941176,976.593137254902,176.83823529411754,184.8039215686275,1,1,1,0,0,0,0,0,1,0,1,0,1,0
c195bcab-20.jpg,1446.5686274509806,454.0441176470589,269.2401960784312,234.1911764705884,1446.5686274509806,454.0441176470589,269.2401960784312,234.1911764705884,2,1,1,0,0,0,0,0,1,0,1,0,1,0
c195bcab-20.jpg,1473.6519817440103,167.27932405919407,321.81372549019613,302.69607843137254,1473.6519817440103,167.27932405919407,321.81372549019613,302.69607843137254,6,3,1,0,1,0,1,0,1,0,1,0,1,0
c195bcab-20.jpg,1497.5490196078435,1.5931372549019471,313.8480392156862,167.2794117647059,1497.5490196078435,1.5931372549019471,313.8480392156862,167.2794117647059,6,3,1,0,1,0,1,0,1,0,1,0,1,0
c195bcab-20.jpg,277.2058823529412,536.8872549019607,224.6323529411765,237.37745098039213,277.2058823529412,536.8872549019607,224.6323529411765,237.37745098039213,2,1,1,0,0,0,0,0,1,0,1,0,1,0
c195bcab-20.jpg,340.9313725490197,720.0980392156864,235.7843137254902,240.56372549019613,340.9313725490197,720.0980392156864,235.7843137254902,240.56372549019613,2,1,1,0,0,0,0,0,1,0,1,0,1,0
c195bcab-20.jpg,498.6519607843138,900.1225490196078,205.5147058823529,226.22549019607848,498.6519607843138,900.1225490196078,205.5147058823529,226.22549019607848,2,1,1,0,0,0,0,0,1,0,1,0,1,0
c195bcab-20.jpg,1307.9656862745098,852.328431372549,192.7696078431373,218.25980392156853,1307.9656862745098,852.328431372549,192.7696078431373,218.25980392156853,2,1,1,0,0,0,0,0,1,0,1,0,1,0
c195bcab-20.jpg,1422.671568627451,664.3382352941177,219.85294117647072,227.8186274509804,1422.671568627451,664.3382352941177,219.85294117647072,227.8186274509804,2,1,1,0,0,0,0,0,1,0,1,0,1,0
f11eea49-190.jpg,31.862745098039227,724.877144011101,395.0980392156864,411.0297187339971,31.862745098039227,724.877144011101,395.0980392156864,411.0297187339971,4,2,1,0,1,0,0,0,1,0,1,0,1,0
f11eea49-190.jpg,81.25000000000001,1153.4313725490194,191.17647058823533,116.29901960784323,81.25000000000001,1153.4313725490194,191.17647058823533,116.29901960784323,0,0,0,0,0,0,0,0,1,0,1,0,1,0
f11eea49-190.jpg,197.54901960784312,557.5980392156862,305.8823529411765,216.66666666666663,197.54901960784312,557.5980392156862,305.8823529411765,216.66666666666663,1,1,1,0,0,0,0,0,1,0,1,0,1,0
f11eea49-190.jpg,313.8479760476308,366.4215686274511,267.64712199158504,254.90196078431376,313.8479760476308,366.4215686274511,267.64712199158504,254.90196078431376,1,1,1,0,0,0,0,0,1,0,1,0,1,0
f11eea49-190.jpg,450.8577483851716,194.362438128748,256.49519279129885,232.5983461849773,450.8577483851716,194.362438128748,256.49519279129885,232.5983461849773,1,1,1,0,0,0,0,0,1,0,1,0,1,0
f11eea49-190.jpg,657.96568627451,127.45098039215692,208.7009803921569,203.9215686274509,657.96568627451,127.45098039215692,208.7009803921569,203.9215686274509,0,0,0,0,0,0,0,0,1,0,1,0,1,0
f11eea49-190.jpg,863.4803921568629,95.58823529411768,203.9215686274511,205.51470588235296,863.4803921568629,95.58823529411768,203.9215686274511,205.51470588235296,0,0,0,0,0,0,0,0,1,0,1,0,1,0
f11eea49-190.jpg,1057.843137254902,108.33333333333329,207.107764177186,202.32843137254903,1057.843137254902,108.33333333333329,207.107764177186,202.32843137254903,0,0,0,0,0,0,0,0,1,0,1,0,1,0
f11eea49-190.jpg,1228.308823529412,157.72034704513678,211.88725490196072,200.73553530780447,1228.308823529412,157.72034704513678,211.88725490196072,200.73553530780447,0,0,0,0,0,0,0,0,1,0,1,0,1,0
f11eea49-190.jpg,1378.063725490197,246.935901761379,248.5294117647057,235.7846864739152,1378.063725490197,246.935901761379,248.5294117647057,235.7846864739152,0,0,0,0,0,0,0,0,1,0,1,0,1,0
f11eea49-190.jpg,1432.2303921568632,468.3823529411766,283.5784313725489,251.71568627450984,1432.2303921568632,468.3823529411766,283.5784313725489,251.71568627450984,0,0,0,0,0,0,0,0,1,0,1,0,1,0
f11eea49-190.jpg,1454.5343137254904,716.9117647058824,339.3382352941177,232.59803921568616,1454.5343137254904,716.9117647058824,339.3382352941177,232.59803921568616,0,0,0,0,0,0,0,0,1,0,1,0,1,0
f11eea49-190.jpg,1481.6176470588234,935.1715686274508,379.16666666666686,345.71078431372547,1481.6176470588234,935.1715686274508,379.16666666666686,345.71078431372547,4,2,1,0,1,0,0,0,1,0,1,0,1,0
05d52c36-8.jpg,1357.3529411764705,294.7303921568628,299.5098039215685,391.9117647058824,1357.3529411764705,294.7303921568628,299.5098039215685,391.9117647058824,1,1,1,0,0,0,0,0,1,0,1,0,1,0
05d52c36-8.jpg,1019.6078431372551,348.896927265262,348.8970588235296,388.7256217543463,1019.6078431372551,348.896927265262,348.8970588235296,388.7256217543463,1,1,1,0,0,0,0,0,1,0,1,0,1,0
05d52c36-8.jpg,712.1324682195078,407.84307147576806,305.8822376628455,302.6961442105062,712.1324682195078,407.84307147576806,305.8822376628455,302.6961442105062,0,0,0,0,0,0,0,0,1,0,1,0,1,0
05d52c36-8.jpg,422.18137254901967,395.0980392156863,293.13725490196083,304.28921568627453,422.18137254901967,395.0980392156863,293.13725490196083,304.28921568627453,1,1,1,0,0,0,0,0,1,0,1,0,1,0
05d52c36-8.jpg,146.56862745098042,407.843137254902,278.79901960784315,272.4264705882353,146.56862745098042,407.843137254902,278.79901960784315,272.4264705882353,0,0,0,0,0,0,0,0,1,0,1,0,1,0
05d52c36-8.jpg,7.965686274509807,444.4852941176472,151.3480392156863,173.65196078431364,7.965686274509807,444.4852941176472,151.3480392156863,173.65196078431364,1,1,1,0,0,0,0,0,1,0,1,0,1,0
05d52c36-8.jpg,6.372549019607831,616.5441176470588,208.70098039215688,170.46568627450978,6.372549019607831,616.5441176470588,208.70098039215688,170.46568627450978,1,1,1,0,0,0,0,0,1,0,1,0,1,0
05d52c36-8.jpg,178.43137254901973,622.9166666666664,270.8333333333335,238.9708732782073,178.43137254901973,622.9166666666664,270.8333333333335,238.9708732782073,2,1,1,0,0,0,0,0,1,0,1,0,1,0
05d52c36-8.jpg,374.3872549019607,685.049019607843,310.66176470588243,245.3434442241933,374.3872549019607,685.049019607843,310.66176470588243,245.3434442241933,2,1,1,0,0,0,0,0,1,0,1,0,1,0
05d52c36-8.jpg,680.269524004351,665.9313725490198,267.64714266231607,285.1718755967421,680.269524004351,665.9313725490198,267.64714266231607,285.1718755967421,1,1,1,0,0,0,0,0,1,0,1,0,1,0
05d52c36-8.jpg,957.4754901960786,678.6764705882355,226.22549019607845,197.54901960784312,957.4754901960786,678.6764705882355,226.22549019607845,197.54901960784312,0,0,0,0,0,0,0,0,1,0,1,0,1,0
05d52c36-8.jpg,1183.700865113826,662.7450980392158,200.73551419446005,211.8872549019607,1183.700865113826,662.7450980392158,200.73551419446005,211.8872549019607,0,0,0,0,0,0,0,0,1,0,1,0,1,0
05d52c36-8.jpg,1386.0294117647063,680.2696078431374,160.90687322494634,168.8725490196078,1386.0294117647063,680.2696078431374,160.90687322494634,168.8725490196078,0,0,0,0,0,0,0,0,1,0,1,0,1,0
05d52c36-8.jpg,1663.235294117647,291.54411764705884,195.9558823529412,344.11764705882354,1663.235294117647,291.54411764705884,195.9558823529412,344.11764705882354,1,1,1,0,0,0,0,0,1,0,1,0,1,0
05d52c36-8.jpg,1865.563725490196,331.37254901960785,39.828431372549176,192.7696078431373,1865.563725490196,331.37254901960785,39.828431372549176,192.7696078431373,0,0,0,0,0,0,0,0,1,0,1,0,1,0
05d52c36-8.jpg,1908.578399933004,281.9852941176471,43.01473732189791,205.51470588235304,1908.578399933004,281.9852941176471,43.01473732189791,205.51470588235304,0,0,0,0,0,0,0,0,1,0,1,0,1,0
05d52c36-8.jpg,1556.4950875593677,632.4754901960785,143.3823634210249,160.9068627450981,1556.4950875593677,632.4754901960785,143.3823634210249,160.9068627450981,0,0,0,0,0,0,0,0,1,0,1,0,1,0
05d52c36-8.jpg,1701.470588235294,621.3235294117646,81.25,157.72058823529403,1701.470588235294,621.3235294117646,81.25,157.72058823529403,0,0,0,0,0,0,0,0,1,0,1,0,1,0
05d52c36-8.jpg,1779.5343137254904,576.7156862745097,68.5049438801773,176.83823529411774,1779.5343137254904,576.7156862745097,68.5049438801773,176.83823529411774,0,0,0,0,0,0,0,0,1,0,1,0,1,0
536db3ad-17.jpg,771.078399933004,415.8088235294118,277.2059137924862,310.6617647058824,771.078399933004,415.8088235294118,277.2059137924862,310.6617647058824,1,1,1,0,0,0,0,0,1,0,1,0,1,0
536db3ad-17.jpg,1048.2843137254902,446.07843137254895,246.936274509804,251.71568627450972,1048.2843137254902,446.07843137254895,246.936274509804,251.71568627450972,4,2,1,0,1,0,0,0,1,0,1,0,1,0
536db3ad-17.jpg,1293.627450980392,387.13235294117646,291.54411764705884,321.8137254901961,1293.627450980392,387.13235294117646,291.54411764705884,321.8137254901961,4,2,1,0,1,0,0,0,1,0,1,0,1,0
536db3ad-17.jpg,1569.2401960784316,372.7941176470588,213.4803921568627,296.3235294117647,1569.2401960784316,372.7941176470588,213.4803921568627,296.3235294117647,2,1,1,0,0,0,0,0,1,0,1,0,1,0
536db3ad-17.jpg,1749.2647058823532,312.2549019607843,119.48529411764696,297.9166666666667,1749.2647058823532,312.2549019607843,119.48529411764696,297.9166666666667,1,1,1,0,0,0,0,0,1,0,1,0,1,0
536db3ad-17.jpg,1824.1421568627447,223.03921568627453,92.4019607843138,291.5441176470588,1824.1421568627447,223.03921568627453,92.4019607843138,291.5441176470588,1,1,1,0,0,0,0,0,1,0,1,0,1,0
536db3ad-17.jpg,548.0392156862745,442.8921568627451,232.5980392156864,267.6470588235293,548.0392156862745,442.8921568627451,232.5980392156864,267.6470588235293,2,1,1,0,0,0,0,0,1,0,1,0,1,0
536db3ad-17.jpg,350.4901960784315,438.1127450980392,197.54901960784315,219.85294117647047,350.4901960784315,438.1127450980392,197.54901960784315,219.85294117647047,2,1,1,0,0,0,0,0,1,0,1,0,1,0
536db3ad-17.jpg,132.2303921568627,439.7058823529413,229.41176470588243,164.09313725490188,132.2303921568627,439.7058823529413,229.41176470588243,164.09313725490188,3,2,1,0,1,0,0,0,1,0,1,0,1,0
536db3ad-17.jpg,71.69117647058823,477.9411764705883,63.72549019607844,86.02941176470588,71.69117647058823,477.9411764705883,63.72549019607844,86.02941176470588,4,2,1,0,1,0,0,0,1,0,1,0,1,0
536db3ad-17.jpg,68.50491244063258,552.8186713037358,210.2940442881209,132.23056756788654,68.50491244063258,552.8186713037358,210.2940442881209,132.23056756788654,1,1,1,0,0,0,0,0,1,0,1,0,1,0
536db3ad-17.jpg,251.71578059314425,599.0196078431368,293.1371605833264,224.63320806991635,251.71578059314425,599.0196078431368,293.1371605833264,224.63320806991635,5,3,1,0,1,0,1,0,1,0,1,0,1,0
536db3ad-17.jpg,511.39705882352905,659.558823529412,227.81862745098013,221.4463415479077,511.39705882352905,659.558823529412,227.81862745098013,221.4463415479077,2,1,1,0,0,0,0,0,1,0,1,0,1,0
536db3ad-17.jpg,720.0980392156862,669.1176470588235,234.19117647058823,267.64705882352945,720.0980392156862,669.1176470588235,234.19117647058823,267.64705882352945,2,1,1,0,0,0,0,0,1,0,1,0,1,0
536db3ad-17.jpg,965.4411764705884,642.0343137254902,238.97058823529403,318.6277360233052,965.4411764705884,642.0343137254902,238.97058823529403,318.6277360233052,2,1,1,0,0,0,0,0,1,0,1,0,1,0
536db3ad-17.jpg,1204.4117647058822,638.8480392156861,195.9558823529413,291.5442711317048,1204.4117647058822,638.8480392156861,195.9558823529413,291.5442711317048,0,0,0,0,0,0,0,0,1,0,1,0,1,0
536db3ad-17.jpg,1409.9264705882354,669.1176470588234,141.7892156862746,238.97058823529403,1409.9264705882354,669.1176470588234,141.7892156862746,238.97058823529403,0,0,0,0,0,0,0,0,1,0,1,0,1,0
536db3ad-17.jpg,1559.6813306296267,643.6274509803923,129.0441595664526,240.56372549019613,1559.6813306296267,643.6274509803923,129.0441595664526,240.56372549019613,0,0,0,0,0,0,0,0,1,0,1,0,1,0
536db3ad-17.jpg,1688.7254901960766,605.3921568627451,105.14705882352922,221.4462319160184,1688.7254901960766,605.3921568627451,105.14705882352922,221.4462319160184,0,0,0,0,0,0,0,0,1,0,1,0,1,0
536db3ad-17.jpg,1790.6862745098042,584.6813725490196,98.77450980392156,229.4117647058824,1790.6862745098042,584.6813725490196,98.77450980392156,229.4117647058824,2,1,1,0,0,0,0,0,1,0,1,0,1,0
54d5b78d-250.jpg,562.3774509803923,446.07843137254906,192.7696078431373,262.8676470588235,562.3774509803923,446.07843137254906,192.7696078431373,262.8676470588235,0,0,0,0,0,0,0,0,1,0,1,0,1,0
54d5b78d-250.jpg,586.2745098039217,669.1176470588235,50.98039215686278,87.62254901960796,586.2745098039217,669.1176470588235,50.98039215686278,87.62254901960796,0,0,0,0,0,0,0,0,1,0,1,0,1,0
54d5b78d-250.jpg,697.7941176470588,578.3088235294117,78.06372549019613,154.53431372549025,697.7941176470588,578.3088235294117,78.06372549019613,154.53431372549025,0,0,0,0,0,0,0,0,1,0,1,0,1,0
54d5b78d-250.jpg,755.1470588235296,426.9607843137255,180.02450980392155,223.0392156862745,755.1470588235296,426.9607843137255,180.02450980392155,223.0392156862745,0,0,0,0,0,0,0,0,1,0,1,0,1,0
54d5b78d-250.jpg,927.2058823529412,407.8431372549019,127.45101197618428,229.41176470588223,927.2058823529412,407.8431372549019,127.45101197618428,229.41176470588223,1,1,1,0,0,0,0,0,1,0,1,0,1,0
54d5b78d-250.jpg,884.1911764705886,594.2401960784313,119.48534938969564,121.07843137254902,884.1911764705886,594.2401960784313,119.48534938969564,121.07843137254902,0,0,0,0,0,0,0,0,1,0,1,0,1,0
54d5b78d-250.jpg,785.4166666666666,618.1372549019608,39.82843137254903,66.91176470588236,785.4166666666666,618.1372549019608,39.82843137254903,66.91176470588236,0,0,0,0,0,0,0,0,1,0,1,0,1,0
54d5b78d-250.jpg,837.9901960784312,638.8480392156861,33.45591393696919,81.25000000000009,837.9901960784312,638.8480392156861,33.45591393696919,81.25000000000009,0,0,0,0,0,0,0,0,1,0,1,0,1,0
54d5b78d-250.jpg,1045.0980392156864,449.264705882353,46.20098039215705,223.0392156862746,1045.0980392156864,449.264705882353,46.20098039215705,223.0392156862746,0,0,0,0,0,0,0,0,1,0,1,0,1,0
82136b73-252.jpg,138.6029411764706,544.8529411764705,140.19607843137257,186.3970588235294,138.6029411764706,544.8529411764705,140.19607843137257,186.3970588235294,0,0,0,0,0,0,0,0,1,0,1,0,1,0
82136b73-252.jpg,168.87254901960785,700.9803921568628,141.7892156862746,111.51960784313724,168.87254901960785,700.9803921568628,141.7892156862746,111.51960784313724,0,0,0,0,0,0,0,0,1,0,1,0,1,0
82136b73-252.jpg,250.1225490196079,563.9705882352941,183.2107843137255,186.3970588235294,250.1225490196079,563.9705882352941,183.2107843137255,186.3970588235294,0,0,0,0,0,0,0,0,1,0,1,0,1,0
82136b73-252.jpg,294.7303921568628,736.029411764706,213.4803921568628,133.82352941176464,294.7303921568628,736.029411764706,213.4803921568628,133.82352941176464,0,0,0,0,0,0,0,0,1,0,1,0,1,0
82136b73-252.jpg,398.28431372549016,551.2254901960785,176.83823529411768,223.0392156862745,398.28431372549016,551.2254901960785,176.83823529411768,223.0392156862745,0,0,0,0,0,0,0,0,1,0,1,0,1,0
82136b73-252.jpg,525.7352941176472,527.3284313725491,243.75,266.05392156862746,525.7352941176472,527.3284313725491,243.75,266.05392156862746,0,0,0,0,0,0,0,0,1,0,1,0,1,0
82136b73-252.jpg,506.6176470588236,751.9607843137256,151.34803921568633,170.46568627450966,506.6176470588236,751.9607843137256,151.34803921568633,170.46568627450966,0,0,0,0,0,0,0,0,1,0,1,0,1,0
82136b73-252.jpg,653.1862745098041,713.7254901960785,203.92156862745097,246.936274509804,653.1862745098041,713.7254901960785,203.92156862745097,246.936274509804,0,0,0,0,0,0,0,0,1,0,1,0,1,0
82136b73-252.jpg,731.2500315840277,506.6176470588234,275.6127529940463,368.0147058823531,731.2500315840277,506.6176470588234,275.6127529940463,368.0147058823531,0,0,0,0,0,0,0,0,1,0,1,0,1,0
82136b73-252.jpg,890.563725490196,739.2156862745097,165.686274509804,186.39705882352948,890.563725490196,739.2156862745097,165.686274509804,186.39705882352948,0,0,0,0,0,0,0,0,1,0,1,0,1,0
82136b73-252.jpg,963.8480392156864,442.89215686274514,293.13725490196066,336.1519607843137,963.8480392156864,442.89215686274514,293.13725490196066,336.1519607843137,1,1,1,0,0,0,0,0,1,0,1,0,1,0
82136b73-252.jpg,1212.3774509803925,348.8970588235294,366.4215686274509,383.9460784313727,1212.3774509803925,348.8970588235294,366.4215686274509,383.9460784313727,1,1,1,0,0,0,0,0,1,0,1,0,1,0
82136b73-252.jpg,1110.416619290625,715.3186274509803,176.83828267015934,167.27941176470569,1110.416619290625,715.3186274509803,176.83828267015934,167.27941176470569,0,0,0,0,0,0,0,0,1,0,1,0,1,0
82136b73-252.jpg,1330.2696078431372,739.2156862745097,121.07843137254918,57.35294117647071,1330.2696078431372,739.2156862745097,121.07843137254918,57.35294117647071,0,0,0,0,0,0,0,0,1,0,1,0,1,0
82136b73-252.jpg,1507.1078431372553,696.2009803921568,144.97549019607874,122.67156862745092,1507.1078431372553,696.2009803921568,144.97549019607874,122.67156862745092,0,0,0,0,0,0,0,0,1,0,1,0,1,0
82136b73-252.jpg,1709.4362745098044,721.6911764705882,100.36764705882348,111.51960784313724,1709.4362745098044,721.6911764705882,100.36764705882348,111.51960784313724,1,1,1,0,0,0,0,0,1,0,1,0,1,0
82136b73-252.jpg,1566.0539215686276,348.896883412506,345.7107685217113,383.9462538423964,1566.0539215686276,348.896883412506,345.7107685217113,383.9462538423964,1,1,1,0,0,0,0,0,1,0,1,0,1,0
82136b73-252.jpg,1832.107843137256,729.656862745098,111.5196078431373,124.26470588235298,1832.107843137256,729.656862745098,111.5196078431373,124.26470588235298,0,0,0,0,0,0,0,0,1,0,1,0,1,0
82136b73-252.jpg,1865.563725490196,455.6372549019608,127.45098039215692,305.8823529411765,1865.563725490196,455.6372549019608,127.45098039215692,305.8823529411765,0,0,0,0,0,0,0,0,1,0,1,0,1,0
1d2efdc8-14.jpg,637.2549019607843,97.18137254901958,116.29901960784308,117.89215686274508,637.2549019607843,97.18137254901958,116.29901960784308,117.89215686274508,0,0,0,0,0,0,0,0,1,0,1,0,1,0
1d2efdc8-14.jpg,779.044117647059,43.01470588235296,184.8039215686275,167.27941176470586,779.044117647059,43.01470588235296,184.8039215686275,167.27941176470586,0,0,0,0,0,0,0,0,1,0,1,0,1,0
1d2efdc8-14.jpg,998.8970588235296,20.710784313725497,187.9902275179762,189.5833333333333,998.8970588235296,20.710784313725497,187.9902275179762,189.5833333333333,0,0,0,0,0,0,0,0,1,0,1,0,1,0
1d2efdc8-14.jpg,1186.887171063175,60.53921568627452,194.36280797712908,215.07352941176472,1186.887171063175,60.53921568627452,194.36280797712908,215.07352941176472,0,0,0,0,0,0,0,0,1,0,1,0,1,0
1d2efdc8-14.jpg,434.92647058823536,157.72058823529414,200.7352941176471,183.2107843137255,434.92647058823536,157.72058823529414,200.7352941176471,183.2107843137255,0,0,0,0,0,0,0,0,1,0,1,0,1,0
1d2efdc8-14.jpg,339.3382352941176,302.6960784313726,195.9558823529412,170.4656862745098,339.3382352941176,302.6960784313726,195.9558823529412,170.4656862745098,0,0,0,0,0,0,0,0,1,0,1,0,1,0
1d2efdc8-14.jpg,238.9705882352941,425.3676470588234,232.59803921568627,183.2107843137255,238.9705882352941,425.3676470588234,232.59803921568627,183.2107843137255,0,0,0,0,0,0,0,0,1,0,1,0,1,0
1d2efdc8-14.jpg,1317.5245098039218,183.210586976324,183.2107843137257,189.5835306707347,1317.5245098039218,183.210586976324,183.2107843137257,189.5835306707347,1,1,1,0,0,0,0,0,1,0,1,0,1,0
1d2efdc8-14.jpg,1378.0637254901958,340.9313725490196,186.3970588235296,186.3970588235294,1378.0637254901958,340.9313725490196,186.3970588235296,186.3970588235294,0,0,0,0,0,0,0,0,1,0,1,0,1,0
1d2efdc8-14.jpg,117.89215686274513,1073.7745098039215,274.0196078431373,223.0392156862745,117.89215686274513,1073.7745098039215,274.0196078431373,223.0392156862745,0,0,0,0,0,0,0,0,1,0,1,0,1,0
1d2efdc8-14.jpg,1408.333207575153,511.3970588235293,278.7992396846582,294.7306114206423,1408.333207575153,511.3970588235293,278.7992396846582,294.7306114206423,3,2,1,0,1,0,0,0,1,0,1,0,1,0
1d2efdc8-14.jpg,137.00983536111352,822.0588235294117,275.6127136584944,256.49509803921575,137.00983536111352,822.0588235294117,275.6127136584944,256.49509803921575,1,1,1,0,0,0,0,0,1,0,1,0,1,0
1d2efdc8-14.jpg,1516.6666666666663,742.4019607843134,259.6813725490196,281.985754571584,1516.6666666666663,742.4019607843134,259.6813725490196,281.985754571584,1,1,1,0,0,0,0,0,1,0,1,0,1,0
1d2efdc8-14.jpg,156.12741954084734,568.7499999999999,277.20591379248623,281.985294117647,156.12741954084734,568.7499999999999,277.20591379248623,281.985294117647,3,2,1,0,1,0,0,0,1,0,1,0,1,0
bf1a84f5-25.jpg,78.06372549019613,4.779411764705856,398.2843137254903,305.8823529411765,78.06372549019613,4.779411764705856,398.2843137254903,305.8823529411765,5,3,1,0,1,0,1,0,1,0,1,0,1,0
bf1a84f5-25.jpg,200.7354198758266,280.39169640880823,340.9312467908404,352.08379378727045,200.7354198758266,280.39169640880823,340.9312467908404,352.08379378727045,0,0,0,0,0,0,0,0,1,0,1,0,1,0
bf1a84f5-25.jpg,344.11764705882365,581.4950980392158,262.86759465958204,280.39241997928025,344.11764705882365,581.4950980392158,262.86759465958204,280.39241997928025,2,1,1,0,0,0,0,0,1,0,1,0,1,0
bf1a84f5-25.jpg,481.1273671416061,812.4999999999995,178.43145638780612,207.1078869900106,481.1273671416061,812.4999999999995,178.43145638780612,207.1078869900106,2,1,1,0,0,0,0,0,1,0,1,0,1,0
bf1a84f5-25.jpg,592.6470588235296,992.5245098039214,205.5147058823529,195.95588235294125,592.6470588235296,992.5245098039214,205.5147058823529,195.95588235294125,0,0,0,0,0,0,0,0,1,0,1,0,1,0
bf1a84f5-25.jpg,777.4509803921567,1018.0147058823538,194.36281845697755,183.2107843137256,777.4509803921567,1018.0147058823538,194.36281845697755,183.2107843137256,0,0,0,0,0,0,0,0,1,0,1,0,1,0
bf1a84f5-25.jpg,975.0,1011.6421568627449,186.39705882352945,202.3284313725492,975.0,1011.6421568627449,186.39705882352945,202.3284313725492,2,1,1,0,0,0,0,0,1,0,1,0,1,0
bf1a84f5-25.jpg,1148.6519607843136,989.3382352941176,205.51470588235304,189.58333333333343,1148.6519607843136,989.3382352941176,205.51470588235304,189.58333333333343,2,1,1,0,0,0,0,0,1,0,1,0,1,0
bf1a84f5-25.jpg,1296.8137254901956,831.6174058686661,181.6176470588234,205.51494707251024,1296.8137254901956,831.6174058686661,181.6176470588234,205.51494707251024,0,0,0,0,0,0,0,0,1,0,1,0,1,0
bf1a84f5-25.jpg,1360.5392156862745,608.5784313725491,261.27450980392183,304.28921568627453,1360.5392156862745,608.5784313725491,261.27450980392183,304.28921568627453,1,1,1,0,0,0,0,0,1,0,1,0,1,0
bf1a84f5-25.jpg,1421.0782322554314,309.0686274509804,340.93157166613787,352.0833333333331,1421.0782322554314,309.0686274509804,340.93157166613787,352.0833333333331,1,1,1,0,0,0,0,0,1,0,1,0,1,0
bf1a84f5-25.jpg,1529.41159702831,1.5931372549019611,375.98055983443487,358.4558823529411,1529.41159702831,1.5931372549019611,375.98055983443487,358.4558823529411,4,2,1,0,1,0,0,0,1,0,1,0,1,0
97714bbb-86.jpg,6.372549019607842,487.5,41.42156862745099,164.093137254902,6.372549019607842,487.5,41.42156862745099,164.093137254902,0,0,0,0,0,0,0,0,1,0,1,0,1,0
97714bbb-86.jpg,54.1666666666667,385.5392156862745,242.1568627450981,358.4558823529411,54.1666666666667,385.5392156862745,242.1568627450981,358.4558823529411,0,0,0,0,0,0,0,0,1,0,1,0,1,0
97714bbb-86.jpg,301.1029411764706,369.6078431372549,309.0686274509804,360.04901960784315,301.1029411764706,369.6078431372549,309.0686274509804,360.04901960784315,0,0,0,0,0,0,0,0,1,0,1,0,1,0
97714bbb-86.jpg,211.8872549019608,694.607843137255,144.9754901960785,106.74019607843148,211.8872549019608,694.607843137255,144.9754901960785,106.74019607843148,0,0,0,0,0,0,0,0,1,0,1,0,1,0
97714bbb-86.jpg,360.04901960784315,713.7254901960785,172.05882352941182,189.5833333333333,360.04901960784315,713.7254901960785,172.05882352941182,189.5833333333333,0,0,0,0,0,0,0,0,1,0,1,0,1,0
97714bbb-86.jpg,600.6127450980392,447.6715686274509,254.90196078431376,253.30882352941177,600.6127450980392,447.6715686274509,254.90196078431376,253.30882352941177,0,0,0,0,0,0,0,0,1,0,1,0,1,0
97714bbb-86.jpg,541.6666666666667,627.6960784313725,215.0735294117648,302.69607843137254,541.6666666666667,627.6960784313725,215.0735294117648,302.69607843137254,0,0,0,0,0,0,0,0,1,0,1,0,1,0
97714bbb-86.jpg,769.4852941176471,638.8480392156862,254.90196078431364,296.32352941176475,769.4852941176471,638.8480392156862,254.90196078431364,296.32352941176475,0,0,0,0,0,0,0,0,1,0,1,0,1,0
97714bbb-86.jpg,845.9558823529413,363.23529411764696,267.64695402504634,339.3382352941176,845.9558823529413,363.23529411764696,267.64695402504634,339.3382352941176,0,0,0,0,0,0,0,0,1,0,1,0,1,0
97714bbb-86.jpg,1107.230392156863,462.0098039215686,272.4263448300557,251.7156862745098,1107.230392156863,462.0098039215686,272.4263448300557,251.7156862745098,0,0,0,0,0,0,0,0,1,0,1,0,1,0
97714bbb-86.jpg,1013.2352941176472,627.6960784313726,259.6813725490196,275.6127450980392,1013.2352941176472,627.6960784313726,259.6813725490196,275.6127450980392,0,0,0,0,0,0,0,0,1,0,1,0,1,0
97714bbb-86.jpg,1256.9852941176473,659.5588235294117,219.8529411764709,159.31372549019602,1256.9852941176473,659.5588235294117,219.8529411764709,159.31372549019602,0,0,0,0,0,0,0,0,1,0,1,0,1,0
97714bbb-86.jpg,1489.5833333333333,589.4607843137255,315.4411764705883,173.6520923425812,1489.5833333333333,589.4607843137255,315.4411764705883,173.6520923425812,4,2,1,0,1,0,0,0,1,0,1,0,1,0
97714bbb-86.jpg,1652.0833333333337,482.720588235294,207.1078431372547,148.16176470588238,1652.0833333333337,482.720588235294,207.1078431372547,148.16176470588238,6,3,1,0,1,0,1,0,1,0,1,0,1,0
97714bbb-86.jpg,1378.0637254901962,519.3627450980392,210.29411764705912,162.5,1378.0637254901962,519.3627450980392,210.29411764705912,162.5,0,0,0,0,0,0,0,0,1,0,1,0,1,0
97714bbb-86.jpg,1844.8529411764707,520.9558823529412,106.7401960784315,92.40196078431364,1844.8529411764707,520.9558823529412,106.7401960784315,92.40196078431364,2,1,1,0,0,0,0,0,1,0,1,0,1,0
97714bbb-86.jpg,1797.058823529412,592.6470588235293,176.8382352941174,87.62270250425368,1797.058823529412,592.6470588235293,176.8382352941174,87.62270250425368,1,1,1,0,0,0,0,0,1,0,1,0,1,0
58fa6cff-198.jpg,6.372549019607838,447.6715686274509,74.87745098039215,215.07352941176467,6.372549019607838,447.6715686274509,74.87745098039215,215.07352941176467,0,0,0,0,0,0,0,0,1,0,1,0,1,0
58fa6cff-198.jpg,6.372525331587035,651.593137254902,76.47061192331493,113.11274509803924,6.372525331587035,651.593137254902,76.47061192331493,113.11274509803924,0,0,0,0,0,0,0,0,1,0,1,0,1,0
58fa6cff-198.jpg,84.43627450980392,452.4509803921569,124.26470588235298,215.07352941176467,84.43627450980392,452.4509803921569,124.26470588235298,215.07352941176467,0,0,0,0,0,0,0,0,1,0,1,0,1,0
58fa6cff-198.jpg,74.87745098039217,672.3039215686274,143.3823529411765,132.2303921568627,74.87745098039217,672.3039215686274,143.3823529411765,132.2303921568627,0,0,0,0,0,0,0,0,1,0,1,0,1,0
58fa6cff-198.jpg,192.7696078431373,436.519344726602,267.64705882352945,299.5100670381036,192.7696078431373,436.519344726602,267.64705882352945,299.5100670381036,1,1,1,0,0,0,0,0,1,0,1,0,1,0
58fa6cff-198.jpg,455.63725490196106,438.1126135397716,278.79898012780825,293.1373864602285,455.63725490196106,438.1126135397716,278.79898012780825,293.1373864602285,1,1,1,0,0,0,0,0,1,0,1,0,1,0
58fa6cff-198.jpg,710.7638775691228,457.8620119290184,246.5711165061606,231.0108866987815,710.7638775691228,457.8620119290184,246.5711165061606,231.0108866987815,0,0,0,0,0,0,0,0,1,0,1,0,1,0
58fa6cff-198.jpg,665.2798687890518,654.1614182430092,112.51307435070204,81.3924367643376,665.2798687890518,654.1614182430092,112.51307435070204,81.3924367643376,0,0,0,0,0,0,0,0,1,0,1,0,1,0
58fa6cff-198.jpg,789.7624191345094,611.0713046618895,222.63225350245307,196.29940631399072,789.7624191345094,611.0713046618895,222.63225350245307,196.29940631399072,0,0,0,0,0,0,0,0,1,0,1,0,1,0
58fa6cff-198.jpg,956.1381354616112,450.68032633216535,231.0108155101388,242.98036269353696,956.1381354616112,450.68032633216535,231.0108155101388,242.98036269353696,0,0,0,0,0,0,0,0,1,0,1,0,1,0
58fa6cff-198.jpg,1173.9825985661614,457.86201192901854,177.1481853985133,235.7986770966839,1173.9825985661614,457.86201192901854,177.1481853985133,235.7986770966839,1,1,1,0,0,0,0,0,1,0,1,0,1,0
58fa6cff-198.jpg,1021.9702534327666,605.0865666645117,196.2994063139904,228.6169914998305,1021.9702534327666,605.0865666645117,196.2994063139904,228.6169914998305,0,0,0,0,0,0,0,0,1,0,1,0,1,0
58fa6cff-198.jpg,1209.8910265504285,621.8438330571694,160.39097832972374,171.16350672500408,1209.8910265504285,621.8438330571694,160.39097832972374,171.16350672500408,1,1,1,0,0,0,0,0,1,0,1,0,1,0
58fa6cff-198.jpg,1346.637931283943,467.6898298108167,140.46674426168067,177.6272586166226,1346.637931283943,467.6898298108167,140.46674426168067,177.6272586166226,0,0,0,0,0,0,0,0,1,0,1,0,1,0
58fa6cff-198.jpg,1354.0700341549314,584.3738448853343,246.7458153168142,170.1953807796115,1354.0700341549314,584.3738448853343,246.7458153168142,170.1953807796115,3,2,1,0,1,0,0,0,1,0,1,0,1,0
58fa6cff-198.jpg,1472.9836800907458,418.6379508622933,202.89640837798345,182.08652033921564,1472.9836800907458,418.6379508622933,202.89640837798345,182.08652033921564,0,0,0,0,0,0,0,0,1,0,1,0,1,0
58fa6cff-198.jpg,1584.4652231555715,515.9984984722414,173.16799689402956,140.46674426168062,1584.4652231555715,515.9984984722414,173.16799689402956,140.46674426168062,0,0,0,0,0,0,0,0,1,0,1,0,1,0
58fa6cff-198.jpg,1690.744294210706,428.2996845945783,96.61733732284917,82.49634186797127,1690.744294210706,428.2996845945783,96.61733732284917,82.49634186797127,0,0,0,0,0,0,0,0,1,0,1,0,1,0
990e0567-54.jpg,751.9607843137255,398.2843137254904,219.85294117647052,246.93627450980387,751.9607843137255,398.2843137254904,219.85294117647052,246.93627450980387,0,0,0,0,0,0,0,0,1,0,1,0,1,0
990e0567-54.jpg,573.529411764706,418.9950980392157,180.02450980392155,229.41176470588223,573.529411764706,418.9950980392157,180.02450980392155,229.41176470588223,0,0,0,0,0,0,0,0,1,0,1,0,1,0
990e0567-54.jpg,466.78934144445407,434.92647058823496,129.04399188887922,218.25980392156853,466.78934144445407,434.92647058823496,129.04399188887922,218.25980392156853,0,0,0,0,0,0,0,0,1,0,1,0,1,0
990e0567-54.jpg,383.9460784313726,466.7892156862746,105.14705882352942,192.7696078431373,383.9460784313726,466.7892156862746,105.14705882352942,192.7696078431373,0,0,0,0,0,0,0,0,1,0,1,0,1,0
990e0567-54.jpg,334.5588235294118,463.60294117647067,66.91176470588239,181.6176470588235,334.5588235294118,463.60294117647067,66.91176470588239,181.6176470588235,0,0,0,0,0,0,0,0,1,0,1,0,1,0
990e0567-54.jpg,294.7303921568628,417.4019607843137,47.79411764705888,181.6176470588235,294.7303921568628,417.4019607843137,47.79411764705888,181.6176470588235,0,0,0,0,0,0,0,0,1,0,1,0,1,0
990e0567-54.jpg,358.4558823529413,650.0,81.25,132.2303921568627,358.4558823529413,650.0,81.25,132.2303921568627,0,0,0,0,0,0,0,0,1,0,1,0,1,0
990e0567-54.jpg,447.671568627451,646.8137254901961,117.89215686274515,152.94117647058826,447.671568627451,646.8137254901961,117.89215686274515,152.94117647058826,0,0,0,0,0,0,0,0,1,0,1,0,1,0
990e0567-54.jpg,567.1568627450981,643.6274509803923,129.04411764705878,173.65196078431364,567.1568627450981,643.6274509803923,129.04411764705878,173.65196078431364,1,1,1,0,0,0,0,0,1,0,1,0,1,0
990e0567-54.jpg,675.4901960784314,638.8480392156864,151.3480392156863,183.21087201923743,675.4901960784314,638.8480392156864,151.3480392156863,183.21087201923743,0,0,0,0,0,0,0,0,1,0,1,0,1,0
990e0567-54.jpg,831.617594659582,632.4754901960785,138.60299357571236,184.8039215686275,831.617594659582,632.4754901960785,138.60299357571236,184.8039215686275,0,0,0,0,0,0,0,0,1,0,1,0,1,0
990e0567-54.jpg,968.6274509803922,415.8088235294118,221.4460784313725,250.1225490196078,968.6274509803922,415.8088235294118,221.4460784313725,250.1225490196078,0,0,0,0,0,0,0,0,1,0,1,0,1,0
990e0567-54.jpg,967.0343137254904,645.2205882352941,100.36764705882362,114.70588235294125,967.0343137254904,645.2205882352941,100.36764705882362,114.70588235294125,0,0,0,0,0,0,0,0,1,0,1,0,1,0
990e0567-54.jpg,1067.4019607843138,622.9166666666669,157.72058823529406,200.73529411764693,1067.4019607843138,622.9166666666669,157.72058823529406,200.73529411764693,0,0,0,0,0,0,0,0,1,0,1,0,1,0
990e0567-54.jpg,1186.887254901961,411.02941176470586,156.12745098039213,235.78431372549025,1186.887254901961,411.02941176470586,156.12745098039213,235.78431372549025,1,1,1,0,0,0,0,0,1,0,1,0,1,0
990e0567-54.jpg,1221.936274509804,614.9509803921568,137.0098039215685,187.99019607843132,1221.936274509804,614.9509803921568,137.0098039215685,187.99019607843132,0,0,0,0,0,0,0,0,1,0,1,0,1,0
990e0567-54.jpg,1339.8284313725492,412.6225490196077,125.85770689922744,221.44607843137248,1339.8284313725492,412.6225490196077,125.85770689922744,221.44607843137248,0,0,0,0,0,0,0,0,1,0,1,0,1,0
990e0567-54.jpg,1452.9411764705883,428.5539215686274,111.5196078431373,200.73529411764704,1452.9411764705883,428.5539215686274,111.5196078431373,200.73529411764704,0,0,0,0,0,0,0,0,1,0,1,0,1,0
990e0567-54.jpg,1354.166666666667,622.9166666666667,98.77450980392156,125.8578431372548,1354.166666666667,622.9166666666667,98.77450980392156,125.8578431372548,0,0,0,0,0,0,0,0,1,0,1,0,1,0
990e0567-54.jpg,1452.9411764705883,622.9166666666667,86.0294117647058,101.96078431372548,1452.9411764705883,622.9166666666667,86.0294117647058,101.96078431372548,0,0,0,0,0,0,0,0,1,0,1,0,1,0
990e0567-54.jpg,1550.1225490196082,395.0980392156863,58.946078431372655,207.1078431372549,1550.1225490196082,395.0980392156863,58.946078431372655,207.1078431372549,1,1,1,0,0,0,0,0,1,0,1,0,1,0
990e0567-54.jpg,1601.1029411764705,369.6078431372549,79.65681034585675,192.7696078431373,1601.1029411764705,369.6078431372549,79.65681034585675,192.7696078431373,1,1,1,0,0,0,0,0,1,0,1,0,1,0
990e0567-54.jpg,1680.7598039215688,403.0637254901961,54.16666666666657,119.48529411764702,1680.7598039215688,403.0637254901961,54.16666666666657,119.48529411764702,0,0,0,0,0,0,0,0,1,0,1,0,1,0
990e0567-54.jpg,1615.4411764705883,549.6323529411765,100.36764705882348,73.28431372549024,1615.4411764705883,549.6323529411765,100.36764705882348,73.28431372549024,0,0,0,0,0,0,0,0,1,0,1,0,1,0
990e0567-54.jpg,1537.3774509803918,599.019607843137,106.74019607843148,89.21579590639969,1537.3774509803918,599.019607843137,106.74019607843148,89.21579590639969,0,0,0,0,0,0,0,0,1,0,1,0,1,0
1acfb1d2-64.jpg,715.3186274509806,79.65686274509805,237.37745098039213,211.8872549019608,715.3186274509806,79.65686274509805,237.37745098039213,211.8872549019608,2,1,1,0,0,0,0,0,1,0,1,0,1,0
1acfb1d2-64.jpg,947.9166666666669,116.29901960784312,240.56372549019628,186.39705882352945,947.9166666666669,116.29901960784312,240.56372549019628,186.39705882352945,2,1,1,0,0,0,0,0,1,0,1,0,1,0
1acfb1d2-64.jpg,1180.5147058823518,176.8379721775823,194.36274509803903,162.50026311653525,1180.5147058823518,176.8379721775823,194.36274509803903,162.50026311653525,2,1,1,0,0,0,0,0,1,0,1,0,1,0
1acfb1d2-64.jpg,559.1911764705883,194.36274509803923,219.85294117647072,178.43137254901958,559.1911764705883,194.36274509803923,219.85294117647072,178.43137254901958,2,1,1,0,0,0,0,0,1,0,1,0,1,0
1acfb1d2-64.jpg,360.04901960784315,485.90686274509807,226.22549019607845,187.99019607843147,360.04901960784315,485.90686274509807,226.22549019607845,187.99019607843147,1,1,1,0,0,0,0,0,1,0,1,0,1,0
1acfb1d2-64.jpg,317.0343137254903,669.1176470588235,258.0882352941176,184.8039215686275,317.0343137254903,669.1176470588235,258.0882352941176,184.8039215686275,1,1,1,0,0,0,0,0,1,0,1,0,1,0
1acfb1d2-64.jpg,234.19117647058823,826.8382352941177,328.18627450980404,309.0686274509804,234.19117647058823,826.8382352941177,328.18627450980404,309.0686274509804,2,1,1,0,0,0,0,0,1,0,1,0,1,0
1acfb1d2-64.jpg,152.94117647058826,1062.6225490196075,291.54411764705884,231.00490196078448,152.94117647058826,1062.6225490196075,291.54411764705884,231.00490196078448,2,1,1,0,0,0,0,0,1,0,1,0,1,0
1acfb1d2-64.jpg,412.6225490196079,274.0196078431373,224.6323529411765,221.4460784313725,412.6225490196079,274.0196078431373,224.6323529411765,221.4460784313725,1,1,1,0,0,0,0,0,1,0,1,0,1,0
1acfb1d2-64.jpg,1309.558823529412,285.171568627451,203.9215686274511,199.1421568627451,1309.558823529412,285.171568627451,203.9215686274511,199.1421568627451,1,1,1,0,0,0,0,0,1,0,1,0,1,0
1acfb1d2-64.jpg,1374.8774509803918,487.4999999999997,237.3775452990269,187.99019607843127,1374.8774509803918,487.4999999999997,237.3775452990269,187.99019607843127,1,1,1,0,0,0,0,0,1,0,1,0,1,0
1acfb1d2-64.jpg,1433.8235294117649,653.1862745098039,232.59803921568616,195.9558823529412,1433.8235294117649,653.1862745098039,232.59803921568616,195.9558823529412,1,1,1,0,0,0,0,0,1,0,1,0,1,0
1acfb1d2-64.jpg,1462.4999999999998,807.720588235294,301.102941176471,310.6617647058824,1462.4999999999998,807.720588235294,301.102941176471,310.6617647058824,3,2,1,0,1,0,0,0,1,0,1,0,1,0
1acfb1d2-64.jpg,1562.867647058824,1025.9803921568628,288.357843137255,258.08823529411774,1562.867647058824,1025.9803921568628,288.357843137255,258.08823529411774,2,1,1,0,0,0,0,0,1,0,1,0,1,0
6926f4aa-2.jpg,2.2421524663677133,401.34529147982073,67.2645739910314,280.26905829596427,2.2421524663677133,401.34529147982073,67.2645739910314,280.26905829596427,1,1,1,0,0,0,0,0,1,0,1,0,1,0
6926f4aa-2.jpg,49.32735426008969,356.50224215246635,237.6681614349776,334.0807174887893,49.32735426008969,356.50224215246635,237.6681614349776,334.0807174887893,3,2,1,0,1,0,0,0,1,0,1,0,1,0
6926f4aa-2.jpg,298.2062780269058,365.47085201793726,251.1210762331839,320.62780269058305,298.2062780269058,365.47085201793726,251.1210762331839,320.62780269058305,1,1,1,0,0,0,0,0,1,0,1,0,1,0
6926f4aa-2.jpg,560.5381165919282,430.49327354260095,266.8161434977578,293.72197309417044,560.5381165919282,430.49327354260095,266.8161434977578,293.72197309417044,1,1,1,0,0,0,0,0,1,0,1,0,1,0
6926f4aa-2.jpg,838.5650224215246,405.8295964125562,291.4798206278027,334.0807174887892,838.5650224215246,405.8295964125562,291.4798206278027,334.0807174887892,2,1,1,0,0,0,0,0,1,0,1,0,1,0
6926f4aa-2.jpg,65.02245527703856,692.8251121076235,87.44391243596596,159.1928251121076,65.02245527703856,692.8251121076235,87.44391243596596,159.1928251121076,0,0,0,0,0,0,0,0,1,0,1,0,1,0
6926f4aa-2.jpg,139.01345291479822,699.5515695067264,82.95964125560536,188.34080717488808,139.01345291479822,699.5515695067264,82.95964125560536,188.34080717488808,0,0,0,0,0,0,0,0,1,0,1,0,1,0
6926f4aa-2.jpg,228.69955156950675,688.3408071748879,109.86547085201792,257.8475336322871,228.69955156950675,688.3408071748879,109.86547085201792,257.8475336322871,0,0,0,0,0,0,0,0,1,0,1,0,1,0
6926f4aa-2.jpg,347.5336322869956,661.4349775784755,150.2242152466367,269.05829596412565,347.5336322869956,661.4349775784755,150.2242152466367,269.05829596412565,0,0,0,0,0,0,0,0,1,0,1,0,1,0
6926f4aa-2.jpg,495.51569506726446,679.372197309417,192.82513235904813,255.6053811659192,495.51569506726446,679.372197309417,192.82513235904813,255.6053811659192,0,0,0,0,0,0,0,0,1,0,1,0,1,0
6926f4aa-2.jpg,701.7937219730933,670.4035874439461,248.87892376681592,286.99551569506724,701.7937219730933,670.4035874439461,248.87892376681592,286.99551569506724,1,1,1,0,0,0,0,0,1,0,1,0,1,0
6926f4aa-2.jpg,955.8646835928496,692.8251121076233,266.1084105775544,290.41835860585155,955.8646835928496,692.8251121076233,266.1084105775544,290.41835860585155,2,1,1,0,0,0,0,0,1,0,1,0,1,0
6926f4aa-2.jpg,1145.7399103139014,455.1569506726457,246.6367713004485,291.47982062780284,1145.7399103139014,455.1569506726457,246.6367713004485,291.47982062780284,2,1,1,0,0,0,0,0,1,0,1,0,1,0
6926f4aa-2.jpg,1230.9416635330244,706.2780269058298,235.4260494714597,251.12107623318408,1230.9416635330244,706.2780269058298,235.4260494714597,251.12107623318408,2,1,1,0,0,0,0,0,1,0,1,0,1,0
6926f4aa-2.jpg,1401.3452914798204,504.48430493273554,210.7623318385652,230.9417040358744,1401.3452914798204,504.48430493273554,210.7623318385652,230.9417040358744,2,1,1,0,0,0,0,0,1,0,1,0,1,0
6926f4aa-2.jpg,1475.336248614731,730.9417040358737,331.83863927764577,204.0358744394617,1475.336248614731,730.9417040358737,331.83863927764577,204.0358744394617,2,1,1,0,0,0,0,0,1,0,1,0,1,0
6926f4aa-2.jpg,1616.591928251121,508.96860986547074,291.479820627803,219.730941704036,1616.591928251121,508.96860986547074,291.479820627803,219.730941704036,2,1,1,0,0,0,0,0,1,0,1,0,1,0
6926f4aa-2.jpg,1822.869921404576,665.9192825112109,165.91931626358578,210.7623318385649,1822.869921404576,665.9192825112109,165.91931626358578,210.7623318385649,1,1,1,0,0,0,0,0,1,0,1,0,1,0
70fb9776-49.jpg,595.8333333333333,458.8235294117648,221.4460784313725,266.05392156862746,595.8333333333333,458.8235294117648,221.4460784313725,266.05392156862746,0,0,0,0,0,0,0,0,1,0,1,0,1,0
70fb9776-49.jpg,599.0196078431375,670.7107843137255,116.29901960784316,234.19117647058812,599.0196078431375,670.7107843137255,116.29901960784316,234.19117647058812,0,0,0,0,0,0,0,0,1,0,1,0,1,0
70fb9776-49.jpg,707.3529411764707,700.9803921568629,66.91176470588246,175.24509803921575,707.3529411764707,700.9803921568629,66.91176470588246,175.24509803921575,0,0,0,0,0,0,0,0,1,0,1,0,1,0
70fb9776-49.jpg,779.0441176470589,699.3872549019608,60.539215686274446,175.24509803921575,779.0441176470589,699.3872549019608,60.539215686274446,175.24509803921575,0,0,0,0,0,0,0,0,1,0,1,0,1,0
70fb9776-49.jpg,955.8823529411768,418.9950980392157,122.67156862745082,310.66176470588226,955.8823529411768,418.9950980392157,122.67156862745082,310.66176470588226,0,0,0,0,0,0,0,0,1,0,1,0,1,0
70fb9776-49.jpg,817.2794117647059,391.9117647058824,176.83823529411768,242.15686274509804,817.2794117647059,391.9117647058824,176.83823529411768,242.15686274509804,0,0,0,0,0,0,0,0,1,0,1,0,1,0
70fb9776-49.jpg,812.5000000000003,575.1225490196076,168.8726642979387,159.31372549019602,812.5000000000003,575.1225490196076,168.8726642979387,159.31372549019602,0,0,0,0,0,0,0,0,1,0,1,0,1,0
f250a7c4-146.jpg,143.63636363636363,416.3636363636364,214.54545454545445,183.6363636363636,143.63636363636363,416.3636363636364,214.54545454545445,183.6363636363636,2,1,1,0,0,0,0,0,1,0,1,0,1,0
f250a7c4-146.jpg,310.90933509099705,570.9090909090893,150.90900472724144,138.18159188530507,310.90933509099705,570.9090909090893,150.90900472724144,138.18159188530507,2,1,1,0,0,0,0,0,1,0,1,0,1,0
f250a7c4-146.jpg,74.5454545454546,563.6363636363636,196.36385181825943,101.8181818181818,74.5454545454546,563.6363636363636,196.36385181825943,101.8181818181818,2,1,1,0,0,0,0,0,1,0,1,0,1,0
f250a7c4-146.jpg,239.9999999999997,652.7272727272725,190.9090909090908,89.09143711610639,239.9999999999997,652.7272727272725,190.9090909090908,89.09143711610639,1,1,1,0,0,0,0,0,1,0,1,0,1,0
f250a7c4-146.jpg,443.6363636363637,476.3636363636364,152.72727272727266,272.72727272727275,443.6363636363637,476.3636363636364,152.72727272727266,272.72727272727275,2,1,1,0,0,0,0,0,1,0,1,0,1,0
f250a7c4-146.jpg,579.9999999999999,525.4545454545454,205.45454545454552,230.9090909090908,579.9999999999999,525.4545454545454,205.45454545454552,230.9090909090908,1,1,1,0,0,0,0,0,1,0,1,0,1,0
f250a7c4-146.jpg,776.3636363636365,494.5454545454545,254.54545454545453,298.18181818181824,776.3636363636365,494.5454545454545,254.54545454545453,298.18181818181824,1,1,1,0,0,0,0,0,1,0,1,0,1,0
f250a7c4-146.jpg,1025.4545454545455,516.3636363636363,201.81828236367247,247.2727272727269,1025.4545454545455,516.3636363636363,201.81828236367247,247.2727272727269,1,1,1,0,0,0,0,0,1,0,1,0,1,0
f250a7c4-146.jpg,705.4545310909039,730.9090909090909,227.272914000067,239.99999999999983,705.4545310909039,730.9090909090909,227.272914000067,239.99999999999983,2,1,1,0,0,0,0,0,1,0,1,0,1,0
f250a7c4-146.jpg,934.5454545454544,730.9090909090908,167.27272727272734,143.6363636363637,934.5454545454544,730.9090909090908,167.27272727272734,143.6363636363637,2,1,1,0,0,0,0,0,1,0,1,0,1,0
f250a7c4-146.jpg,1103.6363636363635,736.3636363636363,147.27272727272748,101.81818181818184,1103.6363636363635,736.3636363636363,147.27272727272748,101.81818181818184,2,1,1,0,0,0,0,0,1,0,1,0,1,0
f250a7c4-146.jpg,1198.1818181818185,458.1815918853048,265.45454545454544,320.0002262965131,1198.1818181818185,458.1815918853048,265.45454545454544,320.0002262965131,1,1,1,0,0,0,0,0,1,0,1,0,1,0
f250a7c4-146.jpg,1450.909090909091,447.2727272727272,232.7272727272728,298.18181818181813,1450.909090909091,447.2727272727272,232.7272727272728,298.18181818181813,1,1,1,0,0,0,0,0,1,0,1,0,1,0
f250a7c4-146.jpg,1261.8181818181815,750.9090909090908,114.54545454545482,70.90909090909099,1261.8181818181815,750.9090909090908,114.54545454545482,70.90909090909099,2,1,1,0,0,0,0,0,1,0,1,0,1,0
f250a7c4-146.jpg,1387.2727272727273,736.3636363636361,112.7272727272728,85.45454545454554,1387.2727272727273,736.3636363636361,112.7272727272728,85.45454545454554,2,1,1,0,0,0,0,0,1,0,1,0,1,0
f250a7c4-146.jpg,1507.2727272727277,739.9999999999994,94.54542581817144,50.90909090909097,1507.2727272727277,739.9999999999994,94.54542581817144,50.90909090909097,2,1,1,0,0,0,0,0,1,0,1,0,1,0
f250a7c4-146.jpg,1603.6363636363635,721.8181818181818,152.7272727272728,134.5454545454546,1603.6363636363635,721.8181818181818,152.7272727272728,134.5454545454546,2,1,1,0,0,0,0,0,1,0,1,0,1,0
f250a7c4-146.jpg,1681.8181818181824,452.72708414684496,154.54545454545462,290.9092794895184,1681.8181818181824,452.72708414684496,154.54545454545462,290.9092794895184,1,1,1,0,0,0,0,0,1,0,1,0,1,0
f250a7c4-146.jpg,1825.454545454545,452.72727272727263,138.1818181818184,261.81818181818176,1825.454545454545,452.72727272727263,138.1818181818184,261.81818181818176,0,0,0,0,0,0,0,0,1,0,1,0,1,0
3bd5f73c-34.jpg,802.9411764705889,38.23520641213528,215.07352941176472,224.63244064668825,802.9411764705889,38.23520641213528,215.07352941176472,224.63244064668825,2,1,1,0,0,0,0,0,1,0,1,0,1,0
3bd5f73c-34.jpg,1027.5735294117646,39.82843137254902,224.63235294117663,224.6323529411765,1027.5735294117646,39.82843137254902,224.63235294117663,224.6323529411765,2,1,1,0,0,0,0,0,1,0,1,0,1,0
3bd5f73c-34.jpg,1244.240196078432,121.07812440325785,199.14215686274545,165.68658147909505,1244.240196078432,121.07812440325785,199.14215686274545,165.68658147909505,2,1,1,0,0,0,0,0,1,0,1,0,1,0
3bd5f73c-34.jpg,608.5784313725487,103.55376808398192,200.73529411764696,195.9560358375867,608.5784313725487,103.55376808398192,200.73529411764696,195.9560358375867,1,1,1,0,0,0,0,0,1,0,1,0,1,0
3bd5f73c-34.jpg,450.8578431372549,197.54901960784315,218.25980392156865,207.1078431372549,450.8578431372549,197.54901960784315,218.25980392156865,207.1078431372549,2,1,1,0,0,0,0,0,1,0,1,0,1,0
3bd5f73c-34.jpg,347.3039215686274,385.5392156862745,274.0196078431374,197.54901960784312,347.3039215686274,385.5392156862745,274.0196078431374,197.54901960784312,2,1,1,0,0,0,0,0,1,0,1,0,1,0
3bd5f73c-34.jpg,289.9509803921569,581.4950980392157,272.42647058823536,197.54901960784304,289.9509803921569,581.4950980392157,272.42647058823536,197.54901960784304,2,1,1,0,0,0,0,0,1,0,1,0,1,0
3bd5f73c-34.jpg,235.7843137254902,753.5539215686275,307.4754901960785,294.7303921568628,235.7843137254902,753.5539215686275,307.4754901960785,294.7303921568628,1,1,1,0,0,0,0,0,1,0,1,0,1,0
3bd5f73c-34.jpg,231.0049019607844,1013.2352941176472,227.8186274509804,253.30882352941177,231.0049019607844,1013.2352941176472,227.8186274509804,253.30882352941177,1,1,1,0,0,0,0,0,1,0,1,0,1,0
3bd5f73c-34.jpg,1374.8774509803925,227.8186274509804,208.7009803921569,205.5147058823529,1374.8774509803925,227.8186274509804,208.7009803921569,205.5147058823529,0,0,0,0,0,0,0,0,1,0,1,0,1,0
3bd5f73c-34.jpg,1443.3823529411768,415.8088235294117,280.39215686274474,197.54901960784312,1443.3823529411768,415.8088235294117,280.39215686274474,197.54901960784312,2,1,1,0,0,0,0,0,1,0,1,0,1,0
3bd5f73c-34.jpg,1527.8186274509808,589.4607843137255,261.27450980392155,191.17647058823528,1527.8186274509808,589.4607843137255,261.27450980392155,191.17647058823528,2,1,1,0,0,0,0,0,1,0,1,0,1,0
3bd5f73c-34.jpg,1650.4901960784316,971.813725490196,297.91666666666686,272.4264705882354,1650.4901960784316,971.813725490196,297.91666666666686,272.4264705882354,4,2,1,0,1,0,0,0,1,0,1,0,1,0
3bd5f73c-34.jpg,1537.3774509803925,763.1127450980392,294.7303921568627,302.69607843137254,1537.3774509803925,763.1127450980392,294.7303921568627,302.69607843137254,3,2,1,0,1,0,0,0,1,0,1,0,1,0
1a972cce-219.jpg,68.50490196078432,361.6421568627452,78.06372549019608,256.49509803921563,68.50490196078432,361.6421568627452,78.06372549019608,256.49509803921563,1,1,1,0,0,0,0,0,1,0,1,0,1,0
1a972cce-219.jpg,140.1960784313726,366.4215686274509,103.55392156862746,305.8823529411765,140.1960784313726,366.4215686274509,103.55392156862746,305.8823529411765,2,1,1,0,0,0,0,0,1,0,1,0,1,0
1a972cce-219.jpg,203.921568627451,396.6911764705884,113.11274509803924,291.5441176470589,203.921568627451,396.6911764705884,113.11274509803924,291.5441176470589,3,2,1,0,1,0,0,0,1,0,1,0,1,0
1a972cce-219.jpg,326.593137254902,368.0147058823529,113.11274509803924,305.8823529411765,326.593137254902,368.0147058823529,113.11274509803924,305.8823529411765,3,2,1,0,1,0,0,0,1,0,1,0,1,0
1a972cce-219.jpg,449.264705882353,323.40686274509807,152.9411764705882,312.2549019607843,449.264705882353,323.40686274509807,152.9411764705882,312.2549019607843,1,1,1,0,0,0,0,0,1,0,1,0,1,0
1a972cce-219.jpg,108.33333333333336,629.2892156862746,86.02941176470591,192.7696078431373,108.33333333333336,629.2892156862746,86.02941176470591,192.7696078431373,1,1,1,0,0,0,0,0,1,0,1,0,1,0
1a972cce-219.jpg,195.9558823529412,659.5588235294117,122.671568627451,248.5294117647058,195.9558823529412,659.5588235294117,122.671568627451,248.5294117647058,2,1,1,0,0,0,0,0,1,0,1,0,1,0
1a972cce-219.jpg,309.0686274509804,659.5588235294117,117.89215686274515,307.4754901960785,309.0686274509804,659.5588235294117,117.89215686274515,307.4754901960785,1,1,1,0,0,0,0,0,1,0,1,0,1,0
1a972cce-219.jpg,417.4019607843138,619.7303921568626,124.2647058823529,270.83333333333326,417.4019607843138,619.7303921568626,124.2647058823529,270.83333333333326,2,1,1,0,0,0,0,0,1,0,1,0,1,0
1a972cce-219.jpg,532.1078431372549,614.9509803921568,149.7549019607844,350.4901960784314,532.1078431372549,614.9509803921568,149.7549019607844,350.4901960784314,2,1,1,0,0,0,0,0,1,0,1,0,1,0
1a972cce-219.jpg,599.0196078431375,355.2696078431371,199.14215686274508,251.71568627450992,599.0196078431375,355.2696078431371,199.14215686274508,251.71568627450992,1,1,1,0,0,0,0,0,1,0,1,0,1,0
1a972cce-219.jpg,756.7401960784315,358.4558823529412,270.83333333333326,293.1372549019608,756.7401960784315,358.4558823529412,270.83333333333326,293.1372549019608,1,1,1,0,0,0,0,0,1,0,1,0,1,0
1a972cce-219.jpg,678.6764705882355,621.3235294117648,173.65196078431367,277.20588235294105,678.6764705882355,621.3235294117648,173.65196078431367,277.20588235294105,3,2,1,0,1,0,0,0,1,0,1,0,1,0
1a972cce-219.jpg,857.1078431372549,646.813725490196,140.19616528744854,251.71599324380065,857.1078431372549,646.813725490196,140.19616528744854,251.71599324380065,3,2,1,0,1,0,0,0,1,0,1,0,1,0
1a972cce-219.jpg,995.7107843137244,635.6617647058827,156.1275299404617,275.61296436181874,995.7107843137244,635.6617647058827,156.1275299404617,275.61296436181874,3,2,1,0,1,0,0,0,1,0,1,0,1,0
1a972cce-219.jpg,1029.1666666666667,348.89705882352945,250.1225490196079,299.5098039215686,1029.1666666666667,348.89705882352945,250.1225490196079,299.5098039215686,1,1,1,0,0,0,0,0,1,0,1,0,1,0
1a972cce-219.jpg,1132.7205882352944,626.1029411764705,143.38237662919735,277.2058823529411,1132.7205882352944,626.1029411764705,143.38237662919735,277.2058823529411,2,1,1,0,0,0,0,0,1,0,1,0,1,0
1a972cce-219.jpg,1277.6960784313726,368.014705882353,197.54904329586407,250.122549019608,1277.6960784313726,368.014705882353,197.54904329586407,250.122549019608,3,2,1,0,1,0,0,0,1,0,1,0,1,0
1a972cce-219.jpg,1467.2794117647063,332.96568627450984,191.17647058823536,305.8823529411765,1467.2794117647063,332.96568627450984,191.17647058823536,305.8823529411765,2,1,1,0,0,0,0,0,1,0,1,0,1,0
1a972cce-219.jpg,1274.5097407535134,606.9852941176473,187.9902592464869,305.88235294117635,1274.5097407535134,606.9852941176473,187.9902592464869,305.88235294117635,3,2,1,0,1,0,0,0,1,0,1,0,1,0
1a972cce-219.jpg,1433.823529411765,600.612745098039,130.63742861411342,281.985294117647,1433.823529411765,600.612745098039,130.63742861411342,281.985294117647,2,1,1,0,0,0,0,0,1,0,1,0,1,0
1a972cce-219.jpg,1648.8970588235295,374.3872549019607,117.89215686274532,304.2892156862746,1648.8970588235295,374.3872549019607,117.89215686274532,304.2892156862746,2,1,1,0,0,0,0,0,1,0,1,0,1,0
1a972cce-219.jpg,1769.975490196079,387.13235294117646,86.0294117647058,269.2401960784313,1769.975490196079,387.13235294117646,86.0294117647058,269.2401960784313,3,2,1,0,1,0,0,0,1,0,1,0,1,0
1a972cce-219.jpg,1526.2254901960782,661.1519607843136,180.02450980392183,259.6813725490198,1526.2254901960782,661.1519607843136,180.02450980392183,259.6813725490198,3,2,1,0,1,0,0,0,1,0,1,0,1,0
1a972cce-219.jpg,1854.4117647058824,369.6078431372549,31.862745098039227,203.92156862745097,1854.4117647058824,369.6078431372549,31.862745098039227,203.92156862745097,3,2,1,0,1,0,0,0,1,0,1,0,1,0
1a972cce-219.jpg,1704.656862745098,661.1519607843137,125.85784313725526,170.46568627450984,1704.656862745098,661.1519607843137,125.85784313725526,170.46568627450984,2,1,1,0,0,0,0,0,1,0,1,0,1,0
1a972cce-219.jpg,1832.1078431372548,565.563725490196,57.35294117647072,180.02450980392152,1832.1078431372548,565.563725490196,57.35294117647072,180.02450980392152,2,1,1,0,0,0,0,0,1,0,1,0,1,0
1a972cce-219.jpg,1881.495098039216,323.40686274509807,58.94607843137237,229.41176470588232,1881.495098039216,323.40686274509807,58.94607843137237,229.41176470588232,2,1,1,0,0,0,0,0,1,0,1,0,1,0
0e895a97-203.jpg,165.68627450980392,353.67647058823525,215.07352941176472,246.936274509804,165.68627450980392,353.67647058823525,215.07352941176472,246.936274509804,1,1,1,0,0,0,0,0,1,0,1,0,1,0
0e895a97-203.jpg,133.8235294117647,551.2254901960783,235.7843137254902,175.24509803921575,133.8235294117647,551.2254901960783,235.7843137254902,175.24509803921575,1,1,1,0,0,0,0,0,1,0,1,0,1,0
0e895a97-203.jpg,372.7941176470589,492.27941176470574,223.03921568627453,205.5147058823529,372.7941176470589,492.27941176470574,223.03921568627453,205.5147058823529,1,1,1,0,0,0,0,0,1,0,1,0,1,0
0e895a97-203.jpg,336.1519607843137,670.7107843137253,293.1372549019607,165.68682266925265,336.1519607843137,670.7107843137253,293.1372549019607,165.68682266925265,1,1,1,0,0,0,0,0,1,0,1,0,1,0
0e895a97-203.jpg,583.0882352941176,527.3284313725491,154.5343137254902,207.1078431372549,583.0882352941176,527.3284313725491,154.5343137254902,207.1078431372549,1,1,1,0,0,0,0,0,1,0,1,0,1,0
0e895a97-203.jpg,697.7941176470589,477.9411764705883,184.8039215686275,270.83333333333326,697.7941176470589,477.9411764705883,184.8039215686275,270.83333333333326,1,1,1,0,0,0,0,0,1,0,1,0,1,0
0e895a97-203.jpg,589.4607843137254,716.9117647058824,184.8039215686276,149.75490196078417,589.4607843137254,716.9117647058824,184.8039215686276,149.75490196078417,0,0,0,0,0,0,0,0,1,0,1,0,1,0
0e895a97-203.jpg,755.147129887592,708.9460784313726,215.0734109716607,242.15701622974387,755.147129887592,708.9460784313726,215.0734109716607,242.15701622974387,1,1,1,0,0,0,0,0,1,0,1,0,1,0
0e895a97-203.jpg,865.0735294117653,442.8921568627449,261.2744545318727,332.9656862745097,865.0735294117653,442.8921568627449,261.2744545318727,332.9656862745097,1,1,1,0,0,0,0,0,1,0,1,0,1,0
0e895a97-203.jpg,1126.348039215686,479.534072535333,254.90194499229943,305.8825941313333,1126.348039215686,479.534072535333,254.90194499229943,305.8825941313333,1,1,1,0,0,0,0,0,1,0,1,0,1,0
0e895a97-203.jpg,976.5931372549022,694.6078431372548,208.70098039215705,272.42647058823536,976.5931372549022,694.6078431372548,208.70098039215705,272.42647058823536,1,1,1,0,0,0,0,0,1,0,1,0,1,0
0e895a97-203.jpg,1194.8529411764707,753.5539215686274,199.1421568627453,203.92156862745097,1194.8529411764707,753.5539215686274,199.1421568627453,203.92156862745097,0,0,0,0,0,0,0,0,1,0,1,0,1,0
0e895a97-203.jpg,1365.3186274509808,463.6027438390692,304.2892156862746,345.71098165112693,1365.3186274509808,463.6027438390692,304.2892156862746,345.71098165112693,1,1,1,0,0,0,0,0,1,0,1,0,1,0
0e895a97-203.jpg,1648.8970588235295,493.8725490196077,275.6127450980392,313.8480392156864,1648.8970588235295,493.8725490196077,275.6127450980392,313.8480392156864,1,1,1,0,0,0,0,0,1,0,1,0,1,0
0e895a97-203.jpg,1403.5539215686272,767.8921568627451,178.43139623704042,189.5833333333333,1403.5539215686272,767.8921568627451,178.43139623704042,189.5833333333333,0,0,0,0,0,0,0,0,1,0,1,0,1,0
0e895a97-203.jpg,1586.7647058823527,772.671568627451,164.09313725490193,129.04411764705875,1586.7647058823527,772.671568627451,164.09313725490193,129.04411764705875,1,1,1,0,0,0,0,0,1,0,1,0,1,0
0e895a97-203.jpg,1914.9508777440665,562.3774509803914,73.28441637358102,223.0392156862744,1914.9508777440665,562.3774509803914,73.28441637358102,223.0392156862744,0,0,0,0,0,0,0,0,1,0,1,0,1,0
0e895a97-203.jpg,1765.1960784313726,782.2303921568628,138.60294117647072,70.09803921568626,1765.1960784313726,782.2303921568628,138.60294117647072,70.09803921568626,0,0,0,0,0,0,0,0,1,0,1,0,1,0
e039ac13-1.jpg,859.8452278589849,634.5657781599307,192.7520967332812,254.7868650556237,859.8452278589849,634.5657781599307,192.7520967332812,254.7868650556237,0,0,0,0,0,0,0,0,1,0,1,0,1,0
e039ac13-1.jpg,1056.5709312445604,577.8938207136639,168.84247171453424,308.0939947780679,1056.5709312445604,577.8938207136639,168.84247171453424,308.0939947780679,0,0,0,0,0,0,0,0,1,0,1,0,1,0
e039ac13-1.jpg,1239.338555265448,574.4125326370757,203.65535248041795,257.6153176675371,1239.338555265448,574.4125326370757,203.65535248041795,257.6153176675371,0,0,0,0,0,0,0,0,1,0,1,0,1,0
e039ac13-1.jpg,654.4821583986075,576.15317667537,201.91470844212347,255.8748249562516,654.4821583986075,576.15317667537,201.91470844212347,255.8748249562516,0,0,0,0,0,0,0,0,1,0,1,0,1,0
e039ac13-1.jpg,502.24215246636777,578.4753363228701,139.01345291479814,224.2152466367712,502.24215246636777,578.4753363228701,139.01345291479814,224.2152466367712,1,1,1,0,0,0,0,0,1,0,1,0,1,0
e039ac13-1.jpg,500.00000000000006,352.01793721973104,248.8789237668162,264.57399103139016,500.00000000000006,352.01793721973104,248.8789237668162,264.57399103139016,1,1,1,0,0,0,0,0,1,0,1,0,1,0
e039ac13-1.jpg,1060.5381165919289,293.72197309417027,311.65924007843665,320.6278026905826,1060.5381165919289,293.72197309417027,311.65924007843665,320.6278026905826,1,1,1,0,0,0,0,0,1,0,1,0,1,0
e039ac13-1.jpg,1378.9237668161438,329.5964125560538,201.7937219730939,273.5426008968611,1378.9237668161438,329.5964125560538,201.7937219730939,273.5426008968611,1,1,1,0,0,0,0,0,1,0,1,0,1,0
e039ac13-1.jpg,1448.4304595211677,578.4753363228696,156.95071989906373,242.15246636771283,1448.4304595211677,578.4753363228696,156.95071989906373,242.15246636771283,2,1,1,0,0,0,0,0,1,0,1,0,1,0
e039ac13-1.jpg,1587.4439461883403,298.206278026906,165.9192825112109,275.7847533632287,1587.4439461883403,298.206278026906,165.9192825112109,275.7847533632287,2,1,1,0,0,0,0,0,1,0,1,0,1,0
e039ac13-1.jpg,1614.349775784753,571.7488789237667,136.77130044843068,219.730941704036,1614.349775784753,571.7488789237667,136.77130044843068,219.730941704036,2,1,1,0,0,0,0,0,1,0,1,0,1,0
e039ac13-1.jpg,325.1121616271182,271.30044843049325,170.40353344014648,311.6591928251121,325.1121616271182,271.30044843049325,170.40353344014648,311.6591928251121,2,1,1,0,0,0,0,0,1,0,1,0,1,0
e039ac13-1.jpg,284.7533902305995,567.2645739910313,210.76230483666512,206.2780269058295,284.7533902305995,567.2645739910313,210.76230483666512,206.2780269058295,2,1,1,0,0,0,0,0,1,0,1,0,1,0
e039ac13-1.jpg,190.58295964125563,264.57399103139016,141.2556053811659,266.8161434977578,190.58295964125563,264.57399103139016,141.2556053811659,266.8161434977578,2,1,1,0,0,0,0,0,1,0,1,0,1,0
e039ac13-1.jpg,1760.089686098655,304.932735426009,89.68609865470825,246.6367713004485,1760.089686098655,304.932735426009,89.68609865470825,246.6367713004485,2,1,1,0,0,0,0,0,1,0,1,0,1,0
e039ac13-1.jpg,186.0986682094702,544.8430493273543,118.83408071748876,127.80269058295968,186.0986682094702,544.8430493273543,118.83408071748876,127.80269058295968,1,1,1,0,0,0,0,0,1,0,1,0,1,0
e039ac13-1.jpg,94.17040358744391,468.60986547085207,116.59192825112108,147.98206278026908,94.17040358744391,468.60986547085207,116.59192825112108,147.98206278026908,2,1,1,0,0,0,0,0,1,0,1,0,1,0
e039ac13-1.jpg,118.8340807174888,280.2690582959641,96.41255605381168,154.70852017937224,118.8340807174888,280.2690582959641,96.41255605381168,154.70852017937224,2,1,1,0,0,0,0,0,1,0,1,0,1,0
e039ac13-1.jpg,11.210762331838572,385.6502242152467,105.38116591928252,127.80269058295964,11.210762331838572,385.6502242152467,105.38116591928252,127.80269058295964,1,1,1,0,0,0,0,0,1,0,1,0,1,0
e039ac13-1.jpg,49.32735426008969,262.33183856502245,85.20179372197308,139.01345291479814,49.32735426008969,262.33183856502245,85.20179372197308,139.01345291479814,1,1,1,0,0,0,0,0,1,0,1,0,1,0
e039ac13-1.jpg,0.0,217.4887892376682,56.05381165919283,73.99103139013454,0.0,217.4887892376682,56.05381165919283,73.99103139013454,1,1,1,0,0,0,0,0,1,0,1,0,1,0
e039ac13-1.jpg,1755.6053811659194,549.3273542600897,85.20179372197305,177.13004484304935,1755.6053811659194,549.3273542600897,85.20179372197305,177.13004484304935,2,1,1,0,0,0,0,0,1,0,1,0,1,0
e039ac13-1.jpg,746.6367713004485,311.6591928251121,313.90134529147986,316.1434977578476,746.6367713004485,311.6591928251121,313.90134529147986,316.1434977578476,3,2,1,0,1,0,0,0,1,0,1,0,1,0
e039ac13-1.jpg,1854.2600896860984,322.8699551569506,40.35876464604373,201.7937219730942,1854.2600896860984,322.8699551569506,40.35876464604373,201.7937219730942,2,1,1,0,0,0,0,0,1,0,1,0,1,0
e039ac13-1.jpg,1847.5336322869955,544.8430493273544,65.0224215246638,123.31838565022426,1847.5336322869955,544.8430493273544,65.0224215246638,123.31838565022426,2,1,1,0,0,0,0,0,1,0,1,0,1,0
e039ac13-1.jpg,1901.3452914798231,488.78923766816143,51.56950672645768,89.68609865470863,1901.3452914798231,488.78923766816143,51.56950672645768,89.68609865470863,1,1,1,0,0,0,0,0,1,0,1,0,1,0
e039ac13-1.jpg,1939.461883408072,293.7219730941705,26.905829596412616,125.56053811659189,1939.461883408072,293.7219730941705,26.905829596412616,125.56053811659189,1,1,1,0,0,0,0,0,1,0,1,0,1,0
e039ac13-1.jpg,1896.860959545185,309.41704035874426,38.1166189301513,127.8026905829596,1896.860959545185,309.41704035874426,38.1166189301513,127.8026905829596,1,1,1,0,0,0,0,0,1,0,1,0,1,0
70efe99b-152.jpg,137.00980392156865,468.38235294117646,210.29411764705884,149.75490196078428,137.00980392156865,468.38235294117646,210.29411764705884,149.75490196078428,0,0,0,0,0,0,0,0,1,0,1,0,1,0
70efe99b-152.jpg,350.49019607843144,476.34803921568624,191.17647058823528,197.54901960784323,350.49019607843144,476.34803921568624,191.17647058823528,197.54901960784323,0,0,0,0,0,0,0,0,1,0,1,0,1,0
70efe99b-152.jpg,261.27450980392166,622.9166666666666,154.53431372549022,111.51960784313717,261.27450980392166,622.9166666666666,154.53431372549022,111.51960784313717,0,0,0,0,0,0,0,0,1,0,1,0,1,0
70efe99b-152.jpg,398.2843137254903,653.186274509804,186.39705882352945,152.9415492190131,398.2843137254903,653.186274509804,186.39705882352945,152.9415492190131,1,1,1,0,0,0,0,0,1,0,1,0,1,0
70efe99b-152.jpg,514.5833333333334,581.4950980392156,100.36766285083743,133.82352941176472,514.5833333333334,581.4950980392156,100.36766285083743,133.82352941176472,0,0,0,0,0,0,0,0,1,0,1,0,1,0
70efe99b-152.jpg,570.3431372549021,516.1764705882352,165.68627450980387,200.7352941176471,570.3431372549021,516.1764705882352,165.68627450980387,200.7352941176471,0,0,0,0,0,0,0,0,1,0,1,0,1,0
70efe99b-152.jpg,594.2401960784316,694.6078431372549,121.07843137254903,86.02941176470588,594.2401960784316,694.6078431372549,121.07843137254903,86.02941176470588,0,0,0,0,0,0,0,0,1,0,1,0,1,0
70efe99b-152.jpg,681.8627450980392,471.56862745098033,258.0882352941176,294.7303921568628,681.8627450980392,471.56862745098033,258.0882352941176,294.7303921568628,0,0,0,0,0,0,0,0,1,0,1,0,1,0
70efe99b-152.jpg,664.3382352941177,742.4019607843137,195.9558823529412,135.41666666666683,664.3382352941177,742.4019607843137,195.9558823529412,135.41666666666683,0,0,0,0,0,0,0,0,1,0,1,0,1,0
70efe99b-152.jpg,844.362745098039,693.0147058823532,197.54901960784304,226.2256436807241,844.362745098039,693.0147058823532,197.54901960784304,226.2256436807241,0,0,0,0,0,0,0,0,1,0,1,0,1,0
70efe99b-152.jpg,939.9509803921568,474.7549019607842,259.6813725490196,280.3921568627452,939.9509803921568,474.7549019607842,259.6813725490196,280.3921568627452,0,0,0,0,0,0,0,0,1,0,1,0,1,0
70efe99b-152.jpg,1220.3431372549028,420.5879283248266,313.8479286715892,328.1865814790948,1220.3431372549028,420.5879283248266,313.8479286715892,328.1865814790948,0,0,0,0,0,0,0,0,1,0,1,0,1,0
70efe99b-152.jpg,1075.3676470588236,626.1029411764704,208.70105145621923,299.5098039215682,1075.3676470588236,626.1029411764704,208.70105145621923,299.5098039215682,0,0,0,0,0,0,0,0,1,0,1,0,1,0
70efe99b-152.jpg,1285.6617647058824,716.9117647058824,205.51470588235304,180.0245098039216,1285.6617647058824,716.9117647058824,205.51470588235304,180.0245098039216,0,0,0,0,0,0,0,0,1,0,1,0,1,0
70efe99b-152.jpg,1497.5490196078435,632.4754901960783,202.3284313725492,283.5784313725491,1497.5490196078435,632.4754901960783,202.3284313725492,283.5784313725491,0,0,0,0,0,0,0,0,1,0,1,0,1,0
70efe99b-152.jpg,1551.71568627451,407.8431372549019,332.96568627450995,334.5588235294117,1551.71568627451,407.8431372549019,332.96568627450995,334.5588235294117,0,0,0,0,0,0,0,0,1,0,1,0,1,0
70efe99b-152.jpg,1693.5049019607843,702.5735294117645,170.46571785853772,208.70098039215685,1693.5049019607843,702.5735294117645,170.46571785853772,208.70098039215685,0,0,0,0,0,0,0,0,1,0,1,0,1,0
70efe99b-152.jpg,1870.3430188147984,533.700980392157,117.89227530284856,232.59803921568616,1870.3430188147984,533.700980392157,117.89227530284856,232.59803921568616,0,0,0,0,0,0,0,0,1,0,1,0,1,0
70efe99b-152.jpg,1860.7843137254904,734.4362745098038,127.45098039215692,127.45098039215688,1860.7843137254904,734.4362745098038,127.45098039215692,127.45098039215688,0,0,0,0,0,0,0,0,1,0,1,0,1,0
745d312c-272.jpg,27.083333333333314,66.91176470588232,312.2549019607843,310.6617647058824,27.083333333333314,66.91176470588232,312.2549019607843,310.6617647058824,2,1,1,0,0,0,0,0,1,0,1,0,1,0
745d312c-272.jpg,50.980392156862735,355.269607843137,369.6079773693729,393.5049019607843,50.980392156862735,355.269607843137,369.6079773693729,393.5049019607843,2,1,1,0,0,0,0,0,1,0,1,0,1,0
745d312c-272.jpg,258.0882352941177,651.593137254902,245.343137254902,258.0882352941175,258.0882352941177,651.593137254902,245.343137254902,258.0882352941175,2,1,1,0,0,0,0,0,1,0,1,0,1,0
745d312c-272.jpg,407.8430898788604,828.4313286962637,243.75,277.2058823529412,407.8430898788604,828.4313286962637,243.75,277.2058823529412,1,1,1,0,0,0,0,0,1,0,1,0,1,0
745d312c-272.jpg,614.9509803921569,1010.0490196078432,216.6666666666667,200.73529411764704,614.9509803921569,1010.0490196078432,216.6666666666667,200.73529411764704,0,0,0,0,0,0,0,0,1,0,1,0,1,0
745d312c-272.jpg,839.5833333333334,1072.1813725490197,192.7696078431373,176.83823529411774,839.5833333333334,1072.1813725490197,192.7696078431373,176.83823529411774,0,0,0,0,0,0,0,0,1,0,1,0,1,0
745d312c-272.jpg,1038.7254901960782,1064.2156862745098,191.17647058823536,176.83823529411774,1038.7254901960782,1064.2156862745098,191.17647058823536,176.83823529411774,0,0,0,0,0,0,0,0,1,0,1,0,1,0
745d312c-272.jpg,1233.0882352941176,990.9313725490196,203.9215686274511,221.4460784313727,1233.0882352941176,990.9313725490196,203.9215686274511,221.4460784313727,0,0,0,0,0,0,0,0,1,0,1,0,1,0
745d312c-272.jpg,1406.7401960784316,815.686274509804,242.15686274509807,266.0539215686276,1406.7401960784316,815.686274509804,242.15686274509807,266.0539215686276,2,1,1,0,0,0,0,0,1,0,1,0,1,0
745d312c-272.jpg,1548.529411764706,642.0343137254903,253.3088235294116,264.4607843137253,1548.529411764706,642.0343137254903,253.3088235294116,264.4607843137253,2,1,1,0,0,0,0,0,1,0,1,0,1,0
745d312c-272.jpg,1636.152008160355,342.52461943581113,315.4411764705887,372.7941176470588,1636.152008160355,342.52461943581113,315.4411764705887,372.7941176470588,2,1,1,0,0,0,0,0,1,0,1,0,1,0
745d312c-272.jpg,1648.8970588235295,71.6911764705882,323.40686274509807,267.64705882352945,1648.8970588235295,71.6911764705882,323.40686274509807,267.64705882352945,3,2,1,0,1,0,0,0,1,0,1,0,1,0
453f45eb-80.jpg,20.710784313725483,500.24509803921575,143.38235294117652,127.45098039215677,20.710784313725483,500.24509803921575,143.38235294117652,127.45098039215677,0,0,0,0,0,0,0,0,1,0,1,0,1,0
453f45eb-80.jpg,3.1862745098039227,635.6617647058823,254.90196078431376,223.0392156862744,3.1862745098039227,635.6617647058823,254.90196078431376,223.0392156862744,2,1,1,0,0,0,0,0,1,0,1,0,1,0
453f45eb-80.jpg,172.05882352941174,409.4362745098038,258.0882352941176,246.93627450980387,172.05882352941174,409.4362745098038,258.0882352941176,246.93627450980387,0,0,0,0,0,0,0,0,1,0,1,0,1,0
453f45eb-80.jpg,425.3676470588237,360.0490196078432,278.79901960784315,355.2696078431373,425.3676470588237,360.0490196078432,278.79901960784315,355.2696078431373,0,0,0,0,0,0,0,0,1,0,1,0,1,0
453f45eb-80.jpg,264.46078431372547,640.4411764705882,253.3088235294118,264.46078431372547,264.46078431372547,640.4411764705882,253.3088235294118,264.46078431372547,0,0,0,0,0,0,0,0,1,0,1,0,1,0
453f45eb-80.jpg,528.9215686274508,662.7450980392156,277.20588235294133,299.50980392156885,528.9215686274508,662.7450980392156,277.20588235294133,299.50980392156885,0,0,0,0,0,0,0,0,1,0,1,0,1,0
453f45eb-80.jpg,710.53912136764,342.52450980392155,280.39225118137983,393.504901960784,710.53912136764,342.52450980392155,280.39225118137983,393.504901960784,0,0,0,0,0,0,0,0,1,0,1,0,1,0
453f45eb-80.jpg,839.5833333333335,613.3578431372549,227.81862745098053,348.8970588235296,839.5833333333335,613.3578431372549,227.81862745098053,348.8970588235296,0,0,0,0,0,0,0,0,1,0,1,0,1,0
453f45eb-80.jpg,1000.4900912799484,390.3186274509804,274.01971264162097,317.0343137254903,1000.4900912799484,390.3186274509804,274.01971264162097,317.0343137254903,0,0,0,0,0,0,0,0,1,0,1,0,1,0
453f45eb-80.jpg,1091.299019607843,661.1519607843138,195.9558823529412,264.4607843137256,1091.299019607843,661.1519607843138,195.9558823529412,264.4607843137256,0,0,0,0,0,0,0,0,1,0,1,0,1,0
453f45eb-80.jpg,1282.4753644378989,396.6911764705882,281.9854198758267,320.22058823529414,1282.4753644378989,396.6911764705882,281.9854198758267,320.22058823529414,0,0,0,0,0,0,0,0,1,0,1,0,1,0
453f45eb-80.jpg,1559.6813725490197,339.3382352941176,289.9509803921572,337.7450980392157,1559.6813725490197,339.3382352941176,289.9509803921572,337.7450980392157,0,0,0,0,0,0,0,0,1,0,1,0,1,0
453f45eb-80.jpg,1304.779411764706,675.4901960784315,156.12745098039227,229.41176470588223,1304.779411764706,675.4901960784315,156.12745098039227,229.41176470588223,0,0,0,0,0,0,0,0,1,0,1,0,1,0
453f45eb-80.jpg,1464.0931372549023,675.4901960784315,149.75490196078425,205.51470588235296,1464.0931372549023,675.4901960784315,149.75490196078425,205.51470588235296,0,0,0,0,0,0,0,0,1,0,1,0,1,0
453f45eb-80.jpg,1613.8480392156864,685.0490196078431,119.48529411764724,170.46568627450984,1613.8480392156864,685.0490196078431,119.48529411764724,170.46568627450984,0,0,0,0,0,0,0,0,1,0,1,0,1,0
453f45eb-80.jpg,1744.4852941176473,664.3382352941177,79.65686274509807,178.4313725490196,1744.4852941176473,664.3382352941177,79.65686274509807,178.4313725490196,0,0,0,0,0,0,0,0,1,0,1,0,1,0
453f45eb-80.jpg,1822.5490196078435,320.220588235294,74.87747194008867,309.0686274509804,1822.5490196078435,320.220588235294,74.87747194008867,309.0686274509804,0,0,0,0,0,0,0,0,1,0,1,0,1,0
453f45eb-80.jpg,1891.053921568628,280.3921568627452,47.79411764705884,320.22058823529414,1891.053921568628,280.3921568627452,47.79411764705884,320.22058823529414,0,0,0,0,0,0,0,0,1,0,1,0,1,0
2f7babeb-117.jpg,548.3410726604213,499.8630377128594,87.93625157854666,75.69196338406532,548.3410726604213,499.8630377128594,87.93625157854666,75.69196338406532,4,2,1,0,1,0,0,0,1,0,1,0,1,0
2f7babeb-117.jpg,547.8297740158447,569.8325535041159,114.24101616280758,114.24101616280758,547.8297740158447,569.8325535041159,114.24101616280758,114.24101616280758,4,2,1,0,1,0,0,0,1,0,1,0,1,0
2f7babeb-117.jpg,625.2020985988372,478.4397405738699,191.0940633996055,140.72416081873115,625.2020985988372,478.4397405738699,191.0940633996055,140.72416081873115,2,1,1,0,0,0,0,0,1,0,1,0,1,0
2f7babeb-117.jpg,659.993680793875,605.1434130453475,218.61576274791867,116.31812554758704,659.993680793875,605.1434130453475,218.61576274791867,116.31812554758704,1,1,1,0,0,0,0,0,1,0,1,0,1,0
2f7babeb-117.jpg,812.6612205750805,466.4963616113946,162.53380935890362,166.6880281284602,812.6612205750805,466.4963616113946,162.53380935890362,166.6880281284602,1,1,1,0,0,0,0,0,1,0,1,0,1,0
2f7babeb-117.jpg,865.3247763492956,605.859557060238,170.00334022089552,153.81254591414364,865.3247763492956,605.859557060238,170.00334022089552,153.81254591414364,1,1,1,0,0,0,0,0,1,0,1,0,1,0
2f7babeb-117.jpg,968.5410900548384,465.2020315203292,168.99141557672365,176.07488808592785,968.5410900548384,465.2020315203292,168.99141557672365,176.07488808592785,1,1,1,0,0,0,0,0,1,0,1,0,1,0
2f7babeb-117.jpg,1116.28208810395,407.5223268025253,190.2418331043358,243.87383924545188,1116.28208810395,407.5223268025253,190.2418331043358,243.87383924545188,0,0,0,0,0,0,0,0,1,0,1,0,1,0
2f7babeb-117.jpg,1028.2446440609867,596.7522352626895,184.17028523930364,189.22990846016364,1028.2446440609867,596.7522352626895,184.17028523930364,189.22990846016364,1,1,1,0,0,0,0,0,1,0,1,0,1,0
2f7babeb-117.jpg,1184.081039263474,609.9072556369251,186.1941345276477,228.6949695828717,1184.081039263474,609.9072556369251,186.1941345276477,228.6949695828717,0,0,0,0,0,0,0,0,1,0,1,0,1,0
2f7babeb-117.jpg,1307.5358458524574,404.48655287000935,177.0868127300999,236.79036673624765,1307.5358458524574,404.48655287000935,177.0868127300999,236.79036673624765,0,0,0,0,0,0,0,0,1,0,1,0,1,0
2f7babeb-117.jpg,1457.300693189915,373.1168889006773,187.2060591718185,234.7665174479034,1457.300693189915,373.1168889006773,187.2060591718185,234.7665174479034,0,0,0,0,0,0,0,0,1,0,1,0,1,0
2f7babeb-117.jpg,1357.1201534168858,634.1934470970527,82.97782082210375,121.43095730063976,1357.1201534168858,634.1934470970527,82.97782082210375,121.43095730063976,1,1,1,0,0,0,0,0,1,0,1,0,1,0
2f7babeb-117.jpg,1435.0383510181314,568.4183452258732,126.49058052149825,195.3014563251956,1435.0383510181314,568.4183452258732,126.49058052149825,195.3014563251956,0,0,0,0,0,0,0,0,1,0,1,0,1,0
2f7babeb-117.jpg,1534.2069661469902,601.8118584835489,108.27593692639964,154.82447055831562,1534.2069661469902,601.8118584835489,108.27593692639964,154.82447055831562,0,0,0,0,0,0,0,0,1,0,1,0,1,0
2f7babeb-117.jpg,1620.2205609016053,372.1049642565056,114.34748479143572,239.8261406687634,1620.2205609016053,372.1049642565056,114.34748479143572,239.8261406687634,0,0,0,0,0,0,0,0,1,0,1,0,1,0
2f7babeb-117.jpg,1714.3295528096014,377.1645874773652,107.26401228223128,209.46840134360377,1714.3295528096014,377.1645874773652,107.26401228223128,209.46840134360377,1,1,1,0,0,0,0,0,1,0,1,0,1,0
2f7babeb-117.jpg,1773.0211821715775,384.24805998656944,41.488910411051066,205.4207027669156,1773.0211821715775,384.24805998656944,41.488910411051066,205.4207027669156,0,0,0,0,0,0,0,0,1,0,1,0,1,0
2f7babeb-117.jpg,1623.2563348341212,611.9311049252701,47.560458276083615,139.6456008957353,1623.2563348341212,611.9311049252701,47.560458276083615,139.6456008957353,0,0,0,0,0,0,0,0,1,0,1,0,1,0
2f7babeb-117.jpg,1672.840642398549,604.8476324160657,49.58430756442832,143.6932994724238,1672.840642398549,604.8476324160657,49.58430756442832,143.6932994724238,0,0,0,0,0,0,0,0,1,0,1,0,1,0
23d7d71d-121.jpg,7.272727272727252,378.1822707748444,330.909090909091,279.999547406974,7.272727272727252,378.1822707748444,330.909090909091,279.999547406974,0,0,0,0,0,0,0,0,1,0,1,0,1,0
23d7d71d-121.jpg,338.1818181818179,319.99939654263164,363.63623436358967,347.27333073009515,338.1818181818179,319.99939654263164,363.63623436358967,347.27333073009515,0,0,0,0,0,0,0,0,1,0,1,0,1,0
23d7d71d-121.jpg,692.7272727272727,314.5454545454545,307.27261236359504,310.9090909090909,692.7272727272727,314.5454545454545,307.27261236359504,310.9090909090909,0,0,0,0,0,0,0,0,1,0,1,0,1,0
23d7d71d-121.jpg,5.454545454545457,650.9090909090908,30.909090909090907,158.18181818181816,5.454545454545457,650.9090909090908,30.909090909090907,158.18181818181816,0,0,0,0,0,0,0,0,1,0,1,0,1,0
23d7d71d-121.jpg,36.36363636363637,654.5454545454546,130.9090190908832,227.2727272727272,36.36363636363637,654.5454545454546,130.9090190908832,227.2727272727272,0,0,0,0,0,0,0,0,1,0,1,0,1,0
23d7d71d-121.jpg,158.18181818181824,634.5454545454546,221.8181674545404,307.2727272727271,158.18181818181824,634.5454545454546,221.8181674545404,307.2727272727271,0,0,0,0,0,0,0,0,1,0,1,0,1,0
23d7d71d-121.jpg,392.7272727272728,656.3636363636363,234.5453539999637,283.6363636363636,392.7272727272728,656.3636363636363,234.5453539999637,283.6363636363636,0,0,0,0,0,0,0,0,1,0,1,0,1,0
23d7d71d-121.jpg,620.0000000000005,621.8181818181813,256.36349272722083,278.181818181818,620.0000000000005,621.8181818181813,256.36349272722083,278.181818181818,0,0,0,0,0,0,0,0,1,0,1,0,1,0
23d7d71d-121.jpg,1005.4545454545438,327.2726518405561,289.09065054536296,287.27280270489825,1005.4545454545438,327.2726518405561,289.09065054536296,287.27280270489825,0,0,0,0,0,0,0,0,1,0,1,0,1,0
23d7d71d-121.jpg,900.0,592.7272727272725,265.4544305454134,292.72727272727246,900.0,592.7272727272725,265.4544305454134,292.72727272727246,0,0,0,0,0,0,0,0,1,0,1,0,1,0
23d7d71d-121.jpg,1301.818181818181,356.3634854992942,249.09075109085208,223.6365145007055,1301.818181818181,356.3634854992942,249.09075109085208,223.6365145007055,0,0,0,0,0,0,0,0,1,0,1,0,1,0
23d7d71d-121.jpg,1165.4545454545455,558.1818181818182,252.72721527270647,252.72727272727263,1165.4545454545455,558.1818181818182,252.72721527270647,252.72727272727263,0,0,0,0,0,0,0,0,1,0,1,0,1,0
23d7d71d-121.jpg,1549.0909090909092,354.54545454545456,200.0,198.18181818181816,1549.0909090909092,354.54545454545456,200.0,198.18181818181816,0,0,0,0,0,0,0,0,1,0,1,0,1,0
23d7d71d-121.jpg,1389.09090909091,543.6362504881072,227.27261236359465,229.0910222391656,1389.09090909091,543.6362504881072,227.27261236359465,229.0910222391656,0,0,0,0,0,0,0,0,1,0,1,0,1,0
23d7d71d-121.jpg,1741.8181818181818,316.3636363636363,196.3636363636365,156.36363636363637,1741.8181818181818,316.3636363636363,196.3636363636365,156.36363636363637,1,1,1,0,0,0,0,0,1,0,1,0,1,0
23d7d71d-121.jpg,1860.0,323.6363636363636,129.0909090909091,205.4545454545454,1860.0,323.6363636363636,129.0909090909091,205.4545454545454,0,0,0,0,0,0,0,0,1,0,1,0,1,0
23d7d71d-121.jpg,1581.8181818181818,474.5454545454546,316.3635645454284,183.6367785133044,1581.8181818181818,474.5454545454546,316.3635645454284,183.6367785133044,0,0,0,0,0,0,0,0,1,0,1,0,1,0
7d15dca6-276.jpg,11.15196078431373,372.7941176470588,78.06372549019609,360.04901960784315,11.15196078431373,372.7941176470588,78.06372549019609,360.04901960784315,1,1,1,0,0,0,0,0,1,0,1,0,1,0
7d15dca6-276.jpg,87.62254901960785,347.3039215686274,250.1225490196078,337.7450980392157,87.62254901960785,347.3039215686274,250.1225490196078,337.7450980392157,1,1,1,0,0,0,0,0,1,0,1,0,1,0
7d15dca6-276.jpg,7.9656862745098,664.3382352941177,111.51960784313728,197.54901960784312,7.9656862745098,664.3382352941177,111.51960784313728,197.54901960784312,1,1,1,0,0,0,0,0,1,0,1,0,1,0
7d15dca6-276.jpg,116.29901960784316,618.1372549019607,197.54901960784315,281.985294117647,116.29901960784316,618.1372549019607,197.54901960784315,281.985294117647,1,1,1,0,0,0,0,0,1,0,1,0,1,0
7d15dca6-276.jpg,315.44117647058835,382.3529411764706,286.7647058823529,375.9803921568628,315.44117647058835,382.3529411764706,286.7647058823529,375.9803921568628,1,1,1,0,0,0,0,0,1,0,1,0,1,0
7d15dca6-276.jpg,342.5245098039216,728.0637254901961,78.06372549019606,76.47058823529413,342.5245098039216,728.0637254901961,78.06372549019606,76.47058823529413,0,0,0,0,0,0,0,0,1,0,1,0,1,0
7d15dca6-276.jpg,477.9411764705884,732.843137254902,127.45098039215682,135.41666666666654,477.9411764705884,732.843137254902,127.45098039215682,135.41666666666654,0,0,0,0,0,0,0,0,1,0,1,0,1,0
7d15dca6-276.jpg,594.2401960784315,334.5588235294118,294.7303921568627,412.6225490196077,594.2401960784315,334.5588235294118,294.7303921568627,412.6225490196077,1,1,1,0,0,0,0,0,1,0,1,0,1,0
7d15dca6-276.jpg,600.6127450980393,721.6911764705883,176.83823529411774,197.54901960784323,600.6127450980393,721.6911764705883,176.83823529411774,197.54901960784323,0,0,0,0,0,0,0,0,1,0,1,0,1,0
7d15dca6-276.jpg,787.0098039215687,672.3039215686276,133.82352941176464,133.82352941176472,787.0098039215687,672.3039215686276,133.82352941176464,133.82352941176472,0,0,0,0,0,0,0,0,1,0,1,0,1,0
7d15dca6-276.jpg,876.2254744040648,377.57359519089846,250.1225490196079,324.99999999999994,876.2254744040648,377.57359519089846,250.1225490196079,324.99999999999994,1,1,1,0,0,0,0,0,1,0,1,0,1,0
7d15dca6-276.jpg,914.4607843137256,651.5931372549016,246.93627450980395,315.44137380799,914.4607843137256,651.5931372549016,246.93627450980395,315.44137380799,1,1,1,0,0,0,0,0,1,0,1,0,1,0
7d15dca6-276.jpg,1121.5686274509806,431.74019607843127,256.49509803921546,350.4901960784314,1121.5686274509806,431.74019607843127,256.49509803921546,350.4901960784314,1,1,1,0,0,0,0,0,1,0,1,0,1,0
7d15dca6-276.jpg,1151.838235294118,700.9803921568628,215.0735294117648,246.9362745098038,1151.838235294118,700.9803921568628,215.0735294117648,246.9362745098038,1,1,1,0,0,0,0,0,1,0,1,0,1,0
7d15dca6-276.jpg,1346.2009803921571,481.1274509803922,180.02450980392126,275.6127450980392,1346.2009803921571,481.1274509803922,180.02450980392126,275.6127450980392,1,1,1,0,0,0,0,0,1,0,1,0,1,0
7d15dca6-276.jpg,1338.2352941176473,688.2352941176471,180.02450980392155,235.78431372549016,1338.2352941176473,688.2352941176471,180.02450980392155,235.78431372549016,1,1,1,0,0,0,0,0,1,0,1,0,1,0
7d15dca6-276.jpg,1497.5490196078435,489.09313725490193,146.5686274509804,237.37745098039213,1497.5490196078435,489.09313725490193,146.5686274509804,237.37745098039213,1,1,1,0,0,0,0,0,1,0,1,0,1,0
7d15dca6-276.jpg,1524.6323529411768,702.5735294117648,159.31372549019585,159.3137254901961,1524.6323529411768,702.5735294117648,159.31372549019585,159.3137254901961,1,1,1,0,0,0,0,0,1,0,1,0,1,0
7d15dca6-276.jpg,1621.8137254901965,511.3970588235294,151.3480392156862,203.92156862745108,1621.8137254901965,511.3970588235294,151.3480392156862,203.92156862745108,2,1,1,0,0,0,0,0,1,0,1,0,1,0
7d15dca6-276.jpg,1760.416666666667,471.5686274509804,154.53431372549034,207.1078431372549,1760.416666666667,471.5686274509804,154.53431372549034,207.1078431372549,1,1,1,0,0,0,0,0,1,0,1,0,1,0
7d15dca6-276.jpg,1671.200980392157,657.9656862745097,168.87254901960802,148.16176470588246,1671.200980392157,657.9656862745097,168.87254901960802,148.16176470588246,1,1,1,0,0,0,0,0,1,0,1,0,1,0
304a768a-10.jpg,995.7108471928155,503.4313725490194,226.22542731698948,318.6275167595261,995.7108471928155,503.4313725490194,226.22542731698948,318.6275167595261,0,0,0,0,0,0,0,0,1,0,1,0,1,0
304a768a-10.jpg,721.6911764705884,482.7205882352941,235.7843137254902,294.7303921568628,721.6911764705884,482.7205882352941,235.7843137254902,294.7303921568628,0,0,0,0,0,0,0,0,1,0,1,0,1,0
304a768a-10.jpg,482.720588235294,446.0782340351477,232.59803921568627,302.6962757687738,482.720588235294,446.0782340351477,232.59803921568627,302.6962757687738,2,1,1,0,0,0,0,0,1,0,1,0,1,0
304a768a-10.jpg,347.30400540741374,512.9901960784316,140.19599459258632,208.70098039215696,347.30400540741374,512.9901960784316,140.19599459258632,208.70098039215696,1,1,1,0,0,0,0,0,1,0,1,0,1,0
304a768a-10.jpg,272.4265334673251,530.5147058823528,84.43621163071418,157.7205882352942,272.4265334673251,530.5147058823528,84.43621163071418,157.7205882352942,1,1,1,0,0,0,0,0,1,0,1,0,1,0
304a768a-10.jpg,156.12749289978535,532.1078431372548,124.26466396295984,176.8382352941176,156.12749289978535,532.1078431372548,124.26466396295984,176.8382352941176,1,1,1,0,0,0,0,0,1,0,1,0,1,0
304a768a-10.jpg,54.16674002560469,516.1764705882351,100.36757369988555,168.87254901960785,54.16674002560469,516.1764705882351,100.36757369988555,168.87254901960785,1,1,1,0,0,0,0,0,1,0,1,0,1,0
304a768a-10.jpg,73.28431372549016,678.6764705882351,121.07843137254908,127.45111195042465,73.28431372549016,678.6764705882351,121.07843137254908,127.45111195042465,0,0,0,0,0,0,0,0,1,0,1,0,1,0
304a768a-10.jpg,181.6176470588236,681.8627450980395,132.2303921568627,149.7550554454297,181.6176470588236,681.8627450980395,132.2303921568627,149.7550554454297,0,0,0,0,0,0,0,0,1,0,1,0,1,0
304a768a-10.jpg,317.03431372549034,681.8627450980393,156.12745098039218,184.80414083240697,317.03431372549034,681.8627450980393,156.12745098039218,184.80414083240697,0,0,0,0,0,0,0,0,1,0,1,0,1,0
304a768a-10.jpg,477.9411764705884,691.421568627451,149.75490196078434,130.63725490196074,477.9411764705884,691.421568627451,149.75490196078434,130.63725490196074,0,0,0,0,0,0,0,0,1,0,1,0,1,0
304a768a-10.jpg,629.2892156862746,648.4068627450979,129.04411764705884,197.54901960784323,629.2892156862746,648.4068627450979,129.04411764705884,197.54901960784323,0,0,0,0,0,0,0,0,1,0,1,0,1,0
304a768a-10.jpg,798.1617647058825,739.21568627451,152.94117647058826,92.4020923425812,798.1617647058825,739.21568627451,152.94117647058826,92.4020923425812,0,0,0,0,0,0,0,0,1,0,1,0,1,0
304a768a-10.jpg,1191.666666666667,605.3921568627452,103.55392156862732,203.92159055382885,1191.666666666667,605.3921568627452,103.55392156862732,203.92159055382885,0,0,0,0,0,0,0,0,1,0,1,0,1,0
304a768a-10.jpg,1255.3921568627452,501.8382352941176,133.82352941176464,229.4117647058824,1255.3921568627452,501.8382352941176,133.82352941176464,229.4117647058824,0,0,0,0,0,0,0,0,1,0,1,0,1,0
304a768a-10.jpg,1397.18137254902,439.7058823529412,226.22549019607817,256.49509803921563,1397.18137254902,439.7058823529412,226.22549019607817,256.49509803921563,2,1,1,0,0,0,0,0,1,0,1,0,1,0
304a768a-10.jpg,1331.862745098039,565.563725490196,156.12745098039233,250.12276828338747,1331.862745098039,565.563725490196,156.12745098039233,250.12276828338747,2,1,1,0,0,0,0,0,1,0,1,0,1,0
304a768a-10.jpg,1492.7696078431377,635.6617647058821,189.58333333333337,205.51492514613275,1492.7696078431377,635.6617647058821,189.58333333333337,205.51492514613275,0,0,0,0,0,0,0,0,1,0,1,0,1,0
304a768a-10.jpg,1628.1862745098042,430.1470588235293,105.14705882352956,229.4117647058824,1628.1862745098042,430.1470588235293,105.14705882352956,229.4117647058824,0,0,0,0,0,0,0,0,1,0,1,0,1,0
304a768a-10.jpg,1736.5196078431377,433.33333333333326,87.62254901960773,183.2107843137255,1736.5196078431377,433.33333333333326,87.62254901960773,183.2107843137255,0,0,0,0,0,0,0,0,1,0,1,0,1,0
304a768a-10.jpg,1828.921568627451,428.55392156862746,82.84313725490222,151.34803921568627,1828.921568627451,428.55392156862746,82.84313725490222,151.34803921568627,1,1,1,0,0,0,0,0,1,0,1,0,1,0
304a768a-10.jpg,1781.1274509803918,583.0882352941176,143.38235294117652,144.9757752389916,1781.1274509803918,583.0882352941176,143.38235294117652,144.9757752389916,1,1,1,0,0,0,0,0,1,0,1,0,1,0
304a768a-10.jpg,1683.9460260321318,602.2058823529405,121.07854665087956,170.4656862745096,1683.9460260321318,602.2058823529405,121.07854665087956,170.4656862745096,0,0,0,0,0,0,0,0,1,0,1,0,1,0
304a768a-10.jpg,1875.122549019609,540.0735294117646,113.11274509803938,111.5200682970739,1875.122549019609,540.0735294117646,113.11274509803938,111.5200682970739,0,0,0,0,0,0,0,0,1,0,1,0,1,0
e559ff0b-260.jpg,33.45588235294116,38.23529411764704,310.6617647058824,261.2745098039216,33.45588235294116,38.23529411764704,310.6617647058824,261.2745098039216,1,1,1,0,0,0,0,0,1,0,1,0,1,0
e559ff0b-260.jpg,97.18137254901973,274.01960784313746,339.3384247982841,339.3382352941176,97.18137254901973,274.01960784313746,339.3384247982841,339.3382352941176,2,1,1,0,0,0,0,0,1,0,1,0,1,0
e559ff0b-260.jpg,223.03921568627453,576.7156862745097,235.7843137254902,234.19117647058823,223.03921568627453,576.7156862745097,235.7843137254902,234.19117647058823,1,1,1,0,0,0,0,0,1,0,1,0,1,0
e559ff0b-260.jpg,321.81372549019613,777.4509803921569,216.6666666666667,211.8872549019607,321.81372549019613,777.4509803921569,216.6666666666667,211.8872549019607,1,1,1,0,0,0,0,0,1,0,1,0,1,0
e559ff0b-260.jpg,512.9901960784314,936.7647058823528,189.5832464772573,162.50000000000003,512.9901960784314,936.7647058823528,189.5832464772573,162.50000000000003,0,0,0,0,0,0,0,0,1,0,1,0,1,0
e559ff0b-260.jpg,707.3529411764706,1032.3529411764705,175.24509803921575,121.078431372549,707.3529411764706,1032.3529411764705,175.24509803921575,121.078431372549,0,0,0,0,0,0,0,0,1,0,1,0,1,0
e559ff0b-260.jpg,1019.607843137255,1016.4215686274508,191.1764705882352,111.51960784313724,1019.607843137255,1016.4215686274508,191.1764705882352,111.51960784313724,0,0,0,0,0,0,0,0,1,0,1,0,1,0
e559ff0b-260.jpg,1186.8873022780026,922.4266240728808,197.5490038158293,175.24494455457005,1186.8873022780026,922.4266240728808,197.5490038158293,175.24494455457005,1,1,1,0,0,0,0,0,1,0,1,0,1,0
e559ff0b-260.jpg,1355.8245646458845,763.1556859725924,215.45056790559929,242.65392243913465,1355.8245646458845,763.1556859725924,215.45056790559929,242.65392243913465,1,1,1,0,0,0,0,0,1,0,1,0,1,0
e559ff0b-260.jpg,1482.0480865368563,596.6711562273566,232.86075795169253,253.5352642525485,1482.0480865368563,596.6711562273566,232.86075795169253,253.5352642525485,1,1,1,0,0,0,0,0,1,0,1,0,1,0
e559ff0b-260.jpg,1515.78024615844,303.9630614465168,338.4097735418085,340.58599875986096,1515.78024615844,303.9630614465168,338.4097735418085,340.58599875986096,3,2,1,0,1,0,0,0,1,0,1,0,1,0
e559ff0b-260.jpg,1625.6818416185545,28.29148871487669,320.9995834957161,298.1487656875466,1625.6818416185545,28.29148871487669,320.9995834957161,298.1487656875466,4,2,1,0,1,0,0,0,1,0,1,0,1,0
25848956-23.jpg,1290.4411764705883,484.313725490196,258.0882352941177,186.39705882352948,1290.4411764705883,484.313725490196,258.0882352941177,186.39705882352948,3,2,1,0,1,0,0,0,1,0,1,0,1,0
25848956-23.jpg,1322.303921568628,622.9166666666667,291.54411764705884,199.1423761265244,1322.303921568628,622.9166666666667,291.54411764705884,199.1423761265244,3,2,1,0,1,0,0,0,1,0,1,0,1,0
25848956-23.jpg,58.94607843137256,455.6372549019608,49.3872549019608,144.97549019607848,58.94607843137256,455.6372549019608,49.3872549019608,144.97549019607848,0,0,0,0,0,0,0,0,1,0,1,0,1,0
25848956-23.jpg,76.47058823529413,606.9852941176471,105.14705882352942,235.78431372549016,76.47058823529413,606.9852941176471,105.14705882352942,235.78431372549016,1,1,1,0,0,0,0,0,1,0,1,0,1,0
25848956-23.jpg,86.02941176470587,347.3039215686274,184.8039215686275,289.95098039215685,86.02941176470587,347.3039215686274,184.8039215686275,289.95098039215685,0,0,0,0,0,0,0,0,1,0,1,0,1,0
25848956-23.jpg,264.4608367129669,337.74509803921575,328.18622211056265,310.6617647058822,264.4608367129669,337.74509803921575,328.18622211056265,310.6617647058822,0,0,0,0,0,0,0,0,1,0,1,0,1,0
25848956-23.jpg,181.6176470588236,629.2892156862744,159.31372549019605,286.7648155142426,181.6176470588236,629.2892156862744,159.31372549019605,286.7648155142426,0,0,0,0,0,0,0,0,1,0,1,0,1,0
25848956-23.jpg,591.0539215686275,353.67647058823525,388.7254901960784,288.357843137255,591.0539215686275,353.67647058823525,388.7254901960784,288.357843137255,0,0,0,0,0,0,0,0,1,0,1,0,1,0
25848956-23.jpg,342.52450980392166,606.9852941176472,210.29411764705884,339.3382352941176,342.52450980392166,606.9852941176472,210.29411764705884,339.3382352941176,0,0,0,0,0,0,0,0,1,0,1,0,1,0
25848956-23.jpg,549.6323529411766,616.5441176470588,240.56372549019613,325.0,549.6323529411766,616.5441176470588,240.56372549019613,325.0,0,0,0,0,0,0,0,0,1,0,1,0,1,0
25848956-23.jpg,794.9754901960783,618.1372549019603,281.9852207587091,326.59335651868145,794.9754901960783,618.1372549019603,281.9852207587091,326.59335651868145,0,0,0,0,0,0,0,0,1,0,1,0,1,0
25848956-23.jpg,979.779411764706,363.2352941176471,361.64215686274514,309.0686274509804,979.779411764706,363.2352941176471,361.64215686274514,309.0686274509804,0,0,0,0,0,0,0,0,1,0,1,0,1,0
25848956-23.jpg,1080.1470588235295,626.1029411764708,237.377450980392,194.3626135397716,1080.1470588235295,626.1029411764708,237.377450980392,194.3626135397716,3,2,1,0,1,0,0,0,1,0,1,0,1,0
25848956-23.jpg,1808.2107843137253,347.3039215686274,183.2107843137254,160.90686274509807,1808.2107843137253,347.3039215686274,183.2107843137254,160.90686274509807,4,2,1,0,1,0,0,0,1,0,1,0,1,0
25848956-23.jpg,1542.156862745098,425.36764705882354,259.6813725490196,164.093137254902,1542.156862745098,425.36764705882354,259.6813725490196,164.093137254902,2,1,1,0,0,0,0,0,1,0,1,0,1,0
25848956-23.jpg,1589.950980392157,492.279411764706,326.5931372549022,207.10801854827835,1589.950980392157,492.279411764706,326.5931372549022,207.10801854827835,1,1,1,0,0,0,0,0,1,0,1,0,1,0
8c0fb793-81.jpg,3.1862745098039262,375.9803921568627,35.049019607843135,160.90686274509798,3.1862745098039262,375.9803921568627,35.049019607843135,160.90686274509798,0,0,0,0,0,0,0,0,1,0,1,0,1,0
8c0fb793-81.jpg,12.745098039215677,403.06372549019625,130.6372549019608,278.7990196078431,12.745098039215677,403.06372549019625,130.6372549019608,278.7990196078431,0,0,0,0,0,0,0,0,1,0,1,0,1,0
8c0fb793-81.jpg,11.15196078431373,678.6764705882354,89.21568627450982,195.9558823529412,11.15196078431373,678.6764705882354,89.21568627450982,195.9558823529412,0,0,0,0,0,0,0,0,1,0,1,0,1,0
8c0fb793-81.jpg,114.70588235294122,404.6568627450981,323.4068627450981,321.8137254901961,114.70588235294122,404.6568627450981,323.4068627450981,321.8137254901961,1,1,1,0,0,0,0,0,1,0,1,0,1,0
8c0fb793-81.jpg,108.33333333333334,685.0490196078431,130.63725490196083,191.17647058823533,108.33333333333334,685.0490196078431,130.63725490196083,191.17647058823533,0,0,0,0,0,0,0,0,1,0,1,0,1,0
8c0fb793-81.jpg,240.5637254901961,681.8627450980392,157.7205882352941,211.8872549019608,240.5637254901961,681.8627450980392,157.7205882352941,211.8872549019608,0,0,0,0,0,0,0,0,1,0,1,0,1,0
8c0fb793-81.jpg,428.5539215686274,395.0980392156862,305.8823529411765,342.5245098039215,428.5539215686274,395.0980392156862,305.8823529411765,342.5245098039215,0,0,0,0,0,0,0,0,1,0,1,0,1,0
8c0fb793-81.jpg,422.1813725490197,704.1666666666666,156.12745098039213,207.1078431372549,422.1813725490197,704.1666666666666,156.12745098039213,207.1078431372549,0,0,0,0,0,0,0,0,1,0,1,0,1,0
8c0fb793-81.jpg,587.867594659582,673.8970588235297,200.73534651688885,242.1569943033654,587.867594659582,673.8970588235297,200.73534651688885,242.1569943033654,0,0,0,0,0,0,0,0,1,0,1,0,1,0
8c0fb793-81.jpg,718.5049019607843,399.8774509803922,269.2401960784315,331.37254901960785,718.5049019607843,399.8774509803922,269.2401960784315,331.37254901960785,0,0,0,0,0,0,0,0,1,0,1,0,1,0
8c0fb793-81.jpg,798.1616284678544,643.627450980392,242.156998983126,320.22074171993927,798.1616284678544,643.627450980392,242.156998983126,320.22074171993927,0,0,0,0,0,0,0,0,1,0,1,0,1,0
8c0fb793-81.jpg,994.1176470588234,374.3872549019608,266.0539215686275,348.89705882352945,994.1176470588234,374.3872549019608,266.0539215686275,348.89705882352945,0,0,0,0,0,0,0,0,1,0,1,0,1,0
8c0fb793-81.jpg,1043.504776202605,649.9999999999994,262.8677728170032,289.9510900240464,1043.504776202605,649.9999999999994,262.8677728170032,289.9510900240464,0,0,0,0,0,0,0,0,1,0,1,0,1,0
8c0fb793-81.jpg,1255.3921568627452,412.6225490196079,251.7156862745097,301.10294117647067,1255.3921568627452,412.6225490196079,251.7156862745097,301.10294117647067,1,1,1,0,0,0,0,0,1,0,1,0,1,0
8c0fb793-81.jpg,1309.5588235294117,651.5931372549019,240.56372549019613,245.343137254902,1309.5588235294117,651.5931372549019,240.56372549019613,245.343137254902,0,0,0,0,0,0,0,0,1,0,1,0,1,0
8c0fb793-81.jpg,1497.5490196078435,428.55392156862746,216.66666666666657,234.19117647058812,1497.5490196078435,428.55392156862746,216.66666666666657,234.19117647058812,0,0,0,0,0,0,0,0,1,0,1,0,1,0
8c0fb793-81.jpg,1704.6568627450963,439.7058823529407,251.71568627450992,205.51503477802245,1704.6568627450963,439.7058823529407,251.71568627450992,205.51503477802245,1,1,1,0,0,0,0,0,1,0,1,0,1,0
8c0fb793-81.jpg,1554.9019607843145,630.8823529411761,315.44117647058806,202.3287164154625,1554.9019607843145,630.8823529411761,315.44117647058806,202.3287164154625,1,1,1,0,0,0,0,0,1,0,1,0,1,0
9422353a-204.jpg,14.338235294117652,471.5686274509805,289.9509803921569,329.7794117647059,14.338235294117652,471.5686274509805,289.9509803921569,329.7794117647059,0,0,0,0,0,0,0,0,1,0,1,0,1,0
9422353a-204.jpg,286.76470588235287,447.6715686274508,305.88225818909336,347.3039215686275,286.76470588235287,447.6715686274508,305.88225818909336,347.3039215686275,0,0,0,0,0,0,0,0,1,0,1,0,1,0
9422353a-204.jpg,584.6813725490194,490.6862745098039,232.5980392156864,285.171568627451,584.6813725490194,490.6862745098039,232.5980392156864,285.171568627451,1,1,1,0,0,0,0,0,1,0,1,0,1,0
9422353a-204.jpg,818.8725490196076,415.8088235294121,259.68129358895027,334.5589331613015,818.8725490196076,415.8088235294121,259.68129358895027,334.5589331613015,1,1,1,0,0,0,0,0,1,0,1,0,1,0
9422353a-204.jpg,70.09803921568628,785.4166666666666,144.97549019607845,82.8431372549019,70.09803921568628,785.4166666666666,144.97549019607845,82.8431372549019,0,0,0,0,0,0,0,0,1,0,1,0,1,0
9422353a-204.jpg,203.92156862745105,747.1813725490196,180.0245098039216,159.31372549019602,203.92156862745105,747.1813725490196,180.0245098039216,159.31372549019602,1,1,1,0,0,0,0,0,1,0,1,0,1,0
9422353a-204.jpg,391.9117647058824,736.029411764706,165.68627450980395,200.7352941176471,391.9117647058824,736.029411764706,165.68627450980395,200.7352941176471,0,0,0,0,0,0,0,0,1,0,1,0,1,0
9422353a-204.jpg,565.5637254901962,716.9117647058824,200.73529411764704,218.25980392156865,565.5637254901962,716.9117647058824,200.73529411764704,218.25980392156865,0,0,0,0,0,0,0,0,1,0,1,0,1,0
9422353a-204.jpg,768.0976551259895,676.1859953696173,223.82920110192828,282.4796334762304,768.0976551259895,676.1859953696173,223.82920110192828,282.4796334762304,0,0,0,0,0,0,0,0,1,0,1,0,1,0
9422353a-204.jpg,972.7756946363088,713.2913709533595,197.49635391346607,190.3146683166129,972.7756946363088,713.2913709533595,197.49635391346607,190.3146683166129,1,1,1,0,0,0,0,0,1,0,1,0,1,0
9422353a-204.jpg,1052.9711838011708,471.507955859298,155.603170134661,262.131524285146,1052.9711838011708,471.507955859298,155.603170134661,262.131524285146,1,1,1,0,0,0,0,0,1,0,1,0,1,0
9422353a-204.jpg,1166.6812057513484,545.7187070267822,128.0733931438843,189.11772071713725,1166.6812057513484,545.7187070267822,128.0733931438843,189.11772071713725,1,1,1,0,0,0,0,0,1,0,1,0,1,0
9422353a-204.jpg,1127.181934968655,724.0638993486394,126.8764455444088,117.30086474860418,1127.181934968655,724.0638993486394,126.8764455444088,117.30086474860418,0,0,0,0,0,0,0,0,1,0,1,0,1,0
9422353a-204.jpg,1276.8003849030997,479.88644079311626,197.49635391346624,221.43545416548736,1276.8003849030997,479.88644079311626,197.49635391346624,221.43545416548736,1,1,1,0,0,0,0,0,1,0,1,0,1,0
9422353a-204.jpg,1458.736420023383,424.8269994797514,175.95129712290628,199.8902491124172,1458.736420023383,424.8269994797514,175.95129712290628,199.8902491124172,1,1,1,0,0,0,0,0,1,0,1,0,1,0
9422353a-204.jpg,1221.7407953272236,669.0043097727639,277.69184307832825,138.8461027488994,1221.7407953272236,669.0043097727639,277.69184307832825,138.8461027488994,1,1,1,0,0,0,0,0,1,0,1,0,1,0
9422353a-204.jpg,1451.55473442653,569.6576590162932,213.05667270664856,146.0276071360174,1451.55473442653,569.6576590162932,213.05667270664856,146.0276071360174,1,1,1,0,0,0,0,0,1,0,1,0,1,0
0b700680-102.jpg,932.3679727427598,538.160136286201,205.96252129471907,194.8892674616695,932.3679727427598,538.160136286201,205.96252129471907,194.8892674616695,0,0,0,0,0,0,0,0,1,0,1,0,1,0
0b700680-102.jpg,1160.4770017035771,504.94037478705286,197.1039182282796,197.10391822827933,1160.4770017035771,504.94037478705286,197.1039182282796,197.10391822827933,0,0,0,0,0,0,0,0,1,0,1,0,1,0
0b700680-102.jpg,1036.456558773424,637.8194207836456,124.0204429301532,166.09888671077178,1036.456558773424,637.8194207836456,124.0204429301532,166.09888671077178,0,0,0,0,0,0,0,0,1,0,1,0,1,0
0b700680-102.jpg,797.2742759795569,600.1703577512776,143.9522998296424,150.5962521294718,797.2742759795569,600.1703577512776,143.9522998296424,150.5962521294718,0,0,0,0,0,0,0,0,1,0,1,0,1,0
0b700680-102.jpg,688.7565158269476,602.3850085178876,128.44961705209832,161.6695059625212,688.7565158269476,602.3850085178876,128.44961705209832,161.6695059625212,1,1,1,0,0,0,0,0,1,0,1,0,1,0
0b700680-102.jpg,595.7410562180579,611.243611584327,115.1618398637138,135.0936967632028,595.7410562180579,611.243611584327,115.1618398637138,135.0936967632028,1,1,1,0,0,0,0,0,1,0,1,0,1,0
0b700680-102.jpg,555.87734241908,640.0340715502555,90.80068143100526,101.87393526405457,555.87734241908,640.0340715502555,90.80068143100526,101.87393526405457,1,1,1,0,0,0,0,0,1,0,1,0,1,0
0b700680-102.jpg,476.1499148211244,628.9608177172062,110.732538330494,101.87393526405457,476.1499148211244,628.9608177172062,110.732538330494,101.87393526405457,1,1,1,0,0,0,0,0,1,0,1,0,1,0
0b700680-102.jpg,411.9250425894378,620.1022146507667,90.80068143100512,104.08858603066436,411.9250425894378,620.1022146507667,90.80068143100512,104.08858603066436,2,1,1,0,0,0,0,0,1,0,1,0,1,0
0b700680-102.jpg,910.2214650766612,708.6882453151619,121.80579216354346,108.51788756388426,910.2214650766612,708.6882453151619,121.80579216354346,108.51788756388426,1,1,1,0,0,0,0,0,1,0,1,0,1,0
0b700680-102.jpg,799.488926746167,726.4054514480409,104.08858603066447,101.87393526405464,799.488926746167,726.4054514480409,104.08858603066447,101.87393526405464,1,1,1,0,0,0,0,0,1,0,1,0,1,0
0b700680-102.jpg,1355.366269165247,547.0187393526405,132.8790459965927,172.7427597955707,1355.366269165247,547.0187393526405,132.8790459965927,172.7427597955707,0,0,0,0,0,0,0,0,1,0,1,0,1,0
0b700680-102.jpg,1470.528109028961,602.3850085178875,106.30323679727412,148.381601362862,1470.528109028961,602.3850085178875,106.30323679727412,148.381601362862,0,0,0,0,0,0,0,0,1,0,1,0,1,0
0b700680-102.jpg,1162.6916524701874,690.9710391822828,126.23509369676314,110.73253833049417,1162.6916524701874,690.9710391822828,126.23509369676314,110.73253833049417,0,0,0,0,0,0,0,0,1,0,1,0,1,0
0b700680-102.jpg,1297.7853492333902,688.7563884156729,99.65928449744467,108.51788756388426,1297.7853492333902,688.7563884156729,99.65928449744467,108.51788756388426,0,0,0,0,0,0,0,0,1,0,1,0,1,0
0b700680-102.jpg,1397.444633730835,713.1175468483815,97.44463373083477,155.02555366269158,1397.444633730835,713.1175468483815,97.44463373083477,155.02555366269158,0,0,0,0,0,0,0,0,1,0,1,0,1,0
0b700680-102.jpg,688.756388415673,741.90800681431,121.80579216354346,108.51788756388407,688.756388415673,741.90800681431,121.80579216354346,108.51788756388407,0,0,0,0,0,0,0,0,1,0,1,0,1,0
0b700680-102.jpg,642.2487223168653,744.12265758092,77.51277683134589,84.15672913117555,642.2487223168653,744.12265758092,77.51277683134589,84.15672913117555,0,0,0,0,0,0,0,0,1,0,1,0,1,0
0b700680-102.jpg,449.5741056218058,721.976149914821,101.87393526405448,68.65424307805841,449.5741056218058,721.976149914821,101.87393526405448,68.65424307805841,1,1,1,0,0,0,0,0,1,0,1,0,1,0
0b700680-102.jpg,524.8722316865415,737.4787052810901,135.09369676320264,88.58605046815313,524.8722316865415,737.4787052810901,135.09369676320264,88.58605046815313,1,1,1,0,0,0,0,0,1,0,1,0,1,0
0b700680-102.jpg,1483.81601362862,737.4787052810904,79.7274275979558,97.44463373083484,1483.81601362862,737.4787052810904,79.7274275979558,97.44463373083484,0,0,0,0,0,0,0,0,1,0,1,0,1,0
0b700680-102.jpg,1556.8994889267472,746.3373083475298,124.02044293015317,104.08865534381631,1556.8994889267472,746.3373083475298,124.02044293015317,104.08865534381631,1,1,1,0,0,0,0,0,1,0,1,0,1,0
0b700680-102.jpg,1561.328790459966,609.0289608177172,79.7274275979558,104.08858603066436,1561.328790459966,609.0289608177172,79.7274275979558,104.08858603066436,0,0,0,0,0,0,0,0,1,0,1,0,1,0
0b700680-102.jpg,1612.2657580919931,631.1754684838161,68.65417376490626,95.22998296422486,1612.2657580919931,631.1754684838161,68.65417376490626,95.22998296422486,0,0,0,0,0,0,0,0,1,0,1,0,1,0
0b700680-102.jpg,1654.344122657581,644.4633730834752,79.7274275979558,84.15672913117547,1654.344122657581,644.4633730834752,79.7274275979558,84.15672913117547,1,1,1,0,0,0,0,0,1,0,1,0,1,0
0b700680-102.jpg,1654.3441226575808,719.7614991482112,104.08858603066446,104.0886256381798,1654.3441226575808,719.7614991482112,104.08858603066446,104.0886256381798,1,1,1,0,0,0,0,0,1,0,1,0,1,0
1cec23d6-9.jpg,30.269607843137265,15.931372549019583,329.7794117647059,315.4411764705882,30.269607843137265,15.931372549019583,329.7794117647059,315.4411764705882,5,3,1,0,1,0,1,0,1,0,1,0,1,0
1cec23d6-9.jpg,226.22549019607845,460.4166666666665,223.03928904521248,254.9019607843136,226.22549019607845,460.4166666666665,223.03928904521248,254.9019607843136,0,0,0,0,0,0,0,0,1,0,1,0,1,0
1cec23d6-9.jpg,328.18609635238283,626.1029411764702,237.37762913781336,288.3580843274119,328.18609635238283,626.1029411764702,237.37762913781336,288.3580843274119,0,0,0,0,0,0,0,0,1,0,1,0,1,0
1cec23d6-9.jpg,489.0931058153574,807.7205882352944,215.0735608513096,226.2257313862355,489.0931058153574,807.7205882352944,215.0735608513096,226.2257313862355,0,0,0,0,0,0,0,0,1,0,1,0,1,0
1cec23d6-9.jpg,606.9852941176473,924.0196078431368,199.14214638289693,181.6178005434692,606.9852941176473,924.0196078431368,199.14214638289693,181.6178005434692,0,0,0,0,0,0,0,0,1,0,1,0,1,0
1cec23d6-9.jpg,793.3823529411765,975.0,160.90686274509807,167.27947754383948,793.3823529411765,975.0,160.90686274509807,167.27947754383948,0,0,0,0,0,0,0,0,1,0,1,0,1,0
1cec23d6-9.jpg,959.0686274509792,976.5931372549022,160.90691514433908,173.65213619533705,959.0686274509792,976.5931372549022,160.90691514433908,173.65213619533705,0,0,0,0,0,0,0,0,1,0,1,0,1,0
1cec23d6-9.jpg,1107.2303921568628,944.7303921568624,194.36274509803923,164.093137254902,1107.2303921568628,944.7303921568624,194.36274509803923,164.093137254902,0,0,0,0,0,0,0,0,1,0,1,0,1,0
1cec23d6-9.jpg,1255.3921568627447,844.3626354661496,200.73529411764684,235.7844233573797,1255.3921568627447,844.3626354661496,200.73529411764684,235.7844233573797,0,0,0,0,0,0,0,0,1,0,1,0,1,0
1cec23d6-9.jpg,1425.857843137255,736.0294117647059,226.2254901960788,240.56372549019613,1425.857843137255,736.0294117647059,226.2254901960788,240.56372549019613,0,0,0,0,0,0,0,0,1,0,1,0,1,0
1cec23d6-9.jpg,1446.5686274509808,549.6323529411764,224.63235294117624,202.3284313725491,1446.5686274509808,549.6323529411764,224.63235294117624,202.3284313725491,1,1,1,0,0,0,0,0,1,0,1,0,1,0
1cec23d6-9.jpg,1475.2450246802782,261.27450980392155,372.7941910059962,353.67647058823536,1475.2450246802782,261.27450980392155,372.7941910059962,353.67647058823536,3,2,1,0,1,0,0,0,1,0,1,0,1,0
1cec23d6-9.jpg,1594.730213999442,4.779411764705884,345.7109624711463,304.2892156862744,1594.730213999442,4.779411764705884,345.7109624711463,304.2892156862744,1,1,1,0,0,0,0,0,1,0,1,0,1,0
a00bad3c-96.jpg,713.1175468483817,434.07155025553664,276.83134582623507,314.4804088586031,713.1175468483817,434.07155025553664,276.83134582623507,314.4804088586031,1,1,1,0,0,0,0,0,1,0,1,0,1,0
a00bad3c-96.jpg,989.9488926746168,431.85689948892673,292.333901192504,316.6950596252129,989.9488926746168,431.85689948892673,292.333901192504,316.6950596252129,1,1,1,0,0,0,0,0,1,0,1,0,1,0
a00bad3c-96.jpg,538.1601362862009,496.0817717206133,199.3187218884189,250.25553662691647,538.1601362862009,496.0817717206133,199.3187218884189,250.25553662691647,1,1,1,0,0,0,0,0,1,0,1,0,1,0
a00bad3c-96.jpg,318.9097103918228,429.6422487223169,219.25042589437817,252.4701873935264,318.9097103918228,429.6422487223169,219.25042589437817,252.4701873935264,1,1,1,0,0,0,0,0,1,0,1,0,1,0
a00bad3c-96.jpg,263.5434412265758,533.7308347529813,106.30323679727424,135.09369676320267,263.5434412265758,533.7308347529813,106.30323679727424,135.09369676320267,2,1,1,0,0,0,0,0,1,0,1,0,1,0
a00bad3c-96.jpg,48.72231686541738,582.4531516183987,135.0936967632027,119.59114139693348,48.72231686541738,582.4531516183987,135.0936967632027,119.59114139693348,1,1,1,0,0,0,0,0,1,0,1,0,1,0
a00bad3c-96.jpg,190.4599659284497,589.0971039182283,146.1669505962521,148.38164097037756,190.4599659284497,589.0971039182283,146.1669505962521,148.38164097037756,1,1,1,0,0,0,0,0,1,0,1,0,1,0
a00bad3c-96.jpg,119.59114139693352,702.0442930153321,159.45485519591136,93.01540151076723,119.59114139693352,702.0442930153321,159.45485519591136,93.01540151076723,1,1,1,0,0,0,0,0,1,0,1,0,1,0
a00bad3c-96.jpg,261.3287904599659,677.6831345826234,243.6115843270869,124.02044293015348,261.3287904599659,677.6831345826234,243.6115843270869,124.02044293015348,1,1,1,0,0,0,0,0,1,0,1,0,1,0
a00bad3c-96.jpg,303.40715502555366,764.0545144804089,159.4548551959114,117.37649063032369,303.40715502555366,764.0545144804089,159.4548551959114,117.37649063032369,1,1,1,0,0,0,0,0,1,0,1,0,1,0
a00bad3c-96.jpg,478.3645655877342,640.0340715502555,179.3867120954003,221.4651657778976,478.3645655877342,640.0340715502555,179.3867120954003,221.4651657778976,1,1,1,0,0,0,0,0,1,0,1,0,1,0
a00bad3c-96.jpg,671.0391822827937,702.0442930153322,183.81601362862,146.16695059625218,671.0391822827937,702.0442930153322,183.81601362862,146.16695059625218,0,0,0,0,0,0,0,0,1,0,1,0,1,0
a00bad3c-96.jpg,861.4991482112437,640.0340715502556,148.38160136286191,208.1771720613288,861.4991482112437,640.0340715502556,148.38160136286191,208.1771720613288,0,0,0,0,0,0,0,0,1,0,1,0,1,0
a00bad3c-96.jpg,1014.3100511073252,715.3321976149915,157.24020442930154,115.16183986371388,1014.3100511073252,715.3321976149915,157.24020442930154,115.16183986371388,0,0,0,0,0,0,0,0,1,0,1,0,1,0
a00bad3c-96.jpg,1184.838160136286,695.4003407155025,174.9574105621808,126.23509369676326,1184.838160136286,695.4003407155025,174.9574105621808,126.23509369676326,0,0,0,0,0,0,0,0,1,0,1,0,1,0
a00bad3c-96.jpg,1275.6388415672914,434.0715502555366,199.3185689948893,267.97274275979555,1275.6388415672914,434.0715502555366,199.3185689948893,267.97274275979555,1,1,1,0,0,0,0,0,1,0,1,0,1,0
a00bad3c-96.jpg,1463.884156729131,440.71550255536624,148.38160136286206,236.9676320272572,1463.884156729131,440.71550255536624,148.38160136286206,236.9676320272572,1,1,1,0,0,0,0,0,1,0,1,0,1,0
a00bad3c-96.jpg,1364.2248722316865,646.6780238500852,177.17206132879056,183.8160136286201,1364.2248722316865,646.6780238500852,177.17206132879056,183.8160136286201,0,0,0,0,0,0,0,0,1,0,1,0,1,0
a00bad3c-96.jpg,1519.2502220363383,673.2538330494037,150.59645598751143,183.81601362862,1519.2502220363383,673.2538330494037,150.59645598751143,183.81601362862,1,1,1,0,0,0,0,0,1,0,1,0,1,0
a00bad3c-96.jpg,1601.1925042589437,440.71550255536624,150.59625212947196,148.381601362862,1601.1925042589437,440.71550255536624,150.59625212947196,148.381601362862,5,3,1,0,1,0,1,0,1,0,1,0,1,0
a00bad3c-96.jpg,1592.3339011925043,622.3168654173764,166.09880749574103,128.4497444633731,1592.3339011925043,622.3168654173764,166.09880749574103,128.4497444633731,0,0,0,0,0,0,0,0,1,0,1,0,1,0
a00bad3c-96.jpg,1813.798977853492,473.9352640545144,97.44463373083477,124.02044293015337,1813.798977853492,473.9352640545144,97.44463373083477,124.02044293015337,0,0,0,0,0,0,0,0,1,0,1,0,1,0
a00bad3c-96.jpg,1689.7785349233393,500.5110732538331,128.4497444633732,139.52304780581645,1689.7785349233393,500.5110732538331,128.4497444633732,139.52304780581645,0,0,0,0,0,0,0,0,1,0,1,0,1,0
a00bad3c-96.jpg,1722.9982964224876,602.3850085178875,155.0255536626915,90.80068143100506,1722.9982964224876,602.3850085178875,155.0255536626915,90.80068143100506,1,1,1,0,0,0,0,0,1,0,1,0,1,0
f9a8221b-194.jpg,1401.9607843137258,457.2303921568628,256.49509803921575,216.6666666666667,1401.9607843137258,457.2303921568628,256.49509803921575,216.6666666666667,6,3,1,0,1,0,1,0,1,0,1,0,1,0
f9a8221b-194.jpg,1508.700980392157,1078.5539215686274,336.1519607843138,215.07352941176472,1508.700980392157,1078.5539215686274,336.1519607843138,215.07352941176472,4,2,1,0,1,0,0,0,1,0,1,0,1,0
f9a8221b-194.jpg,1500.7352941176473,802.9411764705883,301.10294117647044,337.7450980392157,1500.7352941176473,802.9411764705883,301.10294117647044,337.7450980392157,3,2,1,0,1,0,0,0,1,0,1,0,1,0
f9a8221b-194.jpg,1483.2107843137255,637.2549019607842,243.75,199.1421568627452,1483.2107843137255,637.2549019607842,243.75,199.1421568627452,3,2,1,0,1,0,0,0,1,0,1,0,1,0
f9a8221b-194.jpg,143.3824713812806,986.151960784314,331.3724700595383,297.91666666666674,143.3824713812806,986.151960784314,331.3724700595383,297.91666666666674,3,2,1,0,1,0,0,0,1,0,1,0,1,0
f9a8221b-194.jpg,235.78431372549025,659.5588235294117,256.4950980392157,194.36274509803928,235.78431372549025,659.5588235294117,256.4950980392157,194.36274509803928,2,1,1,0,0,0,0,0,1,0,1,0,1,0
f9a8221b-194.jpg,312.2549019607843,457.2303921568628,253.30882352941185,216.6666666666667,312.2549019607843,457.2303921568628,253.30882352941185,216.6666666666667,1,1,1,0,0,0,0,0,1,0,1,0,1,0
f9a8221b-194.jpg,417.4019607843138,278.7990196078431,197.5490196078431,210.29411764705887,417.4019607843138,278.7990196078431,197.5490196078431,210.29411764705887,0,0,0,0,0,0,0,0,1,0,1,0,1,0
f9a8221b-194.jpg,571.936274509804,180.0245098039216,175.24509803921575,191.1764705882352,571.936274509804,180.0245098039216,175.24509803921575,191.1764705882352,0,0,0,0,0,0,0,0,1,0,1,0,1,0
f9a8221b-194.jpg,723.6604127165951,123.20196929237464,234.7132407686844,209.53327624177572,723.6604127165951,123.20196929237464,234.7132407686844,209.53327624177572,1,1,1,0,0,0,0,0,1,0,1,0,1,0
f9a8221b-194.jpg,962.8700757222276,113.30984037108908,250.9003608216973,212.2311295839445,962.8700757222276,113.30984037108908,250.9003608216973,212.2311295839445,0,0,0,0,0,0,0,0,1,0,1,0,1,0
f9a8221b-194.jpg,1204.7775920700217,169.96446351178352,172.66254704245264,168.16648870670178,1204.7775920700217,169.96446351178352,172.66254704245264,168.16648870670178,2,1,1,0,0,0,0,0,1,0,1,0,1,0
f9a8221b-194.jpg,1324.3824235728423,271.58390311165743,214.928938355215,223.0225429526193,1324.3824235728423,271.58390311165743,214.928938355215,223.0225429526193,0,0,0,0,0,0,0,0,1,0,1,0,1,0
ad247d69-56.jpg,157.72058823529403,141.78899642249507,253.3088235294118,184.8041408324069,157.72058823529403,141.78899642249507,253.3088235294118,184.8041408324069,3,2,1,0,1,0,0,0,1,0,1,0,1,0
ad247d69-56.jpg,197.54901960784315,312.2549019607843,237.37751385948192,203.9217001857185,197.54901960784315,312.2549019607843,237.37751385948192,203.9217001857185,1,1,1,0,0,0,0,0,1,0,1,0,1,0
ad247d69-56.jpg,248.529411764706,500.24509803921575,197.54901960784312,162.49999999999991,248.529411764706,500.24509803921575,197.54901960784312,162.49999999999991,2,1,1,0,0,0,0,0,1,0,1,0,1,0
ad247d69-56.jpg,313.8480392156863,619.7303921568626,183.21078431372547,181.6176470588236,313.8480392156863,619.7303921568626,183.21078431372547,181.6176470588236,0,0,0,0,0,0,0,0,1,0,1,0,1,0
ad247d69-56.jpg,383.9460784313728,779.0441176470588,180.0245831628596,180.02450980392166,383.9460784313728,779.0441176470588,180.0245831628596,180.02450980392166,1,1,1,0,0,0,0,0,1,0,1,0,1,0
ad247d69-56.jpg,508.2107843137255,881.0049019607843,167.2794117647058,157.72058823529403,508.2107843137255,881.0049019607843,167.2794117647058,157.72058823529403,1,1,1,0,0,0,0,0,1,0,1,0,1,0
ad247d69-56.jpg,669.1176470588236,911.2745098039215,184.8039215686275,157.72058823529403,669.1176470588236,911.2745098039215,184.8039215686275,157.72058823529403,1,1,1,0,0,0,0,0,1,0,1,0,1,0
ad247d69-56.jpg,858.7009803921569,904.9019607843136,170.46568627450995,168.8725490196078,858.7009803921569,904.9019607843136,170.46568627450995,168.8725490196078,1,1,1,0,0,0,0,0,1,0,1,0,1,0
ad247d69-56.jpg,1019.6078431372551,866.6666666666665,149.7549019607841,162.5,1019.6078431372551,866.6666666666665,149.7549019607841,162.5,1,1,1,0,0,0,0,0,1,0,1,0,1,0
ad247d69-56.jpg,1123.1617647058824,755.1470588235295,138.60294117647072,192.76960784313707,1123.1617647058824,755.1470588235295,138.60294117647072,192.76960784313707,1,1,1,0,0,0,0,0,1,0,1,0,1,0
ad247d69-56.jpg,1148.6519607843138,603.7990196078431,203.9215686274511,207.1078431372549,1148.6519607843138,603.7990196078431,203.9215686274511,207.1078431372549,1,1,1,0,0,0,0,0,1,0,1,0,1,0
ad247d69-56.jpg,1210.7842508464005,484.313725490196,186.3971217026193,180.0245098039214,1210.7842508464005,484.313725490196,186.3971217026193,180.0245098039214,1,1,1,0,0,0,0,0,1,0,1,0,1,0
ad247d69-56.jpg,1210.7843137254904,312.2549019607844,232.59803921568647,211.8872549019608,1210.7843137254904,312.2549019607844,232.59803921568647,211.8872549019608,1,1,1,0,0,0,0,0,1,0,1,0,1,0
ad247d69-56.jpg,1261.7647058823532,149.75490196078434,224.6323529411764,199.14215686274508,1261.7647058823532,149.75490196078434,224.6323529411764,199.14215686274508,3,2,1,0,1,0,0,0,1,0,1,0,1,0
ad247d69-56.jpg,1296.8137254901962,15.931372549019612,143.38235294117652,149.7549019607843,1296.8137254901962,15.931372549019612,143.38235294117652,149.7549019607843,0,0,0,0,0,0,0,0,1,0,1,0,1,0
3c1426f7-227.jpg,103.55392156862746,433.33333333333326,133.8235294117647,101.96078431372548,103.55392156862746,433.33333333333326,133.8235294117647,101.96078431372548,0,0,0,0,0,0,0,0,1,0,1,0,1,0
3c1426f7-227.jpg,108.33333333333334,543.2598039215686,173.65196078431376,132.23039215686285,108.33333333333334,543.2598039215686,173.65196078431376,132.23039215686285,0,0,0,0,0,0,0,0,1,0,1,0,1,0
3c1426f7-227.jpg,223.03921568627447,439.7058823529412,208.7009803921569,176.8382352941175,223.03921568627447,439.7058823529412,208.7009803921569,176.8382352941175,0,0,0,0,0,0,0,0,1,0,1,0,1,0
3c1426f7-227.jpg,280.3922989908698,599.0196078431376,270.83319120520844,240.5642078705108,280.3922989908698,599.0196078431376,270.83319120520844,240.5642078705108,2,1,1,0,0,0,0,0,1,0,1,0,1,0
3c1426f7-227.jpg,423.7745098039216,468.3823529411765,181.6176470588236,203.92156862745097,423.7745098039216,468.3823529411765,181.6176470588236,203.92156862745097,0,0,0,0,0,0,0,0,1,0,1,0,1,0
3c1426f7-227.jpg,524.1421568627452,656.3725490196078,194.3627450980393,235.78431372549025,524.1421568627452,656.3725490196078,194.3627450980393,235.78431372549025,1,1,1,0,0,0,0,0,1,0,1,0,1,0
3c1426f7-227.jpg,602.2058823529412,449.2647058823529,221.4460784313726,246.936274509804,602.2058823529412,449.2647058823529,221.4460784313726,246.936274509804,0,0,0,0,0,0,0,0,1,0,1,0,1,0
3c1426f7-227.jpg,815.686274509804,395.0980392156863,275.6127450980393,342.5249702578585,815.686274509804,395.0980392156863,275.6127450980393,342.5249702578585,1,1,1,0,0,0,0,0,1,0,1,0,1,0
3c1426f7-227.jpg,707.3529411764705,653.186274509804,262.8676470588236,280.39215686274514,707.3529411764705,653.186274509804,262.8676470588236,280.39215686274514,1,1,1,0,0,0,0,0,1,0,1,0,1,0
3c1426f7-227.jpg,904.9019607843136,661.1519607843136,278.79901960784326,318.6274509803921,904.9019607843136,661.1519607843136,278.79901960784326,318.6274509803921,0,0,0,0,0,0,0,0,1,0,1,0,1,0
3c1426f7-227.jpg,1097.6715686274513,457.2303921568628,237.37745098039213,256.49509803921575,1097.6715686274513,457.2303921568628,237.37745098039213,256.49509803921575,0,0,0,0,0,0,0,0,1,0,1,0,1,0
3c1426f7-227.jpg,1331.862745098039,388.72549019607845,254.9019607843138,318.6274509803921,1331.862745098039,388.72549019607845,254.9019607843138,318.6274509803921,1,1,1,0,0,0,0,0,1,0,1,0,1,0
3c1426f7-227.jpg,1562.8676470588234,417.40196078431336,245.3431372549019,288.3579966219009,1562.8676470588234,417.40196078431336,245.3431372549019,288.3579966219009,1,1,1,0,0,0,0,0,1,0,1,0,1,0
3c1426f7-227.jpg,1172.5490196078435,685.0490196078431,151.34803921568633,180.0245098039216,1172.5490196078435,685.0490196078431,151.34803921568633,180.0245098039216,0,0,0,0,0,0,0,0,1,0,1,0,1,0
3c1426f7-227.jpg,1330.2696078431372,677.0833333333335,135.41666666666686,135.41666666666663,1330.2696078431372,677.0833333333335,135.41666666666686,135.41666666666663,0,0,0,0,0,0,0,0,1,0,1,0,1,0
3c1426f7-227.jpg,1470.4656862745096,681.8627450980392,152.94117647058812,162.5,1470.4656862745096,681.8627450980392,152.94117647058812,162.5,0,0,0,0,0,0,0,0,1,0,1,0,1,0
3c1426f7-227.jpg,1632.96568627451,696.2009803921568,124.2646269222836,143.38235294117655,1632.96568627451,696.2009803921568,124.2646269222836,143.38235294117655,0,0,0,0,0,0,0,0,1,0,1,0,1,0
3c1426f7-227.jpg,1808.2107843137253,530.5147058823529,95.58823529411768,121.07843137254908,1808.2107843137253,530.5147058823529,95.58823529411768,121.07843137254908,0,0,0,0,0,0,0,0,1,0,1,0,1,0
3c1426f7-227.jpg,1765.1960784313726,653.1862745098039,138.60294117647072,178.4313725490196,1765.1960784313726,653.1862745098039,138.60294117647072,178.4313725490196,0,0,0,0,0,0,0,0,1,0,1,0,1,0
e958bf9f-107.jpg,646.7801049181028,511.0000557857818,210.2332038704226,210.2332038704226,646.7801049181028,511.0000557857818,210.2332038704226,210.2332038704226,2,1,1,0,0,0,0,0,1,0,1,0,1,0
e958bf9f-107.jpg,627.2235278138776,721.2332596562044,149.93375779906103,162.9714758685445,627.2235278138776,721.2332596562044,149.93375779906103,162.9714758685445,2,1,1,0,0,0,0,0,1,0,1,0,1,0
e958bf9f-107.jpg,614.185809744394,890.7235945594906,138.52575448826286,104.3017445558686,614.185809744394,890.7235945594906,138.52575448826286,104.3017445558686,1,1,1,0,0,0,0,0,1,0,1,0,1,0
e958bf9f-107.jpg,637.0018163659902,964.060758700336,128.7474659361503,57.0400165539905,637.0018163659902,964.060758700336,128.7474659361503,57.0400165539905,1,1,1,0,0,0,0,0,1,0,1,0,1,0
e958bf9f-107.jpg,643.520675400732,981.9876210458756,169.49033490328645,102.67202979718304,643.520675400732,981.9876210458756,169.49033490328645,102.67202979718304,1,1,1,0,0,0,0,0,1,0,1,0,1,0
e958bf9f-107.jpg,703.8201214720926,1019.3112168788474,125.48803641877932,94.6832996205487,703.8201214720926,1019.3112168788474,125.48803641877932,94.6832996205487,0,0,0,0,0,0,0,0,1,0,1,0,1,0
e958bf9f-107.jpg,754.3412789913398,1038.1114309077843,128.9872313613412,134.55281690428387,754.3412789913398,1038.1114309077843,128.9872313613412,134.55281690428387,0,0,0,0,0,0,0,0,1,0,1,0,1,0
e958bf9f-107.jpg,857.0133087885257,1034.1384933238105,101.04231503849816,167.86062014460188,857.0133087885257,1034.1384933238105,101.04231503849816,167.86062014460188,0,0,0,0,0,0,0,0,1,0,1,0,1,0
e958bf9f-107.jpg,734.7847018871167,403.43888171254247,177.63890869671442,146.67432828169038,734.7847018871167,403.43888171254247,177.63890869671442,146.67432828169038,1,1,1,0,0,0,0,0,1,0,1,0,1,0
e958bf9f-107.jpg,790.5568630770259,273.59700671460405,165.85444917978958,136.9134043564713,790.5568630770259,273.59700671460405,165.85444917978958,136.9134043564713,4,2,1,0,1,0,0,0,1,0,1,0,1,0
e958bf9f-107.jpg,898.529222610179,210.1493315250201,128.00846748775768,131.34781881352544,898.529222610179,210.1493315250201,128.00846748775768,131.34781881352544,4,2,1,0,1,0,0,0,1,0,1,0,1,0
e958bf9f-107.jpg,998.7097623832068,170.0771156158089,107.97235953315236,128.00846748775783,998.7097623832068,170.0771156158089,107.97235953315236,128.00846748775783,4,2,1,0,1,0,0,0,1,0,1,0,1,0
e958bf9f-107.jpg,1106.6821219163594,166.7377642900413,107.97235953315172,114.65106218468746,1106.6821219163594,166.7377642900413,107.97235953315172,114.65106218468746,4,2,1,0,1,0,0,0,1,0,1,0,1,0
e958bf9f-107.jpg,1212.4282472323318,175.64270115875493,114.65106218468758,119.10353061904402,1212.4282472323318,175.64270115875493,114.65106218468758,119.10353061904402,4,2,1,0,1,0,0,0,1,0,1,0,1,0
e958bf9f-107.jpg,1294.7989132679324,219.05426839373376,131.34781881352512,113.53794507609804,1294.7989132679324,219.05426839373376,131.34781881352512,113.53794507609804,4,2,1,0,1,0,0,0,1,0,1,0,1,0
e958bf9f-107.jpg,1368.2646424348209,261.3527185201232,129.12158459634725,141.3658727908283,1368.2646424348209,261.3527185201232,129.12158459634725,141.3658727908283,4,2,1,0,1,0,0,0,1,0,1,0,1,0
e958bf9f-107.jpg,1418.3549123213347,578.5910944680448,225.9627730436072,213.718484849126,1418.3549123213347,578.5910944680448,225.9627730436072,213.718484849126,3,2,1,0,1,0,0,0,1,0,1,0,1,0
e958bf9f-107.jpg,1528.5535060716657,777.8390569055111,156.94951231107666,142.47898989941734,1528.5535060716657,777.8390569055111,156.94951231107666,142.47898989941734,3,2,1,0,1,0,0,0,1,0,1,0,1,0
e958bf9f-107.jpg,1369.37775954341,379.3431320305783,175.87250315709355,129.12158459634702,1369.37775954341,379.3431320305783,175.87250315709355,129.12158459634702,2,1,1,0,0,0,0,0,1,0,1,0,1,0
e958bf9f-107.jpg,1357.1334713489289,467.279383609125,178.09873737427125,161.40198074543358,1357.1334713489289,467.279383609125,178.09873737427125,161.40198074543358,4,2,1,0,1,0,0,0,1,0,1,0,1,0
e958bf9f-107.jpg,960.863780691174,1033.9650110471816,116.87729640186576,146.9314583337739,960.863780691174,1033.9650110471816,116.87729640186576,146.9314583337739,0,0,0,0,0,0,0,0,1,0,1,0,1,0
e958bf9f-107.jpg,1078.854194201629,1042.8699479158954,119.10353061904416,136.91340435647146,1078.854194201629,1042.8699479158954,119.10353061904416,136.91340435647146,0,0,0,0,0,0,0,0,1,0,1,0,1,0
e958bf9f-107.jpg,1196.844607712084,1035.0781281557709,115.7641792932766,140.25275568223918,1196.844607712084,1035.0781281557709,115.7641792932766,140.25275568223918,0,0,0,0,0,0,0,0,1,0,1,0,1,0
e958bf9f-107.jpg,1314.835021222539,1026.1731912870573,100.180539773028,144.7052241165959,1314.835021222539,1026.1731912870573,100.180539773028,144.7052241165959,0,0,0,0,0,0,0,0,1,0,1,0,1,0
e958bf9f-107.jpg,1411.6762096697994,1058.453587436144,69.01326073253045,112.42482796750916,1411.6762096697994,1058.453587436144,69.01326073253045,112.42482796750916,0,0,0,0,0,0,0,0,1,0,1,0,1,0
e958bf9f-107.jpg,1548.5896140262705,912.6352462109592,139.13963857364962,121.32976483622276,1548.5896140262705,912.6352462109592,139.13963857364962,121.32976483622276,1,1,1,0,0,0,0,0,1,0,1,0,1,0
e958bf9f-107.jpg,1470.6714164250266,983.8747411606678,182.5512058086289,146.9314583337741,1470.6714164250266,983.8747411606678,182.5512058086289,146.9314583337741,2,1,1,0,0,0,0,0,1,0,1,0,1,0
e958bf9f-107.jpg,1426.146732081459,1022.83383996129,120.2166477276333,135.80028724788227,1426.146732081459,1022.83383996129,120.2166477276333,135.80028724788227,1,1,1,0,0,0,0,0,1,0,1,0,1,0
c09975ec-268.jpg,573.5294117647059,329.779411764706,216.6666666666667,337.74509803921563,573.5294117647059,329.779411764706,216.6666666666667,337.74509803921563,1,1,1,0,0,0,0,0,1,0,1,0,1,0
c09975ec-268.jpg,565.5637254901964,646.813725490196,122.6715686274509,352.08333333333337,565.5637254901964,646.813725490196,122.6715686274509,352.08333333333337,0,0,0,0,0,0,0,0,1,0,1,0,1,0
c09975ec-268.jpg,669.1176470588236,650.0,129.04411764705884,321.813725490196,669.1176470588236,650.0,129.04411764705884,321.813725490196,1,1,1,0,0,0,0,0,1,0,1,0,1,0
c09975ec-268.jpg,782.2303921568629,313.8480392156863,208.7009803921569,412.6225490196079,782.2303921568629,313.8480392156863,208.7009803921569,412.6225490196079,1,1,1,0,0,0,0,0,1,0,1,0,1,0
c09975ec-268.jpg,782.2303921568629,638.8480392156862,90.80882352941174,277.2058823529412,782.2303921568629,638.8480392156862,90.80882352941174,277.2058823529412,1,1,1,0,0,0,0,0,1,0,1,0,1,0
c09975ec-268.jpg,986.1519607843138,261.27450980392155,116.29901960784308,401.4705882352941,986.1519607843138,261.27450980392155,116.29901960784308,401.4705882352941,1,1,1,0,0,0,0,0,1,0,1,0,1,0
940c127d-163.jpg,798.1617647058825,489.093137254902,105.14713778359868,234.19117647058823,798.1617647058825,489.093137254902,105.14713778359868,234.19117647058823,1,1,1,0,0,0,0,0,1,0,1,0,1,0
940c127d-163.jpg,881.0049019607845,457.2303921568627,114.7058428729066,240.563725490196,881.0049019607845,457.2303921568627,114.7058428729066,240.563725490196,1,1,1,0,0,0,0,0,1,0,1,0,1,0
940c127d-163.jpg,848.7144117325918,649.9798172024598,75.80742349926336,163.50626316174447,848.7144117325918,649.9798172024598,75.80742349926336,163.50626316174447,1,1,1,0,0,0,0,0,1,0,1,0,1,0
940c127d-163.jpg,916.3465478585864,680.451438973513,36.41730406784319,71.34818756148854,916.3465478585864,680.451438973513,36.41730406784319,71.34818756148854,1,1,1,0,0,0,0,0,1,0,1,0,1,0
940c127d-163.jpg,975.2082099082384,479.5945053449535,130.96663757359522,219.80059716808785,975.2082099082384,479.5945053449535,130.96663757359522,219.80059716808785,1,1,1,0,0,0,0,0,1,0,1,0,1,0
940c127d-163.jpg,953.8880596055602,691.7807631192276,65.99094141305187,80.20437494817055,953.8880596055602,691.7807631192276,65.99094141305187,80.20437494817055,0,0,0,0,0,0,0,0,1,0,1,0,1,0
940c127d-163.jpg,1096.0223949567487,509.0366176676995,27.91924444398361,189.34323959283324,1096.0223949567487,509.0366176676995,27.91924444398361,189.34323959283324,0,0,0,0,0,0,0,0,1,0,1,0,1,0
1283b80b-164.jpg,329.3478370477369,491.5805305943521,110.61188897293748,153.77764050362023,329.3478370477369,491.5805305943521,110.61188897293748,153.77764050362023,0,0,0,0,0,0,0,0,1,0,1,0,1,0
1283b80b-164.jpg,434.5640193363382,422.3356281453552,149.2812182666728,241.0082319004117,434.5640193363382,422.3356281453552,149.2812182666728,241.0082319004117,1,1,1,0,0,0,0,0,1,0,1,0,1,0
1283b80b-164.jpg,578.4495309186727,460.1055749357172,197.8425605973514,212.23112958394424,578.4495309186727,460.1055749357172,197.8425605973514,212.23112958394424,0,0,0,0,0,0,0,0,1,0,1,0,1,0
1283b80b-164.jpg,370.7148235716769,613.8832154393391,53.95706684337576,74.6406091333363,370.7148235716769,613.8832154393391,53.95706684337576,74.6406091333363,0,0,0,0,0,0,0,0,1,0,1,0,1,0
1283b80b-164.jpg,426.4704593098319,612.9839309919493,133.09409821366015,137.5905204506082,426.4704593098319,612.9839309919493,133.09409821366015,137.5905204506082,1,1,1,0,0,0,0,0,1,0,1,0,1,0
1283b80b-164.jpg,570.3559708921672,659.7467222562086,97.12272031807636,53.05778239598601,570.3559708921672,659.7467222562086,97.12272031807636,53.05778239598601,0,0,0,0,0,0,0,0,1,0,1,0,1,0
1283b80b-164.jpg,670.1765579236805,648.955247003187,120.50408475057516,98.92152437336226,670.1765579236805,648.955247003187,120.50408475057516,98.92152437336226,0,0,0,0,0,0,0,0,1,0,1,0,1,0
1283b80b-164.jpg,778.9899626865534,488.8826772521852,196.0440095309319,204.13756955743816,778.9899626865534,488.8826772521852,196.0440095309319,204.13756955743816,0,0,0,0,0,0,0,0,1,0,1,0,1,0
1283b80b-164.jpg,791.5799449500063,689.4231090200641,102.51842700241356,41.36727023295314,791.5799449500063,689.4231090200641,102.51842700241356,41.36727023295314,0,0,0,0,0,0,0,0,1,0,1,0,1,0
1283b80b-164.jpg,946.2568699010184,663.3438600457669,82.73416915984271,63.84919576466143,946.2568699010184,663.3438600457669,82.73416915984271,63.84919576466143,0,0,0,0,0,0,0,0,1,0,1,0,1,0
1283b80b-164.jpg,976.8325411122644,483.4869705678476,147.48264937189376,196.94329397832144,976.8325411122644,483.4869705678476,147.48264937189376,196.94329397832144,0,0,0,0,0,0,0,0,1,0,1,0,1,0
1283b80b-164.jpg,1037.9838835347564,586.0053975702614,141.18765824016631,208.63404130186123,1037.9838835347564,586.0053975702614,141.18765824016631,208.63404130186123,2,1,1,0,0,0,0,0,1,0,1,0,1,0
1283b80b-164.jpg,1129.7108525975875,457.4076225785974,146.58340503831474,215.82868818703784,1129.7108525975875,457.4076225785974,146.58340503831474,215.82868818703784,0,0,0,0,0,0,0,0,1,0,1,0,1,0
1283b80b-164.jpg,1161.1858528271316,639.9624644136372,53.95706684337554,103.41771144980352,1161.1858528271316,639.9624644136372,53.95706684337554,103.41771144980352,0,0,0,0,0,0,0,0,1,0,1,0,1,0
1283b80b-164.jpg,1261.9057109347664,506.8683661999772,107.01484923936192,154.6769249510105,1261.9057109347664,506.8683661999772,107.01484923936192,154.6769249510105,0,0,0,0,0,0,0,0,1,0,1,0,1,0
1283b80b-164.jpg,1352.7334401211156,518.559064016042,78.23774692289476,126.79910708193287,1352.7334401211156,518.559064016042,78.23774692289476,126.79910708193287,0,0,0,0,0,0,0,0,1,0,1,0,1,0
1283b80b-164.jpg,1223.2364796970105,658.8474378088171,135.79204515472253,148.3819338192828,1223.2364796970105,658.8474378088171,135.79204515472253,148.3819338192828,0,0,0,0,0,0,0,0,1,0,1,0,1,0
1283b80b-164.jpg,1424.676195912283,514.9619262264835,43.16565347470089,65.64776465944058,1424.676195912283,514.9619262264835,43.16565347470089,65.64776465944058,0,0,0,0,0,0,0,0,1,0,1,0,1,0
1283b80b-164.jpg,1263.7043021149884,505.9693911743044,35.07208453401114,128.59742843933566,1263.7043021149884,505.9693911743044,35.07208453401114,128.59742843933566,0,0,0,0,0,0,0,0,1,0,1,0,1,0
6a015f5d-41.jpg,125.85784313725492,27.083333333333314,353.67647058823536,380.7598039215686,125.85784313725492,27.083333333333314,353.67647058823536,380.7598039215686,1,1,1,0,0,0,0,0,1,0,1,0,1,0
6a015f5d-41.jpg,219.85276301904963,371.2009803921569,293.1374330593817,272.42647058823536,219.85276301904963,371.2009803921569,293.1374330593817,272.42647058823536,0,0,0,0,0,0,0,0,1,0,1,0,1,0
6a015f5d-41.jpg,356.86274509803934,599.0196078431372,246.93627450980392,293.1372549019608,356.86274509803934,599.0196078431372,246.93627450980392,293.1372549019608,0,0,0,0,0,0,0,0,1,0,1,0,1,0
6a015f5d-41.jpg,473.161680867096,855.5147058823521,223.0392995250609,264.4610255038829,473.161680867096,855.5147058823521,223.0392995250609,264.4610255038829,1,1,1,0,0,0,0,0,1,0,1,0,1,0
6a015f5d-41.jpg,694.6078431372547,852.3281244032578,189.5833333333332,240.56403245948752,694.6078431372547,852.3281244032578,189.5833333333332,240.56403245948752,0,0,0,0,0,0,0,0,1,0,1,0,1,0
6a015f5d-41.jpg,822.0588235294118,997.3039215686276,175.24509803921575,210.29411764705875,822.0588235294118,997.3039215686276,175.24509803921575,210.29411764705875,0,0,0,0,0,0,0,0,1,0,1,0,1,0
6a015f5d-41.jpg,994.1176470588236,1024.387254901961,160.9068627450982,200.73529411764704,994.1176470588236,1024.387254901961,160.9068627450982,200.73529411764704,0,0,0,0,0,0,0,0,1,0,1,0,1,0
6a015f5d-41.jpg,1121.5686274509806,868.2598039215686,173.65196078431353,245.343137254902,1121.5686274509806,868.2598039215686,173.65196078431353,245.343137254902,0,0,0,0,0,0,0,0,1,0,1,0,1,0
6a015f5d-41.jpg,1304.779411764706,810.906862745098,199.14215686274505,266.05392156862746,1304.779411764706,810.906862745098,199.14215686274505,266.05392156862746,0,0,0,0,0,0,0,0,1,0,1,0,1,0
6a015f5d-41.jpg,1371.6911764705883,571.936274509804,248.5294117647058,304.2892156862746,1371.6911764705883,571.936274509804,248.5294117647058,304.2892156862746,0,0,0,0,0,0,0,0,1,0,1,0,1,0
6a015f5d-41.jpg,1464.0931372549023,374.3872549019608,283.5784313725489,254.90196078431376,1464.0931372549023,374.3872549019608,283.5784313725489,254.90196078431376,1,1,1,0,0,0,0,0,1,0,1,0,1,0
6a015f5d-41.jpg,1502.3282217755836,38.23529411764704,348.8972684204944,371.2009803921568,1502.3282217755836,38.23529411764704,348.8972684204944,371.2009803921568,1,1,1,0,0,0,0,0,1,0,1,0,1,0
e2811a20-201.jpg,29.40489563231779,567.1502364506864,112.96791443850267,143.3823529411765,29.40489563231779,567.1502364506864,112.96791443850267,143.3823529411765,1,1,1,0,0,0,0,0,1,0,1,0,1,0
e2811a20-201.jpg,135.13127709399342,575.8400760228789,123.10612520975369,179.59001782531203,135.13127709399342,575.8400760228789,123.10612520975369,179.59001782531203,1,1,1,0,0,0,0,0,1,0,1,0,1,0
e2811a20-201.jpg,226.3745926020148,597.5646749533602,97.03654188948306,153.52049910873436,226.3745926020148,597.5646749533602,97.03654188948306,153.52049910873436,1,1,1,0,0,0,0,0,1,0,1,0,1,0
e2811a20-201.jpg,268.375483867612,513.5628924221659,114.41622103386808,225.93582887700532,268.375483867612,513.5628924221659,114.41622103386808,225.93582887700532,1,1,1,0,0,0,0,0,1,0,1,0,1,0
e2811a20-201.jpg,75.75070668401119,698.9461366289395,101.38146167557927,85.45024859112654,75.75070668401119,698.9461366289395,101.38146167557927,85.45024859112654,1,1,1,0,0,0,0,0,1,0,1,0,1,0
e2811a20-201.jpg,151.06264964301306,735.1538015130752,163.65864527629233,114.416360565364,151.06264964301306,735.1538015130752,163.65864527629233,114.416360565364,1,1,1,0,0,0,0,0,1,0,1,0,1,0
e2811a20-201.jpg,292.99669598882406,735.1538015130749,73.86363636363637,97.03654188948305,292.99669598882406,735.1538015130749,73.86363636363637,97.03654188948305,1,1,1,0,0,0,0,0,1,0,1,0,1,0
e2811a20-201.jpg,350.9289598034409,445.4924824399913,181.0383244206775,280.9714795008911,350.9289598034409,445.4924824399913,181.0383244206775,280.9714795008911,0,0,0,0,0,0,0,0,1,0,1,0,1,0
e2811a20-201.jpg,530.5189776287527,467.21708137047256,198.4180035650625,240.4188948306596,530.5189776287527,467.21708137047256,198.4180035650625,240.4188948306596,0,0,0,0,0,0,0,0,1,0,1,0,1,0
e2811a20-201.jpg,698.5225426911418,429.5611098909717,249.1085980172768,272.2814605310612,698.5225426911418,429.5611098909717,249.1085980172768,272.2814605310612,0,0,0,0,0,0,0,0,1,0,1,0,1,0
e2811a20-201.jpg,356.72218618490234,696.0495234382089,140.48573975044576,179.59013742373705,356.72218618490234,696.0495234382089,140.48573975044576,179.59013742373705,1,1,1,0,0,0,0,0,1,0,1,0,1,0
e2811a20-201.jpg,500.1045391260791,674.3249245077275,160.76203208556151,176.69340463458104,500.1045391260791,674.3249245077275,160.76203208556151,176.69340463458104,0,0,0,0,0,0,0,0,1,0,1,0,1,0
e2811a20-201.jpg,668.1081041884677,685.9113772706507,146.27896613190728,152.07219251336917,668.1081041884677,685.9113772706507,146.27896613190728,152.07219251336917,0,0,0,0,0,0,0,0,1,0,1,0,1,0
e2811a20-201.jpg,807.145537343548,661.2901651494388,169.45187165775366,175.24509803921563,807.145537343548,661.2901651494388,169.45187165775366,175.24509803921563,0,0,0,0,0,0,0,0,1,0,1,0,1,0
e2811a20-201.jpg,950.5278902847242,436.8026428677988,247.66042780748649,272.2816399286987,950.5278902847242,436.8026428677988,247.66042780748649,272.2816399286987,0,0,0,0,0,0,0,0,1,0,1,0,1,0
e2811a20-201.jpg,970.8041826198402,685.9113772706509,157.8654188948306,157.86541889483053,970.8041826198402,685.9113772706509,157.8654188948306,157.86541889483053,0,0,0,0,0,0,0,0,1,0,1,0,1,0
e2811a20-201.jpg,1138.8077476822286,680.118150889189,127.45098039215692,170.90017825311944,1138.8077476822286,680.118150889189,127.45098039215692,170.90017825311944,0,0,0,0,0,0,0,0,1,0,1,0,1,0
e2811a20-201.jpg,1190.946785115384,474.4586143472997,157.86541889483047,225.9358288770053,1190.946785115384,474.4586143472997,157.86541889483047,225.9358288770053,0,0,0,0,0,0,0,0,1,0,1,0,1,0
e2811a20-201.jpg,1342.9930681652204,426.966528630464,150.42576210880495,280.413241322392,1342.9930681652204,426.966528630464,150.42576210880495,280.413241322392,1,1,1,0,0,0,0,0,1,0,1,0,1,0
e2811a20-201.jpg,1270.2327810582435,655.0577657410978,147.97316816137922,225.6386431632075,1270.2327810582435,655.0577657410978,147.97316816137922,225.6386431632075,0,0,0,0,0,0,0,0,1,0,1,0,1,0
e2811a20-201.jpg,1468.075359483953,516.0774420536142,71.94272742786848,201.11270368894563,1468.075359483953,516.0774420536142,71.94272742786848,201.11270368894563,1,1,1,0,0,0,0,0,1,0,1,0,1,0
e2811a20-201.jpg,1512.222050537623,549.5961022330853,89.11091342315055,168.4115748252833,1512.222050537623,549.5961022330853,89.11091342315055,168.4115748252833,1,1,1,0,0,0,0,0,1,0,1,0,1,0
e2811a20-201.jpg,1584.9823376446022,537.3332562646418,76.84794368602013,156.9660126352748,1584.9823376446022,537.3332562646418,76.84794368602013,156.9660126352748,1,1,1,0,0,0,0,0,1,0,1,0,1,0
e2811a20-201.jpg,1571.084305275854,694.2992688999167,55.59212947499304,70.30769315955014,1571.084305275854,694.2992688999167,55.59212947499304,70.30769315955014,0,0,0,0,0,0,0,0,1,0,1,0,1,0
e2811a20-201.jpg,1473.798078694614,722.095333637413,113.6368528974124,89.11098093334418,1473.798078694614,722.095333637413,113.6368528974124,89.11098093334418,0,0,0,0,0,0,0,0,1,0,1,0,1,0
e2811a20-201.jpg,1405.1254481666836,702.4745820580039,92.38103868638548,147.1556368455702,1405.1254481666836,702.4745820580039,92.38103868638548,147.1556368455702,1,1,1,0,0,0,0,0,1,0,1,0,1,0
a78fc3a5-274.jpg,813.8928777567319,503.2122243107003,178.34519232185727,271.70710508095044,813.8928777567319,503.2122243107003,178.34519232185727,271.70710508095044,1,1,1,0,0,0,0,0,1,0,1,0,1,0
a78fc3a5-274.jpg,994.6319652775402,498.42443391279824,102.93749355489736,259.7376290861948,994.6319652775402,498.42443391279824,102.93749355489736,259.7376290861948,4,2,1,0,1,0,0,0,1,0,1,0,1,0
a78fc3a5-274.jpg,852.1952009399492,691.1329974283623,160.39097832972422,233.40489721301884,852.1952009399492,691.1329974283623,160.39097832972422,233.40489721301884,1,1,1,0,0,0,0,0,1,0,1,0,1,0
a78fc3a5-274.jpg,1016.1769924061656,736.6170226820453,73.01380356800863,137.64897393968872,1016.1769924061656,736.6170226820453,73.01380356800863,137.64897393968872,1,1,1,0,0,0,0,0,1,0,1,0,1,0
a78fc3a5-274.jpg,1093.978616034011,491.2427483159449,101.74054595542188,250.1620482903905,1093.978616034011,491.2427483159449,101.74054595542188,250.1620482903905,1,1,1,0,0,0,0,0,1,0,1,0,1,0
f08afd15-36.jpg,978.1862745098042,326.59313725490193,345.7107843137255,361.6421568627452,978.1862745098042,326.59313725490193,345.7107843137255,361.6421568627452,0,0,0,0,0,0,0,0,1,0,1,0,1,0
f08afd15-36.jpg,640.4411764705881,353.67629517721184,339.3382352941176,363.23546952867065,640.4411764705881,353.67629517721184,339.3382352941176,363.23546952867065,1,1,1,0,0,0,0,0,1,0,1,0,1,0
f08afd15-36.jpg,439.70578803430647,406.2499999999998,223.0393100049096,293.13725490196066,439.70578803430647,406.2499999999998,223.0393100049096,293.13725490196066,1,1,1,0,0,0,0,0,1,0,1,0,1,0
f08afd15-36.jpg,406.25,656.3725490196077,202.32843137254903,119.4852941176471,406.25,656.3725490196077,202.32843137254903,119.4852941176471,0,0,0,0,0,0,0,0,1,0,1,0,1,0
f08afd15-36.jpg,643.6274509803925,672.3039215686277,108.33333333333329,109.92660214650267,643.6274509803925,672.3039215686277,108.33333333333329,109.92660214650267,0,0,0,0,0,0,0,0,1,0,1,0,1,0
f08afd15-36.jpg,812.5000000000001,662.7450980392156,164.09313725490193,207.1078431372549,812.5000000000001,662.7450980392156,164.09313725490193,207.1078431372549,0,0,0,0,0,0,0,0,1,0,1,0,1,0
f08afd15-36.jpg,995.7107843137256,653.1862745098039,173.65196078431367,178.4313725490196,995.7107843137256,653.1862745098039,173.65196078431367,178.4313725490196,0,0,0,0,0,0,0,0,1,0,1,0,1,0
f08afd15-36.jpg,1215.5637254901962,648.406862745098,108.33333333333329,141.7892156862745,1215.5637254901962,648.406862745098,108.33333333333329,141.7892156862745,0,0,0,0,0,0,0,0,1,0,1,0,1,0
f08afd15-36.jpg,251.71568627450984,597.4264705882352,183.2107843137255,151.34803921568627,251.71568627450984,597.4264705882352,183.2107843137255,151.34803921568627,0,0,0,0,0,0,0,0,1,0,1,0,1,0
f08afd15-36.jpg,167.2794117647059,568.75,105.14705882352942,106.74019607843148,167.2794117647059,568.75,105.14705882352942,106.74019607843148,0,0,0,0,0,0,0,0,1,0,1,0,1,0
f08afd15-36.jpg,157.72058823529414,374.3872549019608,125.85784313725492,178.4313725490196,157.72058823529414,374.3872549019608,125.85784313725492,178.4313725490196,0,0,0,0,0,0,0,0,1,0,1,0,1,0
f08afd15-36.jpg,78.06372549019609,355.26960784313724,97.1813725490196,160.90686274509807,78.06372549019609,355.26960784313724,97.1813725490196,160.90686274509807,0,0,0,0,0,0,0,0,1,0,1,0,1,0
f08afd15-36.jpg,55.75980392156863,512.9901960784314,108.3333333333334,79.65686274509801,55.75980392156863,512.9901960784314,108.3333333333334,79.65686274509801,1,1,1,0,0,0,0,0,1,0,1,0,1,0
f08afd15-36.jpg,1325.490196078432,369.6076019470976,218.25980392156896,302.69631962153017,1325.490196078432,369.6076019470976,218.25980392156896,302.69631962153017,1,1,1,0,0,0,0,0,1,0,1,0,1,0
f08afd15-36.jpg,1327.0833333333333,640.4411764705882,259.6813725490196,227.8186274509803,1327.0833333333333,640.4411764705882,259.6813725490196,227.8186274509803,1,1,1,0,0,0,0,0,1,0,1,0,1,0
f08afd15-36.jpg,1543.7500000000002,535.2941176470587,202.3284313725489,281.9852941176472,1543.7500000000002,535.2941176470587,202.3284313725489,281.9852941176472,0,0,0,0,0,0,0,0,1,0,1,0,1,0
f08afd15-36.jpg,1731.740196078432,411.0295213965957,164.09303245641908,234.1910668386985,1731.740196078432,411.0295213965957,164.09303245641908,234.1910668386985,0,0,0,0,0,0,0,0,1,0,1,0,1,0
f08afd15-36.jpg,1696.6911764705883,616.5441176470588,181.61764705882348,108.33333333333346,1696.6911764705883,616.5441176470588,181.61764705882348,108.33333333333346,0,0,0,0,0,0,0,0,1,0,1,0,1,0
f08afd15-36.jpg,1846.4460784313728,551.2254901960783,113.11274509803924,101.96078431372548,1846.4460784313728,551.2254901960783,113.11274509803924,101.96078431372548,0,0,0,0,0,0,0,0,1,0,1,0,1,0
f08afd15-36.jpg,1892.6470588235293,425.3676470588235,92.4019607843138,127.45098039215688,1892.6470588235293,425.3676470588235,92.4019607843138,127.45098039215688,0,0,0,0,0,0,0,0,1,0,1,0,1,0
f08afd15-36.jpg,258.0882352941177,323.406862745098,178.4313725490196,293.1372549019607,258.0882352941177,323.406862745098,178.4313725490196,293.1372549019607,1,1,1,0,0,0,0,0,1,0,1,0,1,0
f08afd15-36.jpg,1548.529411764706,315.4411764705883,216.66666666666657,310.6617647058824,1548.529411764706,315.4411764705883,216.66666666666657,310.6617647058824,1,1,1,0,0,0,0,0,1,0,1,0,1,0
79675aa9-103.jpg,799.488926746167,502.7257240204431,181.60136286201023,177.1720613287903,799.488926746167,502.7257240204431,181.60136286201023,177.1720613287903,0,0,0,0,0,0,0,0,1,0,1,0,1,0
79675aa9-103.jpg,1009.8807495741056,471.7206132879047,188.24531516183995,174.9574105621806,1009.8807495741056,471.7206132879047,188.24531516183995,174.9574105621806,0,0,0,0,0,0,0,0,1,0,1,0,1,0
79675aa9-103.jpg,1198.1260647359445,507.1549562405108,132.8790459965925,157.24027374245347,1198.1260647359445,507.1549562405108,132.8790459965925,157.24027374245347,0,0,0,0,0,0,0,0,1,0,1,0,1,0
79675aa9-103.jpg,684.327086882453,555.8773424190799,124.02044293015337,141.7376490630324,684.327086882453,555.8773424190799,124.02044293015337,141.7376490630324,0,0,0,0,0,0,0,0,1,0,1,0,1,0
79675aa9-103.jpg,586.8824531516183,555.87734241908,106.30323679727424,150.5962521294719,586.8824531516183,555.87734241908,106.30323679727424,150.5962521294719,0,0,0,0,0,0,0,0,1,0,1,0,1,0
79675aa9-103.jpg,498.2964224872232,569.1652470187394,121.80579216354352,126.23509369676316,498.2964224872232,569.1652470187394,121.80579216354352,126.23509369676316,1,1,1,0,0,0,0,0,1,0,1,0,1,0
79675aa9-103.jpg,471.7206132879045,602.3850085178876,77.51262393781626,97.4445941233194,471.7206132879045,602.3850085178876,77.51262393781626,97.4445941233194,1,1,1,0,0,0,0,0,1,0,1,0,1,0
79675aa9-103.jpg,396.4224872231687,595.741056218058,97.44463373083477,95.22998296422476,396.4224872231687,595.741056218058,97.44463373083477,95.22998296422476,1,1,1,0,0,0,0,0,1,0,1,0,1,0
79675aa9-103.jpg,343.27086882453153,584.6678023850086,84.1567291311754,99.65928449744456,343.27086882453153,584.6678023850086,84.1567291311754,99.65928449744456,2,1,1,0,0,0,0,0,1,0,1,0,1,0
79675aa9-103.jpg,1308.85860306644,564.7359454855194,101.8739352640543,137.30834752981258,1308.85860306644,564.7359454855194,101.8739352640543,137.30834752981258,0,0,0,0,0,0,0,0,1,0,1,0,1,0
79675aa9-103.jpg,1390.800681431005,573.5945485519592,93.01533219761497,130.6643952299829,1390.800681431005,573.5945485519592,93.01533219761497,130.6643952299829,0,0,0,0,0,0,0,0,1,0,1,0,1,0
79675aa9-103.jpg,1450.5962521294718,611.2436115843271,70.86882453151617,93.01533219761497,1450.5962521294718,611.2436115843271,70.86882453151617,93.01533219761497,0,0,0,0,0,0,0,0,1,0,1,0,1,0
79675aa9-103.jpg,1499.3185689948891,613.458262350937,88.58603066439542,88.58603066439515,1499.3185689948891,613.458262350937,88.58603066439542,88.58603066439515,1,1,1,0,0,0,0,0,1,0,1,0,1,0
79675aa9-103.jpg,1401.87380785278,702.0442930153321,112.94731650837927,97.44463373083482,1401.87380785278,702.0442930153321,112.94731650837927,97.44463373083482,1,1,1,0,0,0,0,0,1,0,1,0,1,0
79675aa9-103.jpg,905.7921635434412,604.5996592844974,112.94718909710396,130.66439522998306,905.7921635434412,604.5996592844974,112.94718909710396,130.66439522998306,0,0,0,0,0,0,0,0,1,0,1,0,1,0
79675aa9-103.jpg,792.8449744463372,664.3952299829643,97.44463373083477,104.08858603066446,792.8449744463372,664.3952299829643,97.44463373083477,104.08858603066446,1,1,1,0,0,0,0,0,1,0,1,0,1,0
79675aa9-103.jpg,690.9710391822827,688.7563884156727,84.15672913117547,81.94207836456565,690.9710391822827,688.7563884156727,84.15672913117547,81.94207836456565,1,1,1,0,0,0,0,0,1,0,1,0,1,0
79675aa9-103.jpg,589.0971039182282,699.8296422487223,104.08858603066442,99.65928449744474,589.0971039182282,699.8296422487223,104.08858603066442,99.65928449744474,0,0,0,0,0,0,0,0,1,0,1,0,1,0
79675aa9-103.jpg,535.9454855195911,708.6882453151618,90.8006814310052,79.72742759795574,535.9454855195911,708.6882453151618,90.8006814310052,79.72742759795574,0,0,0,0,0,0,0,0,1,0,1,0,1,0
79675aa9-103.jpg,442.93015332197615,688.7563884156729,99.6592844974446,93.01533219761514,442.93015332197615,688.7563884156729,99.6592844974446,93.01533219761514,1,1,1,0,0,0,0,0,1,0,1,0,1,0
79675aa9-103.jpg,374.2759795570698,677.6831345826234,99.65928449744467,73.08347529812615,374.2759795570698,677.6831345826234,99.65928449744467,73.08347529812615,1,1,1,0,0,0,0,0,1,0,1,0,1,0
79675aa9-103.jpg,1025.3833049403745,635.6047700170358,108.5178875638843,108.51788756388416,1025.3833049403745,635.6047700170358,108.5178875638843,108.51788756388416,0,0,0,0,0,0,0,0,1,0,1,0,1,0
79675aa9-103.jpg,1144.9744463373083,631.175468483816,90.8006814310049,119.59114139693358,1144.9744463373083,631.175468483816,90.8006814310049,119.59114139693358,0,0,0,0,0,0,0,0,1,0,1,0,1,0
79675aa9-103.jpg,1242.4190800681422,653.3219761499147,93.01548509114497,148.38160136286217,1242.4190800681422,653.3219761499147,93.01548509114497,148.38160136286217,0,0,0,0,0,0,0,0,1,0,1,0,1,0
79675aa9-103.jpg,1331.0051107325382,697.6149914821125,86.37137989778552,115.16183986371388,1331.0051107325382,697.6149914821125,86.37137989778552,115.16183986371388,0,0,0,0,0,0,0,0,1,0,1,0,1,0
79675aa9-103.jpg,1501.5332197614994,688.7563884156727,97.44463373083448,86.37137989778546,1501.5332197614994,688.7563884156727,97.44463373083448,86.37137989778546,1,1,1,0,0,0,0,0,1,0,1,0,1,0
9cd0d863-84.jpg,382.3529411764707,404.656862745098,199.14215686274508,310.6617647058824,382.3529411764707,404.656862745098,199.14215686274508,310.6617647058824,0,0,0,0,0,0,0,0,1,0,1,0,1,0
9cd0d863-84.jpg,434.9264705882355,667.5245098039215,207.10784313725483,242.156862745098,434.9264705882355,667.5245098039215,207.10784313725483,242.156862745098,0,0,0,0,0,0,0,0,1,0,1,0,1,0
9cd0d863-84.jpg,573.529411764706,409.4362745098039,274.0196078431373,297.91666666666663,573.529411764706,409.4362745098039,274.0196078431373,297.91666666666663,0,0,0,0,0,0,0,0,1,0,1,0,1,0
9cd0d863-84.jpg,634.0686274509804,591.0539215686275,283.57843137254895,348.89705882352933,634.0686274509804,591.0539215686275,283.57843137254895,348.89705882352933,1,1,1,0,0,0,0,0,1,0,1,0,1,0
9cd0d863-84.jpg,830.0245098039215,262.86764705882354,264.4607843137257,329.77941176470586,830.0245098039215,262.86764705882354,264.4607843137257,329.77941176470586,0,0,0,0,0,0,0,0,1,0,1,0,1,0
9cd0d863-84.jpg,861.8872549019607,560.7843137254899,223.03951960187487,379.1666666666666,861.8872549019607,560.7843137254899,223.03951960187487,379.1666666666666,0,0,0,0,0,0,0,0,1,0,1,0,1,0
9cd0d863-84.jpg,1068.9950980392157,232.5980392156863,74.87745098039227,414.2156862745098,1068.9950980392157,232.5980392156863,74.87745098039227,414.2156862745098,0,0,0,0,0,0,0,0,1,0,1,0,1,0
9cd0d863-84.jpg,1131.1274509803925,296.3235294117647,60.539215686274446,315.4411764705882,1131.1274509803925,296.3235294117647,60.539215686274446,315.4411764705882,0,0,0,0,0,0,0,0,1,0,1,0,1,0
6a4794c8-126.jpg,72.72727272727272,396.36363636363626,72.72727272727272,281.81818181818176,72.72727272727272,396.36363636363626,72.72727272727272,281.81818181818176,2,1,1,0,0,0,0,0,1,0,1,0,1,0
6a4794c8-126.jpg,109.0909090909091,436.36363636363626,105.45454545454544,258.1818181818182,109.0909090909091,436.36363636363626,105.45454545454544,258.1818181818182,0,0,0,0,0,0,0,0,1,0,1,0,1,0
6a4794c8-126.jpg,172.3043275838986,401.7691480040231,249.3947076258033,312.0001358842688,172.3043275838986,401.7691480040231,249.3947076258033,312.0001358842688,1,1,1,0,0,0,0,0,1,0,1,0,1,0
6a4794c8-126.jpg,411.4360106794076,422.2954727332518,273.00006214342784,294.55275986442484,411.4360106794076,422.2954727332518,273.00006214342784,294.55275986442484,0,0,0,0,0,0,0,0,1,0,1,0,1,0
6a4794c8-126.jpg,211.30431213782768,705.5588178658427,93.39480994959293,144.71052547181716,211.30431213782768,705.5588178658427,93.39480994959293,144.71052547181716,2,1,1,0,0,0,0,0,1,0,1,0,1,0
6a4794c8-126.jpg,303.6728058509597,704.532437760141,83.13161515337451,110.84215353783269,303.6728058509597,704.532437760141,83.13161515337451,110.84215353783269,0,0,0,0,0,0,0,0,1,0,1,0,1,0
6a4794c8-126.jpg,387.83073724079566,688.1113779767585,146.76322181398206,142.65795686813632,387.83073724079566,688.1113779767585,146.76322181398206,142.65795686813632,0,0,0,0,0,0,0,0,1,0,1,0,1,0
6a4794c8-126.jpg,684.4361295781439,426.4007376790981,237.07905062258612,268.8948539528901,684.4361295781439,426.4007376790981,237.07905062258612,268.8948539528901,1,1,1,0,0,0,0,0,1,0,1,0,1,0
6a4794c8-126.jpg,697.7782406521421,636.7955661536877,197.0527174005913,217.5790421298195,697.7782406521421,636.7955661536877,197.0527174005913,217.5790421298195,1,1,1,0,0,0,0,0,1,0,1,0,1,0
6a4794c8-126.jpg,536.6465915277004,616.2692414244594,158.05270041505764,215.52640965689665,536.6465915277004,616.2692414244594,158.05270041505764,215.52640965689665,1,1,1,0,0,0,0,0,1,0,1,0,1,0
6a4794c8-126.jpg,920.4888153168594,368.92687940902897,263.7632403389777,309.94765243957386,920.4888153168594,368.92687940902897,263.7632403389777,309.94765243957386,2,1,1,0,0,0,0,0,1,0,1,0,1,0
6a4794c8-126.jpg,900.988855471502,622.427138843228,214.5000934204353,259.65800782473724,900.988855471502,622.427138843228,214.5000934204353,259.65800782473724,2,1,1,0,0,0,0,0,1,0,1,0,1,0
6a4794c8-126.jpg,1182.025959540253,457.19022477294,264.78954846753885,203.21061481935945,1182.025959540253,457.19022477294,264.78954846753885,203.21061481935945,2,1,1,0,0,0,0,0,1,0,1,0,1,0
6a4794c8-126.jpg,1440.6576511285298,418.19020778740696,239.13168309550912,210.39482847458947,1440.6576511285298,418.19020778740696,239.13168309550912,210.39482847458947,2,1,1,0,0,0,0,0,1,0,1,0,1,0
6a4794c8-126.jpg,1157.3943698651797,620.3745063703052,261.71064029766046,175.50007643490156,1157.3943698651797,620.3745063703052,261.71064029766046,175.50007643490156,2,1,1,0,0,0,0,0,1,0,1,0,1,0
6a4794c8-126.jpg,1675.6840692781932,450.0060111177107,170.3684952525947,102.63162364614136,1675.6840692781932,450.0060111177107,170.3684952525947,102.63162364614136,2,1,1,0,0,0,0,0,1,0,1,0,1,0
6a4794c8-126.jpg,1658.2366932583436,517.7428827241623,295.57907610088586,161.1322026578657,1658.2366932583436,517.7428827241623,295.57907610088586,161.1322026578657,2,1,1,0,0,0,0,0,1,0,1,0,1,0
6a4794c8-126.jpg,1396.526052960687,587.5323868035389,312.00013588426884,169.3428177085447,1396.526052960687,587.5323868035389,312.00013588426884,169.3428177085447,2,1,1,0,0,0,0,0,1,0,1,0,1,0
38d34004-173.jpg,219.77152036564027,521.7663619670086,80.26671100667471,164.99268373594234,219.77152036564027,521.7663619670086,80.26671100667471,164.99268373594234,0,0,0,0,0,0,0,0,1,0,1,0,1,0
38d34004-173.jpg,239.3787747973648,451.2245677952543,127.02139452234712,237.15164615608424,239.3787747973648,451.2245677952543,127.02139452234712,237.15164615608424,1,1,1,0,0,0,0,0,1,0,1,0,1,0
38d34004-173.jpg,308.2946377828935,377.5791848009146,232.4221261472735,277.6903890887483,308.2946377828935,377.5791848009146,232.4221261472735,277.6903890887483,0,0,0,0,0,0,0,0,1,0,1,0,1,0
38d34004-173.jpg,290.05220346319453,645.1348881564969,152.02028599748994,92.56353742098018,290.05220346319453,645.1348881564969,152.02028599748994,92.56353742098018,0,0,0,0,0,0,0,0,1,0,1,0,1,0
38d34004-173.jpg,468.4226723669162,619.4603509658098,69.59150870107322,104.04944019383758,468.4226723669162,619.4603509658098,69.59150870107322,104.04944019383758,0,0,0,0,0,0,0,0,1,0,1,0,1,0
38d34004-173.jpg,533.2846476644676,424.1987391734782,221.611808093274,233.0977718628178,533.2846476644676,424.1987391734782,221.611808093274,233.0977718628178,0,0,0,0,0,0,0,0,1,0,1,0,1,0
38d34004-173.jpg,727.8706271359656,349.2020647480499,258.7723090535052,293.2302405462695,727.8706271359656,349.2020647480499,258.7723090535052,293.2302405462695,0,0,0,0,0,0,0,0,1,0,1,0,1,0
38d34004-173.jpg,527.2038496192791,618.1090595347209,181.74875106028728,170.26272031718838,527.2038496192791,618.1090595347209,181.74875106028728,170.26272031718838,1,1,1,0,0,0,0,0,1,0,1,0,1,0
38d34004-173.jpg,740.707795270977,629.5950552968252,137.15617066981176,78.37490300315035,740.707795270977,629.5950552968252,137.15617066981176,78.37490300315035,0,0,0,0,0,0,0,0,1,0,1,0,1,0
38d34004-173.jpg,982.5890618962044,389.7408076807138,256.74535851216086,279.041680519837,982.5890618962044,389.7408076807138,256.74535851216086,279.041680519837,0,0,0,0,0,0,0,0,1,0,1,0,1,0
38d34004-173.jpg,920.4296560661196,630.2706824145203,131.75091453115783,72.29409156325077,920.4296560661196,630.2706824145203,131.75091453115783,72.29409156325077,0,0,0,0,0,0,0,0,1,0,1,0,1,0
38d34004-173.jpg,1082.5846277967755,651.2156995963965,130.39962310006928,81.07748586532796,1082.5846277967755,651.2156995963965,130.39962310006928,81.07748586532796,0,0,0,0,0,0,0,0,1,0,1,0,1,0
38d34004-173.jpg,1228.5240722162662,607.9743738015547,171.61404188637658,109.45460591819284,1228.5240722162662,607.9743738015547,171.61404188637658,109.45460591819284,0,0,0,0,0,0,0,0,1,0,1,0,1,0
38d34004-173.jpg,1443.9435761069583,354.60723047240515,206.74757221319808,269.5826405022154,1443.9435761069583,354.60723047240515,206.74757221319808,269.5826405022154,0,0,0,0,0,0,0,0,1,0,1,0,1,0
38d34004-173.jpg,1235.956205225354,366.09320763666,222.96308612965177,261.4748919156826,1235.956205225354,366.09320763666,222.96308612965177,261.4748919156826,1,1,1,0,0,0,0,0,1,0,1,0,1,0
38d34004-173.jpg,1397.9996674499396,589.7319394818562,170.93839282215538,206.07194324104177,1397.9996674499396,589.7319394818562,170.93839282215538,206.07194324104177,0,0,0,0,0,0,0,0,1,0,1,0,1,0
38d34004-173.jpg,1622.9897141669685,583.6511280419572,145.26376521716725,172.2896574638219,1622.9897141669685,583.6511280419572,145.26376521716725,172.2896574638219,3,2,1,0,1,0,0,0,1,0,1,0,1,0
38d34004-173.jpg,1612.1793592775132,397.84855626724703,114.1840890915495,217.5579204052965,1612.1793592775132,397.84855626724703,114.1840890915495,217.5579204052965,0,0,0,0,0,0,0,0,1,0,1,0,1,0
38d34004-173.jpg,1550.6955991629743,589.7319394818562,116.21106307363677,192.5590289301537,1550.6955991629743,589.7319394818562,116.21106307363677,192.5590289301537,0,0,0,0,0,0,0,0,1,0,1,0,1,0
38d34004-173.jpg,1710.1479880314523,450.54892207970977,97.29298303839356,137.83172597105747,1710.1479880314523,450.54892207970977,97.29298303839356,137.83172597105747,0,0,0,0,0,0,0,0,1,0,1,0,1,0
38d34004-173.jpg,1804.062742492124,439.06294491545503,67.56457155443968,104.04944019383768,1804.062742492124,439.06294491545503,67.56457155443968,104.04944019383768,0,0,0,0,0,0,0,0,1,0,1,0,1,0
38d34004-173.jpg,1718.93138233353,560.0035279979024,114.1841259270032,93.91475446067167,1718.93138233353,560.0035279979024,114.1841259270032,93.91475446067167,3,2,1,0,1,0,0,0,1,0,1,0,1,0
ba17712f-87.jpg,79.65686274509804,404.65686274509807,87.62254901960785,183.21078431372544,79.65686274509804,404.65686274509807,87.62254901960785,183.21078431372544,0,0,0,0,0,0,0,0,1,0,1,0,1,0
ba17712f-87.jpg,95.58823529411764,575.1225490196077,73.28431372549016,58.9460784313726,95.58823529411764,575.1225490196077,73.28431372549016,58.9460784313726,0,0,0,0,0,0,0,0,1,0,1,0,1,0
ba17712f-87.jpg,156.12745098039215,454.0441176470588,87.62259093900104,195.95588235294125,156.12745098039215,454.0441176470588,87.62259093900104,195.95588235294125,1,1,1,0,0,0,0,0,1,0,1,0,1,0
ba17712f-87.jpg,240.5637254901961,455.6372549019608,103.55392156862746,229.4117647058824,240.5637254901961,455.6372549019608,103.55392156862746,229.4117647058824,0,0,0,0,0,0,0,0,1,0,1,0,1,0
ba17712f-87.jpg,140.1960784313726,630.8823529411766,133.8235294117647,100.36764705882352,140.1960784313726,630.8823529411766,133.8235294117647,100.36764705882352,0,0,0,0,0,0,0,0,1,0,1,0,1,0
ba17712f-87.jpg,261.2745098039216,691.4215686274509,95.58823529411772,76.47058823529413,261.2745098039216,691.4215686274509,95.58823529411772,76.47058823529413,0,0,0,0,0,0,0,0,1,0,1,0,1,0
ba17712f-87.jpg,325.0,497.05882352941165,160.90686274509807,213.48039215686268,325.0,497.05882352941165,160.90686274509807,213.48039215686268,0,0,0,0,0,0,0,0,1,0,1,0,1,0
ba17712f-87.jpg,312.2549019607844,646.813725490196,170.46568627450984,202.3284313725489,312.2549019607844,646.813725490196,170.46568627450984,202.3284313725489,0,0,0,0,0,0,0,0,1,0,1,0,1,0
ba17712f-87.jpg,474.7549019607843,377.5735294117648,205.51470588235296,281.985294117647,474.7549019607843,377.5735294117648,205.51470588235296,281.985294117647,0,0,0,0,0,0,0,0,1,0,1,0,1,0
ba17712f-87.jpg,446.07843137254906,635.6617647058827,197.5490196078433,272.42658022012466,446.07843137254906,635.6617647058827,197.5490196078433,272.42658022012466,0,0,0,0,0,0,0,0,1,0,1,0,1,0
ba17712f-87.jpg,691.4215686274513,347.30376808398194,325.0,363.235447602292,691.4215686274513,347.30376808398194,325.0,363.235447602292,0,0,0,0,0,0,0,0,1,0,1,0,1,0
ba17712f-87.jpg,643.6274509803924,640.4411764705883,208.7009803921568,296.32352941176475,643.6274509803924,640.4411764705883,208.7009803921568,296.32352941176475,0,0,0,0,0,0,0,0,1,0,1,0,1,0
ba17712f-87.jpg,852.328431372549,638.8480392156863,159.31372549019613,264.46078431372547,852.328431372549,638.8480392156863,159.31372549019613,264.46078431372547,0,0,0,0,0,0,0,0,1,0,1,0,1,0
ba17712f-87.jpg,1021.200980392157,348.89705882352933,318.62745098039227,348.8970588235294,1021.200980392157,348.89705882352933,318.62745098039227,348.8970588235294,0,0,0,0,0,0,0,0,1,0,1,0,1,0
ba17712f-87.jpg,1014.8284313725492,661.1519607843136,215.0735294117648,248.52941176470583,1014.8284313725492,661.1519607843136,215.0735294117648,248.52941176470583,0,0,0,0,0,0,0,0,1,0,1,0,1,0
ba17712f-87.jpg,1341.4215686274513,390.31862745098033,200.73529411764696,270.83333333333326,1341.4215686274513,390.31862745098033,200.73529411764696,270.83333333333326,0,0,0,0,0,0,0,0,1,0,1,0,1,0
ba17712f-87.jpg,1223.529411764707,594.2401960784312,231.00490196078445,293.1374303129843,1223.529411764707,594.2401960784312,231.00490196078445,293.1374303129843,0,0,0,0,0,0,0,0,1,0,1,0,1,0
ba17712f-87.jpg,1456.127450980392,587.8676470588236,186.3970588235296,280.392156862745,1456.127450980392,587.8676470588236,186.3970588235296,280.392156862745,0,0,0,0,0,0,0,0,1,0,1,0,1,0
ba17712f-87.jpg,1554.901960784314,321.81372549019613,215.07346653267487,315.4411764705881,1554.901960784314,321.81372549019613,215.07346653267487,315.4411764705881,0,0,0,0,0,0,0,0,1,0,1,0,1,0
ba17712f-87.jpg,1742.8921568627452,404.656862745098,168.87254901960802,226.22549019607845,1742.8921568627452,404.656862745098,168.87254901960802,226.22549019607845,0,0,0,0,0,0,0,0,1,0,1,0,1,0
ba17712f-87.jpg,1645.7107843137255,597.4264705882354,159.31372549019613,210.29411764705887,1645.7107843137255,597.4264705882354,159.31372549019613,210.29411764705887,0,0,0,0,0,0,0,0,1,0,1,0,1,0
ba17712f-87.jpg,1777.9411764705883,610.171568627451,109.92647058823536,100.3676470588234,1777.9411764705883,610.171568627451,109.92647058823536,100.3676470588234,0,0,0,0,0,0,0,0,1,0,1,0,1,0
ba17712f-87.jpg,1895.8333333333333,442.89215686274514,81.25,151.34803921568627,1895.8333333333333,442.89215686274514,81.25,151.34803921568627,0,0,0,0,0,0,0,0,1,0,1,0,1,0
ba17712f-87.jpg,1905.3921568627447,589.4607843137254,79.65686274509807,57.35294117647062,1905.3921568627447,589.4607843137254,79.65686274509807,57.35294117647062,0,0,0,0,0,0,0,0,1,0,1,0,1,0
03e5a7c5-115.jpg,806.0135692332412,441.1792456940143,174.37947917934298,244.4572138028168,806.0135692332412,441.1792456940143,174.37947917934298,244.4572138028168,0,0,0,0,0,0,0,0,1,0,1,0,1,0
03e5a7c5-115.jpg,670.747244262349,480.29239990246487,172.74976442065736,218.3817776638497,670.747244262349,480.29239990246487,172.74976442065736,218.3817776638497,0,0,0,0,0,0,0,0,1,0,1,0,1,0
03e5a7c5-115.jpg,545.2592078435698,467.2546818329814,145.0446135230046,224.9006366985916,545.2592078435698,467.2546818329814,145.0446135230046,224.9006366985916,1,1,1,0,0,0,0,0,1,0,1,0,1,0
03e5a7c5-115.jpg,980.3930484125838,463.99525231561046,182.52805297276976,229.78978097464787,980.3930484125838,463.99525231561046,182.52805297276976,229.78978097464787,0,0,0,0,0,0,0,0,1,0,1,0,1,0
03e5a7c5-115.jpg,1161.2913866266683,459.1061080395543,162.97147586854464,233.04921049201872,1161.2913866266683,459.1061080395543,162.97147586854464,233.04921049201872,0,0,0,0,0,0,0,0,1,0,1,0,1,0
03e5a7c5-115.jpg,1306.336000149673,485.1815441785212,145.04461352300467,213.4926333877933,1306.336000149673,485.1815441785212,145.04461352300467,213.4926333877933,0,0,0,0,0,0,0,0,1,0,1,0,1,0
03e5a7c5-115.jpg,770.1598445421612,670.9690266686622,120.59889214272287,158.08233159248817,770.1598445421612,670.9690266686622,120.59889214272287,158.08233159248817,0,0,0,0,0,0,0,0,1,0,1,0,1,0
03e5a7c5-115.jpg,659.339240951551,693.7850332902583,128.74746593615097,195.5657710422533,659.339240951551,693.7850332902583,128.74746593615097,195.5657710422533,0,0,0,0,0,0,0,0,1,0,1,0,1,0
03e5a7c5-115.jpg,876.0913038567151,680.7473152207754,114.08003310798148,149.9337577990606,876.0913038567151,680.7473152207754,114.08003310798148,149.9337577990606,0,0,0,0,0,0,0,0,1,0,1,0,1,0
03e5a7c5-115.jpg,985.28219268864,688.895889014202,123.8583216600936,145.0446135230047,985.28219268864,688.895889014202,123.8583216600936,145.0446135230047,0,0,0,0,0,0,0,0,1,0,1,0,1,0
03e5a7c5-115.jpg,1110.7702291074197,654.6718790818076,117.33946262535213,182.52805297277,1110.7702291074197,654.6718790818076,117.33946262535213,182.52805297277,0,0,0,0,0,0,0,0,1,0,1,0,1,0
03e5a7c5-115.jpg,1224.850262215401,682.3770299794602,123.85832166009322,190.67662676619736,1224.850262215401,682.3770299794602,123.85832166009322,190.67662676619736,0,0,0,0,0,0,0,0,1,0,1,0,1,0
03e5a7c5-115.jpg,574.5940734999077,684.0067447381455,102.67202979718328,130.37718069483586,574.5940734999077,684.0067447381455,102.67202979718328,130.37718069483586,0,0,0,0,0,0,0,0,1,0,1,0,1,0
03e5a7c5-115.jpg,519.1837717046025,693.7850332902583,70.07773462347441,81.48573793427217,519.1837717046025,693.7850332902583,70.07773462347441,81.48573793427217,0,0,0,0,0,0,0,0,1,0,1,0,1,0
03e5a7c5-115.jpg,359.4717253534288,514.5164098348594,66.81830510610325,79.85602317558686,359.4717253534288,514.5164098348594,66.81830510610325,79.85602317558686,0,0,0,0,0,0,0,0,1,0,1,0,1,0
03e5a7c5-115.jpg,369.2500139055416,633.4855872188969,101.04231503849772,86.37488221032864,369.2500139055416,633.4855872188969,101.04231503849772,86.37488221032864,3,2,1,0,1,0,0,0,1,0,1,0,1,0
03e5a7c5-115.jpg,423.0306009421613,532.4432721803992,37.48343944976526,118.96917738403748,423.0306009421613,532.4432721803992,37.48343944976526,118.96917738403748,0,0,0,0,0,0,0,0,1,0,1,0,1,0
03e5a7c5-115.jpg,460.51404039192647,524.294698386972,58.66973131267606,146.6743282816901,460.51404039192647,524.294698386972,58.66973131267606,146.6743282816901,0,0,0,0,0,0,0,0,1,0,1,0,1,0
03e5a7c5-115.jpg,517.5540569459171,537.3324164564556,34.22400993239443,130.37718069483566,517.5540569459171,537.3324164564556,34.22400993239443,130.37718069483566,0,0,0,0,0,0,0,0,1,0,1,0,1,0
03e5a7c5-115.jpg,471.9220437027245,687.2661742555172,63.5588755887324,60.29944607136102,471.9220437027245,687.2661742555172,63.5588755887324,60.29944607136102,0,0,0,0,0,0,0,0,1,0,1,0,1,0
03e5a7c5-115.jpg,1431.2295492187802,556.8889935606811,74.96687889952995,140.15546924694834,1431.2295492187802,556.8889935606811,74.96687889952995,140.15546924694834,0,0,0,0,0,0,0,0,1,0,1,0,1,0
03e5a7c5-115.jpg,1496.4181395661974,561.7781378367373,91.2640264863851,136.89603972957744,1496.4181395661974,561.7781378367373,91.2640264863851,136.89603972957744,1,1,1,0,0,0,0,0,1,0,1,0,1,0
03e5a7c5-115.jpg,1351.3735260431931,693.7850332902589,97.78288552112656,164.60119062722987,1351.3735260431931,693.7850332902589,97.78288552112656,164.60119062722987,0,0,0,0,0,0,0,0,1,0,1,0,1,0
03e5a7c5-115.jpg,1444.2672672882636,687.2661742555167,86.37488221032903,127.11775117746468,1444.2672672882636,687.2661742555167,86.37488221032903,127.11775117746468,0,0,0,0,0,0,0,0,1,0,1,0,1,0
03e5a7c5-115.jpg,1568.1255889483566,553.6295640433103,86.37488221032896,138.52575448826275,1568.1255889483566,553.6295640433103,86.37488221032896,138.52575448826275,0,0,0,0,0,0,0,0,1,0,1,0,1,0
03e5a7c5-115.jpg,1641.462753089202,527.554127904343,76.59659365821625,123.85832166009392,1641.462753089202,527.554127904343,76.59659365821625,123.85832166009392,0,0,0,0,0,0,0,0,1,0,1,0,1,0
03e5a7c5-115.jpg,1605.6090283981218,657.9313085991791,101.04231503849768,79.85602317558636,1605.6090283981218,657.9313085991791,101.04231503849768,79.85602317558636,0,0,0,0,0,0,0,0,1,0,1,0,1,0
03e5a7c5-115.jpg,1530.6421494985916,688.8958890142026,101.04231503849805,96.15317076244102,1530.6421494985916,688.8958890142026,101.04231503849805,96.15317076244102,0,0,0,0,0,0,0,0,1,0,1,0,1,0
0fdf53de-130.jpg,485.45454545454527,694.5454545454546,192.72727272727275,180.0002640125986,485.45454545454527,694.5454545454546,192.72727272727275,180.0002640125986,2,1,1,0,0,0,0,0,1,0,1,0,1,0
0fdf53de-130.jpg,665.4545454545455,727.2727272727271,220.0000000000001,187.27306671749693,665.4545454545455,727.2727272727271,220.0000000000001,187.27306671749693,2,1,1,0,0,0,0,0,1,0,1,0,1,0
0fdf53de-130.jpg,1087.2727272727273,538.6688428019277,198.181818181818,224.9675208344356,1087.2727272727273,538.6688428019277,198.181818181818,224.9675208344356,1,1,1,0,0,0,0,0,1,0,1,0,1,0
0fdf53de-130.jpg,492.7272727272728,532.7272727272725,143.6363636363636,174.54545454545445,492.7272727272728,532.7272727272725,143.6363636363636,174.54545454545445,2,1,1,0,0,0,0,0,1,0,1,0,1,0
0fdf53de-130.jpg,648.3644850966216,545.4545454545423,135.27197908523166,183.6363636363631,648.3644850966216,545.4545454545423,135.27197908523166,183.6363636363631,1,1,1,0,0,0,0,0,1,0,1,0,1,0
0fdf53de-130.jpg,767.822088661031,540.1779183431782,144.19319024664475,193.3885139778529,767.822088661031,540.1779183431782,144.19319024664475,193.3885139778529,2,1,1,0,0,0,0,0,1,0,1,0,1,0
0fdf53de-130.jpg,900.9887408299912,531.6959659757287,183.2101711369133,238.3428615253363,900.9887408299912,531.6959659757287,183.2101711369133,238.3428615253363,1,1,1,0,0,0,0,0,1,0,1,0,1,0
0fdf53de-130.jpg,840.7668790210985,731.8700418475412,165.39807116526902,226.46812821090668,840.7668790210985,731.8700418475412,165.39807116526902,226.46812821090668,1,1,1,0,0,0,0,0,1,0,1,0,1,0
0fdf53de-130.jpg,1004.468559712875,713.209817018481,175.57641400620827,229.8610851062084,1004.468559712875,713.209817018481,175.57641400620827,229.8610851062084,1,1,1,0,0,0,0,0,1,0,1,0,1,0
0fdf53de-130.jpg,1286.0693783122078,518.1248421878084,234.10181833416308,267.18149957466494,1286.0693783122078,518.1248421878084,234.10181833416308,267.18149957466494,1,1,1,0,0,0,0,0,1,0,1,0,1,0
0fdf53de-130.jpg,1180.0449737190863,732.7182370842864,170.4872425857385,192.5404770945981,1180.0449737190863,732.7182370842864,170.4872425857385,192.5404770945981,0,0,0,0,0,0,0,0,1,0,1,0,1,0
0fdf53de-130.jpg,1345.443044884355,773.4316084480448,148.4341664303696,131.47026169547016,1345.443044884355,773.4316084480448,148.4341664303696,131.47026169547016,0,0,0,0,0,0,0,0,1,0,1,0,1,0
0fdf53de-130.jpg,1516.7784827068383,516.4282581711642,200.17407587181253,262.94071693409506,1516.7784827068383,516.4282581711642,200.17407587181253,262.94071693409506,2,1,1,0,0,0,0,0,1,0,1,0,1,0
0fdf53de-130.jpg,1628.4904863057036,737.8074085047559,119.5955283810406,192.540318741108,1628.4904863057036,737.8074085047559,119.5955283810406,192.540318741108,2,1,1,0,0,0,0,0,1,0,1,0,1,0
0fdf53de-130.jpg,1497.8683930439986,761.5567695646214,128.92570278821432,158.61265002996697,1497.8683930439986,761.5567695646214,128.92570278821432,158.61265002996697,0,0,0,0,0,0,0,0,1,0,1,0,1,0
0fdf53de-130.jpg,1711.6136195067086,537.6332094691176,129.7738712219804,211.2007371133229,1711.6136195067086,537.6332094691176,129.7738712219804,211.2007371133229,2,1,1,0,0,0,0,0,1,0,1,0,1,0
0fdf53de-130.jpg,1811.7006574426148,501.1609374529094,94.99786651543631,245.9769177681896,1811.7006574426148,501.1609374529094,94.99786651543631,245.9769177681896,2,1,1,0,0,0,0,0,1,0,1,0,1,0
0fdf53de-130.jpg,1734.514890898825,735.2628227945212,93.3014760419465,209.5042234760074,1734.514890898825,735.2628227945212,93.3014760419465,209.5042234760074,2,1,1,0,0,0,0,0,1,0,1,0,1,0
0fdf53de-130.jpg,1814.245243152852,741.2001894517359,67.85561893959766,151.82694737734937,1814.245243152852,741.2001894517359,67.85561893959766,151.82694737734937,2,1,1,0,0,0,0,0,1,0,1,0,1,0
a867644f-151.jpg,301.2557665632716,525.6137852952197,150.36035960354045,150.36035960354045,301.2557665632716,525.6137852952197,150.36035960354045,150.36035960354045,0,0,0,0,0,0,0,0,1,0,1,0,1,0
a867644f-151.jpg,310.15868259242905,629.481138968718,135.52222015240153,163.22012720121168,310.15868259242905,629.481138968718,135.52222015240153,163.22012720121168,0,0,0,0,0,0,0,0,1,0,1,0,1,0
a867644f-151.jpg,442.7132101376547,482.0880776776733,255.2169261691673,235.43300869048755,442.7132101376547,482.0880776776733,255.2169261691673,235.43300869048755,1,1,1,0,0,0,0,0,1,0,1,0,1,0
a867644f-151.jpg,441.7239972455264,651.2438225955462,205.75628156273964,192.8965139650685,441.7239972455264,651.2438225955462,205.75628156273964,192.8965139650685,0,0,0,0,0,0,0,0,1,0,1,0,1,0
a867644f-151.jpg,659.3508335138094,637.3948421057468,118.70558137501968,195.864152641454,659.3508335138094,637.3948421057468,118.70558137501968,195.864152641454,0,0,0,0,0,0,0,0,1,0,1,0,1,0
a867644f-151.jpg,710.7899039044934,508.7970980562564,207.7346877358005,207.7347754197748,710.7899039044934,508.7970980562564,207.7346877358005,207.7347754197748,0,0,0,0,0,0,0,0,1,0,1,0,1,0
a867644f-151.jpg,910.6109081144626,479.1207112923996,150.3603596035403,222.57296880170367,910.6109081144626,479.1207112923996,150.3603596035403,222.57296880170367,0,0,0,0,0,0,0,0,1,0,1,0,1,0
a867644f-151.jpg,783.0024450298781,691.801551172817,56.38513485132776,96.94286342859844,783.0024450298781,691.801551172817,56.38513485132776,96.94286342859844,0,0,0,0,0,0,0,0,1,0,1,0,1,0
a867644f-151.jpg,841.3660056654629,693.7799769570742,56.38513485132762,97.93207632072702,841.3660056654629,693.7799769570742,56.38513485132762,97.93207632072702,0,0,0,0,0,0,0,0,1,0,1,0,1,0
b1176d69-231.jpg,62.13235294117645,418.9950980392158,148.16176470588235,167.27941176470586,62.13235294117645,418.9950980392158,148.16176470588235,167.27941176470586,0,0,0,0,0,0,0,0,1,0,1,0,1,0
b1176d69-231.jpg,207.1078431372549,544.8529411764706,127.45098039215692,160.90686274509792,207.1078431372549,544.8529411764706,127.45098039215692,160.90686274509792,0,0,0,0,0,0,0,0,1,0,1,0,1,0
b1176d69-231.jpg,250.122549019608,691.4215686274509,122.671568627451,98.77450980392152,250.122549019608,691.4215686274509,122.671568627451,98.77450980392152,0,0,0,0,0,0,0,0,1,0,1,0,1,0
b1176d69-231.jpg,288.3578431372549,522.5490196078431,144.9754901960785,191.17647058823533,288.3578431372549,522.5490196078431,144.9754901960785,191.17647058823533,0,0,0,0,0,0,0,0,1,0,1,0,1,0
b1176d69-231.jpg,342.5245098039218,514.5833333333333,215.0736399558617,192.7696078431373,342.5245098039218,514.5833333333333,215.0736399558617,192.7696078431373,0,0,0,0,0,0,0,0,1,0,1,0,1,0
b1176d69-231.jpg,417.40196078431376,345.7107843137255,211.8872549019608,275.6127450980392,417.40196078431376,345.7107843137255,211.8872549019608,275.6127450980392,1,1,1,0,0,0,0,0,1,0,1,0,1,0
b1176d69-231.jpg,352.08333333333337,702.5735294117646,109.92647058823528,133.82352941176484,352.08333333333337,702.5735294117646,109.92647058823528,133.82352941176484,0,0,0,0,0,0,0,0,1,0,1,0,1,0
b1176d69-231.jpg,431.7401960784315,643.6274509803922,146.5686274509804,243.75,431.7401960784315,643.6274509803922,146.5686274509804,243.75,1,1,1,0,0,0,0,0,1,0,1,0,1,0
b1176d69-231.jpg,538.480344780821,656.3725490196077,200.73534149368848,269.24019607843115,538.480344780821,656.3725490196077,200.73534149368848,269.24019607843115,1,1,1,0,0,0,0,0,1,0,1,0,1,0
b1176d69-231.jpg,619.7303921568628,489.09313725490193,175.24509803921566,199.1421568627451,619.7303921568628,489.09313725490193,175.24509803921566,199.1421568627451,0,0,0,0,0,0,0,0,1,0,1,0,1,0
b1176d69-231.jpg,767.8921568627452,406.25,258.0882352941177,294.7303921568628,767.8921568627452,406.25,258.0882352941177,294.7303921568628,2,1,1,0,0,0,0,0,1,0,1,0,1,0
b1176d69-231.jpg,724.8774509803924,672.3039215686274,106.74019607843135,152.94117647058818,724.8774509803924,672.3039215686274,106.74019607843135,152.94117647058818,0,0,0,0,0,0,0,0,1,0,1,0,1,0
b1176d69-231.jpg,809.3137254901961,670.7107843137255,194.36274509803937,237.377450980392,809.3137254901961,670.7107843137255,194.36274509803937,237.377450980392,0,0,0,0,0,0,0,0,1,0,1,0,1,0
b1176d69-231.jpg,990.93137254902,651.593137254902,183.21078431372555,240.563725490196,990.93137254902,651.593137254902,183.21078431372555,240.563725490196,0,0,0,0,0,0,0,0,1,0,1,0,1,0
b1176d69-231.jpg,1032.3529411764705,411.0292363536824,272.42642321219387,293.13743031298435,1032.3529411764705,411.0292363536824,272.42642321219387,293.13743031298435,1,1,1,0,0,0,0,0,1,0,1,0,1,0
b1176d69-231.jpg,1292.0343137254897,476.34781995190696,224.6323529411765,240.5639447539756,1292.0343137254897,476.34781995190696,224.6323529411765,240.5639447539756,1,1,1,0,0,0,0,0,1,0,1,0,1,0
b1176d69-231.jpg,1177.3284313725494,681.862745098039,191.17651006826995,223.03921568627445,1177.3284313725494,681.862745098039,191.17651006826995,223.03921568627445,0,0,0,0,0,0,0,0,1,0,1,0,1,0
b1176d69-231.jpg,1371.6911764705883,646.813725490196,156.12745098039227,269.2401960784314,1371.6911764705883,646.813725490196,156.12745098039227,269.2401960784314,0,0,0,0,0,0,0,0,1,0,1,0,1,0
b1176d69-231.jpg,1502.3284313725492,455.6372549019607,173.6519607843138,262.8676470588236,1502.3284313725492,455.6372549019607,173.6519607843138,262.8676470588236,0,0,0,0,0,0,0,0,1,0,1,0,1,0
b1176d69-231.jpg,1523.0392156862745,648.4068627450979,148.16176470588232,218.25980392156853,1523.0392156862745,648.4068627450979,148.16176470588232,218.25980392156853,0,0,0,0,0,0,0,0,1,0,1,0,1,0
b1176d69-231.jpg,1648.8970588235293,482.720588235294,133.82352941176464,191.17647058823533,1648.8970588235293,482.720588235294,133.82352941176464,191.17647058823533,0,0,0,0,0,0,0,0,1,0,1,0,1,0
b1176d69-231.jpg,1658.4558823529417,672.3039215686275,86.0294117647058,121.078431372549,1658.4558823529417,672.3039215686275,86.0294117647058,121.078431372549,0,0,0,0,0,0,0,0,1,0,1,0,1,0
b1176d69-231.jpg,1728.5539215686276,500.2450980392158,111.5196078431373,160.90686274509792,1728.5539215686276,500.2450980392158,111.5196078431373,160.90686274509792,0,0,0,0,0,0,0,0,1,0,1,0,1,0
b1176d69-231.jpg,1736.5196078431377,648.406862745098,101.9607843137254,84.43627450980398,1736.5196078431377,648.406862745098,101.9607843137254,84.43627450980398,2,1,1,0,0,0,0,0,1,0,1,0,1,0
b1176d69-231.jpg,1824.1421568627447,557.5980392156863,55.759803921568505,100.36764705882352,1824.1421568627447,557.5980392156863,55.759803921568505,100.36764705882352,3,2,1,0,1,0,0,0,1,0,1,0,1,0
48aa0fe4-183.jpg,391.9117647058824,930.3921568627449,240.56372549019613,242.15686274509812,391.9117647058824,930.3921568627449,240.56372549019613,242.15686274509812,4,2,1,0,1,0,0,0,1,0,1,0,1,0
48aa0fe4-183.jpg,438.1127450980394,667.5245098039215,262.86764705882354,278.7990196078432,438.1127450980394,667.5245098039215,262.86764705882354,278.7990196078432,4,2,1,0,1,0,0,0,1,0,1,0,1,0
48aa0fe4-183.jpg,545.8623132301184,532.8455839485929,225.14584346135143,181.69664560038896,545.8623132301184,532.8455839485929,225.14584346135143,181.69664560038896,1,1,1,0,0,0,0,0,1,0,1,0,1,0
48aa0fe4-183.jpg,656.4602714216592,385.3816396932049,176.43007616269657,184.3299303192351,656.4602714216592,385.3816396932049,176.43007616269657,184.3299303192351,1,1,1,0,0,0,0,0,1,0,1,0,1,0
48aa0fe4-183.jpg,771.0081566914699,270.83375442339457,156.6804407713498,172.4801490844271,771.0081566914699,270.83375442339457,156.6804407713498,172.4801490844271,1,1,1,0,0,0,0,0,1,0,1,0,1,0
48aa0fe4-183.jpg,921.7148320522358,248.0990514212793,129.5868888688409,120.68397283968385,921.7148320522358,248.0990514212793,129.5868888688409,120.68397283968385,0,0,0,0,0,0,0,0,1,0,1,0,1,0
48aa0fe4-183.jpg,1048.334082244691,253.0449797363661,141.45741906038842,121.67332187736852,1048.334082244691,253.0449797363661,141.45741906038842,121.67332187736852,1,1,1,0,0,0,0,0,1,0,1,0,1,0
48aa0fe4-183.jpg,1170.9964906742307,273.818477700177,154.31713763006763,158.2741444279025,1170.9964906742307,273.818477700177,154.31713763006763,158.2741444279025,1,1,1,0,0,0,0,0,1,0,1,0,1,0
48aa0fe4-183.jpg,1269.917770081487,369.7722371530918,195.86415264145413,182.01517215165416,1269.917770081487,369.7722371530918,195.86415264145413,182.01517215165416,1,1,1,0,0,0,0,0,1,0,1,0,1,0
48aa0fe4-183.jpg,1346.0871627753863,514.1973194038608,204.76706867061125,168.16619166185447,1346.0871627753863,514.1973194038608,204.76706867061125,168.16619166185447,2,1,1,0,0,0,0,0,1,0,1,0,1,0
48aa0fe4-183.jpg,1385.6556784605286,653.6764324958765,244.3355843557532,274.01187581772103,1385.6556784605286,653.6764324958765,244.3355843557532,274.01187581772103,3,2,1,0,1,0,0,0,1,0,1,0,1,0
48aa0fe4-183.jpg,1451.9329422331416,891.0874313048405,261.1522035219389,251.2600746006532,1451.9329422331416,891.0874313048405,261.1522035219389,251.2600746006532,5,3,1,0,1,0,1,0,1,0,1,0,1,0
75ff8686-169.jpg,4.779411764705884,511.3970588235294,81.25,76.47058823529413,4.779411764705884,511.3970588235294,81.25,76.47058823529413,1,1,1,0,0,0,0,0,1,0,1,0,1,0
75ff8686-169.jpg,81.25000000000001,439.7058823529412,223.03921568627456,178.43137254901953,81.25000000000001,439.7058823529412,223.03921568627456,178.43137254901953,1,1,1,0,0,0,0,0,1,0,1,0,1,0
75ff8686-169.jpg,286.76470588235304,395.0979295837965,248.52933280463657,248.52952139659584,286.76470588235304,395.0979295837965,248.52933280463657,248.52952139659584,1,1,1,0,0,0,0,0,1,0,1,0,1,0
75ff8686-169.jpg,111.51960784313728,597.4264705882354,137.00980392156865,65.31862745098037,111.51960784313728,597.4264705882354,137.00980392156865,65.31862745098037,1,1,1,0,0,0,0,0,1,0,1,0,1,0
75ff8686-169.jpg,245.343137254902,611.7647058823529,119.48529411764706,98.77450980392152,245.343137254902,611.7647058823529,119.48529411764706,98.77450980392152,1,1,1,0,0,0,0,0,1,0,1,0,1,0
75ff8686-169.jpg,363.23529411764696,613.3578431372545,148.16183576994487,125.85766772623144,363.23529411764696,613.3578431372545,148.16183576994487,125.85766772623144,1,1,1,0,0,0,0,0,1,0,1,0,1,0
75ff8686-169.jpg,524.1421568627451,444.48529411764713,229.4117647058824,213.48039215686268,524.1421568627451,444.48529411764713,229.4117647058824,213.48039215686268,1,1,1,0,0,0,0,0,1,0,1,0,1,0
75ff8686-169.jpg,506.6176470588236,626.1029411764706,173.65196078431367,148.1617647058823,506.6176470588236,626.1029411764706,173.65196078431367,148.1617647058823,1,1,1,0,0,0,0,0,1,0,1,0,1,0
75ff8686-169.jpg,731.25,428.5537900103597,207.1077404891645,232.59817077395363,731.25,428.5537900103597,207.1077404891645,232.59817077395363,1,1,1,0,0,0,0,0,1,0,1,0,1,0
75ff8686-169.jpg,670.7107843137255,622.9166666666667,197.54901960784323,178.4313725490196,670.7107843137255,622.9166666666667,197.54901960784323,178.4313725490196,1,1,1,0,0,0,0,0,1,0,1,0,1,0
75ff8686-169.jpg,919.2401960784314,468.3823529411765,199.14215686274505,192.76960784313715,919.2401960784314,468.3823529411765,199.14215686274505,192.76960784313715,1,1,1,0,0,0,0,0,1,0,1,0,1,0
75ff8686-169.jpg,868.2598039215688,605.3921568627451,189.5833333333332,231.0049019607844,868.2598039215688,605.3921568627451,189.5833333333332,231.0049019607844,1,1,1,0,0,0,0,0,1,0,1,0,1,0
75ff8686-169.jpg,1096.0784313725492,489.0931372549019,152.94117647058826,172.05882352941163,1096.0784313725492,489.0931372549019,152.94117647058826,172.05882352941163,1,1,1,0,0,0,0,0,1,0,1,0,1,0
75ff8686-169.jpg,1242.6470588235295,438.1127450980392,192.76960784313715,176.83823529411762,1242.6470588235295,438.1127450980392,192.76960784313715,176.83823529411762,2,1,1,0,0,0,0,0,1,0,1,0,1,0
75ff8686-169.jpg,1444.9754901960782,415.8088235294119,108.3333333333334,154.53444528375792,1444.9754901960782,415.8088235294119,108.3333333333334,154.53444528375792,3,2,1,0,1,0,0,0,1,0,1,0,1,0
75ff8686-169.jpg,1057.843137254902,618.1372549019607,132.23039215686293,181.6177566907133,1057.843137254902,618.1372549019607,132.23039215686293,181.6177566907133,1,1,1,0,0,0,0,0,1,0,1,0,1,0
75ff8686-169.jpg,1190.073529411765,600.6127450980401,245.34313725490205,191.1770187476828,1190.073529411765,600.6127450980401,245.34313725490205,191.1770187476828,1,1,1,0,0,0,0,0,1,0,1,0,1,0
75ff8686-169.jpg,1409.9264705882358,546.4460784313723,180.02450980392163,159.3139886067315,1409.9264705882358,546.4460784313723,180.02450980392163,159.3139886067315,1,1,1,0,0,0,0,0,1,0,1,0,1,0
8ebd65e0-42.jpg,267.64711122277083,324.9998684417324,274.01955544389585,302.6962099896404,267.64711122277083,324.9998684417324,274.01955544389585,302.6962099896404,1,1,1,0,0,0,0,0,1,0,1,0,1,0
8ebd65e0-42.jpg,532.1078431372545,455.63696985904767,216.66666666666663,250.12283406252087,532.1078431372545,455.63696985904767,216.66666666666663,250.12283406252087,0,0,0,0,0,0,0,0,1,0,1,0,1,0
8ebd65e0-42.jpg,721.6911031116501,375.98019481946136,323.40693610403616,353.67666792563625,721.6911031116501,375.98019481946136,323.40693610403616,353.67666792563625,0,0,0,0,0,0,0,0,1,0,1,0,1,0
8ebd65e0-42.jpg,1051.4705882352932,356.8625696870159,326.59313725490176,356.8629205090625,1051.4705882352932,356.8625696870159,326.59313725490176,356.8629205090625,0,0,0,0,0,0,0,0,1,0,1,0,1,0
8ebd65e0-42.jpg,121.07843137254903,433.33333333333326,148.16176470588238,168.87254901960796,121.07843137254903,433.33333333333326,148.16176470588238,168.87254901960796,0,0,0,0,0,0,0,0,1,0,1,0,1,0
8ebd65e0-42.jpg,6.372549019607845,477.9411764705882,160.90686274509807,207.1078431372549,6.372549019607845,477.9411764705882,160.90686274509807,207.1078431372549,0,0,0,0,0,0,0,0,1,0,1,0,1,0
8ebd65e0-42.jpg,152.94117647058823,611.7647058823529,148.16176470588238,98.77450980392152,152.94117647058823,611.7647058823529,148.16176470588238,98.77450980392152,0,0,0,0,0,0,0,0,1,0,1,0,1,0
8ebd65e0-42.jpg,280.39215686274514,605.3921568627452,156.12745098039213,178.43137254901953,280.39215686274514,605.3921568627452,156.12745098039213,178.43137254901953,0,0,0,0,0,0,0,0,1,0,1,0,1,0
8ebd65e0-42.jpg,442.89215686274514,543.2598039215686,173.65196078431367,237.37745098039213,442.89215686274514,543.2598039215686,173.65196078431367,237.37745098039213,0,0,0,0,0,0,0,0,1,0,1,0,1,0
8ebd65e0-42.jpg,1003.6763343502074,646.8137254901959,181.61778329685208,140.1960784313724,1003.6763343502074,646.8137254901959,181.61778329685208,140.1960784313724,0,0,0,0,0,0,0,0,1,0,1,0,1,0
8ebd65e0-42.jpg,1363.7254901960785,409.4362745098039,237.377450980392,293.1372549019608,1363.7254901960785,409.4362745098039,237.377450980392,293.1372549019608,0,0,0,0,0,0,0,0,1,0,1,0,1,0
8ebd65e0-42.jpg,834.8038901290823,707.3529411764704,119.48532555719204,73.28431372549024,834.8038901290823,707.3529411764704,119.48532555719204,73.28431372549024,0,0,0,0,0,0,0,0,1,0,1,0,1,0
8ebd65e0-42.jpg,1604.289215686275,363.23529411764696,181.6175422603404,293.13725490196066,1604.289215686275,363.23529411764696,181.6175422603404,293.13725490196066,0,0,0,0,0,0,0,0,1,0,1,0,1,0
8ebd65e0-42.jpg,1763.6029411764712,396.6911764705882,117.89215686274504,213.4803921568628,1763.6029411764712,396.6911764705882,117.89215686274504,213.4803921568628,0,0,0,0,0,0,0,0,1,0,1,0,1,0
8ebd65e0-42.jpg,1862.3774509803925,388.72549019607845,101.9607843137257,159.31372549019608,1862.3774509803925,388.72549019607845,101.9607843137257,159.31372549019608,0,0,0,0,0,0,0,0,1,0,1,0,1,0
8ebd65e0-42.jpg,1808.2107843137253,552.8186274509803,78.06372549019613,66.91176470588236,1808.2107843137253,552.8186274509803,78.06372549019613,66.91176470588236,0,0,0,0,0,0,0,0,1,0,1,0,1,0
8ebd65e0-42.jpg,1709.4362745098042,614.9509803921569,108.33333333333314,63.72549019607848,1709.4362745098042,614.9509803921569,108.33333333333314,63.72549019607848,0,0,0,0,0,0,0,0,1,0,1,0,1,0
8ebd65e0-42.jpg,1570.8333333333337,592.6470588235294,132.230392156863,132.23039215686285,1570.8333333333337,592.6470588235294,132.230392156863,132.23039215686285,0,0,0,0,0,0,0,0,1,0,1,0,1,0
8ebd65e0-42.jpg,1393.9950980392157,678.6764705882354,149.75490196078425,65.31882478838165,1393.9950980392157,678.6764705882354,149.75490196078425,65.31882478838165,0,0,0,0,0,0,0,0,1,0,1,0,1,0
8ebd65e0-42.jpg,696.200980392157,685.0490196078431,58.946078431372655,62.1323529411764,696.200980392157,685.0490196078431,58.946078431372655,62.1323529411764,0,0,0,0,0,0,0,0,1,0,1,0,1,0
8ebd65e0-42.jpg,238.9706406345358,438.1132494047316,116.29888336981512,218.2594092467647,238.9706406345358,438.1132494047316,116.29888336981512,218.2594092467647,0,0,0,0,0,0,0,0,1,0,1,0,1,0
834e844f-215.jpg,158.82282274826832,494.3424727737322,182.554742820088,116.00769371325782,158.82282274826832,494.3424727737322,182.554742820088,116.00769371325782,2,1,1,0,0,0,0,0,1,0,1,0,1,0
834e844f-215.jpg,194.79420064385212,406.21259692955175,72.84204023855722,78.23774692289486,194.79420064385212,406.21259692955175,72.84204023855722,78.23774692289486,2,1,1,0,0,0,0,0,1,0,1,0,1,0
834e844f-215.jpg,270.3340942245782,380.1333479552536,158.27406274056884,151.07978716145206,270.3340942245782,380.1333479552536,158.27406274056884,151.07978716145206,2,1,1,0,0,0,0,0,1,0,1,0,1,0
834e844f-215.jpg,318.8954543836154,527.6159973271458,185.25259616225608,162.77075726863012,318.8954543836154,527.6159973271458,185.25259616225608,162.77075726863012,1,1,1,0,0,0,0,0,1,0,1,0,1,0
834e844f-215.jpg,427.7088725177576,376.5362101656952,144.78479602972484,199.64114732049023,427.7088725177576,376.5362101656952,144.78479602972484,199.64114732049023,1,1,1,0,0,0,0,0,1,0,1,0,1,0
834e844f-215.jpg,565.299392968364,396.3204680082649,188.84980972234763,202.3390006626585,565.299392968364,396.3204680082649,188.84980972234763,202.3390006626585,2,1,1,0,0,0,0,0,1,0,1,0,1,0
834e844f-215.jpg,499.6515748238445,540.2059795906004,169.96481404171266,190.64830284659368,499.6515748238445,540.2059795906004,169.96481404171266,190.64830284659368,1,1,1,0,0,0,0,0,1,0,1,0,1,0
834e844f-215.jpg,751.451273578012,403.514743587383,215.82826737350288,197.842578425711,751.451273578012,403.514743587383,215.82826737350288,197.842578425711,1,1,1,0,0,0,0,0,1,0,1,0,1,0
834e844f-215.jpg,653.429268812544,556.3930996436127,204.1375695574376,205.0369901503851,653.429268812544,556.3930996436127,204.1375695574376,205.0369901503851,1,1,1,0,0,0,0,0,1,0,1,0,1,0
834e844f-215.jpg,960.984549819788,390.0254768765391,230.21681853173632,232.0153874265158,960.984549819788,390.0254768765391,230.21681853173632,232.0153874265158,2,1,1,0,0,0,0,0,1,0,1,0,1,0
834e844f-215.jpg,1190.3020839041349,372.9390723761368,240.10894745302195,276.08032534860587,1190.3020839041349,372.9390723761368,240.10894745302195,276.08032534860587,1,1,1,0,0,0,0,0,1,0,1,0,1,0
834e844f-215.jpg,853.9697005804259,563.5873752227311,177.1590361357505,209.53327624177564,853.9697005804259,563.5873752227311,177.1590361357505,209.53327624177564,1,1,1,0,0,0,0,0,1,0,1,0,1,0
834e844f-215.jpg,1031.1287367161765,566.2852285649,179.85688947791914,202.3390006626589,1031.1287367161765,566.2852285649,179.85688947791914,202.3390006626589,1,1,1,0,0,0,0,0,1,0,1,0,1,0
834e844f-215.jpg,1429.8536603549956,374.73764127091584,194.2454406361529,250.9003608216972,1429.8536603549956,374.73764127091584,194.2454406361529,250.9003608216972,1,1,1,0,0,0,0,0,1,0,1,0,1,0
834e844f-215.jpg,1205.0325485075969,601.3573220130942,154.67692495101062,187.05116505703592,1205.0325485075969,601.3573220130942,154.67692495101062,187.05116505703592,1,1,1,0,0,0,0,0,1,0,1,0,1,0
834e844f-215.jpg,1358.8101890112173,604.0551753552628,137.59052045060827,159.17334718795857,1358.8101890112173,604.0551753552628,137.59052045060827,159.17334718795857,1,1,1,0,0,0,0,0,1,0,1,0,1,0
834e844f-215.jpg,1500.8971316987736,609.4508820396004,106.11556479197247,141.1876582401666,1500.8971316987736,609.4508820396004,106.11556479197247,141.1876582401666,1,1,1,0,0,0,0,0,1,0,1,0,1,0
834e844f-215.jpg,1624.9983854385384,382.8312012974223,105.21628034458274,223.0225429526197,1624.9983854385384,382.8312012974223,105.21628034458274,223.0225429526197,1,1,1,0,0,0,0,0,1,0,1,0,1,0
834e844f-215.jpg,1598.0198520168503,579.7744952757438,106.1155647919719,176.25975168836086,1598.0198520168503,579.7744952757438,106.1155647919719,176.25975168836086,1,1,1,0,0,0,0,0,1,0,1,0,1,0
834e844f-215.jpg,1690.6461500979783,584.2709175126919,77.33846247550531,148.38193381928323,1690.6461500979783,584.2709175126919,77.33846247550531,148.38193381928323,1,1,1,0,0,0,0,0,1,0,1,0,1,0
834e844f-215.jpg,1729.315381335731,368.4426501391887,72.84204023855722,203.2382851100487,1729.315381335731,368.4426501391887,72.84204023855722,203.2382851100487,1,1,1,0,0,0,0,0,1,0,1,0,1,0
b50321c3-177.jpg,239.9889287063094,928.6475148145246,289.6613190730838,228.83244206773625,239.9889287063094,928.6475148145246,289.6613190730838,228.83244206773625,4,2,1,0,1,0,0,0,1,0,1,0,1,0
b50321c3-177.jpg,300.8178057116569,743.2641111431844,288.2130124777184,210.00461579255204,300.8178057116569,743.2641111431844,288.2130124777184,210.00461579255204,3,2,1,0,1,0,0,0,1,0,1,0,1,0
b50321c3-177.jpg,389.1645080289475,620.1582100016907,220.14260249554363,181.03832442067733,389.1645080289475,620.1582100016907,220.14260249554363,181.03832442067733,2,1,1,0,0,0,0,0,1,0,1,0,1,0
b50321c3-177.jpg,393.5094278150438,447.8097251532059,241.86720142602496,194.0730837789661,393.5094278150438,447.8097251532059,241.86720142602496,194.0730837789661,2,1,1,0,0,0,0,0,1,0,1,0,1,0
b50321c3-177.jpg,461.2069310995272,311.86758469523267,209.5853009618728,161.2766323004481,461.2069310995272,311.86758469523267,209.5853009618728,161.2766323004481,1,1,1,0,0,0,0,0,1,0,1,0,1,0
b50321c3-177.jpg,625.4563750800065,256.8700234499184,188.77544239146928,130.80501052939556,625.4563750800065,256.8700234499184,188.77544239146928,130.80501052939556,1,1,1,0,0,0,0,0,1,0,1,0,1,0
b50321c3-177.jpg,818.6910791940691,232.34408397565687,216.2741935457624,144.92600598427364,818.6910791940691,232.34408397565687,216.2741935457624,144.92600598427364,0,0,0,0,0,0,0,0,1,0,1,0,1,0
b50321c3-177.jpg,1033.4788521656335,204.8453033529998,224.44950670384955,164.99268373594234,1033.4788521656335,204.8453033529998,224.44950670384955,164.99268373594234,0,0,0,0,0,0,0,0,1,0,1,0,1,0
b50321c3-177.jpg,1218.5382136532437,265.0452445486516,206.61245981347705,141.9532568952323,1218.5382136532437,265.0452445486516,206.61245981347705,141.9532568952323,1,1,1,0,0,0,0,0,1,0,1,0,1,0
b50321c3-177.jpg,1407.31362657635,293.2873275177617,214.7877729715645,195.4643055069948,1407.31362657635,293.2873275177617,214.7877729715645,195.4643055069948,1,1,1,0,0,0,0,0,1,0,1,0,1,0
b50321c3-177.jpg,1427.7280789338936,472.401006708582,249.71865646521024,206.61245981347727,1427.7280789338936,472.401006708582,249.71865646521024,206.61245981347727,2,1,1,0,0,0,0,0,1,0,1,0,1,0
b50321c3-177.jpg,1446.3083361113645,668.6085225026757,254.177918187803,159.04700143915142,1446.3083361113645,668.6085225026757,254.177918187803,159.04700143915142,2,1,1,0,0,0,0,0,1,0,1,0,1,0
b50321c3-177.jpg,1420.295976062905,807.5888461901587,294.31127369114023,232.62481986193683,1420.295976062905,807.5888461901587,294.31127369114023,232.62481986193683,3,2,1,0,1,0,0,0,1,0,1,0,1,0
b50321c3-177.jpg,1506.5083693663707,964.4062167680138,294.31127369114023,214.04456268446563,1506.5083693663707,964.4062167680138,294.31127369114023,214.04456268446563,4,2,1,0,1,0,0,0,1,0,1,0,1,0
6e187bea-59.jpg,144.97549019607845,462.0098039215687,93.99509803921572,135.41666666666663,144.97549019607845,462.0098039215687,93.99509803921572,135.41666666666663,0,0,0,0,0,0,0,0,1,0,1,0,1,0
6e187bea-59.jpg,189.5833333333333,603.7990196078431,106.74019607843142,148.16176470588246,189.5833333333333,603.7990196078431,106.74019607843142,148.16176470588246,0,0,0,0,0,0,0,0,1,0,1,0,1,0
6e187bea-59.jpg,235.78431372549025,468.3823529411765,93.99509803921572,199.14215686274505,235.78431372549025,468.3823529411765,93.99509803921572,199.14215686274505,0,0,0,0,0,0,0,0,1,0,1,0,1,0
6e187bea-59.jpg,321.81372549019613,489.0931372549021,114.70588235294116,187.99019607843132,321.81372549019613,489.0931372549021,114.70588235294116,187.99019607843132,0,0,0,0,0,0,0,0,1,0,1,0,1,0
6e187bea-59.jpg,285.17156862745105,648.4068627450981,135.41666666666663,133.82352941176472,285.17156862745105,648.4068627450981,135.41666666666663,133.82352941176472,0,0,0,0,0,0,0,0,1,0,1,0,1,0
6e187bea-59.jpg,430.1470588235293,441.29901960784304,180.02450980392163,274.0196078431373,430.1470588235293,441.29901960784304,180.02450980392163,274.0196078431373,0,0,0,0,0,0,0,0,1,0,1,0,1,0
6e187bea-59.jpg,605.3921568627452,474.7549019607843,186.39705882352945,232.59803921568624,605.3921568627452,474.7549019607843,186.39705882352945,232.59803921568624,0,0,0,0,0,0,0,0,1,0,1,0,1,0
6e187bea-59.jpg,388.72549019607857,686.642156862745,152.9411764705882,137.00980392156853,388.72549019607857,686.642156862745,152.9411764705882,137.00980392156853,0,0,0,0,0,0,0,0,1,0,1,0,1,0
6e187bea-59.jpg,541.6666666666667,672.3039215686274,138.60294117647058,200.73529411764704,541.6666666666667,672.3039215686274,138.60294117647058,200.73529411764704,0,0,0,0,0,0,0,0,1,0,1,0,1,0
6e187bea-59.jpg,681.8627450980393,675.4901960784315,137.0098039215685,175.24509803921552,681.8627450980393,675.4901960784315,137.0098039215685,175.24509803921552,0,0,0,0,0,0,0,0,1,0,1,0,1,0
6e187bea-59.jpg,788.6029411764707,439.7058823529412,240.56372549019613,275.6127450980392,788.6029411764707,439.7058823529412,240.56372549019613,275.6127450980392,0,0,0,0,0,0,0,0,1,0,1,0,1,0
6e187bea-59.jpg,1025.9803921568628,447.6715686274511,240.563725490196,274.01960784313724,1025.9803921568628,447.6715686274511,240.563725490196,274.01960784313724,0,0,0,0,0,0,0,0,1,0,1,0,1,0
6e187bea-59.jpg,847.5490196078432,699.3872549019608,143.38235294117652,148.16176470588246,847.5490196078432,699.3872549019608,143.38235294117652,148.16176470588246,0,0,0,0,0,0,0,0,1,0,1,0,1,0
6e187bea-59.jpg,1008.4558823529414,702.5735294117646,113.11274509803935,137.00980392156882,1008.4558823529414,702.5735294117646,113.11274509803935,137.00980392156882,0,0,0,0,0,0,0,0,1,0,1,0,1,0
6e187bea-59.jpg,1150.245098039216,665.9313725490196,133.82352941176464,189.58333333333343,1150.245098039216,665.9313725490196,133.82352941176464,189.58333333333343,0,0,0,0,0,0,0,0,1,0,1,0,1,0
6e187bea-59.jpg,1253.799019607843,460.41666666666674,173.65196078431396,226.2254901960784,1253.799019607843,460.41666666666674,173.65196078431396,226.2254901960784,0,0,0,0,0,0,0,0,1,0,1,0,1,0
6e187bea-59.jpg,1414.7058823529412,444.4852941176471,149.75490196078454,240.563725490196,1414.7058823529412,444.4852941176471,149.75490196078454,240.563725490196,0,0,0,0,0,0,0,0,1,0,1,0,1,0
6e187bea-59.jpg,1282.475490196079,677.0833333333335,146.5686274509801,197.54901960784312,1282.475490196079,677.0833333333335,146.5686274509801,197.54901960784312,0,0,0,0,0,0,0,0,1,0,1,0,1,0
6e187bea-59.jpg,1406.7401960784316,673.8970588235295,137.0098039215688,156.12745098039204,1406.7401960784316,673.8970588235295,137.0098039215688,156.12745098039204,0,0,0,0,0,0,0,0,1,0,1,0,1,0
6e187bea-59.jpg,1534.1911764705883,457.2303921568628,106.7401960784315,213.48039215686285,1534.1911764705883,457.2303921568628,106.7401960784315,213.48039215686285,0,0,0,0,0,0,0,0,1,0,1,0,1,0
6e187bea-59.jpg,1532.5980392156864,678.6764705882354,70.09803921568619,114.70588235294112,1532.5980392156864,678.6764705882354,70.09803921568619,114.70588235294112,0,0,0,0,0,0,0,0,1,0,1,0,1,0
6e187bea-59.jpg,1613.8480392156866,466.7892156862744,65.31862745098039,181.6176470588235,1613.8480392156866,466.7892156862744,65.31862745098039,181.6176470588235,0,0,0,0,0,0,0,0,1,0,1,0,1,0
6e187bea-59.jpg,1594.7303921568632,648.4068627450979,74.87745098039227,103.5539215686276,1594.7303921568632,648.4068627450979,74.87745098039227,103.5539215686276,0,0,0,0,0,0,0,0,1,0,1,0,1,0
e2b30393-88.jpg,43.01470588235296,976.593137254902,317.0343137254902,280.392156862745,43.01470588235296,976.593137254902,317.0343137254902,280.392156862745,1,1,1,0,0,0,0,0,1,0,1,0,1,0
e2b30393-88.jpg,180.02450980392163,586.2745098039215,235.78431372549025,178.4313725490196,180.02450980392163,586.2745098039215,235.78431372549025,178.4313725490196,0,0,0,0,0,0,0,0,1,0,1,0,1,0
e2b30393-88.jpg,78.06372549019608,739.2155766426201,313.8480392156862,309.0687370828704,78.06372549019608,739.2155766426201,313.8480392156862,309.0687370828704,1,1,1,0,0,0,0,0,1,0,1,0,1,0
e2b30393-88.jpg,272.4263867494489,414.2155985689976,253.308907368198,227.8187151564921,272.4263867494489,414.2155985689976,253.308907368198,227.8187151564921,0,0,0,0,0,0,0,0,1,0,1,0,1,0
e2b30393-88.jpg,401.4705882352943,246.93627450980392,208.70098039215685,205.51470588235296,401.4705882352943,246.93627450980392,208.70098039215685,205.51470588235296,0,0,0,0,0,0,0,0,1,0,1,0,1,0
e2b30393-88.jpg,1366.911764705883,253.30882352941177,205.5147058823528,208.70098039215688,1366.911764705883,253.30882352941177,205.5147058823528,208.70098039215688,0,0,0,0,0,0,0,0,1,0,1,0,1,0
e2b30393-88.jpg,536.8872549019609,152.9411764705882,207.1078431372549,175.2450980392157,536.8872549019609,152.9411764705882,207.1078431372549,175.2450980392157,1,1,1,0,0,0,0,0,1,0,1,0,1,0
e2b30393-88.jpg,708.9460784313726,81.24999999999999,258.0882352941177,181.6176470588236,708.9460784313726,81.24999999999999,258.0882352941177,181.6176470588236,1,1,1,0,0,0,0,0,1,0,1,0,1,0
e2b30393-88.jpg,992.5245098039215,79.65686274509804,253.30882352941185,186.3970588235294,992.5245098039215,79.65686274509804,253.30882352941185,186.3970588235294,1,1,1,0,0,0,0,0,1,0,1,0,1,0
e2b30393-88.jpg,1253.799019607843,129.04411764705878,170.4656862745101,202.32843137254903,1253.799019607843,129.04411764705878,170.4656862745101,202.32843137254903,1,1,1,0,0,0,0,0,1,0,1,0,1,0
e2b30393-88.jpg,1468.8726223785468,418.99509803921535,245.34313725490205,218.25980392156856,1468.8726223785468,418.99509803921535,245.34313725490205,218.25980392156856,0,0,0,0,0,0,0,0,1,0,1,0,1,0
e2b30393-88.jpg,1561.2745098039215,589.4607843137255,248.5294117647058,211.8872549019609,1561.2745098039215,589.4607843137255,248.5294117647058,211.8872549019609,0,0,0,0,0,0,0,0,1,0,1,0,1,0
e2b30393-88.jpg,1607.475490196079,750.3676470588234,301.10294117647044,313.84803921568624,1607.475490196079,750.3676470588234,301.10294117647044,313.84803921568624,1,1,1,0,0,0,0,0,1,0,1,0,1,0
e2b30393-88.jpg,1639.338182894875,1013.2352941176472,281.9853465168879,250.1227463570088,1639.338182894875,1013.2352941176472,281.9853465168879,250.1227463570088,1,1,1,0,0,0,0,0,1,0,1,0,1,0
842753fe-148.jpg,1623.6363636363635,1174.5454545454545,236.3636363636365,120.00000000000011,1623.6363636363635,1174.5454545454545,236.3636363636365,120.00000000000011,5,3,1,0,1,0,1,0,1,0,1,0,1,0
842753fe-148.jpg,1545.4545454545455,905.4545454545452,285.4545454545456,307.27272727272737,1545.4545454545455,905.4545454545452,285.4545454545456,307.27272727272737,4,2,1,0,1,0,0,0,1,0,1,0,1,0
842753fe-148.jpg,1408.841847798226,765.2892408036038,313.0264521207312,306.8685547019623,1408.841847798226,765.2892408036038,313.0264521207312,306.8685547019623,1,1,1,0,0,0,0,0,1,0,1,0,1,0
842753fe-148.jpg,1470.4208219859104,565.1575746936281,294.5527598644256,216.552725893358,1470.4208219859104,565.1575746936281,294.5527598644256,216.552725893358,3,2,1,0,1,0,0,0,1,0,1,0,1,0
842753fe-148.jpg,1366.7628821033074,375.2890709482666,332.5264200739927,244.2632642778161,1366.7628821033074,375.2890709482666,332.5264200739927,244.2632642778161,1,1,1,0,0,0,0,0,1,0,1,0,1,0
842753fe-148.jpg,1332.8944463000792,176.18348688753557,249.39484546012275,250.42139588380104,1332.8944463000792,176.18348688753557,249.39484546012275,250.42139588380104,1,1,1,0,0,0,0,0,1,0,1,0,1,0
842753fe-148.jpg,1173.815429648561,145.39408495268134,216.552725893358,199.1054989017429,1173.815429648561,145.39408495268134,216.552725893358,199.1054989017429,1,1,1,0,0,0,0,0,1,0,1,0,1,0
842753fe-148.jpg,1007.5521993418118,51.315705374335465,254.5263779950231,234.00020836193664,1007.5521993418118,51.315705374335465,254.5263779950231,234.00020836193664,1,1,1,0,0,0,0,0,1,0,1,0,1,0
842753fe-148.jpg,760.2100512178216,60.55253021274105,256.5789942521424,229.8949647058378,760.2100512178216,60.55253021274105,256.5789942521424,229.8949647058378,1,1,1,0,0,0,0,0,1,0,1,0,1,0
842753fe-148.jpg,571.3677988457131,94.42109375444996,198.07903363705265,192.9474524547456,571.3677988457131,94.42109375444996,198.07903363705265,192.9474524547456,1,1,1,0,0,0,0,0,1,0,1,0,1,0
842753fe-148.jpg,369.18350026281473,170.36849525259453,280.18433255396576,247.3422129872004,369.18350026281473,170.36849525259453,280.18433255396576,247.3422129872004,1,1,1,0,0,0,0,0,1,0,1,0,1,0
842753fe-148.jpg,289.1308338188245,361.2633152344172,312.0001358842695,246.31589675073909,289.1308338188245,361.2633152344172,312.0001358842695,246.31589675073909,1,1,1,0,0,0,0,0,1,0,1,0,1,0
842753fe-148.jpg,262.73695653412165,565.5002462902382,295.5790761008868,215.5264096568967,262.73695653412165,565.5002462902382,295.5790761008868,215.5264096568967,1,1,1,0,0,0,0,0,1,0,1,0,1,0
842753fe-148.jpg,206.289563528744,737.9213740157555,318.158033303038,305.8422384655011,206.289563528744,737.9213740157555,318.158033303038,305.8422384655011,4,2,1,0,1,0,0,0,1,0,1,0,1,0
842753fe-148.jpg,118.02636719306248,971.921475928958,336.6317255593434,270.947486425813,118.02636719306248,971.921475928958,336.6317255593434,270.947486425813,5,3,1,0,1,0,1,0,1,0,1,0,1,0
842753fe-148.jpg,106.73688859198693,1233.289444630008,266.8422214799673,59.526341714762125,106.73688859198693,1233.289444630008,266.8422214799673,59.526341714762125,5,3,1,0,1,0,1,0,1,0,1,0,1,0
1726933b-15.jpg,250.1226118986976,645.2205005297823,219.8528782973807,213.48047986237447,250.1226118986976,645.2205005297823,219.8528782973807,213.48047986237447,0,0,0,0,0,0,0,0,1,0,1,0,1,0
1726933b-15.jpg,356.8626402995563,817.2794117647059,205.5148106808359,216.6668640040684,356.8626402995563,817.2794117647059,205.5148106808359,216.6668640040684,0,0,0,0,0,0,0,0,1,0,1,0,1,0
1726933b-15.jpg,551.2254901960785,955.8823529411764,178.4313725490196,170.46568627450978,551.2254901960785,955.8823529411764,178.4313725490196,170.46568627450978,0,0,0,0,0,0,0,0,1,0,1,0,1,0
1726933b-15.jpg,716.9117647058824,1051.470588235294,141.78921568627445,122.6715686274508,716.9117647058824,1051.470588235294,141.78921568627445,122.6715686274508,0,0,0,0,0,0,0,0,1,0,1,0,1,0
1726933b-15.jpg,1043.5049019607843,1067.4019607843138,170.46568627450966,119.48529411764702,1043.5049019607843,1067.4019607843138,170.46568627450966,119.48529411764702,0,0,0,0,0,0,0,0,1,0,1,0,1,0
1726933b-15.jpg,1185.2941176470592,976.593137254902,159.31372549019585,187.99019607843147,1185.2941176470592,976.593137254902,159.31372549019585,187.99019607843147,0,0,0,0,0,0,0,0,1,0,1,0,1,0
1726933b-15.jpg,1311.1519607843136,842.7695639903817,200.73529411764696,219.85298502922623,1311.1519607843136,842.7695639903817,200.73529411764696,219.85298502922623,1,1,1,0,0,0,0,0,1,0,1,0,1,0
1726933b-15.jpg,1468.872549019608,745.5882352941176,205.51470588235304,234.19117647058812,1468.872549019608,745.5882352941176,205.51470588235304,234.19117647058812,1,1,1,0,0,0,0,0,1,0,1,0,1,0
1726933b-15.jpg,1497.5489567287534,479.5343795046242,321.81378836928644,323.40679696596453,1497.5489567287534,479.5343795046242,321.81378836928644,323.40679696596453,1,1,1,0,0,0,0,0,1,0,1,0,1,0
1726933b-15.jpg,1631.372402301732,232.5980392156861,325.0001467178768,304.2892156862743,1631.372402301732,232.5980392156861,325.0001467178768,304.2892156862743,1,1,1,0,0,0,0,0,1,0,1,0,1,0
1726933b-15.jpg,65.31862745098039,78.06372549019605,315.4411764705883,294.7303921568628,65.31862745098039,78.06372549019605,315.4411764705883,294.7303921568628,3,2,1,0,1,0,0,0,1,0,1,0,1,0
1726933b-15.jpg,127.45098039215682,345.71078431372547,336.1520865424933,325.0000000000002,127.45098039215682,345.71078431372547,336.1520865424933,325.0000000000002,2,1,1,0,0,0,0,0,1,0,1,0,1,0
1726933b-15.jpg,1792.279411764706,82.84313725490196,151.3480392156862,144.97549019607845,1792.279411764706,82.84313725490196,151.3480392156862,144.97549019607845,0,0,0,0,0,0,0,0,1,0,1,0,1,0
7d226e1d-72.jpg,41.421568627451,25.49019607843136,325.00000000000006,302.69607843137254,41.421568627451,25.49019607843136,325.00000000000006,302.69607843137254,4,2,1,0,1,0,0,0,1,0,1,0,1,0
7d226e1d-72.jpg,137.00980392156862,313.8480392156861,317.0344290038213,323.40686274509784,137.00980392156862,313.8480392156861,317.0344290038213,323.40686274509784,4,2,1,0,1,0,0,0,1,0,1,0,1,0
7d226e1d-72.jpg,267.64705882352945,606.9852941176472,256.4950980392157,192.7696078431373,267.64705882352945,606.9852941176472,256.4950980392157,192.7696078431373,2,1,1,0,0,0,0,0,1,0,1,0,1,0
7d226e1d-72.jpg,369.60784313725486,780.6372549019607,216.6666666666667,216.6666666666667,369.60784313725486,780.6372549019607,216.6666666666667,216.6666666666667,1,1,1,0,0,0,0,0,1,0,1,0,1,0
7d226e1d-72.jpg,532.107843137255,927.2058823529414,184.8039215686275,184.8039215686273,532.107843137255,927.2058823529414,184.8039215686275,184.8039215686273,0,0,0,0,0,0,0,0,1,0,1,0,1,0
7d226e1d-72.jpg,681.8627450980392,1024.387254901961,176.83823529411754,152.94117647058826,681.8627450980392,1024.387254901961,176.83823529411754,152.94117647058826,0,0,0,0,0,0,0,0,1,0,1,0,1,0
7d226e1d-72.jpg,850.7352941176472,1043.5049019607848,156.12745098039227,164.09313725490182,850.7352941176472,1043.5049019607848,156.12745098039227,164.09313725490182,0,0,0,0,0,0,0,0,1,0,1,0,1,0
7d226e1d-72.jpg,1003.6764705882356,1045.0980392156864,151.34803921568633,160.90686274509818,1003.6764705882356,1045.0980392156864,151.34803921568633,160.90686274509818,0,0,0,0,0,0,0,0,1,0,1,0,1,0
7d226e1d-72.jpg,1156.6176470588234,1013.2352941176472,167.27941176470594,172.05882352941177,1156.6176470588234,1013.2352941176472,167.27941176470594,172.05882352941177,0,0,0,0,0,0,0,0,1,0,1,0,1,0
7d226e1d-72.jpg,1280.8823529411766,935.171568627451,191.17647058823536,175.24509803921552,1280.8823529411766,935.171568627451,191.17647058823536,175.24509803921552,0,0,0,0,0,0,0,0,1,0,1,0,1,0
7d226e1d-72.jpg,1398.774509803922,782.2303921568629,210.29411764705884,234.19117647058823,1398.774509803922,782.2303921568629,210.29411764705884,234.19117647058823,1,1,1,0,0,0,0,0,1,0,1,0,1,0
7d226e1d-72.jpg,1457.7205882352944,587.8676470588235,264.4607843137254,223.0392156862745,1457.7205882352944,587.8676470588235,264.4607843137254,223.0392156862745,1,1,1,0,0,0,0,0,1,0,1,0,1,0
7d226e1d-72.jpg,1526.225395877444,301.1029411764706,309.06872176961485,329.77941176470586,1526.225395877444,301.1029411764706,309.06872176961485,329.77941176470586,0,0,0,0,0,0,0,0,1,0,1,0,1,0
7d226e1d-72.jpg,1601.1028258981391,15.931372549019583,332.96580155284107,318.627450980392,1601.1028258981391,15.931372549019583,332.96580155284107,318.627450980392,1,1,1,0,0,0,0,0,1,0,1,0,1,0
86ec4e76-44.jpg,567.156862745098,387.13235294117646,331.372549019608,305.8823529411764,567.156862745098,387.13235294117646,331.372549019608,305.8823529411764,0,0,0,0,0,0,0,0,1,0,1,0,1,0
86ec4e76-44.jpg,387.1323529411766,471.5686274509804,234.19117647058832,243.7500000000001,387.1323529411766,471.5686274509804,234.19117647058832,243.7500000000001,0,0,0,0,0,0,0,0,1,0,1,0,1,0
86ec4e76-44.jpg,164.093137254902,449.2647058823528,238.9705882352941,187.99019607843132,164.093137254902,449.2647058823528,238.9705882352941,187.99019607843132,1,1,1,0,0,0,0,0,1,0,1,0,1,0
86ec4e76-44.jpg,11.151960784313715,412.6225490196077,181.6176470588236,162.49999999999994,11.151960784313715,412.6225490196077,181.6176470588236,162.49999999999994,1,1,1,0,0,0,0,0,1,0,1,0,1,0
86ec4e76-44.jpg,7.965686274509807,543.2598039215686,199.1424083791041,152.94117647058826,7.965686274509807,543.2598039215686,199.1424083791041,152.94117647058826,0,0,0,0,0,0,0,0,1,0,1,0,1,0
86ec4e76-44.jpg,164.093137254902,618.1372549019607,261.27450980392155,129.04411764705875,164.093137254902,618.1372549019607,261.27450980392155,129.04411764705875,0,0,0,0,0,0,0,0,1,0,1,0,1,0
86ec4e76-44.jpg,411.0294117647059,650.0,240.56372549019613,202.32843137254903,411.0294117647059,650.0,240.56372549019613,202.32843137254903,0,0,0,0,0,0,0,0,1,0,1,0,1,0
86ec4e76-44.jpg,664.3382352941178,629.2892156862745,259.6813725490196,218.2600012589704,664.3382352941178,629.2892156862745,259.6813725490196,218.2600012589704,0,0,0,0,0,0,0,0,1,0,1,0,1,0
86ec4e76-44.jpg,876.2254901960787,516.1764705882352,264.4607843137255,258.0882352941176,876.2254901960787,516.1764705882352,264.4607843137255,258.0882352941176,0,0,0,0,0,0,0,0,1,0,1,0,1,0
86ec4e76-44.jpg,1123.1617647058813,438.112460055126,363.2352941176469,364.8287164154618,1123.1617647058813,438.112460055126,363.2352941176469,364.8287164154618,0,0,0,0,0,0,0,0,1,0,1,0,1,0
86ec4e76-44.jpg,1472.0588235294117,415.8088235294117,266.05392156862735,361.64215686274514,1472.0588235294117,415.8088235294117,266.05392156862735,361.64215686274514,0,0,0,0,0,0,0,0,1,0,1,0,1,0
86ec4e76-44.jpg,1706.2499999999995,438.11274509803934,130.63717106317537,307.4754901960785,1706.2499999999995,438.11274509803934,130.63717106317537,307.4754901960785,0,0,0,0,0,0,0,0,1,0,1,0,1,0
86ec4e76-44.jpg,1811.3970588235293,371.2009803921568,105.14702738398432,309.0686274509804,1811.3970588235293,371.2009803921568,105.14702738398432,309.0686274509804,0,0,0,0,0,0,0,0,1,0,1,0,1,0
86ec4e76-44.jpg,1373.2843137254904,720.0980392156863,129.04411764705884,127.45098039215688,1373.2843137254904,720.0980392156863,129.04411764705884,127.45098039215688,0,0,0,0,0,0,0,0,1,0,1,0,1,0
b32acfa7-258.jpg,7.965686274509807,391.9117647058824,86.02941176470588,293.1372549019608,7.965686274509807,391.9117647058824,86.02941176470588,293.1372549019608,0,0,0,0,0,0,0,0,1,0,1,0,1,0
b32acfa7-258.jpg,0.0,672.3039215686275,122.671568627451,130.63725490196074,0.0,672.3039215686275,122.671568627451,130.63725490196074,0,0,0,0,0,0,0,0,1,0,1,0,1,0
b32acfa7-258.jpg,248.5294117647059,736.0294117647059,151.3480392156863,76.47058823529413,248.5294117647059,736.0294117647059,151.3480392156863,76.47058823529413,0,0,0,0,0,0,0,0,1,0,1,0,1,0
b32acfa7-258.jpg,638.8480392156863,750.3676470588234,149.7549019607844,81.25,638.8480392156863,750.3676470588234,149.7549019607844,81.25,1,1,1,0,0,0,0,0,1,0,1,0,1,0
b32acfa7-258.jpg,79.65686274509804,371.2008926866452,353.6764705882353,382.3530288819824,79.65686274509804,371.2008926866452,353.6764705882353,382.3530288819824,0,0,0,0,0,0,0,0,1,0,1,0,1,0
b32acfa7-258.jpg,471.5686274509805,371.2009803921568,353.6764705882353,391.9117647058824,471.5686274509805,371.2009803921568,353.6764705882353,391.9117647058824,0,0,0,0,0,0,0,0,1,0,1,0,1,0
b32acfa7-258.jpg,822.0588235294118,399.87745098039227,256.49509803921563,309.0686274509804,822.0588235294118,399.87745098039227,256.49509803921563,309.0686274509804,0,0,0,0,0,0,0,0,1,0,1,0,1,0
b32acfa7-258.jpg,850.7352941176471,672.3039215686275,248.529411764706,197.54901960784304,850.7352941176471,672.3039215686275,248.529411764706,197.54901960784304,0,0,0,0,0,0,0,0,1,0,1,0,1,0
b32acfa7-258.jpg,1076.9607843137258,390.31862745098033,248.5294117647058,364.8284313725491,1076.9607843137258,390.31862745098033,248.5294117647058,364.8284313725491,0,0,0,0,0,0,0,0,1,0,1,0,1,0
b32acfa7-258.jpg,1096.078383996508,635.6616989267479,250.1225490196079,307.47562175434683,1096.078383996508,635.6616989267479,250.1225490196079,307.47562175434683,0,0,0,0,0,0,0,0,1,0,1,0,1,0
b32acfa7-258.jpg,1307.96568627451,446.07843137254895,191.17647058823536,258.0882352941176,1307.96568627451,446.07843137254895,191.17647058823536,258.0882352941176,1,1,1,0,0,0,0,0,1,0,1,0,1,0
b32acfa7-258.jpg,1358.9460784313728,657.9656862745098,157.7205882352942,208.7009803921568,1358.9460784313728,657.9656862745098,157.7205882352942,208.7009803921568,0,0,0,0,0,0,0,0,1,0,1,0,1,0
b32acfa7-258.jpg,1489.7465067258038,498.6755005238458,158.0229235529461,193.20117155236548,1489.7465067258038,498.6755005238458,158.0229235529461,193.20117155236548,0,0,0,0,0,0,0,0,1,0,1,0,1,0
b32acfa7-258.jpg,1624.3172649458045,463.4972525244267,186.50055288580944,170.30739110829902,1624.3172649458045,463.4972525244267,186.50055288580944,170.30739110829902,0,0,0,0,0,0,0,0,1,0,1,0,1,0
b32acfa7-258.jpg,1503.147744058915,620.9617911884934,202.6936731507869,175.89136295808336,1503.147744058915,620.9617911884934,202.6936731507869,175.89136295808336,1,1,1,0,0,0,0,0,1,0,1,0,1,0
b32acfa7-258.jpg,1782.7882782258089,448.4208605246757,108.88505333153546,120.05275110912874,1782.7882782258089,448.4208605246757,108.88505333153546,120.05275110912874,1,1,1,0,0,0,0,0,1,0,1,0,1,0
005ba0eb-58.jpg,315.4411764705883,583.0882352941177,189.58333333333337,133.82352941176472,315.4411764705883,583.0882352941177,189.58333333333337,133.82352941176472,0,0,0,0,0,0,0,0,1,0,1,0,1,0
005ba0eb-58.jpg,420.5882352941177,368.014705882353,277.2058823529412,291.5441176470588,420.5882352941177,368.014705882353,277.2058823529412,291.5441176470588,3,2,1,0,1,0,0,0,1,0,1,0,1,0
005ba0eb-58.jpg,713.7254901960787,412.6225490196078,207.10784313725483,261.27450980392166,713.7254901960787,412.6225490196078,207.10784313725483,261.27450980392166,2,1,1,0,0,0,0,0,1,0,1,0,1,0
005ba0eb-58.jpg,512.9901960784309,643.6274509803923,266.0539215686275,156.12795528708497,512.9901960784309,643.6274509803923,266.0539215686275,156.12795528708497,0,0,0,0,0,0,0,0,1,0,1,0,1,0
005ba0eb-58.jpg,791.7892156862745,645.2205882352946,256.4950980392156,237.37777987606083,791.7892156862745,645.2205882352946,256.4950980392156,237.37777987606083,0,0,0,0,0,0,0,0,1,0,1,0,1,0
005ba0eb-58.jpg,925.6127450980396,407.84313725490193,243.74999999999983,285.17156862745094,925.6127450980396,407.84313725490193,243.74999999999983,285.17156862745094,1,1,1,0,0,0,0,0,1,0,1,0,1,0
005ba0eb-58.jpg,1062.622549019608,610.171568627451,223.0392156862746,240.563725490196,1062.622549019608,610.171568627451,223.0392156862746,240.563725490196,1,1,1,0,0,0,0,0,1,0,1,0,1,0
005ba0eb-58.jpg,1167.7696078431377,374.3872549019608,270.83333333333326,277.2058823529412,1167.7696078431377,374.3872549019608,270.83333333333326,277.2058823529412,1,1,1,0,0,0,0,0,1,0,1,0,1,0
005ba0eb-58.jpg,1288.8479972962934,587.8676470588236,208.70102231155,264.4609816511269,1288.8479972962934,587.8676470588236,208.70102231155,264.4609816511269,1,1,1,0,0,0,0,0,1,0,1,0,1,0
005ba0eb-58.jpg,1432.2303921568628,344.11764705882354,227.8186274509801,288.35784313725486,1432.2303921568628,344.11764705882354,227.8186274509801,288.35784313725486,1,1,1,0,0,0,0,0,1,0,1,0,1,0
005ba0eb-58.jpg,1500.7352312385574,594.2401960784314,164.0932001339915,246.93627450980387,1500.7352312385574,594.2401960784314,164.0932001339915,246.93627450980387,1,1,1,0,0,0,0,0,1,0,1,0,1,0
005ba0eb-58.jpg,1666.4215267080576,579.9019607843134,135.41670858606005,227.8186274509803,1666.4215267080576,579.9019607843134,135.41670858606005,227.8186274509803,0,0,0,0,0,0,0,0,1,0,1,0,1,0
005ba0eb-58.jpg,1653.6764705882351,315.4411764705882,186.3970588235296,281.985294117647,1653.6764705882351,315.4411764705882,186.3970588235296,281.985294117647,1,1,1,0,0,0,0,0,1,0,1,0,1,0
005ba0eb-58.jpg,1846.4460784313728,326.59313725490193,119.48529411764696,288.3578431372549,1846.4460784313728,326.59313725490193,119.48529411764696,288.3578431372549,1,1,1,0,0,0,0,0,1,0,1,0,1,0
005ba0eb-58.jpg,1808.210731914484,589.4607843137254,138.60299357571168,194.3627450980392,1808.210731914484,589.4607843137254,138.60299357571168,194.3627450980392,0,0,0,0,0,0,0,0,1,0,1,0,1,0
005ba0eb-58.jpg,1959.558823529412,340.93137254901967,31.862745098039227,219.8529411764706,1959.558823529412,340.93137254901967,31.862745098039227,219.8529411764706,0,0,0,0,0,0,0,0,1,0,1,0,1,0
005ba0eb-58.jpg,339.3382352941177,482.7205882352941,82.843137254902,79.6568627450981,339.3382352941177,482.7205882352941,82.843137254902,79.6568627450981,0,0,0,0,0,0,0,0,1,0,1,0,1,0
500188bc-70.jpg,106.74019607843135,428.5539215686275,184.80392156862743,285.171568627451,106.74019607843135,428.5539215686275,184.80392156862743,285.171568627451,0,0,0,0,0,0,0,0,1,0,1,0,1,0
500188bc-70.jpg,27.083333333333336,458.8235294117648,116.29901960784314,207.1078431372548,27.083333333333336,458.8235294117648,116.29901960784314,207.1078431372548,0,0,0,0,0,0,0,0,1,0,1,0,1,0
500188bc-70.jpg,82.84306389596395,673.8970588235293,151.34811257462445,187.99019607843124,82.84306389596395,673.8970588235293,151.34811257462445,187.99019607843124,2,1,1,0,0,0,0,0,1,0,1,0,1,0
500188bc-70.jpg,238.9705882352941,715.3186274509806,114.70588235294112,175.24509803921552,238.9705882352941,715.3186274509806,114.70588235294112,175.24509803921552,0,0,0,0,0,0,0,0,1,0,1,0,1,0
500188bc-70.jpg,254.9019607843138,404.6568627450981,293.1372549019608,355.2696078431373,254.9019607843138,404.6568627450981,293.1372549019608,355.2696078431373,1,1,1,0,0,0,0,0,1,0,1,0,1,0
500188bc-70.jpg,533.700980392157,409.4362745098039,329.77941176470586,350.4901960784315,533.700980392157,409.4362745098039,329.77941176470586,350.4901960784315,0,0,0,0,0,0,0,0,1,0,1,0,1,0
500188bc-70.jpg,377.5735294117648,726.4705882352941,152.94117647058826,160.9068627450981,377.5735294117648,726.4705882352941,152.94117647058826,160.9068627450981,0,0,0,0,0,0,0,0,1,0,1,0,1,0
500188bc-70.jpg,528.9215581476028,740.8090427931912,172.05882352941174,172.05882352941177,528.9215581476028,740.8090427931912,172.05882352941174,172.05882352941177,0,0,0,0,0,0,0,0,1,0,1,0,1,0
500188bc-70.jpg,704.1666666666669,670.7107843137258,189.5833333333333,227.8186274509802,704.1666666666669,670.7107843137258,189.5833333333333,227.8186274509802,0,0,0,0,0,0,0,0,1,0,1,0,1,0
500188bc-70.jpg,861.8872549019609,415.8088235294118,278.7990196078434,312.2549019607844,861.8872549019609,415.8088235294118,278.7990196078434,312.2549019607844,1,1,1,0,0,0,0,0,1,0,1,0,1,0
500188bc-70.jpg,1139.093137254902,434.9264705882353,238.9705882352941,237.3774509803922,1139.093137254902,434.9264705882353,238.9705882352941,237.3774509803922,0,0,0,0,0,0,0,0,1,0,1,0,1,0
500188bc-70.jpg,903.3088235294113,670.7107843137255,231.0049019607843,200.73555723418224,903.3088235294113,670.7107843137255,231.0049019607843,200.73555723418224,0,0,0,0,0,0,0,0,1,0,1,0,1,0
500188bc-70.jpg,1126.3480392156866,650.0000000000002,205.51470588235296,238.97069786718387,1126.3480392156866,650.0000000000002,205.51470588235296,238.97069786718387,0,0,0,0,0,0,0,0,1,0,1,0,1,0
500188bc-70.jpg,1373.2843137254906,404.65686274509807,238.9705882352942,229.41176470588232,1373.2843137254906,404.65686274509807,238.9705882352942,229.41176470588232,1,1,1,0,0,0,0,0,1,0,1,0,1,0
500188bc-70.jpg,1574.0196078431377,444.4852941176471,191.17647058823508,200.73529411764704,1574.0196078431377,444.4852941176471,191.17647058823508,200.73529411764704,1,1,1,0,0,0,0,0,1,0,1,0,1,0
500188bc-70.jpg,1725.367647058824,468.38235294117646,189.58333333333343,173.65196078431376,1725.367647058824,468.38235294117646,189.58333333333343,173.65196078431376,1,1,1,0,0,0,0,0,1,0,1,0,1,0
500188bc-70.jpg,1548.5294117647054,616.5441176470591,202.3284942516389,253.3092839833485,1548.5294117647054,616.5441176470591,202.3284942516389,253.3092839833485,1,1,1,0,0,0,0,0,1,0,1,0,1,0
500188bc-70.jpg,1338.2352941176473,611.7647058823532,223.03921568627453,269.24028378394297,1338.2352941176473,611.7647058823532,223.03921568627453,269.24028378394297,1,1,1,0,0,0,0,0,1,0,1,0,1,0
7315db47-224.jpg,86.02941176470588,130.63725490196074,334.5588235294118,254.90196078431376,86.02941176470588,130.63725490196074,334.5588235294118,254.90196078431376,4,2,1,0,1,0,0,0,1,0,1,0,1,0
7315db47-224.jpg,191.1764705882353,371.2009803921568,296.32352941176475,301.10294117647067,191.1764705882353,371.2009803921568,296.32352941176475,301.10294117647067,4,2,1,0,1,0,0,0,1,0,1,0,1,0
7315db47-224.jpg,309.06862745098044,653.1862745098035,202.32843137254912,227.8182766289337,309.06862745098044,653.1862745098035,202.32843137254912,227.8182766289337,4,2,1,0,1,0,0,0,1,0,1,0,1,0
7315db47-224.jpg,457.2303921568628,755.1470588235295,203.92156862745105,226.2254901960783,457.2303921568628,755.1470588235295,203.92156862745105,226.2254901960783,3,2,1,0,1,0,0,0,1,0,1,0,1,0
7315db47-224.jpg,562.3774509803924,920.8333333333331,191.1764705882352,221.4460784313724,562.3774509803924,920.8333333333331,191.1764705882352,221.4460784313724,3,2,1,0,1,0,0,0,1,0,1,0,1,0
7315db47-224.jpg,736.029411764706,1005.2696078431374,192.7696078431373,154.53431372549025,736.029411764706,1005.2696078431374,192.7696078431373,154.53431372549025,3,2,1,0,1,0,0,0,1,0,1,0,1,0
7315db47-224.jpg,865.0735294117649,1053.063725490196,140.19607843137237,157.7205882352942,865.0735294117649,1053.063725490196,140.19607843137237,157.7205882352942,5,3,1,0,1,0,1,0,1,0,1,0,1,0
7315db47-224.jpg,1008.4558823529412,1027.5735294117646,144.97549019607845,165.6862745098038,1008.4558823529412,1027.5735294117646,144.97549019607845,165.6862745098038,5,3,1,0,1,0,1,0,1,0,1,0,1,0
7315db47-224.jpg,1159.8039215686276,976.593137254902,151.34803921568633,221.4460784313725,1159.8039215686276,976.593137254902,151.34803921568633,221.4460784313725,5,3,1,0,1,0,1,0,1,0,1,0,1,0
7315db47-224.jpg,1249.0196078431377,888.9705882352941,199.14215686274488,254.9019607843136,1249.0196078431377,888.9705882352941,199.14215686274488,254.9019607843136,5,3,1,0,1,0,1,0,1,0,1,0,1,0
7315db47-224.jpg,1362.1323529411766,780.6372549019607,197.5490196078431,242.156862745098,1362.1323529411766,780.6372549019607,197.5490196078431,242.156862745098,5,3,1,0,1,0,1,0,1,0,1,0,1,0
7315db47-224.jpg,1470.4656862745098,689.8284313725491,181.61764705882376,226.22549019607848,1470.4656862745098,689.8284313725491,181.61764705882376,226.22549019607848,1,1,1,0,0,0,0,0,1,0,1,0,1,0
7315db47-224.jpg,1495.9558823529417,444.4852941176471,277.2058823529412,297.9166666666666,1495.9558823529417,444.4852941176471,277.2058823529412,297.9166666666666,2,1,1,0,0,0,0,0,1,0,1,0,1,0
7315db47-224.jpg,1609.0686274509808,189.58333333333337,258.0882352941177,294.7303921568628,1609.0686274509808,189.58333333333337,258.0882352941177,294.7303921568628,3,2,1,0,1,0,0,0,1,0,1,0,1,0
7315db47-224.jpg,1620.220588235294,33.455882352941146,262.86764705882376,195.9558823529412,1620.220588235294,33.455882352941146,262.86764705882376,195.9558823529412,3,2,1,0,1,0,0,0,1,0,1,0,1,0
3e51d16f-233.jpg,54.166666666666686,288.3578431372548,197.54901960784315,288.35784313725486,54.166666666666686,288.3578431372548,197.54901960784315,288.35784313725486,2,1,1,0,0,0,0,0,1,0,1,0,1,0
3e51d16f-233.jpg,143.38235294117652,474.75490196078425,116.29901960784312,181.6176470588235,143.38235294117652,474.75490196078425,116.29901960784312,181.6176470588235,0,0,0,0,0,0,0,0,1,0,1,0,1,0
3e51d16f-233.jpg,205.51470588235293,606.9852941176471,170.4656862745098,259.68137254901944,205.51470588235293,606.9852941176471,170.4656862745098,259.68137254901944,1,1,1,0,0,0,0,0,1,0,1,0,1,0
3e51d16f-233.jpg,291.54411764705884,395.0980392156862,234.19117647058823,270.83333333333326,291.54411764705884,395.0980392156862,234.19117647058823,270.83333333333326,3,2,1,0,1,0,0,0,1,0,1,0,1,0
3e51d16f-233.jpg,498.6519607843138,404.656862745098,296.32352941176464,275.6127450980392,498.6519607843138,404.656862745098,296.32352941176464,275.6127450980392,2,1,1,0,0,0,0,0,1,0,1,0,1,0
3e51d16f-233.jpg,360.04901960784287,629.2892156862746,187.99014870239003,253.30882352941177,360.04901960784287,629.2892156862746,187.99014870239003,253.30882352941177,0,0,0,0,0,0,0,0,1,0,1,0,1,0
3e51d16f-233.jpg,528.9215686274509,670.7107843137255,181.6176470588236,202.3284313725489,528.9215686274509,670.7107843137255,181.6176470588236,202.3284313725489,0,0,0,0,0,0,0,0,1,0,1,0,1,0
3e51d16f-233.jpg,777.4509803921571,487.5000000000001,277.20588235294105,231.0049019607844,777.4509803921571,487.5000000000001,277.20588235294105,231.0049019607844,0,0,0,0,0,0,0,0,1,0,1,0,1,0
3e51d16f-233.jpg,708.9460784313726,657.9656862745097,200.7352941176471,238.9705882352942,708.9460784313726,657.9656862745097,200.7352941176471,238.9705882352942,0,0,0,0,0,0,0,0,1,0,1,0,1,0
3e51d16f-233.jpg,916.0539215686274,634.0686274509804,215.07345045169583,285.171568627451,916.0539215686274,634.0686274509804,215.07345045169583,285.171568627451,0,0,0,0,0,0,0,0,1,0,1,0,1,0
3e51d16f-233.jpg,1041.911764705882,455.6372549019604,231.00481510470857,272.42647058823525,1041.911764705882,455.6372549019604,231.00481510470857,272.42647058823525,0,0,0,0,0,0,0,0,1,0,1,0,1,0
3e51d16f-233.jpg,1135.906862745098,638.8480392156863,197.54901960784332,235.78431372549025,1135.906862745098,638.8480392156863,197.54901960784332,235.78431372549025,0,0,0,0,0,0,0,0,1,0,1,0,1,0
3e51d16f-233.jpg,1272.9166666666667,498.6519607843138,197.5490196078431,187.99019607843132,1272.9166666666667,498.6519607843138,197.5490196078431,187.99019607843132,0,0,0,0,0,0,0,0,1,0,1,0,1,0
3e51d16f-233.jpg,1346.2009803921571,634.0686274509804,160.90686274509778,178.4313725490196,1346.2009803921571,634.0686274509804,160.90686274509778,178.4313725490196,1,1,1,0,0,0,0,0,1,0,1,0,1,0
3e51d16f-233.jpg,1433.823529411765,527.3284313725491,181.61764705882348,148.16176470588246,1433.823529411765,527.3284313725491,181.61764705882348,148.16176470588246,0,0,0,0,0,0,0,0,1,0,1,0,1,0
3e51d16f-233.jpg,1588.3578431372557,514.5833333333333,173.65196078431353,122.671568627451,1588.3578431372557,514.5833333333333,173.65196078431353,122.671568627451,2,1,1,0,0,0,0,0,1,0,1,0,1,0
3e51d16f-233.jpg,1763.6029411764712,463.60294117647055,135.4166666666663,105.14705882352938,1763.6029411764712,463.60294117647055,135.4166666666663,105.14705882352938,0,0,0,0,0,0,0,0,1,0,1,0,1,0
3e51d16f-233.jpg,1505.5147058823525,621.3235294117649,223.03921568627453,135.41686400406806,1505.5147058823525,621.3235294117649,223.03921568627453,135.41686400406806,3,2,1,0,1,0,0,0,1,0,1,0,1,0
3e51d16f-233.jpg,1703.0636228421058,554.4117647058823,125.8579457853441,122.67156862745092,1703.0636228421058,554.4117647058823,125.8579457853441,122.67156862745092,1,1,1,0,0,0,0,0,1,0,1,0,1,0
3c160c9c-50.jpg,39.82843137254909,578.3088235294117,277.20588235294133,183.21128862041823,39.82843137254909,578.3088235294117,277.20588235294133,183.21128862041823,3,2,1,0,1,0,0,0,1,0,1,0,1,0
3c160c9c-50.jpg,15.931372549019612,465.1960784313724,226.22549019607845,137.00980392156873,15.931372549019612,465.1960784313724,226.22549019607845,137.00980392156873,0,0,0,0,0,0,0,0,1,0,1,0,1,0
3c160c9c-50.jpg,243.7499999999999,487.4994737669295,216.66666666666663,200.7358203507175,243.7499999999999,487.4994737669295,216.66666666666663,200.7358203507175,0,0,0,0,0,0,0,0,1,0,1,0,1,0
3c160c9c-50.jpg,450.8578431372549,477.9411764705883,256.49509803921563,235.78431372549025,450.8578431372549,477.9411764705883,256.49509803921563,235.78431372549025,0,0,0,0,0,0,0,0,1,0,1,0,1,0
3c160c9c-50.jpg,312.2549019607843,661.1519607843137,211.88725490196072,162.5,312.2549019607843,661.1519607843137,211.88725490196072,162.5,0,0,0,0,0,0,0,0,1,0,1,0,1,0
3c160c9c-50.jpg,519.3627450980396,659.5588235294119,251.71582251253733,289.95098039215685,519.3627450980396,659.5588235294119,251.71582251253733,289.95098039215685,0,0,0,0,0,0,0,0,1,0,1,0,1,0
3c160c9c-50.jpg,713.7254901960786,433.33333333333326,323.40686274509807,329.7794117647059,713.7254901960786,433.33333333333326,323.40686274509807,329.7794117647059,0,0,0,0,0,0,0,0,1,0,1,0,1,0
3c160c9c-50.jpg,790.1960784313727,643.627450980392,270.8334066922714,307.47549019607806,790.1960784313727,643.627450980392,270.8334066922714,307.47549019607806,0,0,0,0,0,0,0,0,1,0,1,0,1,0
3c160c9c-50.jpg,1057.843137254902,434.9264705882353,315.4411764705884,325.00000000000006,1057.843137254902,434.9264705882353,315.4411764705884,325.00000000000006,0,0,0,0,0,0,0,0,1,0,1,0,1,0
3c160c9c-50.jpg,1065.8088235294117,670.7107843137253,237.37755577887523,294.73039215686265,1065.8088235294117,670.7107843137253,237.37755577887523,294.73039215686265,0,0,0,0,0,0,0,0,1,0,1,0,1,0
3c160c9c-50.jpg,1306.372549019608,648.406862745098,183.2107843137254,240.5637254901962,1306.372549019608,648.406862745098,183.2107843137254,240.5637254901962,0,0,0,0,0,0,0,0,1,0,1,0,1,0
3c160c9c-50.jpg,1346.2009803921571,390.31862745098033,275.6127450980392,368.014705882353,1346.2009803921571,390.31862745098033,275.6127450980392,368.014705882353,1,1,1,0,0,0,0,0,1,0,1,0,1,0
3c160c9c-50.jpg,1626.593137254902,484.313725490196,353.67647058823565,245.34313725490188,1626.593137254902,484.313725490196,353.67647058823565,245.34313725490188,0,0,0,0,0,0,0,0,1,0,1,0,1,0
3c160c9c-50.jpg,1507.107843137255,630.8824187203104,164.09313725490193,216.66666666666663,1507.107843137255,630.8824187203104,164.09313725490193,216.66666666666663,0,0,0,0,0,0,0,0,1,0,1,0,1,0
a871180b-262.jpg,73.28431372549021,501.8382352941176,180.02450980392163,191.17647058823528,73.28431372549021,501.8382352941176,180.02450980392163,191.17647058823528,1,1,1,0,0,0,0,0,1,0,1,0,1,0
a871180b-262.jpg,149.75490196078437,431.7401960784314,227.81862745098047,199.1421568627451,149.75490196078437,431.7401960784314,227.81862745098047,199.1421568627451,1,1,1,0,0,0,0,0,1,0,1,0,1,0
a871180b-262.jpg,235.78431372549025,627.6960784313726,289.9509803921569,146.5686274509804,235.78431372549025,627.6960784313726,289.9509803921569,146.5686274509804,1,1,1,0,0,0,0,0,1,0,1,0,1,0
a871180b-262.jpg,363.2352941176475,533.7008269075113,191.17647058823545,144.97564368072415,363.2352941176475,533.7008269075113,191.17647058823545,144.97564368072415,1,1,1,0,0,0,0,0,1,0,1,0,1,0
a871180b-262.jpg,527.3284313725492,473.1617647058824,240.56372549019613,232.59803921568616,527.3284313725492,473.1617647058824,240.56372549019613,232.59803921568616,1,1,1,0,0,0,0,0,1,0,1,0,1,0
a871180b-262.jpg,508.2107843137255,673.8970588235295,199.14215686274505,141.7892156862744,508.2107843137255,673.8970588235295,199.14215686274505,141.7892156862744,1,1,1,0,0,0,0,0,1,0,1,0,1,0
a871180b-262.jpg,678.6764705882352,665.9313725490197,253.3088235294119,191.17666792563656,678.6764705882352,665.9313725490197,253.3088235294119,191.17666792563656,2,1,1,0,0,0,0,0,1,0,1,0,1,0
a871180b-262.jpg,742.4019607843138,430.1470588235294,289.9509803921569,269.2401960784314,742.4019607843138,430.1470588235294,289.9509803921569,269.2401960784314,1,1,1,0,0,0,0,0,1,0,1,0,1,0
a871180b-262.jpg,935.1715686274508,664.3382352941177,226.22549019607845,235.78431372549016,935.1715686274508,664.3382352941177,226.22549019607845,235.78431372549016,2,1,1,0,0,0,0,0,1,0,1,0,1,0
a871180b-262.jpg,1024.3871680458844,407.843137254902,229.4118752499791,277.20588235294105,1024.3871680458844,407.843137254902,229.4118752499791,277.20588235294105,1,1,1,0,0,0,0,0,1,0,1,0,1,0
a871180b-262.jpg,1169.362745098039,642.0343137254902,157.7205882352942,207.1078431372548,1169.362745098039,642.0343137254902,157.7205882352942,207.1078431372548,2,1,1,0,0,0,0,0,1,0,1,0,1,0
a871180b-262.jpg,1247.426470588235,377.5734417062529,289.95098039215685,321.8138131957077,1247.426470588235,377.5734417062529,289.95098039215685,321.8138131957077,1,1,1,0,0,0,0,0,1,0,1,0,1,0
a871180b-262.jpg,1521.4460784313749,388.7253805641888,208.70094880812863,304.289325318164,1521.4460784313749,388.7253805641888,208.70094880812863,304.289325318164,1,1,1,0,0,0,0,0,1,0,1,0,1,0
a871180b-262.jpg,1338.2352941176473,686.6421568627452,138.60302013654012,156.12745098039218,1338.2352941176473,686.6421568627452,138.60302013654012,156.12745098039218,1,1,1,0,0,0,0,0,1,0,1,0,1,0
a871180b-262.jpg,1476.838235294118,670.7107843137259,125.85786682527556,154.53431372549008,1476.838235294118,670.7107843137259,125.85786682527556,154.53431372549008,1,1,1,0,0,0,0,0,1,0,1,0,1,0
a871180b-262.jpg,1609.0686274509806,685.0490196078432,65.31862745098039,100.36764705882352,1609.0686274509806,685.0490196078432,65.31862745098039,100.36764705882352,1,1,1,0,0,0,0,0,1,0,1,0,1,0
a871180b-262.jpg,1723.774509803921,411.02941176470586,122.67156862745112,245.34313725490188,1723.774509803921,411.02941176470586,122.67156862745112,245.34313725490188,1,1,1,0,0,0,0,0,1,0,1,0,1,0
a871180b-262.jpg,1679.166666666667,638.8480392156864,132.2304316368977,187.99019607843144,1679.166666666667,638.8480392156864,132.2304316368977,187.99019607843144,1,1,1,0,0,0,0,0,1,0,1,0,1,0
a871180b-262.jpg,1836.887254901961,323.40686274509807,70.09803921568619,154.5343137254902,1836.887254901961,323.40686274509807,70.09803921568619,154.5343137254902,1,1,1,0,0,0,0,0,1,0,1,0,1,0
85afd91b-195.jpg,82.84313725490196,3.1862745098039227,280.39215686274514,172.05882352941177,82.84313725490196,3.1862745098039227,280.39215686274514,172.05882352941177,4,2,1,0,1,0,0,0,1,0,1,0,1,0
85afd91b-195.jpg,223.0392156862746,552.8186274509804,227.81862745098047,269.2401960784314,223.0392156862746,552.8186274509804,227.81862745098047,269.2401960784314,1,1,1,0,0,0,0,0,1,0,1,0,1,0
85afd91b-195.jpg,375.9803921568628,731.2500000000001,205.51470588235296,254.90196078431376,375.9803921568628,731.2500000000001,205.51470588235296,254.90196078431376,0,0,0,0,0,0,0,0,1,0,1,0,1,0
85afd91b-195.jpg,516.1764705882354,892.156862745098,195.9558823529413,216.6666666666667,516.1764705882354,892.156862745098,195.9558823529413,216.6666666666667,0,0,0,0,0,0,0,0,1,0,1,0,1,0
85afd91b-195.jpg,651.5931372549021,1018.0147058823532,181.61764705882348,172.05882352941177,651.5931372549021,1018.0147058823532,181.61764705882348,172.05882352941177,0,0,0,0,0,0,0,0,1,0,1,0,1,0
85afd91b-195.jpg,806.1274509803924,1089.7058823529414,149.7549019607844,151.34803921568627,806.1274509803924,1089.7058823529414,149.7549019607844,151.34803921568627,1,1,1,0,0,0,0,0,1,0,1,0,1,0
85afd91b-195.jpg,957.4754901960785,1075.3676470588234,148.16176470588232,170.46568627450995,957.4754901960785,1075.3676470588234,148.16176470588232,170.46568627450995,0,0,0,0,0,0,0,0,1,0,1,0,1,0
85afd91b-195.jpg,1104.044117647059,1045.0980392156862,165.68627450980387,189.5833333333333,1104.044117647059,1045.0980392156862,165.68627450980387,189.5833333333333,0,0,0,0,0,0,0,0,1,0,1,0,1,0
85afd91b-195.jpg,1233.0882352941178,989.3382352941176,178.4313725490196,191.17647058823545,1233.0882352941178,989.3382352941176,178.4313725490196,191.17647058823545,0,0,0,0,0,0,0,0,1,0,1,0,1,0
85afd91b-195.jpg,1366.911764705883,855.514705882353,199.14215686274505,219.85294117647047,1366.911764705883,855.514705882353,199.14215686274505,219.85294117647047,0,0,0,0,0,0,0,0,1,0,1,0,1,0
85afd91b-195.jpg,1451.3480707997142,677.0833333333334,229.4117331218547,242.15686274509807,1451.3480707997142,677.0833333333334,229.4117331218547,242.15686274509807,3,2,1,0,1,0,0,0,1,0,1,0,1,0
85afd91b-195.jpg,1503.921568627451,391.9117647058824,331.37254901960773,344.11764705882354,1503.921568627451,391.9117647058824,331.37254901960773,344.11764705882354,0,0,0,0,0,0,0,0,1,0,1,0,1,0
85afd91b-195.jpg,1561.2745098039218,95.58823529411764,310.6617647058823,331.3725490196079,1561.2745098039218,95.58823529411764,310.6617647058823,331.3725490196079,2,1,1,0,0,0,0,0,1,0,1,0,1,0
85afd91b-195.jpg,1637.7450980392157,3.186274509803916,297.91666666666686,111.51960784313728,1637.7450980392157,3.186274509803916,297.91666666666686,111.51960784313728,1,1,1,0,0,0,0,0,1,0,1,0,1,0
7b8ac2eb-230.jpg,822.0588235294119,340.9313725490196,262.8676470588235,318.6274509803921,822.0588235294119,340.9313725490196,262.8676470588235,318.6274509803921,1,1,1,0,0,0,0,0,1,0,1,0,1,0
7b8ac2eb-230.jpg,801.3480392156863,622.9166666666667,288.357843137255,369.6078431372548,801.3480392156863,622.9166666666667,288.357843137255,369.6078431372548,0,0,0,0,0,0,0,0,1,0,1,0,1,0
7b8ac2eb-230.jpg,1064.21568627451,363.2352941176471,90.80882352941188,262.8676470588236,1064.21568627451,363.2352941176471,90.80882352941188,262.8676470588236,0,0,0,0,0,0,0,0,1,0,1,0,1,0
7b8ac2eb-230.jpg,1150.2450980392157,323.406862745098,66.91176470588246,266.05392156862746,1150.2450980392157,323.406862745098,66.91176470588246,266.05392156862746,0,0,0,0,0,0,0,0,1,0,1,0,1,0
aeb8502b-223.jpg,581.4950980392157,183.2107843137255,176.83823529411768,173.65196078431376,581.4950980392157,183.2107843137255,176.83823529411768,173.65196078431376,5,3,1,0,1,0,1,0,1,0,1,0,1,0
aeb8502b-223.jpg,763.1127450980392,127.4509803921569,250.122549019608,184.80392156862743,763.1127450980392,127.4509803921569,250.122549019608,184.80392156862743,5,3,1,0,1,0,1,0,1,0,1,0,1,0
aeb8502b-223.jpg,1014.828431372549,141.78901834887307,275.6127450980393,180.02470714132306,1014.828431372549,141.78901834887307,275.6127450980393,180.02470714132306,5,3,1,0,1,0,1,0,1,0,1,0,1,0
aeb8502b-223.jpg,371.20098039215696,256.4950980392157,240.56372549019605,218.25980392156856,371.20098039215696,256.4950980392157,240.56372549019605,218.25980392156856,4,2,1,0,1,0,0,0,1,0,1,0,1,0
aeb8502b-223.jpg,272.42647058823536,412.6225490196078,275.6127450980392,232.5980392156864,272.42647058823536,412.6225490196078,275.6127450980392,232.5980392156864,3,2,1,0,1,0,0,0,1,0,1,0,1,0
aeb8502b-223.jpg,173.6519607843137,562.3774509803923,297.91666666666674,205.5147058823529,173.6519607843137,562.3774509803923,297.91666666666674,205.5147058823529,4,2,1,0,1,0,0,0,1,0,1,0,1,0
aeb8502b-223.jpg,135.41666666666669,732.843137254902,342.52450980392166,299.50980392156856,135.41666666666669,732.843137254902,342.52450980392166,299.50980392156856,4,2,1,0,1,0,0,0,1,0,1,0,1,0
aeb8502b-223.jpg,86.02941176470591,922.4264705882352,301.1029411764706,285.171568627451,86.02941176470591,922.4264705882352,301.1029411764706,285.171568627451,3,2,1,0,1,0,0,0,1,0,1,0,1,0
aeb8502b-223.jpg,71.69117647058823,1150.2450980392157,320.22058823529414,144.97549019607868,71.69117647058823,1150.2450980392157,320.22058823529414,144.97549019607868,4,2,1,0,1,0,0,0,1,0,1,0,1,0
aeb8502b-223.jpg,1252.2058823529412,205.51470588235293,181.61764705882348,144.97549019607845,1252.2058823529412,205.51470588235293,181.61764705882348,144.97549019607845,5,3,1,0,1,0,1,0,1,0,1,0,1,0
aeb8502b-223.jpg,1344.607843137255,286.7647058823529,250.122549019608,200.73529411764707,1344.607843137255,286.7647058823529,250.122549019608,200.73529411764707,5,3,1,0,1,0,1,0,1,0,1,0,1,0
aeb8502b-223.jpg,1438.6029411764707,441.2990196078431,274.0196078431373,227.8186274509804,1438.6029411764707,441.2990196078431,274.0196078431373,227.8186274509804,4,2,1,0,1,0,0,0,1,0,1,0,1,0
aeb8502b-223.jpg,1558.088235294118,575.1225490196077,262.8676470588235,231.00490196078448,1558.088235294118,575.1225490196077,262.8676470588235,231.00490196078448,4,2,1,0,1,0,0,0,1,0,1,0,1,0
aeb8502b-223.jpg,1554.90192130428,728.063725490196,364.8285261246313,350.49019607843104,1554.90192130428,728.063725490196,364.8285261246313,350.49019607843104,5,3,1,0,1,0,1,0,1,0,1,0,1,0
aeb8502b-223.jpg,1645.710736937684,941.5441176470588,312.2549493368258,299.50980392156885,1645.710736937684,941.5441176470588,312.2549493368258,299.50980392156885,5,3,1,0,1,0,1,0,1,0,1,0,1,0
999706d9-108.jpg,561.6797900262467,459.3175853018372,509.1863517060369,194.2257217847769,561.6797900262467,459.3175853018372,509.1863517060369,194.2257217847769,0,0,0,0,0,0,0,0,1,0,1,0,1,0
999706d9-108.jpg,658.792650918635,343.83202099737537,375.3280839895014,118.11023622047249,658.792650918635,343.83202099737537,375.3280839895014,118.11023622047249,0,0,0,0,0,0,0,0,1,0,1,0,1,0
999706d9-108.jpg,614.1732283464567,223.09711286089245,435.695538057743,123.35958005249364,614.1732283464567,223.09711286089245,435.695538057743,123.35958005249364,0,0,0,0,0,0,0,0,1,0,1,0,1,0
999706d9-108.jpg,1018.3727034120736,314.9606299212599,388.4514435695539,110.23622047244092,1018.3727034120736,314.9606299212599,388.4514435695539,110.23622047244092,0,0,0,0,0,0,0,0,1,0,1,0,1,0
999706d9-108.jpg,1020.997375328084,438.3202099737533,364.82939632545936,104.98687664041988,1020.997375328084,438.3202099737533,364.82939632545936,104.98687664041988,0,0,0,0,0,0,0,0,1,0,1,0,1,0
999706d9-108.jpg,580.0524934383195,653.5433070866133,485.5643044619413,182.1176996858869,580.0524934383195,653.5433070866133,485.5643044619413,182.1176996858869,0,0,0,0,0,0,0,0,1,0,1,0,1,0
999706d9-108.jpg,748.0314960629921,144.3569553805774,309.71128608923874,102.36220472440944,748.0314960629921,144.3569553805774,309.71128608923874,102.36220472440944,0,0,0,0,0,0,0,0,1,0,1,0,1,0
999706d9-108.jpg,729.6587926509187,34.12073490813649,262.46719160105005,83.98950131233595,729.6587926509187,34.12073490813649,262.46719160105005,83.98950131233595,0,0,0,0,0,0,0,0,1,0,1,0,1,0
999706d9-108.jpg,992.1259842519686,49.86876640419948,149.60629921259837,57.74278215223097,992.1259842519686,49.86876640419948,149.60629921259837,57.74278215223097,0,0,0,0,0,0,0,0,1,0,1,0,1,0
999706d9-108.jpg,1049.8687664041995,94.48818897637793,217.8477690288713,89.23884514435699,1049.8687664041995,94.48818897637793,217.8477690288713,89.23884514435699,0,0,0,0,0,0,0,0,1,0,1,0,1,0
999706d9-108.jpg,1049.8687664041984,170.6036745406821,267.7165354330704,50.87028067171585,1049.8687664041984,170.6036745406821,267.7165354330704,50.87028067171585,0,0,0,0,0,0,0,0,1,0,1,0,1,0
999706d9-108.jpg,1028.05103899898,208.60479321091208,303.0461328134094,106.40286441004147,1028.05103899898,208.60479321091208,303.0461328134094,106.40286441004147,0,0,0,0,0,0,0,0,1,0,1,0,1,0
999706d9-108.jpg,749.2485968106412,95.6278907988976,312.47423472315745,76.77168697939702,749.2485968106412,95.6278907988976,312.47423472315745,76.77168697939702,0,0,0,0,0,0,0,0,1,0,1,0,1,0
999706d9-108.jpg,1049.53175768925,549.0377351161067,305.20112753563745,99.26444439265848,1049.53175768925,549.0377351161067,305.20112753563745,99.26444439265848,0,0,0,0,0,0,0,0,1,0,1,0,1,0
999706d9-108.jpg,1040.6424044600574,651.2652972518299,342.2400993239435,111.11691536491672,1040.6424044600574,651.2652972518299,342.2400993239435,111.11691536491672,0,0,0,0,0,0,0,0,1,0,1,0,1,0
999706d9-108.jpg,1008.0481092863486,766.8268892313432,349.64789368160467,99.264444392659,1008.0481092863486,766.8268892313432,349.64789368160467,99.264444392659,0,0,0,0,0,0,0,0,1,0,1,0,1,0
999706d9-108.jpg,625.8059204310346,839.4232739364223,404.465571928297,106.67223875031976,625.8059204310346,839.4232739364223,404.465571928297,106.67223875031976,0,0,0,0,0,0,0,0,1,0,1,0,1,0
999706d9-108.jpg,1001.108524436376,870.2062122706785,315.5720396363636,91.85665003499771,1001.108524436376,870.2062122706785,315.5720396363636,91.85665003499771,0,0,0,0,0,0,0,0,1,0,1,0,1,0
999706d9-108.jpg,629.2372476817873,945.7657147188218,410.391807414425,125.93250408023788,629.2372476817873,945.7657147188218,410.391807414425,125.93250408023788,0,0,0,0,0,0,0,0,1,0,1,0,1,0
999706d9-108.jpg,983.3298179779896,967.9890977918052,364.4634823969273,99.264444392659,983.3298179779896,967.9890977918052,364.4634823969273,99.264444392659,0,0,0,0,0,0,0,0,1,0,1,0,1,0
999706d9-108.jpg,697.3889557722681,1055.401071212203,352.61101142466464,102.22756213572042,697.3889557722681,1055.401071212203,352.61101142466464,102.22756213572042,0,0,0,0,0,0,0,0,1,0,1,0,1,0
999706d9-108.jpg,1039.629055096214,1061.3273066983352,250.3834492889457,57.78079598975694,1039.629055096214,1061.3273066983352,250.3834492889457,57.78079598975694,0,0,0,0,0,0,0,0,1,0,1,0,1,0
999706d9-108.jpg,998.7380302419256,1115.8422322685456,254.23550235492831,74.96687889953212,998.7380302419256,1115.8422322685456,254.23550235492831,74.96687889953212,0,0,0,0,0,0,0,0,1,0,1,0,1,0
999706d9-108.jpg,708.6488031959152,1174.5119635812207,278.6812237352112,74.96687889953077,708.6488031959152,1174.5119635812207,278.6812237352112,74.96687889953077,0,0,0,0,0,0,0,0,1,0,1,0,1,0
999706d9-108.jpg,731.4648098175113,1137.0285241314552,272.16236470047124,58.66973131267603,731.4648098175113,1137.0285241314552,272.16236470047124,58.66973131267603,0,0,0,0,0,0,0,0,1,0,1,0,1,0
999706d9-108.jpg,979.1814531376992,1174.511963581221,156.45261683380312,47.261728001878126,979.1814531376992,1174.511963581221,156.45261683380312,47.261728001878126,0,0,0,0,0,0,0,0,1,0,1,0,1,0
7cbe7261-76.jpg,38.235294117647086,434.9264705882353,242.1568627450981,200.7352941176471,38.235294117647086,434.9264705882353,242.1568627450981,200.7352941176471,1,1,1,0,0,0,0,0,1,0,1,0,1,0
7cbe7261-76.jpg,87.62254901960782,614.9509803921568,304.2892156862744,130.6376495767639,87.62254901960782,614.9509803921568,304.2892156862744,130.6376495767639,1,1,1,0,0,0,0,0,1,0,1,0,1,0
7cbe7261-76.jpg,288.3578431372549,511.3970588235295,172.05882352941177,156.12745098039213,288.3578431372549,511.3970588235295,172.05882352941177,156.12745098039213,1,1,1,0,0,0,0,0,1,0,1,0,1,0
7cbe7261-76.jpg,371.2009803921568,632.4754901960786,229.41176470588235,192.7697613277828,371.2009803921568,632.4754901960786,229.41176470588235,192.7697613277828,1,1,1,0,0,0,0,0,1,0,1,0,1,0
7cbe7261-76.jpg,438.1127450980393,433.33333333333314,243.75000000000009,283.5784313725491,438.1127450980393,433.33333333333314,243.75000000000009,283.5784313725491,1,1,1,0,0,0,0,0,1,0,1,0,1,0
7cbe7261-76.jpg,594.2401960784315,664.3382352941177,270.8333333333334,210.29411764705887,594.2401960784315,664.3382352941177,270.8333333333334,210.29411764705887,1,1,1,0,0,0,0,0,1,0,1,0,1,0
7cbe7261-76.jpg,678.6764705882354,439.7058823529412,272.42647058823536,296.32352941176464,678.6764705882354,439.7058823529412,272.42647058823536,296.32352941176464,1,1,1,0,0,0,0,0,1,0,1,0,1,0
7cbe7261-76.jpg,881.0049019607844,678.6764705882355,219.85294117647064,187.9903934158327,881.0049019607844,678.6764705882355,219.85294117647064,187.9903934158327,0,0,0,0,0,0,0,0,1,0,1,0,1,0
7cbe7261-76.jpg,1135.9068627450984,678.6764705882351,162.4999790403037,159.31372549019605,1135.9068627450984,678.6764705882351,162.4999790403037,159.31372549019605,0,0,0,0,0,0,0,0,1,0,1,0,1,0
7cbe7261-76.jpg,1366.911764705883,721.6911764705883,105.14705882352928,100.36764705882352,1366.911764705883,721.6911764705883,105.14705882352928,100.36764705882352,0,0,0,0,0,0,0,0,1,0,1,0,1,0
7cbe7261-76.jpg,955.8823529411768,457.2303921568627,256.49509803921575,289.9509803921568,955.8823529411768,457.2303921568627,256.49509803921575,289.9509803921568,1,1,1,0,0,0,0,0,1,0,1,0,1,0
7cbe7261-76.jpg,1204.4117647058831,414.2156862745096,267.6469435451978,347.30392156862746,1204.4117647058831,414.2156862745096,267.6469435451978,347.30392156862746,1,1,1,0,0,0,0,0,1,0,1,0,1,0
7cbe7261-76.jpg,1484.8039215686276,375.98039215686265,258.08808857624166,347.30392156862735,1484.8039215686276,375.98039215686265,258.08808857624166,347.30392156862735,1,1,1,0,0,0,0,0,1,0,1,0,1,0
7cbe7261-76.jpg,1502.3284313725492,688.2352941176472,124.26470588235276,129.04411764705875,1502.3284313725492,688.2352941176472,124.26470588235276,129.04411764705875,0,0,0,0,0,0,0,0,1,0,1,0,1,0
7cbe7261-76.jpg,1739.7058823529414,388.72549019607845,146.5686274509804,318.6274509803921,1739.7058823529414,388.72549019607845,146.5686274509804,318.6274509803921,1,1,1,0,0,0,0,0,1,0,1,0,1,0
7cbe7261-76.jpg,1669.607843137255,673.8970588235294,89.21568627450966,116.29901960784304,1669.607843137255,673.8970588235294,89.21568627450966,116.29901960784304,0,0,0,0,0,0,0,0,1,0,1,0,1,0
7cbe7261-76.jpg,1863.9705882352948,396.6911764705884,103.55392156862736,274.0196078431373,1863.9705882352948,396.6911764705884,103.55392156862736,274.0196078431373,1,1,1,0,0,0,0,0,1,0,1,0,1,0
7cbe7261-76.jpg,1792.2794117647063,685.0490196078431,68.50490196078425,93.99509803921563,1792.2794117647063,685.0490196078431,68.50490196078425,93.99509803921563,0,0,0,0,0,0,0,0,1,0,1,0,1,0
9aa4cf36-22.jpg,982.9656862745098,355.26960784313724,391.9117647058824,352.0833333333333,982.9656862745098,355.26960784313724,391.9117647058824,352.0833333333333,0,0,0,0,0,0,0,0,1,0,1,0,1,0
9aa4cf36-22.jpg,611.7647058823529,383.9460784313726,368.014705882353,312.2549019607843,611.7647058823529,383.9460784313726,368.014705882353,312.2549019607843,0,0,0,0,0,0,0,0,1,0,1,0,1,0
9aa4cf36-22.jpg,329.779411764706,471.5686274509804,289.95098039215685,207.1078431372549,329.779411764706,471.5686274509804,289.95098039215685,207.1078431372549,2,1,1,0,0,0,0,0,1,0,1,0,1,0
9aa4cf36-22.jpg,100.36764705882356,425.3676470588235,231.0049019607844,138.6029411764706,100.36764705882356,425.3676470588235,231.0049019607844,138.6029411764706,1,1,1,0,0,0,0,0,1,0,1,0,1,0
9aa4cf36-22.jpg,12.745098039215662,543.2598039215686,332.9656862745099,192.7696078431373,12.745098039215662,543.2598039215686,332.9656862745099,192.7696078431373,1,1,1,0,0,0,0,0,1,0,1,0,1,0
9aa4cf36-22.jpg,344.11764705882354,648.406862745098,277.20588235294133,219.85294117647047,344.11764705882354,648.406862745098,277.20588235294133,219.85294117647047,1,1,1,0,0,0,0,0,1,0,1,0,1,0
9aa4cf36-22.jpg,616.5441176470588,659.5588235294118,283.5784313725492,250.1225490196078,616.5441176470588,659.5588235294118,283.5784313725492,250.1225490196078,2,1,1,0,0,0,0,0,1,0,1,0,1,0
9aa4cf36-22.jpg,917.6470588235294,665.9313725490196,291.54411764705884,296.3235294117649,917.6470588235294,665.9313725490196,291.54411764705884,296.3235294117649,0,0,0,0,0,0,0,0,1,0,1,0,1,0
9aa4cf36-22.jpg,1381.2500000000002,326.593137254902,334.5588235294119,296.32352941176475,1381.2500000000002,326.593137254902,334.5588235294119,296.32352941176475,0,0,0,0,0,0,0,0,1,0,1,0,1,0
9aa4cf36-22.jpg,1715.8088235294117,307.47549019607845,218.2598039215688,305.8823529411764,1715.8088235294117,307.47549019607845,218.2598039215688,305.8823529411764,1,1,1,0,0,0,0,0,1,0,1,0,1,0
9aa4cf36-22.jpg,1213.970588235294,613.3578431372548,243.75000000000028,350.4901960784314,1213.970588235294,613.3578431372548,243.75000000000028,350.4901960784314,0,0,0,0,0,0,0,0,1,0,1,0,1,0
9aa4cf36-22.jpg,1452.9411764705892,597.4264705882354,237.377450980392,347.3042285379183,1452.9411764705892,597.4264705882354,237.377450980392,347.3042285379183,0,0,0,0,0,0,0,0,1,0,1,0,1,0
9aa4cf36-22.jpg,1677.5735294117646,568.7499999999997,143.38235294117652,329.7796748812416,1677.5735294117646,568.7499999999997,143.38235294117652,329.7796748812416,0,0,0,0,0,0,0,0,1,0,1,0,1,0
da87f715-189.jpg,125.85784313725492,27.08353067073477,345.7107843137255,328.18607717240263,125.85784313725492,27.08353067073477,345.7107843137255,328.18607717240263,0,0,0,0,0,0,0,0,1,0,1,0,1,0
da87f715-189.jpg,226.22549019607845,242.15686274509807,315.4411764705883,285.17156862745094,226.22549019607845,242.15686274509807,315.4411764705883,285.17156862745094,4,2,1,0,1,0,0,0,1,0,1,0,1,0
da87f715-189.jpg,288.35776417718546,532.1078431372545,293.1373338620302,219.8529850292265,288.35776417718546,532.1078431372545,293.1373338620302,219.8529850292265,3,2,1,0,1,0,0,0,1,0,1,0,1,0
da87f715-189.jpg,441.2990196078432,723.2843137254903,167.27941176470594,208.7009803921568,441.2990196078432,723.2843137254903,167.27941176470594,208.7009803921568,2,1,1,0,0,0,0,0,1,0,1,0,1,0
da87f715-189.jpg,583.0882352941178,855.5147058823532,248.529411764706,211.8872549019608,583.0882352941178,855.5147058823532,248.529411764706,211.8872549019608,2,1,1,0,0,0,0,0,1,0,1,0,1,0
da87f715-189.jpg,825.2450980392157,968.6274509803924,251.71568627451,243.75,825.2450980392157,968.6274509803924,251.71568627451,243.75,2,1,1,0,0,0,0,0,1,0,1,0,1,0
da87f715-189.jpg,1086.5196236351512,924.0196297695144,264.4608632737949,250.122549019608,1086.5196236351512,924.0196297695144,264.4608632737949,250.122549019608,1,1,1,0,0,0,0,0,1,0,1,0,1,0
da87f715-189.jpg,1492.769607843137,81.25006577913379,352.08333333333337,296.323463632631,1492.769607843137,81.25006577913379,352.08333333333337,296.323463632631,1,1,1,0,0,0,0,0,1,0,1,0,1,0
da87f715-189.jpg,1491.176470588236,355.2696078431371,289.9509803921568,162.500065779134,1491.176470588236,355.2696078431371,289.9509803921568,162.500065779134,1,1,1,0,0,0,0,0,1,0,1,0,1,0
da87f715-189.jpg,1489.583333333333,514.5833333333331,281.9852941176472,226.2257313862362,1489.583333333333,514.5833333333331,281.9852941176472,226.2257313862362,0,0,0,0,0,0,0,0,1,0,1,0,1,0
da87f715-189.jpg,1317.5245098039215,845.9558823529406,258.088235294118,200.73595190898587,1317.5245098039215,845.9558823529406,258.088235294118,200.73595190898587,1,1,1,0,0,0,0,0,1,0,1,0,1,0
da87f715-189.jpg,1510.29411764706,739.2156862745097,148.161843665951,162.49999999999994,1510.29411764706,739.2156862745097,148.161843665951,162.49999999999994,0,0,0,0,0,0,0,0,1,0,1,0,1,0
3907e93b-236.jpg,218.25980392156868,39.82843137254898,317.0343137254903,254.90196078431376,218.25980392156868,39.82843137254898,317.0343137254903,254.90196078431376,4,2,1,0,1,0,0,0,1,0,1,0,1,0
3907e93b-236.jpg,274.0196078431371,283.57825596152566,313.84814975978355,293.1374303129841,274.0196078431371,283.57825596152566,313.84814975978355,293.1374303129841,3,2,1,0,1,0,0,0,1,0,1,0,1,0
3907e93b-236.jpg,360.04901960784315,543.2598039215686,248.529411764706,223.0392156862745,360.04901960784315,543.2598039215686,248.529411764706,223.0392156862745,1,1,1,0,0,0,0,0,1,0,1,0,1,0
3907e93b-236.jpg,433.3333333333334,734.436274509804,208.7009803921568,226.22549019607857,433.3333333333334,734.436274509804,208.7009803921568,226.22549019607857,0,0,0,0,0,0,0,0,1,0,1,0,1,0
3907e93b-236.jpg,571.936274509804,900.1225490196077,164.09313725490193,181.61764705882368,571.936274509804,900.1225490196077,164.09313725490193,181.61764705882368,0,0,0,0,0,0,0,0,1,0,1,0,1,0
3907e93b-236.jpg,718.5049019607844,976.593137254902,180.0245098039217,167.2794117647058,718.5049019607844,976.593137254902,180.0245098039217,167.2794117647058,0,0,0,0,0,0,0,0,1,0,1,0,1,0
3907e93b-236.jpg,887.3774509803923,997.3039215686276,165.686274509804,180.02450980392152,887.3774509803923,997.3039215686276,165.686274509804,180.02450980392152,0,0,0,0,0,0,0,0,1,0,1,0,1,0
3907e93b-236.jpg,1048.2843137254904,1003.6764705882352,181.6176470588236,165.68627450980398,1048.2843137254904,1003.6764705882352,181.6176470588236,165.68627450980398,0,0,0,0,0,0,0,0,1,0,1,0,1,0
3907e93b-236.jpg,1132.720588235294,903.308823529412,167.2794117647058,151.34803921568627,1132.720588235294,903.308823529412,167.2794117647058,151.34803921568627,0,0,0,0,0,0,0,0,1,0,1,0,1,0
3907e93b-236.jpg,1296.8137254901958,903.3088235294118,175.24509803921575,186.39705882352948,1296.8137254901958,903.3088235294118,175.24509803921575,186.39705882352948,0,0,0,0,0,0,0,0,1,0,1,0,1,0
3907e93b-236.jpg,1333.455913936969,708.9461222841283,227.81862745098064,242.156862745098,1333.455913936969,708.9461222841283,227.81862745098064,242.156862745098,1,1,1,0,0,0,0,0,1,0,1,0,1,0
3907e93b-236.jpg,1387.6225490196066,560.7844452837577,248.5294670367549,218.2598258479464,1387.6225490196066,560.7844452837577,248.5294670367549,218.2598258479464,0,0,0,0,0,0,0,0,1,0,1,0,1,0
3907e93b-236.jpg,1446.568540594904,30.269607843137265,313.84812607176184,278.7990196078431,1446.568540594904,30.269607843137265,313.84812607176184,278.7990196078431,3,2,1,0,1,0,0,0,1,0,1,0,1,0
3907e93b-236.jpg,1421.07843137255,296.3232443688513,312.2549019607846,312.25566938401244,1421.07843137255,296.3232443688513,312.2549019607846,312.25566938401244,0,0,0,0,0,0,0,0,1,0,1,0,1,0
3a073fb2-283.jpg,181.6176470588236,1148.6519607843138,183.21078431372547,140.1960784313725,181.6176470588236,1148.6519607843138,183.21078431372547,140.1960784313725,0,0,0,0,0,0,0,0,1,0,1,0,1,0
3a073fb2-283.jpg,168.87254901960782,957.4754901960785,297.9166666666668,229.41176470588223,168.87254901960782,957.4754901960785,297.9166666666668,229.41176470588223,2,1,1,0,0,0,0,0,1,0,1,0,1,0
3a073fb2-283.jpg,246.936274509804,766.2990196078431,278.79901960784315,243.7500000000001,246.936274509804,766.2990196078431,278.79901960784315,243.7500000000001,2,1,1,0,0,0,0,0,1,0,1,0,1,0
3a073fb2-283.jpg,329.779411764706,602.2058823529413,245.343137254902,202.32843137254903,329.779411764706,602.2058823529413,245.343137254902,202.32843137254903,1,1,1,0,0,0,0,0,1,0,1,0,1,0
3a073fb2-283.jpg,350.4901960784315,409.436274509804,264.46078431372547,226.22549019607848,350.4901960784315,409.436274509804,264.46078431372547,226.22549019607848,2,1,1,0,0,0,0,0,1,0,1,0,1,0
3a073fb2-283.jpg,497.0588077373977,288.3576677262314,184.8039373606414,203.9217440384745,497.0588077373977,288.3576677262314,184.8039373606414,203.9217440384745,1,1,1,0,0,0,0,0,1,0,1,0,1,0
3a073fb2-283.jpg,613.357843137255,186.3970588235294,181.61764705882348,176.83823529411768,613.357843137255,186.3970588235294,181.61764705882348,176.83823529411768,1,1,1,0,0,0,0,0,1,0,1,0,1,0
3a073fb2-283.jpg,787.0098039215687,149.7549019607843,246.936274509804,180.02450980392155,787.0098039215687,149.7549019607843,246.936274509804,180.02450980392155,1,1,1,0,0,0,0,0,1,0,1,0,1,0
3a073fb2-283.jpg,1005.2696078431372,186.396861486128,253.30882352941185,213.48058949426448,1005.2696078431372,186.396861486128,253.30882352941185,213.48058949426448,1,1,1,0,0,0,0,0,1,0,1,0,1,0
3a073fb2-283.jpg,1236.2745098039215,238.9705882352941,207.1078431372553,173.65196078431367,1236.2745098039215,238.9705882352941,207.1078431372553,173.65196078431367,1,1,1,0,0,0,0,0,1,0,1,0,1,0
3a073fb2-283.jpg,1392.4019607843134,283.5782778879035,211.8872075259189,211.8874083866064,1392.4019607843134,283.5782778879035,211.8872075259189,211.8874083866064,1,1,1,0,0,0,0,0,1,0,1,0,1,0
3a073fb2-283.jpg,1390.6448584488096,472.98188245207103,277.47421624206,196.9522868227956,1390.6448584488096,472.98188245207103,277.47421624206,196.9522868227956,1,1,1,0,0,0,0,0,1,0,1,0,1,0
3a073fb2-283.jpg,1436.3464940651486,650.3477540107211,260.064069340597,169.74893228926018,1436.3464940651486,650.3477540107211,260.064069340597,169.74893228926018,1,1,1,0,0,0,0,0,1,0,1,0,1,0
3a073fb2-283.jpg,1458.1091776919773,786.3645266783975,286.1792896927909,261.1522035219386,1458.1091776919773,786.3645266783975,286.1792896927909,261.1522035219386,1,1,1,0,0,0,0,0,1,0,1,0,1,0
3a073fb2-283.jpg,1474.4311904120982,1003.9913629466796,299.23689986888775,214.3624337242582,1474.4311904120982,1003.9913629466796,299.23689986888775,214.3624337242582,2,1,1,0,0,0,0,0,1,0,1,0,1,0
d911e2d0-47.jpg,58.94613083061401,31.8627450980392,363.23524171840575,350.4901960784314,58.94613083061401,31.8627450980392,363.23524171840575,350.4901960784314,1,1,1,0,0,0,0,0,1,0,1,0,1,0
d911e2d0-47.jpg,167.27934888561614,352.08333333333337,277.20594523203096,272.4265144409914,167.27934888561614,352.08333333333337,277.20594523203096,272.4265144409914,1,1,1,0,0,0,0,0,1,0,1,0,1,0
d911e2d0-47.jpg,288.3578431372549,563.9705663089162,281.9854513153716,281.98531604402484,288.3578431372549,563.9705663089162,281.9854513153716,281.98531604402484,1,1,1,0,0,0,0,0,1,0,1,0,1,0
d911e2d0-47.jpg,420.5882352941176,788.6029411764704,229.41176470588232,235.78431372549025,420.5882352941176,788.6029411764704,229.41176470588232,235.78431372549025,0,0,0,0,0,0,0,0,1,0,1,0,1,0
d911e2d0-47.jpg,645.2205882352941,845.9558823529413,208.7009803921569,202.32843137254903,645.2205882352941,845.9558823529413,208.7009803921569,202.32843137254903,0,0,0,0,0,0,0,0,1,0,1,0,1,0
d911e2d0-47.jpg,782.2303921568634,1003.6764705882348,187.99030087691384,160.9068627450981,782.2303921568634,1003.6764705882348,187.99030087691384,160.9068627450981,0,0,0,0,0,0,0,0,1,0,1,0,1,0
d911e2d0-47.jpg,954.2892156862748,947.9166008875328,178.43137254901964,173.652026563448,954.2892156862748,947.9166008875328,178.43137254901964,173.652026563448,0,0,0,0,0,0,0,0,1,0,1,0,1,0
d911e2d0-47.jpg,1065.8088235294117,791.7892156862745,205.51470588235304,227.81862745098056,1065.8088235294117,791.7892156862745,205.51470588235304,227.81862745098056,0,0,0,0,0,0,0,0,1,0,1,0,1,0
d911e2d0-47.jpg,1266.5441176470588,745.5882352941173,237.37756625872348,267.6470588235294,1266.5441176470588,745.5882352941173,237.37756625872348,267.6470588235294,0,0,0,0,0,0,0,0,1,0,1,0,1,0
d911e2d0-47.jpg,1370.0980392156866,552.8186274509803,278.7990196078431,280.39215686274514,1370.0980392156866,552.8186274509803,278.7990196078431,280.39215686274514,1,1,1,0,0,0,0,0,1,0,1,0,1,0
d911e2d0-47.jpg,1470.465602435724,344.11764705882354,297.91675050545365,246.93627450980387,1470.465602435724,344.11764705882354,297.91675050545365,246.93627450980387,1,1,1,0,0,0,0,0,1,0,1,0,1,0
d911e2d0-47.jpg,1585.1714428692717,43.01470588235293,353.67659634641484,371.2009803921568,1585.1714428692717,43.01470588235293,353.67659634641484,371.2009803921568,3,2,1,0,1,0,0,0,1,0,1,0,1,0
6c829228-168.jpg,92.40196078431372,471.56862745098033,58.94607843137257,167.27941176470586,92.40196078431372,471.56862745098033,58.94607843137257,167.27941176470586,2,1,1,0,0,0,0,0,1,0,1,0,1,0
6c829228-168.jpg,140.1960784313726,484.3137254901957,97.18143571707512,167.27941176470577,140.1960784313726,484.3137254901957,97.18143571707512,167.27941176470577,2,1,1,0,0,0,0,0,1,0,1,0,1,0
6c829228-168.jpg,223.0392156862744,522.5490196078433,111.5196789071998,175.24509803921578,223.0392156862744,522.5490196078433,111.5196789071998,175.24509803921578,2,1,1,0,0,0,0,0,1,0,1,0,1,0
6c829228-168.jpg,296.32352941176475,476.34803921568624,135.41666666666663,197.54901960784323,296.32352941176475,476.34803921568624,135.41666666666663,197.54901960784323,1,1,1,0,0,0,0,0,1,0,1,0,1,0
6c829228-168.jpg,425.3676470588236,460.41666666666674,149.7549572328329,224.63235294117632,425.3676470588236,460.41666666666674,149.7549572328329,224.63235294117632,1,1,1,0,0,0,0,0,1,0,1,0,1,0
6c829228-168.jpg,549.6323529411765,425.3676470588235,210.29411764705884,237.37745098039213,549.6323529411765,425.3676470588235,210.29411764705884,237.37745098039213,1,1,1,0,0,0,0,0,1,0,1,0,1,0
6c829228-168.jpg,750.3676470588235,414.215510863486,240.5637254901961,246.9364499208272,750.3676470588235,414.215510863486,240.5637254901961,246.9364499208272,1,1,1,0,0,0,0,0,1,0,1,0,1,0
6c829228-168.jpg,984.5588235294116,398.2841163880887,254.9019449923,261.2747071413231,984.5588235294116,398.2841163880887,254.9019449923,261.2747071413231,1,1,1,0,0,0,0,0,1,0,1,0,1,0
6c829228-168.jpg,1231.4950980392157,434.9264705882353,184.8039215686275,216.6666666666667,1231.4950980392157,434.9264705882353,184.8039215686275,216.6666666666667,1,1,1,0,0,0,0,0,1,0,1,0,1,0
6c829228-168.jpg,1397.1813725490197,430.1470588235295,137.0098039215685,237.37745098039213,1397.1813725490197,430.1470588235295,137.0098039215685,237.37745098039213,1,1,1,0,0,0,0,0,1,0,1,0,1,0
6c829228-168.jpg,1497.549019607843,471.5686274509805,121.07843137254888,194.3627450980392,1497.549019607843,471.5686274509805,121.07843137254888,194.3627450980392,1,1,1,0,0,0,0,0,1,0,1,0,1,0
6c829228-168.jpg,1583.5784313725492,497.0588235294119,84.43627450980387,165.68627450980387,1583.5784313725492,497.0588235294119,84.43627450980387,165.68627450980387,1,1,1,0,0,0,0,0,1,0,1,0,1,0
6c829228-168.jpg,1656.862745098039,455.6372549019611,97.1813725490196,175.24509803921595,1656.862745098039,455.6372549019611,97.1813725490196,175.24509803921595,2,1,1,0,0,0,0,0,1,0,1,0,1,0
6c829228-168.jpg,100.36764705882354,640.4411764705883,74.87745098039217,68.50490196078427,100.36764705882354,640.4411764705883,74.87745098039217,68.50490196078427,1,1,1,0,0,0,0,0,1,0,1,0,1,0
6c829228-168.jpg,151.34803921568624,640.4411764705881,154.5343137254902,154.53437950462398,151.34803921568624,640.4411764705881,154.5343137254902,154.53437950462398,1,1,1,0,0,0,0,0,1,0,1,0,1,0
6c829228-168.jpg,289.9509803921569,665.9313725490196,105.14705882352943,152.94117647058826,289.9509803921569,665.9313725490196,105.14705882352943,152.94117647058826,1,1,1,0,0,0,0,0,1,0,1,0,1,0
6c829228-168.jpg,387.1323450451697,653.1862745098035,157.72059613130097,170.4656862745096,387.1323450451697,653.1862745098035,157.72059613130097,170.4656862745096,1,1,1,0,0,0,0,0,1,0,1,0,1,0
6c829228-168.jpg,536.8872233179329,637.2549019607842,138.60294117647064,162.50006577913405,536.8872233179329,637.2549019607842,138.60294117647064,162.50006577913405,1,1,1,0,0,0,0,0,1,0,1,0,1,0
6c829228-168.jpg,673.8970588235297,614.9509803921571,152.94117647058823,159.3138789748415,673.8970588235297,614.9509803921571,152.94117647058823,159.3138789748415,1,1,1,0,0,0,0,0,1,0,1,0,1,0
6c829228-168.jpg,839.5833333333334,648.4068627450981,132.2303921568627,78.06372549019612,839.5833333333334,648.4068627450981,132.2303921568627,78.06372549019612,1,1,1,0,0,0,0,0,1,0,1,0,1,0
6c829228-168.jpg,978.186274509804,648.4068627450982,162.50000000000014,92.4020923425812,978.186274509804,648.4068627450982,162.50000000000014,92.4020923425812,1,1,1,0,0,0,0,0,1,0,1,0,1,0
6c829228-168.jpg,1132.7205882352944,629.2892156862742,160.90686274509807,129.04429305808245,1132.7205882352944,629.2892156862742,160.90686274509807,129.04429305808245,1,1,1,0,0,0,0,0,1,0,1,0,1,0
6c829228-168.jpg,1287.2549019607843,638.8480392156864,137.00980392156873,127.45113387680236,1287.2549019607843,638.8480392156864,137.00980392156873,127.45113387680236,1,1,1,0,0,0,0,0,1,0,1,0,1,0
6c829228-168.jpg,1411.5196078431372,634.0686274509804,135.41666666666686,160.9068627450981,1411.5196078431372,634.0686274509804,135.41666666666686,160.9068627450981,1,1,1,0,0,0,0,0,1,0,1,0,1,0
6c829228-168.jpg,1529.411764705883,659.5588235294117,70.09803921568619,113.11274509803924,1529.411764705883,659.5588235294117,70.09803921568619,113.11274509803924,1,1,1,0,0,0,0,0,1,0,1,0,1,0
6c829228-168.jpg,1588.357843137255,627.6960784313724,124.26463481829016,140.1960784313726,1588.357843137255,627.6960784313724,124.26463481829016,140.1960784313726,1,1,1,0,0,0,0,0,1,0,1,0,1,0
6c829228-168.jpg,1693.5049019607843,627.6960784313726,55.759803921568505,65.31862745098037,1693.5049019607843,627.6960784313726,55.759803921568505,65.31862745098037,1,1,1,0,0,0,0,0,1,0,1,0,1,0
100f6601-144.jpg,79.22956082234816,347.8061586762485,121.57639505498256,185.7796598592991,79.22956082234816,347.8061586762485,121.57639505498256,185.7796598592991,2,1,1,0,0,0,0,0,1,0,1,0,1,0
100f6601-144.jpg,199.43992896660052,435.2318809629776,94.25585684037968,256.8130592172664,199.43992896660052,435.2318809629776,94.25585684037968,256.8130592172664,2,1,1,0,0,0,0,0,1,0,1,0,1,0
100f6601-144.jpg,267.7412745031076,480.3107690170722,144.79896045355983,237.6886824670444,267.7412745031076,480.3107690170722,144.79896045355983,237.6886824670444,1,1,1,0,0,0,0,0,1,0,1,0,1,0
100f6601-144.jpg,392.0497233795505,472.1148342459175,218.56419780065747,288.23145147083403,392.0497233795505,472.1148342459175,218.56419780065747,288.23145147083403,1,1,1,0,0,0,0,0,1,0,1,0,1,0
100f6601-144.jpg,606.5159483641826,506.2652803209448,184.413632948569,236.32265555631432,606.5159483641826,506.2652803209448,184.413632948569,236.32265555631432,1,1,1,0,0,0,0,0,1,0,1,0,1,0
100f6601-144.jpg,747.2167201693878,450.2580919710491,277.30337654528614,316.9183282993524,747.2167201693878,450.2580919710491,277.30337654528614,316.9183282993524,1,1,1,0,0,0,0,0,1,0,1,0,1,0
100f6601-144.jpg,408.4420463083122,705.7052092875454,198.0739020558706,209.89705354866743,408.4420463083122,705.7052092875454,198.0739020558706,209.89705354866743,2,1,1,0,0,0,0,0,1,0,1,0,1,0
100f6601-144.jpg,611.9800236322538,719.3654783948468,158.4591540195459,127.0405026979029,611.9800236322538,719.3654783948468,158.4591540195459,127.0405026979029,2,1,1,0,0,0,0,0,1,0,1,0,1,0
100f6601-144.jpg,770.4391776517994,735.7578013236084,142.0667987159345,76.4880579607691,770.4391776517994,735.7578013236084,142.0667987159345,76.4880579607691,2,1,1,0,0,0,0,0,1,0,1,0,1,0
100f6601-144.jpg,942.5585684037974,711.1693169304658,92.88982992964948,76.49750700088792,942.5585684037974,711.1693169304658,92.88982992964948,76.49750700088792,2,1,1,0,0,0,0,0,1,0,1,0,1,0
100f6601-144.jpg,1023.1541561368756,439.3299616951679,259.5451130387269,297.7938665391705,1023.1541561368756,439.3299616951679,259.5451130387269,297.7938665391705,1,1,1,0,0,0,0,0,1,0,1,0,1,0
100f6601-144.jpg,1036.814425244177,726.1956129484973,118.84434123352236,72.39942626869755,1036.814425244177,726.1956129484973,118.84434123352236,72.39942626869755,2,1,1,0,0,0,0,0,1,0,1,0,1,0
100f6601-144.jpg,1176.1491701386517,712.5353438411961,117.47831432279185,56.00710333993571,1176.1491701386517,712.5353438411961,117.47831432279185,56.00710333993571,2,1,1,0,0,0,0,0,1,0,1,0,1,0
100f6601-144.jpg,1284.0652960863326,448.8921500702789,196.70787514514012,273.20538214602817,1284.0652960863326,448.8921500702789,196.70787514514012,273.20538214602817,1,1,1,0,0,0,0,0,1,0,1,0,1,0
100f6601-144.jpg,1289.5294361041026,701.6071285553547,184.4136329485687,139.33474489447437,1289.5294361041026,701.6071285553547,184.4136329485687,139.33474489447437,2,1,1,0,0,0,0,0,1,0,1,0,1,0
100f6601-144.jpg,1474.079639368896,440.6959886058981,204.9040366095207,258.17908612799647,1474.079639368896,440.6959886058981,204.9040366095207,258.17908612799647,1,1,1,0,0,0,0,0,1,0,1,0,1,0
100f6601-144.jpg,1632.538761013592,452.9902308024692,120.2103681442523,244.51881702069525,1632.538761013592,452.9902308024692,120.2103681442523,244.51881702069525,0,0,0,0,0,0,0,0,1,0,1,0,1,0
100f6601-144.jpg,1494.570043029848,670.1885096085616,152.99501400177576,137.96871798374428,1494.570043029848,670.1885096085616,152.99501400177576,137.96871798374428,2,1,1,0,0,0,0,0,1,0,1,0,1,0
100f6601-144.jpg,1665.3234068711154,585.494841143293,120.21036814425229,150.26327188350166,1665.3234068711154,585.494841143293,120.21036814425229,150.26327188350166,2,1,1,0,0,0,0,0,1,0,1,0,1,0
100f6601-144.jpg,1756.8472098900338,519.9255494282459,79.22964715528063,110.6481797691414,1756.8472098900338,519.9255494282459,79.22964715528063,110.6481797691414,2,1,1,0,0,0,0,0,1,0,1,0,1,0
100f6601-144.jpg,1800.560071033399,340.9760241225978,49.176968786285045,165.28925619834698,1800.560071033399,340.9760241225978,49.176968786285045,165.28925619834698,2,1,1,0,0,0,0,0,1,0,1,0,1,0
100f6601-144.jpg,1759.5792637114946,379.22503265292136,49.17696878628502,113.37997856072208,1759.5792637114946,379.22503265292136,49.17696878628502,113.37997856072208,2,1,1,0,0,0,0,0,1,0,1,0,1,0
5ab17248-134.jpg,76.36363636363636,556.3636363636363,101.81818181818184,110.90909090909092,76.36363636363636,556.3636363636363,101.81818181818184,110.90909090909092,2,1,1,0,0,0,0,0,1,0,1,0,1,0
5ab17248-134.jpg,163.63636363636363,469.090909090909,220.0,221.8181818181817,163.63636363636363,469.090909090909,220.0,221.8181818181817,1,1,1,0,0,0,0,0,1,0,1,0,1,0
5ab17248-134.jpg,72.72727272727272,667.272727272727,59.99999999999999,39.99999999999995,72.72727272727272,667.272727272727,59.99999999999999,39.99999999999995,0,0,0,0,0,0,0,0,1,0,1,0,1,0
5ab17248-134.jpg,101.81818181818184,650.9090909090908,258.1818181818182,112.72727272727266,101.81818181818184,650.9090909090908,258.1818181818182,112.72727272727266,1,1,1,0,0,0,0,0,1,0,1,0,1,0
5ab17248-134.jpg,374.54545454545456,503.6363636363634,169.09090909090898,156.36363636363643,374.54545454545456,503.6363636363634,169.09090909090898,156.36363636363643,0,0,0,0,0,0,0,0,1,0,1,0,1,0
5ab17248-134.jpg,249.0909090909091,650.9090909090909,240.0,201.81818181818184,249.0909090909091,650.9090909090909,240.0,201.81818181818184,1,1,1,0,0,0,0,0,1,0,1,0,1,0
5ab17248-134.jpg,474.5454545454546,576.3634854992941,200.0,247.27287813706965,474.5454545454546,576.3634854992941,200.0,247.27287813706965,0,0,0,0,0,0,0,0,1,0,1,0,1,0
5ab17248-134.jpg,605.4545454545455,505.4545454545454,141.81818181818187,105.45454545454548,605.4545454545455,505.4545454545454,141.81818181818187,105.45454545454548,0,0,0,0,0,0,0,0,1,0,1,0,1,0
5ab17248-134.jpg,678.1818181818182,532.7272727272727,205.45454545454533,252.72727272727272,678.1818181818182,532.7272727272727,205.45454545454533,252.72727272727272,4,2,1,0,1,0,0,0,1,0,1,0,1,0
5ab17248-134.jpg,1238.1818181818182,540.0001131482564,198.181818181818,245.4544323062891,1238.1818181818182,540.0001131482564,198.181818181818,245.4544323062891,4,2,1,0,1,0,0,0,1,0,1,0,1,0
5ab17248-134.jpg,880.0000000000001,558.1818181818181,187.27268418180284,192.72727272727263,880.0000000000001,558.1818181818181,187.27268418180284,192.72727272727263,0,0,0,0,0,0,0,0,1,0,1,0,1,0
5ab17248-134.jpg,1069.0908516363431,569.0909090909086,170.90914836365684,174.54545454545425,1069.0908516363431,569.0909090909086,170.90914836365684,174.54545454545425,0,0,0,0,0,0,0,0,1,0,1,0,1,0
5ab17248-134.jpg,1374.5454545454545,498.1818181818181,152.7272727272731,107.2727272727273,1374.5454545454545,498.1818181818181,152.7272727272731,107.2727272727273,0,0,0,0,0,0,0,0,1,0,1,0,1,0
5ab17248-134.jpg,1541.818052545408,452.72727272727263,178.1819474545921,232.7272727272728,1541.818052545408,452.72727272727263,178.1819474545921,232.7272727272728,0,0,0,0,0,0,0,0,1,0,1,0,1,0
5ab17248-134.jpg,1449.0909090909092,572.7272727272726,189.0909090909091,247.27272727272725,1449.0909090909092,572.7272727272726,189.0909090909091,247.27272727272725,0,0,0,0,0,0,0,0,1,0,1,0,1,0
5ab17248-134.jpg,1663.6363636363635,521.8181818181818,212.7272727272731,178.18181818181807,1663.6363636363635,521.8181818181818,212.7272727272731,178.18181818181807,0,0,0,0,0,0,0,0,1,0,1,0,1,0
5ab17248-134.jpg,1618.181818181818,658.1818181818181,201.81818181818187,203.6363636363636,1618.181818181818,658.1818181818181,201.81818181818187,203.6363636363636,1,1,1,0,0,0,0,0,1,0,1,0,1,0
5ab17248-134.jpg,1870.9090909090896,607.2734815944376,72.72727272727276,70.90833658738057,1870.9090909090896,607.2734815944376,72.72727272727276,70.90833658738057,0,0,0,0,0,0,0,0,1,0,1,0,1,0
5ab17248-134.jpg,1790.909090909091,690.9090909090907,114.54545454545467,69.09090909090916,1790.909090909091,690.9090909090907,114.54545454545467,69.09090909090916,1,1,1,0,0,0,0,0,1,0,1,0,1,0
964f351f-210.jpg,106.74019607843138,493.8725490196078,90.80882352941175,221.4460784313727,106.74019607843138,493.8725490196078,90.80882352941175,221.4460784313727,1,1,1,0,0,0,0,0,1,0,1,0,1,0
964f351f-210.jpg,200.7352941176472,415.8088235294117,219.85294117647052,264.46078431372547,200.7352941176472,415.8088235294117,219.85294117647052,264.46078431372547,1,1,1,0,0,0,0,0,1,0,1,0,1,0
964f351f-210.jpg,398.28431372549016,388.72549019607845,250.1225490196079,291.5441176470588,398.28431372549016,388.72549019607845,250.1225490196079,291.5441176470588,1,1,1,0,0,0,0,0,1,0,1,0,1,0
964f351f-210.jpg,224.6323529411765,664.3382352941177,78.06372549019606,180.0245098039216,224.6323529411765,664.3382352941177,78.06372549019606,180.0245098039216,1,1,1,0,0,0,0,0,1,0,1,0,1,0
964f351f-210.jpg,293.1372549019609,669.1176470588235,113.11274509803926,148.16176470588238,293.1372549019609,669.1176470588235,113.11274509803926,148.16176470588238,1,1,1,0,0,0,0,0,1,0,1,0,1,0
964f351f-210.jpg,388.72549019607857,667.5245098039215,103.55392156862742,137.00980392156873,388.72549019607857,667.5245098039215,103.55392156862742,137.00980392156873,1,1,1,0,0,0,0,0,1,0,1,0,1,0
964f351f-210.jpg,458.82352941176464,646.8137254901962,160.90686274509807,216.66666666666663,458.82352941176464,646.8137254901962,160.90686274509807,216.66666666666663,2,1,1,0,0,0,0,0,1,0,1,0,1,0
964f351f-210.jpg,610.171568627451,634.0686274509806,170.46578892259987,219.8529411764706,610.171568627451,634.0686274509806,170.46578892259987,219.8529411764706,1,1,1,0,0,0,0,0,1,0,1,0,1,0
964f351f-210.jpg,648.406862745098,417.4019607843138,215.0735294117648,245.34313725490188,648.406862745098,417.4019607843138,215.0735294117648,245.34313725490188,1,1,1,0,0,0,0,0,1,0,1,0,1,0
964f351f-210.jpg,773.1458490452083,630.7304772110422,212.1861653615753,270.94541115401114,773.1458490452083,630.7304772110422,212.1861653615753,270.94541115401114,0,0,0,0,0,0,0,0,1,0,1,0,1,0
964f351f-210.jpg,867.8135228219099,410.9273725800763,215.45051936788963,264.41660606596247,867.8135228219099,410.9273725800763,215.45051936788963,264.41660606596247,0,0,0,0,0,0,0,0,1,0,1,0,1,0
964f351f-210.jpg,1081.0878223648233,467.5101403456736,208.92171967292043,230.6846561085342,1081.0878223648233,467.5101403456736,208.92171967292043,230.6846561085342,1,1,1,0,0,0,0,0,1,0,1,0,1,0
964f351f-210.jpg,982.0676118627592,636.1711481177492,198.04042100413696,252.4471300712073,982.0676118627592,636.1711481177492,198.04042100413696,252.4471300712073,1,1,1,0,0,0,0,0,1,0,1,0,1,0
964f351f-210.jpg,1180.108032866896,681.8727837340887,198.04042100413696,179.54213992133268,1180.108032866896,681.8727837340887,198.04042100413696,179.54213992133268,1,1,1,0,0,0,0,0,1,0,1,0,1,0
964f351f-210.jpg,1288.9214510010356,531.7102667089729,173.01326472325906,179.54213992133268,1288.9214510010356,531.7102667089729,173.01326472325906,179.54213992133268,1,1,1,0,0,0,0,0,1,0,1,0,1,0
964f351f-210.jpg,1379.236588052374,681.8727837340887,276.3860820607184,194.7760184601124,1379.236588052374,681.8727837340887,276.3860820607184,194.7760184601124,2,1,1,0,0,0,0,0,1,0,1,0,1,0
964f351f-210.jpg,1458.6703832902972,519.7407907142182,247.00645916450043,186.0709450093813,1458.6703832902972,519.7407907142182,247.00645916450043,186.0709450093813,2,1,1,0,0,0,0,0,1,0,1,0,1,0
964f351f-210.jpg,1704.027502675136,568.7068288745818,137.1049068490177,100.1083446834098,1704.027502675136,568.7068288745818,137.1049068490177,100.1083446834098,2,1,1,0,0,0,0,0,1,0,1,0,1,0
964f351f-210.jpg,1656.149598696114,700.3710648168926,158.86759047584576,99.02021050206837,1656.149598696114,700.3710648168926,158.86759047584576,99.02021050206837,1,1,1,0,0,0,0,0,1,0,1,0,1,0
25e14a52-265.jpg,60.5392156862745,919.2401960784314,372.7941176470589,366.421568627451,60.5392156862745,919.2401960784314,372.7941176470589,366.421568627451,1,1,1,0,0,0,0,0,1,0,1,0,1,0
25e14a52-265.jpg,173.65196078431376,721.6911764705881,321.81372549019613,254.90196078431376,173.65196078431376,721.6911764705881,321.81372549019613,254.90196078431376,1,1,1,0,0,0,0,0,1,0,1,0,1,0
25e14a52-265.jpg,270.83333333333337,505.0245098039216,309.0686274509804,254.90196078431376,270.83333333333337,505.0245098039216,309.0686274509804,254.90196078431376,1,1,1,0,0,0,0,0,1,0,1,0,1,0
25e14a52-265.jpg,546.4460784313726,221.4460784313726,253.3088235294118,221.44607843137257,546.4460784313726,221.4460784313726,253.3088235294118,221.44607843137257,1,1,1,0,0,0,0,0,1,0,1,0,1,0
25e14a52-265.jpg,758.3333333333334,124.26470588235291,280.392156862745,259.6813725490196,758.3333333333334,124.26470588235291,280.392156862745,259.6813725490196,1,1,1,0,0,0,0,0,1,0,1,0,1,0
25e14a52-265.jpg,1038.7254901960785,138.60294117647055,275.6127450980392,248.52941176470583,1038.7254901960785,138.60294117647055,275.6127450980392,248.52941176470583,1,1,1,0,0,0,0,0,1,0,1,0,1,0
25e14a52-265.jpg,1269.730392156862,246.9360771724025,256.4950980392156,183.2109816511272,1269.730392156862,246.9360771724025,256.4950980392156,183.2109816511272,1,1,1,0,0,0,0,0,1,0,1,0,1,0
25e14a52-265.jpg,1433.8235294117649,372.7941176470589,250.12254901960773,234.19117647058832,1433.8235294117649,372.7941176470589,250.12254901960773,234.19117647058832,1,1,1,0,0,0,0,0,1,0,1,0,1,0
25e14a52-265.jpg,1451.3480392156866,581.4950980392157,312.25490196078454,258.08823529411774,1451.3480392156866,581.4950980392157,312.25490196078454,258.08823529411774,2,1,1,0,0,0,0,0,1,0,1,0,1,0
25e14a52-265.jpg,1535.7843137254904,820.4656862745097,301.1029411764707,234.19117647058823,1535.7843137254904,820.4656862745097,301.1029411764707,234.19117647058823,1,1,1,0,0,0,0,0,1,0,1,0,1,0
25e14a52-265.jpg,1559.6813725490197,1024.387254901961,339.3382352941177,272.42647058823525,1559.6813725490197,1024.387254901961,339.3382352941177,272.42647058823525,2,1,1,0,0,0,0,0,1,0,1,0,1,0
6559da65-217.jpg,84.4362745098039,952.6960784313726,312.2549019607843,250.122549019608,84.4362745098039,952.6960784313726,312.2549019607843,250.122549019608,2,1,1,0,0,0,0,0,1,0,1,0,1,0
6559da65-217.jpg,160.90686274509812,737.6225490196077,294.7303921568628,296.32352941176475,160.90686274509812,737.6225490196077,294.7303921568628,296.32352941176475,4,2,1,0,1,0,0,0,1,0,1,0,1,0
6559da65-217.jpg,337.7450980392157,487.5,269.24019607843144,226.22549019607848,337.7450980392157,487.5,269.24019607843144,226.22549019607848,1,1,1,0,0,0,0,0,1,0,1,0,1,0
6559da65-217.jpg,450.85784313725503,325.0,227.8186274509804,223.0392156862745,450.85784313725503,325.0,227.8186274509804,223.0392156862745,0,0,0,0,0,0,0,0,1,0,1,0,1,0
6559da65-217.jpg,605.9205083200453,226.2230963008794,214.253620306124,197.49635391346612,605.9205083200453,226.2230963008794,214.253620306124,197.49635391346612,1,1,1,0,0,0,0,0,1,0,1,0,1,0
6559da65-217.jpg,792.6443338382314,167.57266392657735,242.9803626935373,196.29940631399057,792.6443338382314,167.57266392657735,242.9803626935373,196.29940631399057,1,1,1,0,0,0,0,0,1,0,1,0,1,0
6559da65-217.jpg,1029.639958534391,166.37571632710183,242.98036269353736,184.3299962136844,1029.639958534391,166.37571632710183,242.98036269353736,184.3299962136844,0,0,0,0,0,0,0,0,1,0,1,0,1,0
6559da65-217.jpg,1248.681369238417,226.22284919669528,221.4353059029773,201.08744381607707,1248.681369238417,226.22284919669528,221.4353059029773,201.08744381607707,1,1,1,0,0,0,0,0,1,0,1,0,1,0
6559da65-217.jpg,1393.512028774959,347.11480384791025,215.4505679055996,227.42004390035493,1393.512028774959,347.11480384791025,215.4505679055996,227.42004390035493,1,1,1,0,0,0,0,0,1,0,1,0,1,0
6559da65-217.jpg,1449.4041042412457,515.8844153739632,266.9193146830486,215.4505679055993,1449.4041042412457,515.8844153739632,266.9193146830486,215.4505679055993,2,1,1,0,0,0,0,0,1,0,1,0,1,0
6559da65-217.jpg,1514.0392746129255,673.8814985047361,268.1162622825238,196.2994063139904,1514.0392746129255,673.8814985047361,268.1162622825238,196.2994063139904,1,1,1,0,0,0,0,0,1,0,1,0,1,0
6559da65-217.jpg,1523.61485540873,834.3873838040101,287.2674238741328,276.4948954788524,1523.61485540873,834.3873838040101,287.2674238741328,276.4948954788524,3,2,1,0,1,0,0,0,1,0,1,0,1,0
6559da65-217.jpg,1651.6881892287452,1007.9447857279652,236.9956840200284,262.1315242851458,1651.6881892287452,1007.9447857279652,236.9956840200284,262.1315242851458,3,2,1,0,1,0,0,0,1,0,1,0,1,0
9c1ab3a0-179.jpg,213.03965329460297,343.1668558454496,59.35277352771333,112.41055592369952,213.03965329460297,343.1668558454496,59.35277352771333,112.41055592369952,0,0,0,0,0,0,0,0,1,0,1,0,1,0
9c1ab3a0-179.jpg,217.5360755315508,487.0523674277841,128.59767597671194,114.20933522524776,217.5360755315508,487.0523674277841,128.59767597671194,114.20933522524776,1,1,1,0,0,0,0,0,1,0,1,0,1,0
9c1ab3a0-179.jpg,276.88884905926386,537.4122964816015,178.05832058313956,143.8857591197105,276.88884905926386,537.4122964816015,178.05832058313956,143.8857591197105,1,1,1,0,0,0,0,0,1,0,1,0,1,0
9c1ab3a0-179.jpg,264.29886679580966,402.5196293731625,80.93565820723475,130.3962448714911,264.29886679580966,402.5196293731625,80.93565820723475,130.3962448714911,0,0,0,0,0,0,0,0,1,0,1,0,1,0
9c1ab3a0-179.jpg,334.44305369219853,452.8795584269802,76.43917802811558,119.6048315028163,334.44305369219853,452.8795584269802,76.43917802811558,119.6048315028163,0,0,0,0,0,0,0,0,1,0,1,0,1,0
9c1ab3a0-179.jpg,385.7022671934049,425.9010250052917,125.00060058641527,187.0511650570357,385.7022671934049,425.9010250052917,125.00060058641527,187.0511650570357,0,0,0,0,0,0,0,0,1,0,1,0,1,0
9c1ab3a0-179.jpg,402.78867169380777,582.376518851082,126.79910708193304,139.38908934538733,402.78867169380777,582.376518851082,126.79910708193304,139.38908934538733,0,0,0,0,0,0,0,0,1,0,1,0,1,0
9c1ab3a0-179.jpg,483.7242719588715,396.2246382414357,138.48980489799771,232.01538742651567,483.7242719588715,396.2246382414357,138.48980489799771,232.01538742651567,0,0,0,0,0,0,0,0,1,0,1,0,1,0
9c1ab3a0-179.jpg,504.4078142488321,581.4772344036925,150.18050271406247,197.842578425711,504.4078142488321,581.4772344036925,150.18050271406247,197.842578425711,0,0,0,0,0,0,0,0,1,0,1,0,1,0
9c1ab3a0-179.jpg,615.919085725142,395.3253537940461,187.05116505703583,258.9939208482036,615.919085725142,395.3253537940461,187.05116505703583,258.9939208482036,0,0,0,0,0,0,0,0,1,0,1,0,1,0
9c1ab3a0-179.jpg,649.1926102785569,630.9378790101202,162.7704849775168,173.56189834619204,649.1926102785569,630.9378790101202,162.7704849775168,173.56189834619204,0,0,0,0,0,0,0,0,1,0,1,0,1,0
9c1ab3a0-179.jpg,786.7831307291633,379.1382337410324,247.30316063287927,297.66315208595523,786.7831307291633,379.1382337410324,247.30316063287927,297.66315208595523,0,0,0,0,0,0,0,0,1,0,1,0,1,0
9c1ab3a0-179.jpg,822.754508624749,654.3192746422496,143.8855115823354,125.00053818715372,822.754508624749,654.3192746422496,143.8855115823354,125.00053818715372,0,0,0,0,0,0,0,0,1,0,1,0,1,0
9c1ab3a0-179.jpg,1017.8992337082911,625.5421723257828,140.28837379277718,136.6912360032184,1017.8992337082911,625.5421723257828,140.28837379277718,136.6912360032184,0,0,0,0,0,0,0,0,1,0,1,0,1,0
9c1ab3a0-179.jpg,1033.1870693139128,354.8575536615132,252.69884503176647,303.95814321768245,1033.1870693139128,354.8575536615132,252.69884503176647,303.95814321768245,0,0,0,0,0,0,0,0,1,0,1,0,1,0
9c1ab3a0-179.jpg,1279.5910078986635,426.800309452682,153.7776405036209,231.1161029791262,1279.5910078986635,426.800309452682,153.7776405036209,231.1161029791262,0,0,0,0,0,0,0,0,1,0,1,0,1,0
9c1ab3a0-179.jpg,1194.158985396651,641.7292923787949,157.37477829317936,142.0870169487687,1194.158985396651,641.7292923787949,157.37477829317936,142.0870169487687,0,0,0,0,0,0,0,0,1,0,1,0,1,0
9c1ab3a0-179.jpg,1363.224461505894,525.7215986655367,164.5690538722954,215.82836638845345,1363.224461505894,525.7215986655367,164.5690538722954,215.82836638845345,0,0,0,0,0,0,0,0,1,0,1,0,1,0
9c1ab3a0-179.jpg,1433.3686484022817,317.08749547933263,176.25975168836052,282.3754278721509,1433.3686484022817,317.08749547933263,176.25975168836052,282.3754278721509,1,1,1,0,0,0,0,0,1,0,1,0,1,0
9c1ab3a0-179.jpg,1606.1134120433562,336.8718647137224,121.40340039759536,226.619680742178,1606.1134120433562,336.8718647137224,121.40340039759536,226.619680742178,1,1,1,0,0,0,0,0,1,0,1,0,1,0
9c1ab3a0-179.jpg,1766.1860436787044,335.0732958189432,74.64060913333697,121.40340039759548,1766.1860436787044,335.0732958189432,74.64060913333697,121.40340039759548,2,1,1,0,0,0,0,0,1,0,1,0,1,0
9c1ab3a0-179.jpg,1598.01985201685,537.4122964816021,148.38193381928335,110.6119870289203,1598.01985201685,537.4122964816021,148.38193381928335,110.6119870289203,2,1,1,0,0,0,0,0,1,0,1,0,1,0
9c1ab3a0-179.jpg,1502.6957005935535,546.4051409554983,142.0869426875558,147.48264937189364,1502.6957005935535,546.4051409554983,142.0869426875558,147.48264937189364,0,0,0,0,0,0,0,0,1,0,1,0,1,0
9c1ab3a0-179.jpg,1702.3368479140431,395.32535379404607,60.25205797510296,119.60483150281615,1702.3368479140431,395.32535379404607,60.25205797510296,119.60483150281615,0,0,0,0,0,0,0,0,1,0,1,0,1,0
9c1ab3a0-179.jpg,1705.933958961061,453.7788428743695,105.21630708712162,123.2019692923744,1705.933958961061,453.7788428743695,105.21630708712162,123.2019692923744,2,1,1,0,0,0,0,0,1,0,1,0,1,0
1e1b26b1-246.jpg,219.8529411764707,403.0637254901961,243.75000000000003,250.1225490196078,219.8529411764707,403.0637254901961,243.75000000000003,250.1225490196078,1,1,1,0,0,0,0,0,1,0,1,0,1,0
1e1b26b1-246.jpg,235.78431372549008,637.2549019607848,267.64705882352945,199.1423103473902,235.78431372549008,637.2549019607848,267.64705882352945,199.1423103473902,1,1,1,0,0,0,0,0,1,0,1,0,1,0
1e1b26b1-246.jpg,457.2303921568628,691.4215686274509,211.88725490196083,170.46568627450978,457.2303921568628,691.4215686274509,211.88725490196083,170.46568627450978,0,0,0,0,0,0,0,0,1,0,1,0,1,0
1e1b26b1-246.jpg,434.9264705882353,455.6372549019611,248.5294117647059,277.2065401442789,434.9264705882353,455.6372549019611,248.5294117647059,277.2065401442789,1,1,1,0,0,0,0,0,1,0,1,0,1,0
1e1b26b1-246.jpg,626.1029411764707,395.0980392156862,242.15686274509807,323.4068627450981,626.1029411764707,395.0980392156862,242.15686274509807,323.4068627450981,1,1,1,0,0,0,0,0,1,0,1,0,1,0
1e1b26b1-246.jpg,600.6127450980393,686.642156862745,246.93627450980392,243.7499999999999,600.6127450980393,686.642156862745,246.93627450980392,243.7499999999999,0,0,0,0,0,0,0,0,1,0,1,0,1,0
1e1b26b1-246.jpg,763.1127450980393,685.0490196078431,272.42647058823525,350.4903934158327,763.1127450980393,685.0490196078431,272.42647058823525,350.4903934158327,1,1,1,0,0,0,0,0,1,0,1,0,1,0
1e1b26b1-246.jpg,863.480392156863,393.505011592674,285.17156862745094,310.66165507399234,863.480392156863,393.505011592674,285.17156862745094,310.66165507399234,1,1,1,0,0,0,0,0,1,0,1,0,1,0
1e1b26b1-246.jpg,1016.4215686274512,672.3039215686275,240.563725490196,289.95098039215696,1016.4215686274512,672.3039215686275,240.563725490196,289.95098039215696,0,0,0,0,0,0,0,0,1,0,1,0,1,0
1e1b26b1-246.jpg,1127.9411764705883,334.55882352941177,340.9313725490196,374.3872549019608,1127.9411764705883,334.55882352941177,340.9313725490196,374.3872549019608,0,0,0,0,0,0,0,0,1,0,1,0,1,0
1e1b26b1-246.jpg,1462.5,347.3039215686274,347.30392156862763,371.2009803921569,1462.5,347.3039215686274,347.30392156862763,371.2009803921569,0,0,0,0,0,0,0,0,1,0,1,0,1,0
1e1b26b1-246.jpg,1244.2401960784316,689.828431372549,229.41176470588232,275.6127450980392,1244.2401960784316,689.828431372549,229.41176470588232,275.6127450980392,0,0,0,0,0,0,0,0,1,0,1,0,1,0
1e1b26b1-246.jpg,1454.5343137254913,664.3382352941176,226.22549019607865,294.7305675678863,1454.5343137254913,664.3382352941176,226.22549019607865,294.7305675678863,0,0,0,0,0,0,0,0,1,0,1,0,1,0
1e1b26b1-246.jpg,1679.166666666667,646.813725490196,176.83823529411768,274.0196078431373,1679.166666666667,646.813725490196,176.83823529411768,274.0196078431373,0,0,0,0,0,0,0,0,1,0,1,0,1,0
1e1b26b1-246.jpg,1785.9068627450963,366.4217001857187,199.1421331747245,312.2547704025173,1785.9068627450963,366.4217001857187,199.1421331747245,312.2547704025173,1,1,1,0,0,0,0,0,1,0,1,0,1,0
1e1b26b1-246.jpg,1849.632352941177,645.2205882352941,138.60294117647044,320.22058823529414,1849.632352941177,645.2205882352941,138.60294117647044,320.22058823529414,1,1,1,0,0,0,0,0,1,0,1,0,1,0
ff319412-220.jpg,778.6930821271021,439.35276657285,153.4270166445614,229.59631226303708,778.6930821271021,439.35276657285,153.4270166445614,229.59631226303708,3,2,1,0,1,0,0,0,1,0,1,0,1,0
ff319412-220.jpg,775.428679583078,650.4507977530842,163.22018113200212,263.32847188462114,775.428679583078,650.4507977530842,163.22018113200212,263.32847188462114,2,1,1,0,0,0,0,0,1,0,1,0,1,0
ff319412-220.jpg,894.0353053492925,409.9731436766331,97.93207632072722,243.74205662047603,894.0353053492925,409.9731436766331,97.93207632072722,243.74205662047603,2,1,1,0,0,0,0,0,1,0,1,0,1,0
ff319412-220.jpg,988.7029791259952,425.2070222154129,92.49140541401984,249.1827275271833,988.7029791259952,425.2070222154129,92.49140541401984,249.1827275271833,2,1,1,0,0,0,0,0,1,0,1,0,1,0
ff319412-220.jpg,932.120001696239,648.2745293904002,97.93213025151744,247.0062495003445,932.120001696239,648.2745293904002,97.93213025151744,247.0062495003445,2,1,1,0,0,0,0,0,1,0,1,0,1,0
ff319412-220.jpg,1001.7605893020924,674.389749742596,107.72528395279949,206.7454944548681,1001.7605893020924,674.389749742596,107.72528395279949,206.7454944548681,2,1,1,0,0,0,0,0,1,0,1,0,1,0
31921a82-125.jpg,170.64771865093513,402.12336189276937,212.35504343342885,152.74656819077,170.64771865093513,402.12336189276937,212.35504343342885,152.74656819077,3,2,1,0,1,0,0,0,1,0,1,0,1,0
31921a82-125.jpg,173.13140394317097,530.0335150912686,247.12683373594967,122.9419840356147,173.13140394317097,530.0335150912686,247.12683373594967,122.9419840356147,2,1,1,0,0,0,0,0,1,0,1,0,1,0
31921a82-125.jpg,375.5517552604557,439.3781775856286,247.12668657754296,196.2115244956001,375.5517552604557,439.3781775856286,247.12668657754296,196.2115244956001,2,1,1,0,0,0,0,0,1,0,1,0,1,0
31921a82-125.jpg,611.5018580229337,477.8752996152959,245.88482431030425,194.9696818494821,611.5018580229337,477.8752996152959,245.88482431030425,194.9696818494821,2,1,1,0,0,0,0,0,1,0,1,0,1,0
31921a82-125.jpg,387.9701817216377,614.4783770972157,300.52586149726744,165.166128118087,387.9701817216377,614.4783770972157,300.52586149726744,165.166128118087,2,1,1,0,0,0,0,0,1,0,1,0,1,0
31921a82-125.jpg,659.9337212215487,629.3804888506379,253.33589980813505,186.27665452368603,659.9337212215487,629.3804888506379,253.33589980813505,186.27665452368603,2,1,1,0,0,0,0,0,1,0,1,0,1,0
31921a82-125.jpg,882.223554876726,408.33239479920337,257.0613198303253,291.8331248801774,882.223554876726,408.33239479920337,257.0613198303253,291.8331248801774,1,1,1,0,0,0,0,0,1,0,1,0,1,0
31921a82-125.jpg,1013.9769389820596,624.4131182661646,209.87140719399383,265.7546611570397,1013.9769389820596,624.4131182661646,209.87140719399383,265.7546611570397,1,1,1,0,0,0,0,0,1,0,1,0,1,0
31921a82-125.jpg,1151.8214727011934,453.03883310183824,229.74082085796465,260.7869556848448,1151.8214727011934,453.03883310183824,229.74082085796465,260.7869556848448,1,1,1,0,0,0,0,0,1,0,1,0,1,0
31921a82-125.jpg,1238.7504579294744,593.3670521132069,187.51823956386443,248.3687868296016,1238.7504579294744,593.3670521132069,187.51823956386443,248.3687868296016,1,1,1,0,0,0,0,0,1,0,1,0,1,0
31921a82-125.jpg,1384.0460475253162,430.68553666873936,250.8522145158984,296.8005212252449,1384.0460475253162,430.68553666873936,250.8522145158984,296.8005212252449,0,0,0,0,0,0,0,0,1,0,1,0,1,0
31921a82-125.jpg,1632.4145767489788,434.4111934100636,214.8388170207101,290.5911791916838,1632.4145767489788,434.4111934100636,214.8388170207101,290.5911791916838,1,1,1,0,0,0,0,0,1,0,1,0,1,0
31921a82-125.jpg,1427.5105401394587,681.5378799876069,152.74667490423406,155.23033076478862,1427.5105401394587,681.5378799876069,152.74667490423406,155.23033076478862,0,0,0,0,0,0,0,0,1,0,1,0,1,0
31921a82-125.jpg,1585.2245561964828,702.6492049716184,122.9424415868342,121.70057931959424,1585.2245561964828,702.6492049716184,122.9424415868342,121.70057931959424,0,0,0,0,0,0,0,0,1,0,1,0,1,0
31921a82-125.jpg,1875.8157353881688,388.4630155036864,73.26871612097989,275.6890674382646,1875.8157353881688,388.4630155036864,73.26871612097989,275.6890674382646,2,1,1,0,0,0,0,0,1,0,1,0,1,0
31921a82-125.jpg,1841.0441412968544,461.7317316246663,52.15743037921189,224.773518947414,1841.0441412968544,461.7317316246663,52.15743037921189,224.773518947414,0,0,0,0,0,0,0,0,1,0,1,0,1,0
31921a82-125.jpg,1783.919379575413,693.9563064487907,81.96163426492971,150.2629601803152,1783.919379575413,693.9563064487907,81.96163426492971,150.2629601803152,2,1,1,0,0,0,0,0,1,0,1,0,1,0
31921a82-125.jpg,1715.6179849861046,706.3747329099732,72.02692252766259,111.76583815064768,1715.6179849861046,706.3747329099732,72.02692252766259,111.76583815064768,0,0,0,0,0,0,0,0,1,0,1,0,1,0
9ed3e527-270.jpg,7.965686274509807,368.014705882353,89.21568627450982,318.6274509803921,7.965686274509807,368.014705882353,89.21568627450982,318.6274509803921,0,0,0,0,0,0,0,0,1,0,1,0,1,0
9ed3e527-270.jpg,74.87745098039217,380.75980392156873,154.5343137254902,299.5098039215686,74.87745098039217,380.75980392156873,154.5343137254902,299.5098039215686,1,1,1,0,0,0,0,0,1,0,1,0,1,0
9ed3e527-270.jpg,4.779411764705884,670.7107843137256,157.72058823529412,299.5098039215686,4.779411764705884,670.7107843137256,157.72058823529412,299.5098039215686,1,1,1,0,0,0,0,0,1,0,1,0,1,0
9ed3e527-270.jpg,200.7352941176472,372.7941176470589,307.47549019607845,361.642156862745,200.7352941176472,372.7941176470589,307.47549019607845,361.642156862745,1,1,1,0,0,0,0,0,1,0,1,0,1,0
9ed3e527-270.jpg,162.5,673.8970588235295,221.4460784313726,313.8480392156861,162.5,673.8970588235295,221.4460784313726,313.8480392156861,0,0,0,0,0,0,0,0,1,0,1,0,1,0
9ed3e527-270.jpg,371.2009803921571,672.3039215686273,235.7842268694137,320.220588235294,371.2009803921571,672.3039215686273,235.7842268694137,320.220588235294,1,1,1,0,0,0,0,0,1,0,1,0,1,0
9ed3e527-270.jpg,503.43137254901967,309.06862745098044,328.1862745098039,395.09803921568624,503.43137254901967,309.06862745098044,328.1862745098039,395.09803921568624,1,1,1,0,0,0,0,0,1,0,1,0,1,0
9ed3e527-270.jpg,606.9852941176471,634.0686274509804,231.0049019607844,337.74509803921563,606.9852941176471,634.0686274509804,231.0049019607844,337.74509803921563,0,0,0,0,0,0,0,0,1,0,1,0,1,0
9ed3e527-270.jpg,818.872549019608,297.91666666666663,272.4264705882355,317.0343137254902,818.872549019608,297.91666666666663,272.4264705882355,317.0343137254902,1,1,1,0,0,0,0,0,1,0,1,0,1,0
9ed3e527-270.jpg,861.8872549019609,592.6470588235294,280.39215686274514,344.1176470588236,861.8872549019609,592.6470588235294,280.39215686274514,344.1176470588236,0,0,0,0,0,0,0,0,1,0,1,0,1,0
9ed3e527-270.jpg,1061.029411764706,186.39705882352945,321.81372549019613,329.77941176470586,1061.029411764706,186.39705882352945,321.81372549019613,329.77941176470586,1,1,1,0,0,0,0,0,1,0,1,0,1,0
9ed3e527-270.jpg,1174.1421568627452,594.2401960784314,302.69607843137265,312.2549019607842,1174.1421568627452,594.2401960784314,302.69607843137265,312.2549019607842,0,0,0,0,0,0,0,0,1,0,1,0,1,0
9ed3e527-270.jpg,1360.5392156862745,250.12254901960785,254.9019607843138,310.6617647058824,1360.5392156862745,250.12254901960785,254.9019607843138,310.6617647058824,1,1,1,0,0,0,0,0,1,0,1,0,1,0
9ed3e527-270.jpg,1605.8823529411766,309.0686274509804,187.9901960784312,274.01960784313724,1605.8823529411766,309.0686274509804,187.9901960784312,274.01960784313724,2,1,1,0,0,0,0,0,1,0,1,0,1,0
9ed3e527-270.jpg,1250.612745098039,484.3137254901961,374.3873180700165,101.96078431372554,1250.612745098039,484.3137254901961,374.3873180700165,101.96078431372554,1,1,1,0,0,0,0,0,1,0,1,0,1,0
9ed3e527-270.jpg,1451.3480392156862,592.6470588235294,272.4264705882351,280.39215686274514,1451.3480392156862,592.6470588235294,272.4264705882351,280.39215686274514,0,0,0,0,0,0,0,0,1,0,1,0,1,0
9ed3e527-270.jpg,1691.911764705882,573.5294117647054,280.3921568627449,202.328891826486,1691.911764705882,573.5294117647054,280.3921568627449,202.328891826486,0,0,0,0,0,0,0,0,1,0,1,0,1,0
9ed3e527-270.jpg,1785.9068627450984,347.3039215686274,170.46568627450966,216.66666666666669,1785.9068627450984,347.3039215686274,170.46568627450966,216.66666666666669,0,0,0,0,0,0,0,0,1,0,1,0,1,0
9ed3e527-270.jpg,1897.426470588236,541.6666666666667,71.69117647058812,92.40196078431364,1897.426470588236,541.6666666666667,71.69117647058812,92.40196078431364,0,0,0,0,0,0,0,0,1,0,1,0,1,0
88e305ce-74.jpg,4.779411764705888,438.112745098039,55.75987498563108,248.52941176470583,4.779411764705888,438.112745098039,55.75987498563108,248.52941176470583,1,1,1,0,0,0,0,0,1,0,1,0,1,0
88e305ce-74.jpg,60.53921568627453,366.4215686274509,293.1372549019608,339.3382352941175,60.53921568627453,366.4215686274509,293.1372549019608,339.3382352941175,2,1,1,0,0,0,0,0,1,0,1,0,1,0
88e305ce-74.jpg,4.779411764705884,681.8627450980391,62.132392421211165,98.77450980392148,4.779411764705884,681.8627450980391,62.132392421211165,98.77450980392148,1,1,1,0,0,0,0,0,1,0,1,0,1,0
88e305ce-74.jpg,103.55392156862747,704.1666666666667,113.11274509803926,79.65686274509801,103.55392156862747,704.1666666666667,113.11274509803926,79.65686274509801,1,1,1,0,0,0,0,0,1,0,1,0,1,0
88e305ce-74.jpg,274.0196078431373,554.4117647058824,130.63725490196077,234.19117647058812,274.0196078431373,554.4117647058824,130.63725490196077,234.19117647058812,1,1,1,0,0,0,0,0,1,0,1,0,1,0
88e305ce-74.jpg,342.52450980392166,380.7598039215686,293.13725490196083,336.15196078431376,342.52450980392166,380.7598039215686,293.13725490196083,336.15196078431376,1,1,1,0,0,0,0,0,1,0,1,0,1,0
88e305ce-74.jpg,422.1813725490197,694.6078431372549,152.9411764705882,119.4852941176471,422.1813725490197,694.6078431372549,152.9411764705882,119.4852941176471,1,1,1,0,0,0,0,0,1,0,1,0,1,0
88e305ce-74.jpg,606.9852941176471,396.6911764705882,274.0196078431373,323.4068627450981,606.9852941176471,396.6911764705882,274.0196078431373,323.4068627450981,1,1,1,0,0,0,0,0,1,0,1,0,1,0
88e305ce-74.jpg,606.9851598855291,672.3039215686275,181.6176944348651,151.348039215686,606.9851598855291,672.3039215686275,181.6176944348651,151.348039215686,1,1,1,0,0,0,0,0,1,0,1,0,1,0
88e305ce-74.jpg,879.4117647058824,407.84313725490193,267.6470588235294,312.2549019607844,879.4117647058824,407.84313725490193,267.6470588235294,312.2549019607844,1,1,1,0,0,0,0,0,1,0,1,0,1,0
88e305ce-74.jpg,814.0931372549022,637.2549019607843,207.10784313725483,223.0392156862745,814.0931372549022,637.2549019607843,207.10784313725483,223.0392156862745,1,1,1,0,0,0,0,0,1,0,1,0,1,0
88e305ce-74.jpg,1145.4656862745098,418.99509803921575,250.1225490196079,272.42647058823525,1145.4656862745098,418.99509803921575,250.1225490196079,272.42647058823525,2,1,1,0,0,0,0,0,1,0,1,0,1,0
88e305ce-74.jpg,1363.725490196079,485.906862745098,199.14215686274505,195.95588235294125,1363.725490196079,485.906862745098,199.14215686274505,195.95588235294125,2,1,1,0,0,0,0,0,1,0,1,0,1,0
88e305ce-74.jpg,1564.460784313726,474.7549019607843,251.7156862745097,168.87254901960796,1564.460784313726,474.7549019607843,251.7156862745097,168.87254901960796,2,1,1,0,0,0,0,0,1,0,1,0,1,0
88e305ce-74.jpg,1468.8725490196089,635.6617647058825,305.88235294117646,165.68653762633932,1468.8725490196089,635.6617647058825,305.88235294117646,165.68653762633932,2,1,1,0,0,0,0,0,1,0,1,0,1,0
88e305ce-74.jpg,1041.9117647058822,627.6960784313725,219.8529964485193,240.56381319570784,1041.9117647058822,627.6960784313725,219.8529964485193,240.56381319570784,1,1,1,0,0,0,0,0,1,0,1,0,1,0
88e305ce-74.jpg,1261.7647058823532,630.8823529411765,226.2254901960783,205.51470588235296,1261.7647058823532,630.8823529411765,226.2254901960783,205.51470588235296,1,1,1,0,0,0,0,0,1,0,1,0,1,0
88e305ce-74.jpg,1809.803921568628,463.6029411764706,135.41666666666686,141.7892156862745,1809.803921568628,463.6029411764706,135.41666666666686,141.7892156862745,2,1,1,0,0,0,0,0,1,0,1,0,1,0
88e305ce-74.jpg,1757.2303921568628,563.9705882352938,226.2254901960788,184.804118906029,1757.2303921568628,563.9705882352938,226.2254901960788,184.804118906029,1,1,1,0,0,0,0,0,1,0,1,0,1,0
5a1e4a1b-269.jpg,93.1087239823131,577.3755771023061,252.4471300712074,228.5081780816964,93.1087239823131,577.3755771023061,252.4471300712074,228.5081780816964,1,1,1,0,0,0,0,0,1,0,1,0,1,0
5a1e4a1b-269.jpg,97.46126070767872,390.21649791158336,157.7794562945046,195.864152641454,97.46126070767872,390.21649791158336,157.7794562945046,195.864152641454,0,0,0,0,0,0,0,0,1,0,1,0,1,0
5a1e4a1b-269.jpg,258.50511954620725,438.09440189060535,173.01333483328426,204.56942078033032,258.50511954620725,438.09440189060535,173.01333483328426,204.56942078033032,1,1,1,0,0,0,0,0,1,0,1,0,1,0
5a1e4a1b-269.jpg,330.3219161908716,632.8704203507169,243.74211594434453,248.09465324988625,330.3219161908716,632.8704203507169,243.74211594434453,248.09465324988625,1,1,1,0,0,0,0,0,1,0,1,0,1,0
5a1e4a1b-269.jpg,409.7557707526637,371.7182168287794,206.74549445486804,275.2979478793769,409.7557707526637,371.7182168287794,206.74549445486804,275.2979478793769,1,1,1,0,0,0,0,0,1,0,1,0,1,0
5a1e4a1b-269.jpg,593.6504473993623,388.0402295489006,249.1827275271831,272.0335453353527,593.6504473993623,388.0402295489006,249.1827275271831,272.0335453353527,1,1,1,0,0,0,0,0,1,0,1,0,1,0
5a1e4a1b-269.jpg,547.9488117830215,628.5178237213072,255.71160811833784,287.2674837781763,547.9488117830215,628.5178237213072,255.71160811833784,287.2674837781763,1,1,1,0,0,0,0,0,1,0,1,0,1,0
5a1e4a1b-269.jpg,816.7179545743505,406.53845072766,221.9793729936477,245.91838488720305,816.7179545743505,406.53845072766,221.9793729936477,245.91838488720305,2,1,1,0,0,0,0,0,1,0,1,0,1,0
5a1e4a1b-269.jpg,813.4535358510893,627.4297494440104,235.03704249361428,294.8843631435219,813.4535358510893,627.4297494440104,235.03704249361428,294.8843631435219,1,1,1,0,0,0,0,0,1,0,1,0,1,0
5a1e4a1b-269.jpg,1031.5605786061426,401.09771991690826,282.9148871487666,299.2370196769765,1031.5605786061426,401.09771991690826,282.9148871487666,299.2370196769765,1,1,1,0,0,0,0,0,1,0,1,0,1,0
5a1e4a1b-269.jpg,1301.417855578814,371.7182168287793,253.5352642525487,310.1182416823021,1301.417855578814,371.7182168287793,253.5352642525487,310.1182416823021,1,1,1,0,0,0,0,0,1,0,1,0,1,0
5a1e4a1b-269.jpg,1063.1164698650448,673.1313850603502,206.74549445486812,238.30138571376924,1063.1164698650448,673.1313850603502,206.74549445486812,238.30138571376924,0,0,0,0,0,0,0,0,1,0,1,0,1,0
5a1e4a1b-269.jpg,1273.1263668639372,670.9551166976676,183.8946766466985,240.4776540764518,1273.1263668639372,670.9551166976676,183.8946766466985,240.4776540764518,0,0,0,0,0,0,0,0,1,0,1,0,1,0
5a1e4a1b-269.jpg,1533.190436204534,377.1588877354865,137.1049068490177,251.358995889866,1533.190436204534,377.1588877354865,137.1049068490177,251.358995889866,1,1,1,0,0,0,0,0,1,0,1,0,1,0
5a1e4a1b-269.jpg,1645.2682568827,293.3725557721978,194.776018460112,256.799666796573,1645.2682568827,293.3725557721978,194.776018460112,256.799666796573,1,1,1,0,0,0,0,0,1,0,1,0,1,0
5a1e4a1b-269.jpg,1451.5803726039285,608.931468361207,193.6878842787715,264.4166060659628,1451.5803726039285,608.931468361207,193.6878842787715,264.4166060659628,0,0,0,0,0,0,0,0,1,0,1,0,1,0
5a1e4a1b-269.jpg,1640.915720157333,593.6975598704048,151.2506512064558,260.0640992926195,1640.915720157333,593.6975598704048,151.2506512064558,260.0640992926195,0,0,0,0,0,0,0,0,1,0,1,0,1,0
5a1e4a1b-269.jpg,1759.5223459235478,612.1958709052313,91.40327123267838,182.8065424653569,1759.5223459235478,612.1958709052313,91.40327123267838,182.8065424653569,0,0,0,0,0,0,0,0,1,0,1,0,1,0
1355aad5-244.jpg,345.7106974576492,390.31862745098033,250.1226358756843,301.10294117647044,345.7106974576492,390.31862745098033,250.1226358756843,301.10294117647044,0,0,0,0,0,0,0,0,1,0,1,0,1,0
1355aad5-244.jpg,313.8480392156864,634.0686274509803,143.38235294117646,191.17647058823528,313.8480392156864,634.0686274509803,143.38235294117646,191.17647058823528,0,0,0,0,0,0,0,0,1,0,1,0,1,0
1355aad5-244.jpg,586.2745098039217,418.9950980392158,189.5833333333333,250.1225490196078,586.2745098039217,418.9950980392158,189.5833333333333,250.1225490196078,0,0,0,0,0,0,0,0,1,0,1,0,1,0
1355aad5-244.jpg,458.823505723744,646.8137254901956,237.377474668413,297.916929783202,458.823505723744,646.8137254901956,237.377474668413,297.916929783202,0,0,0,0,0,0,0,0,1,0,1,0,1,0
1355aad5-244.jpg,760.2548595451648,383.6892606587512,181.65545837269812,313.8502721389689,760.2548595451648,383.6892606587512,181.65545837269812,313.8502721389689,1,1,1,0,0,0,0,0,1,0,1,0,1,0
1355aad5-244.jpg,664.9307081218669,643.5824659543433,109.71279618042269,221.22397405783977,664.9307081218669,643.5824659543433,109.71279618042269,221.22397405783977,1,1,1,0,0,0,0,0,1,0,1,0,1,0
1355aad5-244.jpg,752.1612995186584,644.481750401734,87.23059139679094,221.2239740578406,752.1612995186584,644.481750401734,87.23059139679094,221.2239740578406,0,0,0,0,0,0,0,0,1,0,1,0,1,0
1355aad5-244.jpg,828.6004775467741,665.1652926916946,92.62629808112834,188.84973395181527,828.6004775467741,665.1652926916946,92.62629808112834,188.84973395181527,0,0,0,0,0,0,0,0,1,0,1,0,1,0
1355aad5-244.jpg,920.327491180513,428.6534830282311,76.43917802811558,258.99392084820346,920.327491180513,428.6534830282311,76.43917802811558,258.99392084820346,1,1,1,0,0,0,0,0,1,0,1,0,1,0
2eca70d7-99.jpg,14.338235294117652,1000.490086446542,383.9460784313726,293.1373645338503,14.338235294117652,1000.490086446542,383.9460784313726,293.1373645338503,4,2,1,0,1,0,0,0,1,0,1,0,1,0
2eca70d7-99.jpg,202.9321856279048,565.3150491537449,303.58940423577883,221.9793280656136,202.9321856279048,565.3150491537449,303.58940423577883,221.9793280656136,1,1,1,0,0,0,0,0,1,0,1,0,1,0
2eca70d7-99.jpg,119.1458213061426,757.9148891072423,311.2063758636436,306.85383913827786,119.1458213061426,757.9148891072423,311.2063758636436,306.85383913827786,4,2,1,0,1,0,0,0,1,0,1,0,1,0
2eca70d7-99.jpg,345.477731025156,403.1831459899423,242.65392243913467,243.74205662047603,345.477731025156,403.1831459899423,242.65392243913467,243.74205662047603,1,1,1,0,0,0,0,0,1,0,1,0,1,0
2eca70d7-99.jpg,489.1114429622224,242.13928715141344,229.59631226303765,218.71497044962368,489.1114429622224,242.13928715141344,229.59631226303765,218.71497044962368,1,1,1,0,0,0,0,0,1,0,1,0,1,0
2eca70d7-99.jpg,678.4467905156281,152.3387853877976,285.0911555114497,227.42004390035493,678.4467905156281,152.3387853877976,285.0911555114497,227.42004390035493,1,1,1,0,0,0,0,0,1,0,1,0,1,0
2eca70d7-99.jpg,974.4192878404916,122.95916249157943,269.8572769726699,243.742056620476,974.4192878404916,122.95916249157943,269.8572769726699,243.742056620476,1,1,1,0,0,0,0,0,1,0,1,0,1,0
2eca70d7-99.jpg,1174.6359772073088,226.33170005485724,237.21325153242705,218.71518011377924,1174.6359772073088,226.33170005485724,237.21325153242705,218.71518011377924,2,1,1,0,0,0,0,0,1,0,1,0,1,0
2eca70d7-99.jpg,1401.5262002622194,272.0333057191739,216.538648156152,240.47789369262904,1401.5262002622194,272.0333057191739,216.538648156152,240.47789369262904,1,1,1,0,0,0,0,0,1,0,1,0,1,0
2eca70d7-99.jpg,1396.0855293555155,498.3653801743105,293.796228962181,248.09466822589675,1396.0855293555155,498.3653801743105,293.796228962181,248.09466822589675,1,1,1,0,0,0,0,0,1,0,1,0,1,0
2eca70d7-99.jpg,1483.1362638628243,678.9958938931616,324.2640615428502,331.8807605730049,1483.1362638628243,678.9958938931616,324.2640615428502,331.8807605730049,3,2,1,0,1,0,0,0,1,0,1,0,1,0
2eca70d7-99.jpg,1556.0412540127031,907.1835605357504,368.8775036539759,365.61308493071385,1556.0412540127031,907.1835605357504,368.8775036539759,365.61308493071385,3,2,1,0,1,0,0,0,1,0,1,0,1,0
b44667f5-110.jpg,62.13235294117648,449.2647058823528,189.5833333333333,167.27941176470586,62.13235294117648,449.2647058823528,189.5833333333333,167.27941176470586,1,1,1,0,0,0,0,0,1,0,1,0,1,0
b44667f5-110.jpg,119.48525463761234,589.4607843137254,216.6667061467013,208.7011558031802,119.48525463761234,589.4607843137254,216.6667061467013,208.7011558031802,3,2,1,0,1,0,0,0,1,0,1,0,1,0
b44667f5-110.jpg,232.59803921568627,481.1274509803922,280.39215686274514,184.8039215686273,232.59803921568627,481.1274509803922,280.39215686274514,184.8039215686273,2,1,1,0,0,0,0,0,1,0,1,0,1,0
b44667f5-110.jpg,325.0,657.9656862745097,328.18627450980404,213.4808526108,325.0,657.9656862745097,328.18627450980404,213.4808526108,1,1,1,0,0,0,0,0,1,0,1,0,1,0
b44667f5-110.jpg,505.02450980392126,492.27912672179264,207.1079142013174,205.5149909252661,505.02450980392126,492.27912672179264,207.1079142013174,205.5149909252661,1,1,1,0,0,0,0,0,1,0,1,0,1,0
b44667f5-110.jpg,648.4068627450981,678.6764705882354,205.51470588235304,210.29411764705887,648.4068627450981,678.6764705882354,205.51470588235304,210.29411764705887,0,0,0,0,0,0,0,0,1,0,1,0,1,0
b44667f5-110.jpg,700.9803921568631,466.7892156862746,238.9705487552592,242.15686274509812,700.9803921568631,466.7892156862746,238.9705487552592,242.15686274509812,1,1,1,0,0,0,0,0,1,0,1,0,1,0
b44667f5-110.jpg,842.7696078431375,648.406862745098,231.00490196078425,269.24019607843144,842.7696078431375,648.406862745098,231.00490196078425,269.24019607843144,0,0,0,0,0,0,0,0,1,0,1,0,1,0
b44667f5-110.jpg,940.8046701490084,434.819071971635,254.6233984338901,258.97593515925587,940.8046701490084,434.819071971635,254.6233984338901,258.97593515925587,0,0,0,0,0,0,0,0,1,0,1,0,1,0
b44667f5-110.jpg,1184.5467267694844,436.9953403343179,207.8336286362095,241.5657882577932,1184.5467267694844,436.9953403343179,207.8336286362095,241.5657882577932,1,1,1,0,0,0,0,0,1,0,1,0,1,0
b44667f5-110.jpg,1081.1739795420474,614.3612118929664,206.7455753510557,260.0640693405967,1081.1739795420474,614.3612118929664,206.7455753510557,260.0640693405967,0,0,0,0,0,0,0,0,1,0,1,0,1,0
b44667f5-110.jpg,1285.7432056342354,627.4188220690647,177.3658715586501,251.35899588986584,1285.7432056342354,627.4188220690647,177.3658715586501,251.35899588986584,0,0,0,0,0,0,0,0,1,0,1,0,1,0
b44667f5-110.jpg,1364.5442333656792,370.40497086507287,273.329470080151,312.6398091801091,1364.5442333656792,370.40497086507287,273.329470080151,312.6398091801091,1,1,1,0,0,0,0,0,1,0,1,0,1,0
b44667f5-110.jpg,1615.7615948726416,353.2068261839614,186.1097626141577,315.09659279479723,1615.7615948726416,353.2068261839614,186.1097626141577,315.09659279479723,1,1,1,0,0,0,0,0,1,0,1,0,1,0
b44667f5-110.jpg,1778.5307899810646,404.1873665386752,62.036561154531285,221.7346393741165,1778.5307899810646,404.1873665386752,62.036561154531285,221.7346393741165,1,1,1,0,0,0,0,0,1,0,1,0,1,0
b44667f5-110.jpg,1815.99840080363,372.8618812832792,85.37701297866938,267.18726231816817,1815.99840080363,372.8618812832792,85.37701297866938,267.18726231816817,0,0,0,0,0,0,0,0,1,0,1,0,1,0
b44667f5-110.jpg,1455.4492932752878,667.6891956009911,113.63132488701268,213.13551208536967,1455.4492932752878,667.6891956009911,113.63132488701268,213.13551208536967,0,0,0,0,0,0,0,0,1,0,1,0,1,0
b44667f5-110.jpg,1566.0095012734655,652.947834534569,106.26067479632556,181.8102128084664,1566.0095012734655,652.947834534569,106.26067479632556,181.8102128084664,0,0,0,0,0,0,0,0,1,0,1,0,1,0
b44667f5-110.jpg,1660.599901449678,661.5469618233147,94.5904001762159,184.2670133302909,1660.599901449678,661.5469618233147,94.5904001762159,184.2670133302909,0,0,0,0,0,0,0,0,1,0,1,0,1,0
b44667f5-110.jpg,1759.4898652702686,630.8357929349337,76.77790091118554,219.27774586304605,1759.4898652702686,630.8357929349337,76.77790091118554,219.27774586304605,0,0,0,0,0,0,0,0,1,0,1,0,1,0
f43c3dde-83.jpg,129.0441176470588,20.71058697632401,320.2205882352942,305.882550278578,129.0441176470588,20.71058697632401,320.2205882352942,305.882550278578,4,2,1,0,1,0,0,0,1,0,1,0,1,0
f43c3dde-83.jpg,203.92156862745105,296.3235294117648,325.0000947520834,336.1519607843138,203.92156862745105,296.3235294117648,325.0000947520834,336.1519607843138,4,2,1,0,1,0,0,0,1,0,1,0,1,0
f43c3dde-83.jpg,1500.7351914695575,38.23529411764707,312.25500460887434,305.8823529411764,1500.7351914695575,38.23529411764707,312.25500460887434,305.8823529411764,5,3,1,0,1,0,1,0,1,0,1,0,1,0
f43c3dde-83.jpg,1435.4166666666667,302.6960784313726,309.0686274509804,332.9656862745098,1435.4166666666667,302.6960784313726,309.0686274509804,332.9656862745098,3,2,1,0,1,0,0,0,1,0,1,0,1,0
f43c3dde-83.jpg,320.2205882352941,594.2401960784314,234.19117647058823,213.4803921568628,320.2205882352941,594.2401960784314,234.19117647058823,213.4803921568628,2,1,1,0,0,0,0,0,1,0,1,0,1,0
f43c3dde-83.jpg,379.1666113946183,777.450980392157,227.81868272302896,219.85324814576185,379.1666113946183,777.450980392157,227.81868272302896,219.85324814576185,1,1,1,0,0,0,0,0,1,0,1,0,1,0
f43c3dde-83.jpg,509.80388208859273,939.950980392156,203.9216081074861,211.8873864602289,509.80388208859273,939.950980392156,203.9216081074861,211.8873864602289,0,0,0,0,0,0,0,0,1,0,1,0,1,0
f43c3dde-83.jpg,653.1862745098041,1029.1666666666663,186.39705882352945,165.68627450980398,653.1862745098041,1029.1666666666663,186.39705882352945,165.68627450980398,0,0,0,0,0,0,0,0,1,0,1,0,1,0
f43c3dde-83.jpg,832.0432650136606,1048.57668842313,167.22233301496615,173.16799689402947,832.0432650136606,1048.57668842313,167.22233301496615,173.16799689402947,1,1,1,0,0,0,0,0,1,0,1,0,1,0
f43c3dde-83.jpg,997.779159036702,1043.374216413439,167.9655248843379,161.27663230044817,997.779159036702,1043.374216413439,167.9655248843379,161.27663230044817,0,0,0,0,0,0,0,0,1,0,1,0,1,0
f43c3dde-83.jpg,1135.273062149987,1031.4828518198574,162.7630528746458,183.5729409134132,1135.273062149987,1031.4828518198574,162.7630528746458,183.5729409134132,0,0,0,0,0,0,0,0,1,0,1,0,1,0
f43c3dde-83.jpg,1269.050913827778,955.6754025357756,187.28899234890747,201.40998780378536,1269.050913827778,955.6754025357756,187.28899234890747,201.40998780378536,0,0,0,0,0,0,0,0,1,0,1,0,1,0
f43c3dde-83.jpg,1396.1398729216787,599.6778079900541,239.31371244582616,211.07158856144696,1396.1398729216787,599.6778079900541,239.31371244582616,211.07158856144696,2,1,1,0,0,0,0,0,1,0,1,0,1,0
f43c3dde-83.jpg,1349.3177021889062,788.4529651927294,225.1926396364915,213.3015467448912,1349.3177021889062,788.4529651927294,225.1926396364915,213.3015467448912,2,1,1,0,0,0,0,0,1,0,1,0,1,0
7375bbfc-45.jpg,149.75490196078437,388.72549019607845,195.9558823529412,336.15196078431376,149.75490196078437,388.72549019607845,195.9558823529412,336.15196078431376,0,0,0,0,0,0,0,0,1,0,1,0,1,0
7375bbfc-45.jpg,337.7450980392157,540.0735294117648,98.77450980392162,250.1225490196078,337.7450980392157,540.0735294117648,98.77450980392162,250.1225490196078,1,1,1,0,0,0,0,0,1,0,1,0,1,0
7375bbfc-45.jpg,323.406862745098,774.2647058823529,129.04411764705884,144.97549019607857,323.406862745098,774.2647058823529,129.04411764705884,144.97549019607857,0,0,0,0,0,0,0,0,1,0,1,0,1,0
7375bbfc-45.jpg,431.7401960784315,452.4509803921569,278.79901960784315,377.57352941176464,431.7401960784315,452.4509803921569,278.79901960784315,377.57352941176464,1,1,1,0,0,0,0,0,1,0,1,0,1,0
7375bbfc-45.jpg,578.3088235294118,758.3333333333335,113.1127450980393,151.34803921568616,578.3088235294118,758.3333333333335,113.1127450980393,151.34803921568616,0,0,0,0,0,0,0,0,1,0,1,0,1,0
7375bbfc-45.jpg,688.2352941176471,439.7058823529412,396.6911764705883,379.1666666666666,688.2352941176471,439.7058823529412,396.6911764705883,379.1666666666666,1,1,1,0,0,0,0,0,1,0,1,0,1,0
7375bbfc-45.jpg,728.0637254901961,796.5686274509806,172.05882352941188,125.8578431372548,728.0637254901961,796.5686274509806,172.05882352941188,125.8578431372548,0,0,0,0,0,0,0,0,1,0,1,0,1,0
7375bbfc-45.jpg,959.0686274509804,731.2500000000001,124.2647058823529,130.63725490196074,959.0686274509804,731.2500000000001,124.2647058823529,130.63725490196074,0,0,0,0,0,0,0,0,1,0,1,0,1,0
7375bbfc-45.jpg,1067.4019607843138,484.313725490196,310.6617647058822,337.74509803921563,1067.4019607843138,484.313725490196,310.6617647058822,337.74509803921563,1,1,1,0,0,0,0,0,1,0,1,0,1,0
7375bbfc-45.jpg,1143.872549019608,667.5245098039215,281.98529411764696,221.4460784313727,1143.872549019608,667.5245098039215,281.98529411764696,221.4460784313727,0,0,0,0,0,0,0,0,1,0,1,0,1,0
7375bbfc-45.jpg,1382.843137254902,447.67130551091554,339.3382352941177,340.9316356655547,1382.843137254902,447.67130551091554,339.3382352941177,340.9316356655547,0,0,0,0,0,0,0,0,1,0,1,0,1,0
7375bbfc-45.jpg,1422.671568627451,718.5049019607843,254.9019607843138,202.3284313725491,1422.671568627451,718.5049019607843,254.9019607843138,202.3284313725491,0,0,0,0,0,0,0,0,1,0,1,0,1,0
7375bbfc-45.jpg,1683.9460784313726,516.1764705882355,254.9019607843138,234.1912422497217,1683.9460784313726,516.1764705882355,254.9019607843138,234.1912422497217,0,0,0,0,0,0,0,0,1,0,1,0,1,0
7375bbfc-45.jpg,1675.9803921568632,656.3725490196077,246.93627450980387,221.4460784313727,1675.9803921568632,656.3725490196077,246.93627450980387,221.4460784313727,0,0,0,0,0,0,0,0,1,0,1,0,1,0
6c234c0e-267.jpg,69.64058760585033,301.3100218828088,108.8134181341411,141.45744357438338,69.64058760585033,301.3100218828088,108.8134181341411,141.45744357438338,0,0,0,0,0,0,0,0,1,0,1,0,1,0
6c234c0e-267.jpg,63.11178251780184,474.323356716093,145.80998029974907,179.54213992133288,63.11178251780184,474.323356716093,145.80998029974907,179.54213992133288,0,0,0,0,0,0,0,0,1,0,1,0,1,0
6c234c0e-267.jpg,163.2201272012117,348.0997916804894,91.40327123267852,163.22012720121165,163.2201272012117,348.0997916804894,91.40327123267852,163.22012720121165,1,1,1,0,0,0,0,0,1,0,1,0,1,0
6c234c0e-267.jpg,233.94884898840343,308.92696115219854,142.54557775572485,235.0369831697448,233.94884898840343,308.92696115219854,142.54557775572485,235.0369831697448,1,1,1,0,0,0,0,0,1,0,1,0,1,0
6c234c0e-267.jpg,200.2166516152668,526.5537974204801,166.48456749678843,216.53870208694045,200.2166516152668,526.5537974204801,166.48456749678843,216.53870208694045,1,1,1,0,0,0,0,0,1,0,1,0,1,0
6c234c0e-267.jpg,349.2910722105929,332.8659131417096,194.7760184601126,241.5657882577932,349.2910722105929,332.8659131417096,194.7760184601126,241.5657882577932,1,1,1,0,0,0,0,0,1,0,1,0,1,0
6c234c0e-267.jpg,346.02666966656875,560.2859570420644,201.30482354816093,225.2437755376721,346.02666966656875,560.2859570420644,201.30482354816093,225.2437755376721,0,0,0,0,0,0,0,0,1,0,1,0,1,0
6c234c0e-267.jpg,505.9823943237552,369.8624753073168,179.5420536320699,227.42004390035453,505.9823943237552,369.8624753073168,179.5420536320699,227.42004390035453,1,1,1,0,0,0,0,0,1,0,1,0,1,0
6c234c0e-267.jpg,544.0670906707056,594.0181166636482,211.0980311802337,225.24377553767192,544.0670906707056,594.0181166636482,211.0980311802337,225.24377553767192,0,0,0,0,0,0,0,0,1,0,1,0,1,0
6c234c0e-267.jpg,665.9381189809422,379.65568293939,263.328396381517,287.26742387413213,665.9381189809422,379.65568293939,263.328396381517,287.26742387413213,2,1,1,0,0,0,0,0,1,0,1,0,1,0
6c234c0e-267.jpg,761.6938945805136,636.4553497359628,179.54217227980604,202.39295772950223,761.6938945805136,636.4553497359628,179.54217227980604,202.39295772950223,0,0,0,0,0,0,0,0,1,0,1,0,1,0
6c234c0e-267.jpg,922.7377857775148,363.3334156270793,263.328471884621,290.5320810103458,922.7377857775148,363.3334156270793,263.328471884621,290.5320810103458,1,1,1,0,0,0,0,0,1,0,1,0,1,0
6c234c0e-267.jpg,944.5004694043428,644.0722890053524,187.15915469382995,202.39295772950223,944.5004694043428,644.0722890053524,187.15915469382995,202.39295772950223,2,1,1,0,0,0,0,0,1,0,1,0,1,0
6c234c0e-267.jpg,1168.6561107606751,356.8048651312207,187.1590791907228,249.1827275271831,1168.6561107606751,356.8048651312207,187.1590791907228,249.1827275271831,1,1,1,0,0,0,0,0,1,0,1,0,1,0
6c234c0e-267.jpg,1143.629024589823,568.9910304927957,228.5081780816965,273.1216795166942,1143.629024589823,568.9910304927957,228.5081780816965,273.1216795166942,0,0,0,0,0,0,0,0,1,0,1,0,1,0
6c234c0e-267.jpg,1342.7575797753016,288.2524117067119,210.00989699889232,284.00302133010814,1342.7575797753016,288.2524117067119,210.00989699889232,284.00302133010814,1,1,1,0,0,0,0,0,1,0,1,0,1,0
6c234c0e-267.jpg,1522.2997196966342,350.2760600431722,141.45744357438332,216.5387020869408,1522.2997196966342,350.2760600431722,141.45744357438332,216.5387020869408,1,1,1,0,0,0,0,0,1,0,1,0,1,0
6c234c0e-267.jpg,1652.8758214576037,379.6556829393903,90.31513705133705,204.5692260921853,1652.8758214576037,379.6556829393903,90.31513705133705,204.5692260921853,2,1,1,0,0,0,0,0,1,0,1,0,1,0
6c234c0e-267.jpg,1349.28638486335,565.7266279487717,188.24721337206427,249.18272752718315,1349.28638486335,565.7266279487717,188.24721337206427,249.18272752718315,1,1,1,0,0,0,0,0,1,0,1,0,1,0
6c234c0e-267.jpg,1533.181061510048,585.3130432129169,157.77945629450443,206.7454944548681,1533.181061510048,585.3130432129169,157.77945629450443,206.7454944548681,0,0,0,0,0,0,0,0,1,0,1,0,1,0
6c234c0e-267.jpg,1678.9910525959515,554.8450165671526,165.3964926393125,196.95257136700872,1678.9910525959515,554.8450165671526,165.3964926393125,196.95257136700872,2,1,1,0,0,0,0,0,1,0,1,0,1,0
6c234c0e-267.jpg,1734.0635980533762,412.2707111846718,69.6643997884575,154.00937997360543,1734.0635980533762,412.2707111846718,69.6643997884575,154.00937997360543,0,0,0,0,0,0,0,0,1,0,1,0,1,0
5552ba5e-251.jpg,4.779411764705884,447.6715686274509,127.45098039215684,318.6274509803921,4.779411764705884,447.6715686274509,127.45098039215684,318.6274509803921,0,0,0,0,0,0,0,0,1,0,1,0,1,0
5552ba5e-251.jpg,113.11274509803924,348.8970588235294,336.1519607843138,360.04901960784315,113.11274509803924,348.8970588235294,336.1519607843138,360.04901960784315,0,0,0,0,0,0,0,0,1,0,1,0,1,0
5552ba5e-251.jpg,6.162881617029797,753.5539215686268,98.98417720649957,148.16176470588206,6.162881617029797,753.5539215686268,98.98417720649957,148.16176470588206,1,1,1,0,0,0,0,0,1,0,1,0,1,0
5552ba5e-251.jpg,117.8921568627451,710.5392156862745,167.27941176470594,159.3137254901961,117.8921568627451,710.5392156862745,167.27941176470594,159.3137254901961,1,1,1,0,0,0,0,0,1,0,1,0,1,0
5552ba5e-251.jpg,433.33333333333337,358.4558823529412,371.2009803921569,366.4215686274511,433.33333333333337,358.4558823529412,371.2009803921569,366.4215686274511,0,0,0,0,0,0,0,0,1,0,1,0,1,0
5552ba5e-251.jpg,315.4411764705883,678.6764705882355,125.85784313725487,130.63725490196074,315.4411764705883,678.6764705882355,125.85784313725487,130.63725490196074,1,1,1,0,0,0,0,0,1,0,1,0,1,0
5552ba5e-251.jpg,482.7205882352943,699.3872549019607,146.5686274509804,119.48529411764702,482.7205882352943,699.3872549019607,146.5686274509804,119.48529411764702,0,0,0,0,0,0,0,0,1,0,1,0,1,0
5552ba5e-251.jpg,696.2009803921569,710.5392156862745,159.31372549019613,140.1960784313726,696.2009803921569,710.5392156862745,159.31372549019613,140.1960784313726,1,1,1,0,0,0,0,0,1,0,1,0,1,0
5552ba5e-251.jpg,772.671568627451,460.41666666666674,246.936274509804,304.28921568627453,772.671568627451,460.41666666666674,246.936274509804,304.28921568627453,0,0,0,0,0,0,0,0,1,0,1,0,1,0
5552ba5e-251.jpg,870.7091132514005,672.8569006549244,154.5134186878485,192.9373905308586,870.7091132514005,672.8569006549244,154.5134186878485,192.9373905308586,1,1,1,0,0,0,0,0,1,0,1,0,1,0
5552ba5e-251.jpg,993.3388106227088,464.3864151237,251.7996452690868,367.8890921139256,993.3388106227088,464.3864151237,251.7996452690868,367.8890921139256,0,0,0,0,0,0,0,0,1,0,1,0,1,0
5552ba5e-251.jpg,1207.5320153645946,491.3649485453879,212.55814211026788,283.68336658562697,1207.5320153645946,491.3649485453879,212.55814211026788,283.68336658562697,1,1,1,0,0,0,0,0,1,0,1,0,1,0
5552ba5e-251.jpg,1370.2207472105306,536.3291709148677,161.05366921431823,217.46333000512035,1370.2207472105306,536.3291709148677,161.05366921431823,217.46333000512035,1,1,1,0,0,0,0,0,1,0,1,0,1,0
5552ba5e-251.jpg,1075.9094735193898,682.6672764446291,215.82826737350288,243.6243321109996,1075.9094735193898,682.6672764446291,215.82826737350288,243.6243321109996,1,1,1,0,0,0,0,0,1,0,1,0,1,0
5552ba5e-251.jpg,1278.6572398399535,739.8944685512398,143.06798026652643,141.43291763490907,1278.6572398399535,739.8944685512398,143.06798026652643,141.43291763490907,0,0,0,0,0,0,0,0,1,0,1,0,1,0
5552ba5e-251.jpg,1398.8343432638358,685.1198703920553,218.2808613209292,169.22898237240597,1398.8343432638358,685.1198703920553,218.2808613209292,169.22898237240597,1,1,1,0,0,0,0,0,1,0,1,0,1,0
5552ba5e-251.jpg,1506.7102150354774,521.6136072303107,179.85688947791914,198.66010974151973,1506.7102150354774,521.6136072303107,179.85688947791914,198.66010974151973,1,1,1,0,0,0,0,0,1,0,1,0,1,0
5552ba5e-251.jpg,1588.4633466163498,666.316650128455,183.94454605696268,113.63685289741248,1588.4633466163498,666.316650128455,183.94454605696268,113.63685289741248,1,1,1,0,0,0,0,0,1,0,1,0,1,0
5552ba5e-251.jpg,1667.7638842497956,461.933821176274,149.60823079299672,205.2003602679896,1667.7638842497956,461.933821176274,149.60823079299672,205.2003602679896,1,1,1,0,0,0,0,0,1,0,1,0,1,0
368af569-82.jpg,15.931372549019606,344.11764705882354,55.75980392156863,197.54901960784315,15.931372549019606,344.11764705882354,55.75980392156863,197.54901960784315,0,0,0,0,0,0,0,0,1,0,1,0,1,0
368af569-82.jpg,81.25,337.74509803921575,95.58823529411764,238.97058823529403,81.25,337.74509803921575,95.58823529411764,238.97058823529403,0,0,0,0,0,0,0,0,1,0,1,0,1,0
368af569-82.jpg,162.5,324.9999999999999,151.34808659172788,304.2892156862744,162.5,324.9999999999999,151.34808659172788,304.2892156862744,0,0,0,0,0,0,0,0,1,0,1,0,1,0
368af569-82.jpg,46.20098039215687,557.5980392156863,81.25000000000003,113.11274509803934,46.20098039215687,557.5980392156863,81.25000000000003,113.11274509803934,0,0,0,0,0,0,0,0,1,0,1,0,1,0
368af569-82.jpg,109.92644690021444,571.9362745098035,149.7549256488051,194.3627450980391,109.92644690021444,571.9362745098035,149.7549256488051,194.3627450980391,0,0,0,0,0,0,0,0,1,0,1,0,1,0
368af569-82.jpg,312.2549019607843,328.18627450980387,175.2450980392157,332.9656862745098,312.2549019607843,328.18627450980387,175.2450980392157,332.9656862745098,0,0,0,0,0,0,0,0,1,0,1,0,1,0
368af569-82.jpg,218.2598039215688,563.9705882352941,205.51470588235296,261.2745098039215,218.2598039215688,563.9705882352941,205.51470588235296,261.2745098039215,1,1,1,0,0,0,0,0,1,0,1,0,1,0
368af569-82.jpg,390.3186274509805,576.7156862745098,175.24509803921575,289.9509803921568,390.3186274509805,576.7156862745098,175.24509803921575,289.9509803921568,0,0,0,0,0,0,0,0,1,0,1,0,1,0
368af569-82.jpg,562.3774509803923,630.8823529411765,192.7696078431373,215.07352941176472,562.3774509803923,630.8823529411765,192.7696078431373,215.07352941176472,1,1,1,0,0,0,0,0,1,0,1,0,1,0
368af569-82.jpg,688.2352941176471,388.72549019607845,304.2892156862746,304.2892156862744,688.2352941176471,388.72549019607845,304.2892156862746,304.2892156862744,1,1,1,0,0,0,0,0,1,0,1,0,1,0
368af569-82.jpg,763.1127450980392,675.4901960784315,156.12745098039227,183.2107843137253,763.1127450980392,675.4901960784315,156.12745098039227,183.2107843137253,0,0,0,0,0,0,0,0,1,0,1,0,1,0
368af569-82.jpg,946.3235294117648,592.6470588235293,160.9068627450982,266.0539215686274,946.3235294117648,592.6470588235293,160.9068627450982,266.0539215686274,0,0,0,0,0,0,0,0,1,0,1,0,1,0
368af569-82.jpg,1014.8284313725488,368.0147058823529,297.9166982506948,317.0343137254901,1014.8284313725488,368.0147058823529,297.9166982506948,317.0343137254901,0,0,0,0,0,0,0,0,1,0,1,0,1,0
368af569-82.jpg,1115.196078431373,632.4754901960782,200.73534149368825,219.8529411764706,1115.196078431373,632.4754901960782,200.73534149368825,219.8529411764706,0,0,0,0,0,0,0,0,1,0,1,0,1,0
368af569-82.jpg,1314.3382352941176,360.0490196078432,205.51470588235304,309.0686274509804,1314.3382352941176,360.0490196078432,205.51470588235304,309.0686274509804,0,0,0,0,0,0,0,0,1,0,1,0,1,0
368af569-82.jpg,1315.9313725490197,638.8480392156862,175.24509803921575,232.59803921568624,1315.9313725490197,638.8480392156862,175.24509803921575,232.59803921568624,0,0,0,0,0,0,0,0,1,0,1,0,1,0
368af569-82.jpg,1513.4803921568628,340.93137254901967,170.46568627450966,317.03431372549016,1513.4803921568628,340.93137254901967,170.46568627450966,317.03431372549016,0,0,0,0,0,0,0,0,1,0,1,0,1,0
368af569-82.jpg,1502.3284313725494,619.7303921568629,183.2107843137257,211.8872549019608,1502.3284313725494,619.7303921568629,183.2107843137257,211.8872549019608,0,0,0,0,0,0,0,0,1,0,1,0,1,0
368af569-82.jpg,1682.3529411764705,361.64215686274514,135.41666666666657,274.01960784313724,1682.3529411764705,361.64215686274514,135.41666666666657,274.01960784313724,0,0,0,0,0,0,0,0,1,0,1,0,1,0
368af569-82.jpg,1650.4901960784316,599.0196078431372,173.6519607843138,203.92156862745097,1650.4901960784316,599.0196078431372,173.6519607843138,203.92156862745097,0,0,0,0,0,0,0,0,1,0,1,0,1,0
368af569-82.jpg,1819.36274509804,368.01470588235287,103.55392156862736,224.63235294117644,1819.36274509804,368.01470588235287,103.55392156862736,224.63235294117644,0,0,0,0,0,0,0,0,1,0,1,0,1,0
368af569-82.jpg,466.7892156862746,383.9460784313726,215.0735294117648,278.7990196078431,466.7892156862746,383.9460784313726,215.0735294117648,278.7990196078431,1,1,1,0,0,0,0,0,1,0,1,0,1,0
368af569-82.jpg,1921.379307185412,377.529312208878,73.09268241468212,190.4094246328928,1921.379307185412,377.529312208878,73.09268241468212,190.4094246328928,1,1,1,0,0,0,0,0,1,0,1,0,1,0
368af569-82.jpg,1820.0325503140843,574.080894537337,150.4847549513433,166.45462836427598,1820.0325503140843,574.080894537337,150.4847549513433,166.45462836427598,1,1,1,0,0,0,0,0,1,0,1,0,1,0
9667fc01-139.jpg,342.66676360837585,480.2552124907394,51.439070390684805,87.05073450731281,342.66676360837585,480.2552124907394,51.439070390684805,87.05073450731281,0,0,0,0,0,0,0,0,1,0,1,0,1,0
9667fc01-139.jpg,371.3539374801039,617.7558044966087,95.95365053646988,69.24490244899886,371.3539374801039,617.7558044966087,95.95365053646988,69.24490244899886,0,0,0,0,0,0,0,0,1,0,1,0,1,0
9667fc01-139.jpg,384.2137050777751,486.1904898435108,67.26647666474179,118.70554705542658,384.2137050777751,486.1904898435108,67.26647666474179,118.70554705542658,0,0,0,0,0,0,0,0,1,0,1,0,1,0
9667fc01-139.jpg,427.7390723314316,443.6543354819829,113.75948259478383,194.87493974932545,427.7390723314316,443.6543354819829,113.75948259478383,194.87493974932545,0,0,0,0,0,0,0,0,1,0,1,0,1,0
9667fc01-139.jpg,489.070271643402,365.5065170038271,169.15540455398306,251.2600746006531,489.070271643402,365.5065170038271,169.15540455398306,251.2600746006531,1,1,1,0,0,0,0,0,1,0,1,0,1,0
9667fc01-139.jpg,441.5880528212314,622.7018689572515,108.8134181341411,137.5005920058692,441.5880528212314,622.7018689572515,108.8134181341411,137.5005920058692,0,0,0,0,0,0,0,0,1,0,1,0,1,0
9667fc01-139.jpg,516.7682326230017,634.5724236627944,131.5653146530978,197.84270095671096,516.7682326230017,634.5724236627944,131.5653146530978,197.84270095671096,0,0,0,0,0,0,0,0,1,0,1,0,1,0
9667fc01-139.jpg,646.3550822694501,440.6866968055972,176.0799830492665,214.6591975918964,646.3550822694501,440.6866968055972,176.0799830492665,214.6591975918964,1,1,1,0,0,0,0,0,1,0,1,0,1,0
9667fc01-139.jpg,646.355087172249,632.5939978785374,155.30645838377723,215.6484785568025,646.355087172249,632.5939978785374,155.30645838377723,215.6484785568025,0,0,0,0,0,0,0,0,1,0,1,0,1,0
9667fc01-139.jpg,825.4026549671112,443.6543354819829,220.59447494466767,271.0443324432242,825.4026549671112,443.6543354819829,220.59447494466767,271.0443324432242,1,1,1,0,0,0,0,0,1,0,1,0,1,0
9667fc01-139.jpg,802.6507584481542,658.3135330738793,123.65161151606956,157.28484984844044,802.6507584481542,658.3135330738793,123.65161151606956,157.28484984844044,0,0,0,0,0,0,0,0,1,0,1,0,1,0
9667fc01-139.jpg,1038.08342677475,431.78372631821776,233.45424254233947,260.16304508803273,1038.08342677475,431.78372631821776,233.45424254233947,260.16304508803273,1,1,1,0,0,0,0,0,1,0,1,0,1,0
9667fc01-139.jpg,930.259221532738,674.1409393479364,137.50059200586918,154.31721117205464,930.259221532738,674.1409393479364,137.50059200586918,154.31721117205464,0,0,0,0,0,0,0,0,1,0,1,0,1,0
9667fc01-139.jpg,1069.7382344200646,676.1193515176379,145.41438339328215,185.9720237201685,1069.7382344200646,676.1193515176379,145.41438339328215,185.9720237201685,0,0,0,0,0,0,0,0,1,0,1,0,1,0
9667fc01-139.jpg,1205.2604055444765,674.1409393479366,71.22332823325635,107.82420524201244,1205.2604055444765,674.1409393479366,71.22332823325635,107.82420524201244,0,0,0,0,0,0,0,0,1,0,1,0,1,0
9667fc01-139.jpg,1261.6455403958043,465.4169646505888,132.5545275452265,228.50823253991888,1261.6455403958043,465.4169646505888,132.5545275452265,228.50823253991888,1,1,1,0,0,0,0,0,1,0,1,0,1,0
9667fc01-139.jpg,1391.232429264645,456.5141030796539,141.4574435743836,237.41109411085344,1391.232429264645,456.5141030796539,141.4574435743836,237.41109411085344,1,1,1,0,0,0,0,0,1,0,1,0,1,0
9667fc01-139.jpg,1277.4729466698611,667.2164491030363,108.81341813414124,118.70554705542678,1277.4729466698611,667.2164491030363,108.81341813414124,118.70554705542678,1,1,1,0,0,0,0,0,1,0,1,0,1,0
9667fc01-139.jpg,1390.243216372516,636.5508494470513,154.31721117205456,206.7455897567573,1390.243216372516,636.5508494470513,154.31721117205456,206.7455897567573,1,1,1,0,0,0,0,0,1,0,1,0,1,0
9667fc01-139.jpg,1508.9487634279428,470.3630835694539,79.1370313702842,157.2848498484402,1508.9487634279428,470.3630835694539,79.1370313702842,157.2848498484402,1,1,1,0,0,0,0,0,1,0,1,0,1,0
9667fc01-139.jpg,1563.3554724950134,550.489327831867,54.40670906707055,113.75948259478388,1563.3554724950134,550.489327831867,54.40670906707055,113.75948259478388,0,0,0,0,0,0,0,0,1,0,1,0,1,0
b9201be9-141.jpg,371.2009803921569,417.4019607843137,172.05882352941182,181.6176470588235,371.2009803921569,417.4019607843137,172.05882352941182,181.6176470588235,2,1,1,0,0,0,0,0,1,0,1,0,1,0
b9201be9-141.jpg,387.13235294117646,594.2401960784314,202.32843137254892,133.82352941176472,387.13235294117646,594.2401960784314,202.32843137254892,133.82352941176472,2,1,1,0,0,0,0,0,1,0,1,0,1,0
b9201be9-141.jpg,556.0049019607843,498.65196078431376,124.26470588235296,160.906862745098,556.0049019607843,498.65196078431376,124.26470588235296,160.906862745098,1,1,1,0,0,0,0,0,1,0,1,0,1,0
b9201be9-141.jpg,686.6421568627452,458.8235294117647,156.12745098039227,238.97058823529403,686.6421568627452,458.8235294117647,156.12745098039227,238.97058823529403,1,1,1,0,0,0,0,0,1,0,1,0,1,0
b9201be9-141.jpg,833.2107843137256,360.0490196078432,250.1225490196079,324.99999999999994,833.2107843137256,360.0490196078432,250.1225490196079,324.99999999999994,2,1,1,0,0,0,0,0,1,0,1,0,1,0
b9201be9-141.jpg,586.2745098039217,662.7450980392156,189.5833333333333,143.3823529411766,586.2745098039217,662.7450980392156,189.5833333333333,143.3823529411766,1,1,1,0,0,0,0,0,1,0,1,0,1,0
b9201be9-141.jpg,758.3333886053817,643.6274509803925,234.19112119853943,246.9362745098038,758.3333886053817,643.6274509803925,234.19112119853943,246.9362745098038,0,0,0,0,0,0,0,0,1,0,1,0,1,0
b9201be9-141.jpg,1076.9607843137258,474.7549019607842,229.41176470588232,264.46078431372547,1076.9607843137258,474.7549019607842,229.41176470588232,264.46078431372547,1,1,1,0,0,0,0,0,1,0,1,0,1,0
b9201be9-141.jpg,986.1519607843138,608.5784313725491,213.4803921568627,317.0343137254902,986.1519607843138,608.5784313725491,213.4803921568627,317.0343137254902,0,0,0,0,0,0,0,0,1,0,1,0,1,0
b9201be9-141.jpg,1202.8186274509806,739.2156862745097,162.50000000000028,138.60294117647072,1202.8186274509806,739.2156862745097,162.50000000000028,138.60294117647072,0,0,0,0,0,0,0,0,1,0,1,0,1,0
b9201be9-141.jpg,1303.1862745098042,493.8725490196077,291.54411764705884,323.4068627450981,1303.1862745098042,493.8725490196077,291.54411764705884,323.4068627450981,1,1,1,0,0,0,0,0,1,0,1,0,1,0
b9201be9-141.jpg,1578.7990748798918,476.348039215686,275.61268982599074,317.0343137254901,1578.7990748798918,476.348039215686,275.61268982599074,317.0343137254901,1,1,1,0,0,0,0,0,1,0,1,0,1,0
b9201be9-141.jpg,1382.8431372549023,810.906862745098,148.16176470588232,84.43627450980398,1382.8431372549023,810.906862745098,148.16176470588232,84.43627450980398,0,0,0,0,0,0,0,0,1,0,1,0,1,0
b9201be9-141.jpg,1545.3431372549023,785.4166666666667,138.60294117647044,97.18137254901964,1545.3431372549023,785.4166666666667,138.60294117647044,97.18137254901964,0,0,0,0,0,0,0,0,1,0,1,0,1,0
76e2759f-128.jpg,84.43634557386636,9.5588016030338,355.26953677907494,278.799041534221,84.43634557386636,9.5588016030338,355.26953677907494,278.799041534221,5,3,1,0,1,0,1,0,1,0,1,0,1,0
76e2759f-128.jpg,200.73529411764704,278.7993046507561,342.524699308088,331.3722639766945,200.73529411764704,278.7993046507561,342.524699308088,331.3722639766945,3,2,1,0,1,0,0,0,1,0,1,0,1,0
76e2759f-128.jpg,322.41478500265544,566.7794632415403,287.26742387413213,228.50808822562828,322.41478500265544,566.7794632415403,287.26742387413213,228.50808822562828,2,1,1,0,0,0,0,0,1,0,1,0,1,0
76e2759f-128.jpg,473.6654362091118,901.7428896290432,201.30482354816104,167.57266392657743,473.6654362091118,901.7428896290432,201.30482354816104,167.57266392657743,2,1,1,0,0,0,0,0,1,0,1,0,1,0
76e2759f-128.jpg,631.4448709312999,997.498637683043,200.2166893668196,178.45406564403635,631.4448709312999,997.498637683043,200.2166893668196,178.45406564403635,0,0,0,0,0,0,0,0,1,0,1,0,1,0
76e2759f-128.jpg,812.0751666062907,1062.786748467572,171.92520065194273,142.54557775572485,812.0751666062907,1062.786748467572,171.92520065194273,142.54557775572485,0,0,0,0,0,0,0,0,1,0,1,0,1,0
76e2759f-128.jpg,976.3834279888436,1066.0511510115966,187.1590791907228,151.25065120645613,976.3834279888436,1066.0511510115966,187.1590791907228,151.25065120645613,0,0,0,0,0,0,0,0,1,0,1,0,1,0
76e2759f-128.jpg,1124.3696496858806,985.5292215923316,191.5116428814817,173.01333483328386,1124.3696496858806,985.5292215923316,191.5116428814817,173.01333483328386,0,0,0,0,0,0,0,0,1,0,1,0,1,0
76e2759f-128.jpg,1264.7389860443177,884.3327427275808,198.04042100413696,199.12855518547835,1264.7389860443177,884.3327427275808,198.04042100413696,199.12855518547835,2,1,1,0,0,0,0,0,1,0,1,0,1,0
76e2759f-128.jpg,1378.6754148125262,581.8315451467461,256.7996344380975,231.7724757936418,1378.6754148125262,581.8315451467461,256.7996344380975,231.7724757936418,1,1,1,0,0,0,0,0,1,0,1,0,1,0
76e2759f-128.jpg,1435.2582843807008,294.88436314352185,338.4098059002824,339.49786457851985,1435.2582843807008,294.88436314352185,338.4098059002824,339.49786457851985,4,2,1,0,1,0,0,0,1,0,1,0,1,0
76e2759f-128.jpg,1541.8955096552654,19.58641526414541,347.1148038479103,306.85383913827786,1541.8955096552654,19.58641526414541,347.1148038479103,306.85383913827786,5,3,1,0,1,0,1,0,1,0,1,0,1,0
27e4fdf6-235.jpg,251.71568627450984,845.9558823529413,321.81372549019613,305.88235294117635,251.71568627450984,845.9558823529413,321.81372549019613,305.88235294117635,3,2,1,0,1,0,0,0,1,0,1,0,1,0
27e4fdf6-235.jpg,208.7009803921569,1083.3333333333333,288.35784313725486,187.99019607843127,208.7009803921569,1083.3333333333333,288.35784313725486,187.99019607843127,1,1,1,0,0,0,0,0,1,0,1,0,1,0
27e4fdf6-235.jpg,310.66176470588243,656.3725490196078,269.2401960784313,211.8872549019608,310.66176470588243,656.3725490196078,269.2401960784313,211.8872549019608,1,1,1,0,0,0,0,0,1,0,1,0,1,0
27e4fdf6-235.jpg,393.5049019607843,468.3823529411764,251.7156862745098,219.8529411764706,393.5049019607843,468.3823529411764,251.7156862745098,219.8529411764706,0,0,0,0,0,0,0,0,1,0,1,0,1,0
27e4fdf6-235.jpg,482.7205882352943,285.171568627451,205.5147058823529,213.4803921568628,482.7205882352943,285.171568627451,205.5147058823529,213.4803921568628,1,1,1,0,0,0,0,0,1,0,1,0,1,0
27e4fdf6-235.jpg,643.6274509803924,178.4313725490196,202.32843137254903,207.1078431372549,643.6274509803924,178.4313725490196,202.32843137254903,207.1078431372549,1,1,1,0,0,0,0,0,1,0,1,0,1,0
27e4fdf6-235.jpg,823.6519607843138,98.77450980392152,231.00490196078425,234.1911764705882,823.6519607843138,98.77450980392152,231.00490196078425,234.1911764705882,1,1,1,0,0,0,0,0,1,0,1,0,1,0
27e4fdf6-235.jpg,1061.233997731324,98.7481769567331,218.5626316642357,247.52876357154423,1061.233997731324,98.7481769567331,218.5626316642357,247.52876357154423,0,0,0,0,0,0,0,0,1,0,1,0,1,0
27e4fdf6-235.jpg,1208.0439653850674,275.82342036120764,197.96419465450887,172.96614008258646,1208.0439653850674,275.82342036120764,197.96419465450887,172.96614008258646,1,1,1,0,0,0,0,0,1,0,1,0,1,0
27e4fdf6-235.jpg,1392.4952457286945,242.71678029953264,183.77563462807672,209.45017181876372,1392.4952457286945,242.71678029953264,183.77563462807672,209.45017181876372,1,1,1,0,0,0,0,0,1,0,1,0,1,0
27e4fdf6-235.jpg,1361.415542813652,446.7617863939413,281.0686176664703,220.26050326747423,1361.415542813652,446.7617863939413,281.0686176664703,220.26050326747423,1,1,1,0,0,0,0,0,1,0,1,0,1,0
27e4fdf6-235.jpg,1430.331405799181,651.4824382038943,274.3121605110261,237.15164615608424,1430.331405799181,651.4824382038943,274.3121605110261,237.15164615608424,1,1,1,0,0,0,0,0,1,0,1,0,1,0
27e4fdf6-235.jpg,1464.7893372919452,835.9337185475154,306.7431548571574,335.79592062556657,1464.7893372919452,835.9337185475154,306.7431548571574,335.79592062556657,4,2,1,0,1,0,0,0,1,0,1,0,1,0
27e4fdf6-235.jpg,1598.567188969736,1051.3623766796609,293.90588626181426,242.5568118804395,1598.567188969736,1051.3623766796609,293.90588626181426,242.5568118804395,5,3,1,0,1,0,1,0,1,0,1,0,1,0
ab2b91bf-187.jpg,294.1814281076091,568.4350552194419,188.84973395181515,129.49696042410173,294.1814281076091,568.4350552194419,188.84973395181515,129.49696042410173,2,1,1,0,0,0,0,0,1,0,1,0,1,0
ab2b91bf-187.jpg,484.82973095420346,577.4278996933378,160.07263163534802,155.5762093984,484.82973095420346,577.4278996933378,160.07263163534802,155.5762093984,2,1,1,0,0,0,0,0,1,0,1,0,1,0
ab2b91bf-187.jpg,340.0450151520985,682.6441800379165,277.87881401576107,167.26715475183937,340.0450151520985,682.6441800379165,277.87881401576107,167.26715475183937,2,1,1,0,0,0,0,0,1,0,1,0,1,0
ab2b91bf-187.jpg,607.1324157991884,558.5429262981563,169.0654761092442,187.95044950442565,607.1324157991884,558.5429262981563,169.0654761092442,187.95044950442565,1,1,1,0,0,0,0,0,1,0,1,0,1,0
ab2b91bf-187.jpg,543.2832200345273,760.8819269608153,146.58336492450402,124.1012537397643,543.2832200345273,760.8819269608153,146.58336492450402,124.1012537397643,1,1,1,0,0,0,0,0,1,0,1,0,1,0
ab2b91bf-187.jpg,670.0823271164601,708.7234290122187,154.67692495101048,190.64830284659428,670.0823271164601,708.7234290122187,154.67692495101048,190.64830284659428,1,1,1,0,0,0,0,0,1,0,1,0,1,0
ab2b91bf-187.jpg,786.9893052771077,550.4493662716501,177.15903613575037,153.77764050362097,786.9893052771077,550.4493662716501,177.15903613575037,153.77764050362097,0,0,0,0,0,0,0,0,1,0,1,0,1,0
ab2b91bf-187.jpg,760.9100563028093,659.2627844057911,67.44633355421982,54.85635129076525,760.9100563028093,659.2627844057911,67.44633355421982,54.85635129076525,2,1,1,0,0,0,0,0,1,0,1,0,1,0
ab2b91bf-187.jpg,824.7592520674707,650.269939931895,191.5475872939838,238.3103785582428,824.7592520674707,650.269939931895,191.5475872939838,238.3103785582428,0,0,0,0,0,0,0,0,1,0,1,0,1,0
ab2b91bf-187.jpg,966.846194755027,530.6651084290788,223.92182740000948,226.6196807421781,966.846194755027,530.6651084290788,223.92182740000948,226.6196807421781,1,1,1,0,0,0,0,0,1,0,1,0,1,0
ab2b91bf-187.jpg,1024.4003993879608,744.6948069078027,136.69123600321868,126.79910708193314,1024.4003993879608,744.6948069078027,136.69123600321868,126.79910708193314,0,0,0,0,0,0,0,0,1,0,1,0,1,0
ab2b91bf-187.jpg,1182.67446212853,707.8241445648293,133.09409821366003,143.88551158233523,1182.67446212853,707.8241445648293,133.09409821366003,143.88551158233523,0,0,0,0,0,0,0,0,1,0,1,0,1,0
ab2b91bf-187.jpg,1174.5809021020232,461.4202431106861,295.8645831911771,316.5481254811378,1174.5809021020232,461.4202431106861,295.8645831911771,316.5481254811378,1,1,1,0,0,0,0,0,1,0,1,0,1,0
ab2b91bf-187.jpg,1451.5605118980177,480.3050803603117,187.0511650570357,266.18829544226924,1451.5605118980177,480.3050803603117,187.0511650570357,266.18829544226924,1,1,1,0,0,0,0,0,1,0,1,0,1,0
ab2b91bf-187.jpg,1626.9209791389903,497.391583875664,129.4969604241021,206.83542289960707,1626.9209791389903,497.391583875664,129.4969604241021,206.83542289960707,1,1,1,0,0,0,0,0,1,0,1,0,1,0
ab2b91bf-187.jpg,1355.3370760273322,717.7162734861149,109.71270258153083,126.79910708193296,1355.3370760273322,717.7162734861149,109.71270258153083,126.79910708193296,1,1,1,0,0,0,0,0,1,0,1,0,1,0
ab2b91bf-187.jpg,1483.9347520040446,727.6084024074005,83.63345360723201,94.42486697590752,1483.9347520040446,727.6084024074005,83.63345360723201,94.42486697590752,0,0,0,0,0,0,0,0,1,0,1,0,1,0
ab2b91bf-187.jpg,1588.2516810448865,699.7305845383208,84.53280491096935,82.73416915984247,1588.2516810448865,699.7305845383208,84.53280491096935,82.73416915984247,0,0,0,0,0,0,0,0,1,0,1,0,1,0
ab2b91bf-187.jpg,1751.921517326144,507.28371279694943,38.6692312377528,152.87835605623124,1751.921517326144,507.28371279694943,38.6692312377528,152.87835605623124,0,0,0,0,0,0,0,0,1,0,1,0,1,0
ab2b91bf-187.jpg,1726.7415527992282,518.974942818369,34.17279117244488,72.84150803320038,1726.7415527992282,518.974942818369,34.17279117244488,72.84150803320038,0,0,0,0,0,0,0,0,1,0,1,0,1,0
e91906bc-7.jpg,736.029411764706,517.7696078431372,39.82843137254903,238.9705882352942,736.029411764706,517.7696078431372,39.82843137254903,238.9705882352942,0,0,0,0,0,0,0,0,1,0,1,0,1,0
e91906bc-7.jpg,739.2156862745098,742.4019607843136,108.33333333333344,274.0196078431373,739.2156862745098,742.4019607843136,108.33333333333344,274.0196078431373,1,1,1,0,0,0,0,0,1,0,1,0,1,0
e91906bc-7.jpg,783.8235294117649,471.56862745098033,223.0392156862746,336.15196078431376,783.8235294117649,471.56862745098033,223.0392156862746,336.15196078431376,0,0,0,0,0,0,0,0,1,0,1,0,1,0
e91906bc-7.jpg,825.2450980392157,794.9754901960785,119.4852941176471,191.17647058823528,825.2450980392157,794.9754901960785,119.4852941176471,191.17647058823528,0,0,0,0,0,0,0,0,1,0,1,0,1,0
e91906bc-7.jpg,987.7450980392152,411.0294117647062,205.51475325839493,401.4705882352944,987.7450980392152,411.0294117647062,205.51475325839493,401.4705882352944,1,1,1,0,0,0,0,0,1,0,1,0,1,0
e91906bc-7.jpg,927.2058823529412,739.2156862745101,97.18140413304728,224.63235294117644,927.2058823529412,739.2156862745101,97.18140413304728,224.63235294117644,1,1,1,0,0,0,0,0,1,0,1,0,1,0
12530f4b-176.jpg,320.2205882352942,535.2941176470587,146.56862745098044,117.89215686274513,320.2205882352942,535.2941176470587,146.56862745098044,117.89215686274513,0,0,0,0,0,0,0,0,1,0,1,0,1,0
12530f4b-176.jpg,339.3382352941177,670.7107843137255,203.92156862745105,84.4362745098039,339.3382352941177,670.7107843137255,203.92156862745105,84.4362745098039,1,1,1,0,0,0,0,0,1,0,1,0,1,0
12530f4b-176.jpg,517.7696078431372,726.470588235294,242.15686274509807,124.2647058823529,517.7696078431372,726.470588235294,242.15686274509807,124.2647058823529,4,2,1,0,1,0,0,0,1,0,1,0,1,0
12530f4b-176.jpg,468.3881204396285,609.1668924941619,132.42656024670225,105.4007316249264,468.3881204396285,609.1668924941619,132.42656024670225,105.4007316249264,2,1,1,0,0,0,0,0,1,0,1,0,1,0
12530f4b-176.jpg,588.653057806531,609.8426590957271,129.04833166898004,151.34451939592446,588.653057806531,609.8426590957271,129.04833166898004,151.34451939592446,0,0,0,0,0,0,0,0,1,0,1,0,1,0
12530f4b-176.jpg,688.6486237071028,558.4934638283319,187.8295089213429,211.47710896539704,688.6486237071028,558.4934638283319,187.8295089213429,211.47710896539704,0,0,0,0,0,0,0,0,1,0,1,0,1,0
12530f4b-176.jpg,762.2940067014422,740.2421613097754,107.42766877155944,122.2918745135364,762.2940067014422,740.2421613097754,107.42766877155944,122.2918745135364,0,0,0,0,0,0,0,0,1,0,1,0,1,0
12530f4b-176.jpg,831.2098897790372,480.79420654072567,249.9888946593614,274.3121605110257,831.2098897790372,480.79420654072567,249.9888946593614,274.3121605110257,0,0,0,0,0,0,0,0,1,0,1,0,1,0
12530f4b-176.jpg,864.316426031703,730.7831212921509,135.12922682582283,139.85866311769055,864.316426031703,730.7831212921509,135.12922682582283,139.85866311769055,0,0,0,0,0,0,0,0,1,0,1,0,1,0
12530f4b-176.jpg,1076.4692644295858,528.7649128605082,220.2605032674738,218.9093513202538,1076.4692644295858,528.7649128605082,220.2605032674738,218.9093513202538,0,0,0,0,0,0,0,0,1,0,1,0,1,0
12530f4b-176.jpg,991.337870784216,662.5429040221682,202.0181024345531,277.6903890887477,991.337870784216,662.5429040221682,202.0181024345531,277.6903890887477,0,0,0,0,0,0,0,0,1,0,1,0,1,0
12530f4b-176.jpg,1269.0282933597418,454.4440236344944,235.1247090094509,274.3121605110262,1269.0282933597418,454.4440236344944,235.1247090094509,274.3121605110262,0,0,0,0,0,0,0,0,1,0,1,0,1,0
12530f4b-176.jpg,1194.7072646498575,689.5687326439456,166.20884602392238,167.5601374550109,1194.7072646498575,689.5687326439456,166.20884602392238,167.5601374550109,0,0,0,0,0,0,0,0,1,0,1,0,1,0
12530f4b-176.jpg,1364.9699380855575,709.1624490958077,136.48046467806844,135.8047888244242,1364.9699380855575,709.1624490958077,136.48046467806844,135.8047888244242,0,0,0,0,0,0,0,0,1,0,1,0,1,0
12530f4b-176.jpg,1502.1260652225558,497.6851169562194,198.63984037005343,231.0710671893012,1502.1260652225558,497.6851169562194,198.63984037005343,231.0710671893012,0,0,0,0,0,0,0,0,1,0,1,0,1,0
12530f4b-176.jpg,1498.747836644838,721.9997269900766,139.1830508889239,137.15608025551302,1498.747836644838,721.9997269900766,139.1830508889239,137.15608025551302,0,0,0,0,0,0,0,0,1,0,1,0,1,0
12530f4b-176.jpg,1683.8747627040032,558.4934638283319,187.8295089213429,117.56235450472558,1683.8747627040032,558.4934638283319,187.8295089213429,117.56235450472558,0,0,0,0,0,0,0,0,1,0,1,0,1,0
12530f4b-176.jpg,1739.2777113786444,658.489029728903,108.77896020264784,123.64316594462512,1739.2777113786444,658.489029728903,108.77896020264784,123.64316594462512,2,1,1,0,0,0,0,0,1,0,1,0,1,0
12530f4b-176.jpg,1631.8500392584062,672.677617652109,114.85977164254804,147.2909612660971,1631.8500392584062,672.677617652109,114.85977164254804,147.2909612660971,0,0,0,0,0,0,0,0,1,0,1,0,1,0
3ab2bfb1-172.jpg,174.1525455388207,904.625401950056,286.87173871728106,274.2817564538268,174.1525455388207,904.625401950056,286.87173871728106,274.2817564538268,4,2,1,0,1,0,0,0,1,0,1,0,1,0
3ab2bfb1-172.jpg,229.00889682958567,609.6600041913189,298.5624365333452,307.5553800221906,229.00889682958567,609.6600041913189,298.5624365333452,307.5553800221906,2,1,1,0,0,0,0,0,1,0,1,0,1,0
3ab2bfb1-172.jpg,360.304426148467,455.8824627026478,253.598214163866,217.6268362682822,360.304426148467,455.8824627026478,253.598214163866,217.6268362682822,2,1,1,0,0,0,0,0,1,0,1,0,1,0
3ab2bfb1-172.jpg,461.0242263139296,280.5218469392515,196.0440674731012,212.231278106368,461.0242263139296,280.5218469392515,196.0440674731012,212.231278106368,0,0,0,0,0,0,0,0,1,0,1,0,1,0
3ab2bfb1-172.jpg,606.7083647332163,190.64830284659428,184.3533117148673,164.569053872296,606.7083647332163,190.64830284659428,184.3533117148673,164.569053872296,0,0,0,0,0,0,0,0,1,0,1,0,1,0
3ab2bfb1-172.jpg,716.4210673147471,122.30268484498502,156.47549384578952,122.302684844985,716.4210673147471,122.30268484498502,156.47549384578952,122.302684844985,0,0,0,0,0,0,0,0,1,0,1,0,1,0
3ab2bfb1-172.jpg,883.6879745292119,130.39624487149138,160.9719160827376,125.0005381871538,883.6879745292119,130.39624487149138,160.9719160827376,125.0005381871538,0,0,0,0,0,0,0,0,1,0,1,0,1,0
3ab2bfb1-172.jpg,1030.271339453716,116.00769371325784,168.1661916618542,119.60483150281622,1030.271339453716,116.00769371325784,168.1661916618542,119.60483150281622,0,0,0,0,0,0,0,0,1,0,1,0,1,0
3ab2bfb1-172.jpg,1179.552557720387,158.27395134875024,175.36046724097093,121.40351178941344,1179.552557720387,158.27395134875024,175.36046724097093,121.40351178941344,0,0,0,0,0,0,0,0,1,0,1,0,1,0
3ab2bfb1-172.jpg,1276.6752780384606,221.22368938985983,205.0368540048268,167.2671918824444,1276.6752780384606,221.22368938985983,205.0368540048268,167.2671918824444,0,0,0,0,0,0,0,0,1,0,1,0,1,0
3ab2bfb1-172.jpg,1389.385860222464,330.0373921919816,200.54043176787985,214.02969847872373,1389.385860222464,330.0373921919816,200.54043176787985,214.02969847872373,3,2,1,0,1,0,0,0,1,0,1,0,1,0
3ab2bfb1-172.jpg,1410.0694025124246,507.19642832773206,256.296067506035,232.9146718739053,1410.0694025124246,507.19642832773206,256.296067506035,232.9146718739053,3,2,1,0,1,0,0,0,1,0,1,0,1,0
3ab2bfb1-172.jpg,1482.0121583035923,666.3697755156905,330.9366766393711,321.94383216547527,1482.0121583035923,666.3697755156905,330.9366766393711,321.94383216547527,2,1,1,0,0,0,0,0,1,0,1,0,1,0
3ab2bfb1-172.jpg,1553.0556296473708,947.4804966232782,316.5481254811377,290.46887650683936,1553.0556296473708,947.4804966232782,316.5481254811377,290.46887650683936,3,2,1,0,1,0,0,0,1,0,1,0,1,0
3ab2bfb1-172.jpg,171.1338303382402,1177.3376013760592,244.33558435575327,68.25568955687045,171.1338303382402,1177.3376013760592,244.33558435575327,68.25568955687045,3,2,1,0,1,0,0,0,1,0,1,0,1,0
3ab2bfb1-172.jpg,322.4834028339092,1255.485419854215,82.13343957444721,43.474990391664775,322.4834028339092,1255.485419854215,82.13343957444721,43.474990391664775,0,0,0,0,0,0,0,0,1,0,1,0,1,0
3ab2bfb1-172.jpg,406.5664986648365,1243.6148651486726,119.69475994755528,53.41749617494193,406.5664986648365,1243.6148651486726,119.69475994755528,53.41749617494193,0,0,0,0,0,0,0,0,1,0,1,0,1,0
3ab2bfb1-172.jpg,526.2612586123917,1213.938478384816,126.61925019245524,55.39592195919895,526.2612586123917,1213.938478384816,126.61925019245524,55.39592195919895,0,0,0,0,0,0,0,0,1,0,1,0,1,0
3ab2bfb1-172.jpg,643.9775927756899,1201.0787107871445,159.26327563269737,59.35277352771333,643.9775927756899,1201.0787107871445,159.26327563269737,59.35277352771333,0,0,0,0,0,0,0,0,1,0,1,0,1,0
3ab2bfb1-172.jpg,759.7155011547309,1208.9924139241732,243.3463714636248,69.24490244899896,759.7155011547309,1208.9924139241732,243.3463714636248,69.24490244899896,0,0,0,0,0,0,0,0,1,0,1,0,1,0
3ab2bfb1-172.jpg,999.351806838438,1237.7587248272712,160.39097832972416,38.30232318321748,999.351806838438,1237.7587248272712,160.39097832972416,38.30232318321748,0,0,0,0,0,0,0,0,1,0,1,0,1,0
3ab2bfb1-172.jpg,1137.000780778127,1225.7892488325156,155.60318793182205,73.01380356800874,1137.000780778127,1225.7892488325156,155.60318793182205,73.01380356800874,0,0,0,0,0,0,0,0,1,0,1,0,1,0
3ab2bfb1-172.jpg,1298.5887067073263,1244.9404104241244,112.51307435070204,51.46874677744881,1298.5887067073263,1244.9404104241244,112.51307435070204,51.46874677744881,0,0,0,0,0,0,0,0,1,0,1,0,1,0
3ab2bfb1-172.jpg,1599.02255417569,1248.5312532225512,214.28843143473443,51.46874677744881,1599.02255417569,1248.5312532225512,214.28843143473443,51.46874677744881,3,2,1,0,1,0,0,0,1,0,1,0,1,0
34991c11-89.jpg,178.4313409649916,796.5689563466501,336.1523792726814,272.428400109494,178.4313409649916,796.5689563466501,336.1523792726814,272.428400109494,5,3,1,0,1,0,1,0,1,0,1,0,1,0
34991c11-89.jpg,158.6532583680005,1012.2289768353291,317.4474099285273,259.8932052955931,158.6532583680005,1012.2289768353291,317.4474099285273,259.8932052955931,2,1,1,0,0,0,0,0,1,0,1,0,1,0
34991c11-89.jpg,133.47329384109182,1232.55366644578,272.4831875590476,66.54704910682992,133.47329384109182,1232.55366644578,272.4831875590476,66.54704910682992,1,1,1,0,0,0,0,0,1,0,1,0,1,0
34991c11-89.jpg,278.258089870816,620.1408216279095,261.69177419037135,192.44700788692663,278.258089870816,620.1408216279095,261.69177419037135,192.44700788692663,1,1,1,0,0,0,0,0,1,0,1,0,1,0
34991c11-89.jpg,334.9129699425504,424.9961336749727,276.97964990980466,229.31763309929528,334.9129699425504,424.9961336749727,276.97964990980466,229.31763309929528,1,1,1,0,0,0,0,0,1,0,1,0,1,0
34991c11-89.jpg,432.0357303744378,251.7996452690868,198.74186287310067,203.23828511004868,432.0357303744378,251.7996452690868,198.74186287310067,203.23828511004868,1,1,1,0,0,0,0,0,1,0,1,0,1,0
34991c11-89.jpg,603.7990598258505,160.9719160827376,179.85688947791928,182.554742820088,603.7990598258505,160.9719160827376,179.85688947791928,182.554742820088,1,1,1,0,0,0,0,0,1,0,1,0,1,0
34991c11-89.jpg,760.27455367164,92.62629808112835,245.50465413735964,187.05116505703592,760.27455367164,92.62629808112835,245.50465413735964,187.05116505703592,2,1,1,0,0,0,0,0,1,0,1,0,1,0
34991c11-89.jpg,1006.6784922563866,92.62603816688502,240.1089474530208,185.2528560764992,1006.6784922563866,92.62603816688502,240.1089474530208,185.2528560764992,2,1,1,0,0,0,0,0,1,0,1,0,1,0
34991c11-89.jpg,1390.6729512917448,267.9867653220992,170.86412968873637,186.151880609646,1390.6729512917448,267.9867653220992,170.86412968873637,186.151880609646,4,2,1,0,1,0,0,0,1,0,1,0,1,0
34991c11-89.jpg,1253.0824308411345,124.10110521733944,179.85688947791866,171.76347797383676,1253.0824308411345,124.10110521733944,179.85688947791866,171.76347797383676,2,1,1,0,0,0,0,0,1,0,1,0,1,0
34991c11-89.jpg,1187.434666181698,286.871738717281,201.4397162152692,219.42540516306136,1187.434666181698,286.871738717281,201.4397162152692,219.42540516306136,1,1,1,0,0,0,0,0,1,0,1,0,1,0
34991c11-89.jpg,1369.6016023798927,425.3615436152788,276.97960979599515,221.22397405784048,1369.6016023798927,425.3615436152788,276.97960979599515,221.22397405784048,1,1,1,0,0,0,0,0,1,0,1,0,1,0
34991c11-89.jpg,1467.623607145359,607.0170019879771,270.68461866426816,196.94329397832144,1467.623607145359,607.0170019879771,270.68461866426816,196.94329397832144,1,1,1,0,0,0,0,0,1,0,1,0,1,0
34991c11-89.jpg,1499.9978472513842,762.5932113863771,311.1524187968004,312.95098769157937,1499.9978472513842,762.5932113863771,311.1524187968004,312.95098769157937,4,2,1,0,1,0,0,0,1,0,1,0,1,0
34991c11-89.jpg,1557.5520518843111,988.8475812031966,316.548156680768,302.1597723528053,1557.5520518843111,988.8475812031966,316.548156680768,302.1597723528053,4,2,1,0,1,0,0,0,1,0,1,0,1,0
bdabc327-133.jpg,164.09313725490202,106.7401960784314,286.764705882353,317.0343137254902,164.09313725490202,106.7401960784314,286.764705882353,317.0343137254902,1,1,1,0,0,0,0,0,1,0,1,0,1,0
bdabc327-133.jpg,250.6761374827593,397.9957133148297,321.04461457443733,322.8431166128637,250.6761374827593,397.9957133148297,321.04461457443733,322.8431166128637,3,2,1,0,1,0,0,0,1,0,1,0,1,0
bdabc327-133.jpg,358.59027116951097,694.7595809533957,241.00828092840283,237.41109411085264,358.59027116951097,694.7595809533957,241.00828092840283,237.41109411085264,1,1,1,0,0,0,0,0,1,0,1,0,1,0
bdabc327-133.jpg,506.9721381324432,869.2206152245523,214.02976533507297,195.14487360596573,506.9721381324432,869.2206152245523,214.02976533507297,195.14487360596573,2,1,1,0,0,0,0,0,1,0,1,0,1,0
bdabc327-133.jpg,847.8010105494516,1011.3077064345356,162.7704849775168,163.66976942490652,847.8010105494516,1011.3077064345356,162.7704849775168,163.66976942490652,0,0,0,0,0,0,0,0,1,0,1,0,1,0
bdabc327-133.jpg,673.3398277558699,982.5306041180684,176.25975168836092,171.76332945141286,673.3398277558699,982.5306041180684,176.25975168836092,171.76332945141286,0,0,0,0,0,0,0,0,1,0,1,0,1,0
bdabc327-133.jpg,1014.1686333165268,996.0418567823164,173.56189834619215,180.7561739253087,1014.1686333165268,996.0418567823164,173.56189834619215,180.7561739253087,0,0,0,0,0,0,0,0,1,0,1,0,1,0
bdabc327-133.jpg,1176.9391182940435,964.5669011236804,178.9576050305297,181.6554583726985,1176.9391182940435,964.5669011236804,178.9576050305297,181.6554583726985,0,0,0,0,0,0,0,0,1,0,1,0,1,0
bdabc327-133.jpg,1291.1482431125226,826.0770962256827,209.53327624177567,251.7996452690868,1291.1482431125226,826.0770962256827,209.53327624177567,251.7996452690868,0,0,0,0,0,0,0,0,1,0,1,0,1,0
bdabc327-133.jpg,1400.177273591139,662.4073268007766,245.50465413735992,259.89320529559296,1400.177273591139,662.4073268007766,245.50465413735992,259.89320529559296,0,0,0,0,0,0,0,0,1,0,1,0,1,0
bdabc327-133.jpg,1596.221283122071,99.45526273488952,258.0946364008139,312.95098769157926,1596.221283122071,99.45526273488952,258.0946364008139,312.95098769157926,2,1,1,0,0,0,0,0,1,0,1,0,1,0
bdabc327-133.jpg,1433.4507981445508,365.643459162209,317.44749461324113,338.1309522184874,1433.4507981445508,365.643459162209,317.44749461324113,338.1309522184874,1,1,1,0,0,0,0,0,1,0,1,0,1,0
f23e51b4-209.jpg,180.4329362153028,523.2048213220698,163.66976942490643,75.53989358072602,180.4329362153028,523.2048213220698,163.66976942490643,75.53989358072602,1,1,1,0,0,0,0,0,1,0,1,0,1,0
f23e51b4-209.jpg,207.41146963699063,596.046861560627,165.46833831968564,108.81341813414106,207.41146963699063,596.046861560627,165.46833831968564,108.81341813414106,1,1,1,0,0,0,0,0,1,0,1,0,1,0
f23e51b4-209.jpg,349.49841232454685,518.7083990851218,175.3604672409712,132.1948137662705,349.49841232454685,518.7083990851218,175.3604672409712,132.1948137662705,2,1,1,0,0,0,0,0,1,0,1,0,1,0
f23e51b4-209.jpg,365.6855323775591,646.4067906144438,241.9075163478009,159.17350808725263,365.6855323775591,646.4067906144438,241.9075163478009,159.17350808725263,1,1,1,0,0,0,0,0,1,0,1,0,1,0
f23e51b4-209.jpg,514.9667506442324,502.5212790321092,167.26690721446494,194.2454406361526,514.9667506442324,502.5212790321092,167.26690721446494,194.2454406361526,1,1,1,0,0,0,0,0,1,0,1,0,1,0
f23e51b4-209.jpg,608.4923331727505,658.9967728778989,161.87120053012728,169.06547610924386,608.4923331727505,658.9967728778989,161.87120053012728,169.06547610924386,1,1,1,0,0,0,0,0,1,0,1,0,1,0
f23e51b4-209.jpg,680.4350889639138,507.01750323915735,199.64114732048904,193.34635421865937,680.4350889639138,507.01750323915735,199.64114732048904,193.34635421865937,1,1,1,0,0,0,0,0,1,0,1,0,1,0
f23e51b4-209.jpg,779.3563781767723,659.8960573252873,211.33184513655456,215.82844064966605,779.3563781767723,659.8960573252873,211.33184513655456,215.82844064966605,1,1,1,0,0,0,0,0,1,0,1,0,1,0
f23e51b4-209.jpg,862.9898317840059,489.032012321265,228.41824963695728,248.2025074795285,862.9898317840059,489.032012321265,228.41824963695728,248.2025074795285,1,1,1,0,0,0,0,0,1,0,1,0,1,0
f23e51b4-209.jpg,981.6953788394328,693.1695818787035,185.25259616225668,194.2454406361526,981.6953788394328,693.1695818787035,185.25259616225668,194.2454406361526,0,0,0,0,0,0,0,0,1,0,1,0,1,0
f23e51b4-209.jpg,1085.1130902892355,470.1470389260831,214.02971630708444,249.1017919269176,1085.1130902892355,470.1470389260831,214.02971630708444,249.1017919269176,1,1,1,0,0,0,0,0,1,0,1,0,1,0
f23e51b4-209.jpg,1299.142788767954,441.3697138259795,231.1161029791253,274.2819792374623,1299.142788767954,441.3697138259795,231.1161029791253,274.2819792374623,2,1,1,0,0,0,0,0,1,0,1,0,1,0
f23e51b4-209.jpg,1531.4728029100183,429.67923879355135,217.62685855373363,285.9724542698911,1531.4728029100183,429.67923879355135,217.62685855373363,285.9724542698911,2,1,1,0,0,0,0,0,1,0,1,0,1,0
f23e51b4-209.jpg,1173.557592848959,672.4860395887417,157.3748050357215,168.16619166185407,1173.557592848959,672.4860395887417,157.3748050357215,168.16619166185407,0,0,0,0,0,0,0,0,1,0,1,0,1,0
f23e51b4-209.jpg,1334.5295089316987,688.6731596417555,130.39624487149126,138.48980489799771,1334.5295089316987,688.6731596417555,130.39624487149126,138.48980489799771,1,1,1,0,0,0,0,0,1,0,1,0,1,0
f23e51b4-209.jpg,1458.630762671458,694.9681507734804,151.0797470476427,181.6555202570428,1458.630762671458,694.9681507734804,151.0797470476427,181.6555202570428,1,1,1,0,0,0,0,0,1,0,1,0,1,0
f23e51b4-209.jpg,1600.717705359019,707.5581330369367,85.43202250201176,151.97907160884162,1600.717705359019,707.5581330369367,85.43202250201176,151.97907160884162,1,1,1,0,0,0,0,0,1,0,1,0,1,0
f23e51b4-209.jpg,1718.5239679670565,448.5642121887335,99.82057366024492,240.10894745302204,1718.5239679670565,448.5642121887335,99.82057366024492,240.10894745302204,1,1,1,0,0,0,0,0,1,0,1,0,1,0
f23e51b4-209.jpg,1818.3445416273007,440.470652162227,89.02916029156984,241.90751634780145,1818.3445416273007,440.470652162227,89.02916029156984,241.90751634780145,1,1,1,0,0,0,0,0,1,0,1,0,1,0
f23e51b4-209.jpg,1684.3511589662476,683.2774529574173,111.51127147630989,188.8498453436341,1684.3511589662476,683.2774529574173,111.51127147630989,188.8498453436341,1,1,1,0,0,0,0,0,1,0,1,0,1,0
f23e51b4-209.jpg,1796.7617148899506,684.1767374048075,33.27352455341526,156.47549384578954,1796.7617148899506,684.1767374048075,33.27352455341526,156.47549384578954,1,1,1,0,0,0,0,0,1,0,1,0,1,0
0ceb614e-61.jpg,10.26144181346963,379.16666666666725,43.90522485319721,214.37104524296413,10.26144181346963,379.16666666666725,43.90522485319721,214.37104524296413,0,0,0,0,0,0,0,0,1,0,1,0,1,0
0ceb614e-61.jpg,31.841782919584418,388.7997451464768,70.14421744604104,177.20644407420883,31.841782919584418,388.7997451464768,70.14421744604104,177.20644407420883,0,0,0,0,0,0,0,0,1,0,1,0,1,0
0ceb614e-61.jpg,37.84095941168003,350.4972534584042,218.7391266395753,262.117922354717,37.84095941168003,350.4972534584042,218.7391266395753,262.117922354717,0,0,0,0,0,0,0,0,1,0,1,0,1,0
0ceb614e-61.jpg,215.047403485889,384.64646911348746,221.04657997798452,261.656390078324,215.047403485889,384.64646911348746,221.04657997798452,261.656390078324,0,0,0,0,0,0,0,0,1,0,1,0,1,0
0ceb614e-61.jpg,89.11091342315088,597.898647972276,31.88372131654024,134.07513579263065,89.11091342315088,597.898647972276,31.88372131654024,134.07513579263065,0,0,0,0,0,0,0,0,1,0,1,0,1,0
0ceb614e-61.jpg,125.8998226345434,613.4317429726416,45.781753685288514,116.08944684483885,125.8998226345434,613.4317429726416,45.781753685288514,116.08944684483885,0,0,0,0,0,0,0,0,1,0,1,0,1,0
0ceb614e-61.jpg,177.81274842598407,612.2604272736221,98.27574044282176,129.60120033751417,177.81274842598407,612.2604272736221,98.27574044282176,129.60120033751417,1,1,1,0,0,0,0,0,1,0,1,0,1,0
0ceb614e-61.jpg,286.53024975982567,627.616011717813,99.504223729387,119.15941136903244,286.53024975982567,627.616011717813,99.504223729387,119.15941136903244,1,1,1,0,0,0,0,0,1,0,1,0,1,0
0ceb614e-61.jpg,408.1465150888474,407.723780416395,214.3639588409048,221.12067805695284,408.1465150888474,407.723780416395,214.3639588409048,221.12067805695284,0,0,0,0,0,0,0,0,1,0,1,0,1,0
0ceb614e-61.jpg,385.4202166246676,611.0319805180867,148.64209090654512,170.1399432701778,385.4202166246676,611.0319805180867,148.64209090654512,170.1399432701778,0,0,0,0,0,0,0,0,1,0,1,0,1,0
0ceb614e-61.jpg,616.3682401520765,428.607637321099,226.0341664874596,243.2324575959836,616.3682401520765,428.607637321099,226.0341664874596,243.2324575959836,4,2,1,0,1,0,0,0,1,0,1,0,1,0
0ceb614e-61.jpg,534.0623075312133,587.0772687851495,181.81011981922012,243.8468923129477,534.0623075312133,587.0772687851495,181.81011981922012,243.8468923129477,4,2,1,0,1,0,0,0,1,0,1,0,1,0
0ceb614e-61.jpg,829.503752237446,467.303566409806,211.29284195206665,239.5472610400317,829.503752237446,467.303566409806,211.29284195206665,239.5472610400317,4,2,1,0,1,0,0,0,1,0,1,0,1,0
0ceb614e-61.jpg,714.6439805948984,618.4026610512987,201.4652679077845,222.34898110183423,714.6439805948984,618.4026610512987,201.4652679077845,222.34898110183423,4,2,1,0,1,0,0,0,1,0,1,0,1,0
0ceb614e-61.jpg,1029.7405733896949,517.0558037196384,178.73900293038218,184.2670133302907,1029.7405733896949,517.0558037196384,178.73900293038218,184.2670133302907,0,0,0,0,0,0,0,0,1,0,1,0,1,0
0ceb614e-61.jpg,930.236386191338,666.3120845171737,171.98254577493813,171.98254577493816,930.236386191338,666.3120845171737,171.98254577493813,171.98254577493816,0,0,0,0,0,0,0,0,1,0,1,0,1,0
0ceb614e-61.jpg,1205.40845943124,534.8681295106782,217.4350757297433,149.87065633952497,1205.40845943124,534.8681295106782,217.4350757297433,149.87065633952497,0,0,0,0,0,0,0,0,1,0,1,0,1,0
0ceb614e-61.jpg,1108.3611413899343,661.3983059486014,254.2884753515491,157.24142986198368,1108.3611413899343,661.3983059486014,254.2884753515491,157.24142986198368,2,1,1,0,0,0,0,0,1,0,1,0,1,0
0ceb614e-61.jpg,1424.0719453854877,571.1074609631903,65.10771457439951,95.20462355398357,1424.0719453854877,571.1074609631903,65.10771457439951,95.20462355398357,1,1,1,0,0,0,0,0,1,0,1,0,1,0
0ceb614e-61.jpg,1369.406101295198,647.8853831841449,116.7024417758509,117.930888531386,1369.406101295198,647.8853831841449,116.7024417758509,117.930888531386,0,0,0,0,0,0,0,0,1,0,1,0,1,0
8ac2e22a-35.jpg,116.299019607843,12.74509803921569,352.083514941493,366.421568627451,116.299019607843,12.74509803921569,352.083514941493,366.421568627451,2,1,1,0,0,0,0,0,1,0,1,0,1,0
8ac2e22a-35.jpg,263.75601510162414,318.95190456493026,347.1149278887273,343.8504013038849,263.75601510162414,318.95190456493026,347.1149278887273,343.8504013038849,4,2,1,0,1,0,0,0,1,0,1,0,1,0
8ac2e22a-35.jpg,341.0135419768649,649.7446956927198,241.5657882577932,242.65392243913448,341.0135419768649,649.7446956927198,241.5657882577932,242.65392243913448,2,1,1,0,0,0,0,0,1,0,1,0,1,0
8ac2e22a-35.jpg,435.6812157535677,845.15991219929,223.0675071749892,227.4200439003548,435.6812157535677,845.15991219929,223.0675071749892,227.4200439003548,2,1,1,0,0,0,0,0,1,0,1,0,1,0
8ac2e22a-35.jpg,591.2844036853895,964.8546721468452,177.3658715586501,205.6573602735268,591.2844036853895,964.8546721468452,177.3658715586501,205.6573602735268,0,0,0,0,0,0,0,0,1,0,1,0,1,0
8ac2e22a-35.jpg,746.8875916172113,1030.1427230273298,152.33878538779763,193.6878842787713,746.8875916172113,1030.1427230273298,152.33878538779763,193.6878842787713,0,0,0,0,0,0,0,0,1,0,1,0,1,0
8ac2e22a-35.jpg,894.8738402796422,1034.495259752695,168.66084664563024,211.0980311802335,894.8738402796422,1034.495259752695,168.66084664563024,211.0980311802335,1,1,1,0,0,0,0,0,1,0,1,0,1,0
8ac2e22a-35.jpg,1034.155015491344,1021.4376495765986,191.5116159160884,211.0980311802339,1034.155015491344,1021.4376495765986,191.5116159160884,211.0980311802339,1,1,1,0,0,0,0,0,1,0,1,0,1,0
8ac2e22a-35.jpg,1182.141264153776,950.7089277894067,221.9793729936476,237.21325153242768,1182.141264153776,950.7089277894067,221.9793729936476,237.21325153242768,1,1,1,0,0,0,0,0,1,0,1,0,1,0
8ac2e22a-35.jpg,1301.8360241013277,826.6619006846869,247.00645916449983,231.7723110575185,1301.8360241013277,826.6619006846869,247.00645916449983,231.7723110575185,2,1,1,0,0,0,0,0,1,0,1,0,1,0
8ac2e22a-35.jpg,1394.9973951741742,319.5910277313325,355.819877298641,340.5860736399171,1394.9973951741742,319.5910277313325,355.819877298641,340.5860736399171,3,2,1,0,1,0,0,0,1,0,1,0,1,0
8ac2e22a-35.jpg,1383.0279191794198,639.5025519257633,263.32847188462125,239.38951989511028,1383.0279191794198,639.5025519257633,263.32847188462125,239.38951989511028,2,1,1,0,0,0,0,0,1,0,1,0,1,0
8ac2e22a-35.jpg,1551.6887172873387,32.64402544024239,306.8538391382773,351.4673405732757,1551.6887172873387,32.64402544024239,306.8538391382773,351.4673405732757,3,2,1,0,1,0,0,0,1,0,1,0,1,0
e5ba03d3-75.jpg,71.69117647058823,938.357843137255,294.7303921568628,283.578431372549,71.69117647058823,938.357843137255,294.7303921568628,283.578431372549,3,2,1,0,1,0,0,0,1,0,1,0,1,0
e5ba03d3-75.jpg,44.0649379220902,1200.1794263397546,269.7853342168787,89.92844473895944,44.0649379220902,1200.1794263397546,269.7853342168787,89.92844473895944,2,1,1,0,0,0,0,0,1,0,1,0,1,0
e5ba03d3-75.jpg,123.20191580729374,695.6808513541889,321.0446012031657,308.4545654546306,123.20191580729374,695.6808513541889,321.0446012031657,308.4545654546306,2,1,1,0,0,0,0,0,1,0,1,0,1,0
e5ba03d3-75.jpg,231.1161029791261,526.6153752449476,252.6989297164764,202.3390006626589,231.1161029791261,526.6153752449476,252.6989297164764,202.3390006626589,3,2,1,0,1,0,0,0,1,0,1,0,1,0
e5ba03d3-75.jpg,305.75671211246265,350.3556235565867,255.3967830586452,214.9289829261133,305.75671211246265,350.3556235565867,255.3967830586452,214.9289829261133,3,2,1,0,1,0,0,0,1,0,1,0,1,0
e5ba03d3-75.jpg,433.45505907088375,196.043898139113,200.5404763387792,205.0369653966453,433.45505907088375,196.043898139113,200.5404763387792,205.0369653966453,1,1,1,0,0,0,0,0,1,0,1,0,1,0
e5ba03d3-75.jpg,578.2398996715087,93.52569392033648,189.7490183992042,183.45391587565845,578.2398996715087,93.52569392033648,189.7490183992042,183.45391587565845,1,1,1,0,0,0,0,0,1,0,1,0,1,0
e5ba03d3-75.jpg,768.888202518103,57.55429127101522,210.4325606891649,181.65537173461684,768.888202518103,57.55429127101522,210.4325606891649,181.65537173461684,1,1,1,0,0,0,0,0,1,0,1,0,1,0
e5ba03d3-75.jpg,1010.795683209185,52.158497948596505,220.32472526716955,184.3533117148669,1010.795683209185,52.158497948596505,220.32472526716955,184.3533117148669,1,1,1,0,0,0,0,0,1,0,1,0,1,0
e5ba03d3-75.jpg,1221.2282349841655,106.1152925008601,179.85693404881752,184.35358400597804,1221.2282349841655,106.1152925008601,179.85693404881752,184.35358400597804,1,1,1,0,0,0,0,0,1,0,1,0,1,0
e5ba03d3-75.jpg,1343.530964400053,212.2310181921255,189.74907634137656,203.2383965018661,1343.530964400053,212.2310181921255,189.74907634137656,203.2383965018661,1,1,1,0,0,0,0,0,1,0,1,0,1,0
e5ba03d3-75.jpg,1398.387315690817,375.0014041546918,249.10185432618013,215.82847778026965,1398.387315690817,375.0014041546918,249.10185432618013,215.82847778026965,4,2,1,0,1,0,0,0,1,0,1,0,1,0
e5ba03d3-75.jpg,1478.4236315084918,716.7297045695053,316.548263650933,298.56243653334474,1478.4236315084918,716.7297045695053,316.548263650933,298.56243653334474,2,1,1,0,0,0,0,0,1,0,1,0,1,0
e5ba03d3-75.jpg,1454.1429514289764,551.2613662498222,238.3103785582429,203.23828511004868,1454.1429514289764,551.2613662498222,238.3103785582429,203.23828511004868,1,1,1,0,0,0,0,0,1,0,1,0,1,0
e5ba03d3-75.jpg,1546.7606385156414,957.3726255445616,315.64879200575893,297.6631520859554,1546.7606385156414,957.3726255445616,315.64879200575893,297.6631520859554,2,1,1,0,0,0,0,0,1,0,1,0,1,0
23b77e22-79.jpg,842.7696078431374,447.6715686274513,95.58829056616628,242.15686274509812,842.7696078431374,447.6715686274513,95.58829056616628,242.15686274509812,0,0,0,0,0,0,0,0,1,0,1,0,1,0
23b77e22-79.jpg,839.5833333333336,675.4901960784315,39.82843137254903,202.32843137254903,839.5833333333336,675.4901960784315,39.82843137254903,202.32843137254903,0,0,0,0,0,0,0,0,1,0,1,0,1,0
23b77e22-79.jpg,858.700980392157,659.5588235294117,103.55392156862747,221.4460784313727,858.700980392157,659.5588235294117,103.55392156862747,221.4460784313727,1,1,1,0,0,0,0,0,1,0,1,0,1,0
23b77e22-79.jpg,922.4264705882354,270.83333333333326,154.53431372549034,409.4362745098039,922.4264705882354,270.83333333333326,154.53431372549034,409.4362745098039,1,1,1,0,0,0,0,0,1,0,1,0,1,0
23b77e22-79.jpg,944.7303921568628,656.3725490196077,58.946078431372655,203.92156862745097,944.7303921568628,656.3725490196077,58.946078431372655,203.92156862745097,1,1,1,0,0,0,0,0,1,0,1,0,1,0
23b77e22-79.jpg,1061.0294117647068,234.1911764705883,105.14711409557736,393.5049019607841,1061.0294117647068,234.1911764705883,105.14711409557736,393.5049019607841,1,1,1,0,0,0,0,0,1,0,1,0,1,0
3a24f1fc-221.jpg,103.86735367349836,443.7263362825072,138.48980489799777,215.6484104840251,103.86735367349836,443.7263362825072,138.48980489799777,215.6484104840251,1,1,1,0,0,0,0,0,1,0,1,0,1,0
3a24f1fc-221.jpg,253.23850038491025,394.2656916760794,115.73790837904106,344.2460864607374,253.23850038491025,394.2656916760794,115.73790837904106,344.2460864607374,3,2,1,0,1,0,0,0,1,0,1,0,1,0
3a24f1fc-221.jpg,375.9008990088512,428.8881429005787,127.60846308458368,319.5157641575236,375.9008990088512,428.8881429005787,127.60846308458368,319.5157641575236,3,2,1,0,1,0,0,0,1,0,1,0,1,0
3a24f1fc-221.jpg,129.5868888688408,676.1913659327176,153.32799827992616,175.0906819067545,129.5868888688408,676.1913659327176,153.32799827992616,175.0906819067545,2,1,1,0,0,0,0,0,1,0,1,0,1,0
3a24f1fc-221.jpg,284.8933129330241,720.7059460785038,184.9828108280399,212.68112578608435,284.8933129330241,720.7059460785038,184.9828108280399,212.68112578608435,2,1,1,0,0,0,0,0,1,0,1,0,1,0
3a24f1fc-221.jpg,502.5201492013064,439.7694847139929,168.16626520384074,310.6128481283664,502.5201492013064,439.7694847139929,168.16626520384074,310.6128481283664,3,2,1,0,1,0,0,0,1,0,1,0,1,0
3a24f1fc-221.jpg,664.7510635103894,386.3519885390509,196.8533655335827,319.5157641575235,664.7510635103894,386.3519885390509,196.8533655335827,319.5157641575235,2,1,1,0,0,0,0,0,1,0,1,0,1,0
3a24f1fc-221.jpg,470.8653366531926,732.5765007840453,146.40350803502622,264.1198421983244,470.8653366531926,732.5765007840453,146.40350803502622,264.1198421983244,1,1,1,0,0,0,0,0,1,0,1,0,1,0
3a24f1fc-221.jpg,597.4845868456476,699.9324753438029,162.23091430908312,300.720719207081,597.4845868456476,699.9324753438029,162.23091430908312,300.720719207081,2,1,1,0,0,0,0,0,1,0,1,0,1,0
3a24f1fc-221.jpg,850.7230872305581,406.1362463816221,206.74549445486804,283.9041000408954,850.7230872305581,406.1362463816221,206.74549445486804,283.9041000408954,2,1,1,0,0,0,0,0,1,0,1,0,1,0
3a24f1fc-221.jpg,759.7155011547309,675.2021530405891,183.0043850437829,361.0627056269229,759.7155011547309,675.2021530405891,183.0043850437829,361.0627056269229,3,2,1,0,1,0,0,0,1,0,1,0,1,0
3a24f1fc-221.jpg,930.8493314929708,685.0942819618747,174.10146901462582,274.01197111960994,930.8493314929708,685.0942819618747,174.10146901462582,274.01197111960994,2,1,1,0,0,0,0,0,1,0,1,0,1,0
3a24f1fc-221.jpg,1024.8245562451837,423.94191506526886,266.09826798258143,299.73166968962005,1024.8245562451837,423.94191506526886,266.09826798258143,299.73166968962005,1,1,1,0,0,0,0,0,1,0,1,0,1,0
3a24f1fc-221.jpg,1291.9120371198935,401.1901819209792,250.2708617085244,302.699144991338,1291.9120371198935,401.1901819209792,250.2708617085244,302.699144991338,1,1,1,0,0,0,0,0,1,0,1,0,1,0
3a24f1fc-221.jpg,1105.940013399726,714.7706687257313,144.42513618155803,219.60526205253905,1105.940013399726,714.7706687257313,144.42513618155803,219.60526205253905,3,2,1,0,1,0,0,0,1,0,1,0,1,0
3a24f1fc-221.jpg,1250.3650956504964,702.9001140201885,161.24176025054172,264.1198421983244,1250.3650956504964,702.9001140201885,161.24176025054172,264.1198421983244,3,2,1,0,1,0,0,0,1,0,1,0,1,0
3a24f1fc-221.jpg,1375.0059200586925,698.9432624516744,123.6516115160694,257.1953519534245,1375.0059200586925,698.9432624516744,123.6516115160694,257.1953519534245,2,1,1,0,0,0,0,0,1,0,1,0,1,0
3a24f1fc-221.jpg,1518.2533215333938,403.1686077052364,186.9612366122965,270.05511955109563,1518.2533215333938,403.1686077052364,186.9612366122965,270.05511955109563,2,1,1,0,0,0,0,0,1,0,1,0,1,0
3a24f1fc-221.jpg,1501.4367023672105,659.3747467665324,164.2094332465207,268.0766937668384,1501.4367023672105,659.3747467665324,164.2094332465207,268.0766937668384,3,2,1,0,1,0,0,0,1,0,1,0,1,0
3a24f1fc-221.jpg,1683.4518745188627,362.6108791279655,152.3387853877975,309.623635236238,1683.4518745188627,362.6108791279655,152.3387853877975,309.623635236238,2,1,1,0,0,0,0,0,1,0,1,0,1,0
3a24f1fc-221.jpg,1639.926507265206,678.1697917169748,86.06152161518452,184.98281082804013,1639.926507265206,678.1697917169748,86.06152161518452,184.98281082804013,2,1,1,0,0,0,0,0,1,0,1,0,1,0
3a24f1fc-221.jpg,1666.6351327827042,673.223727256332,177.06933812256736,266.0982679825812,1666.6351327827042,673.223727256332,177.06933812256736,266.0982679825812,4,2,1,0,1,0,0,0,1,0,1,0,1,0
3a24f1fc-221.jpg,1828.86616966176,386.3519885390509,82.1046700466701,302.6991449913381,1828.86616966176,386.3519885390509,82.1046700466701,302.6991449913381,3,2,1,0,1,0,0,0,1,0,1,0,1,0
3a24f1fc-221.jpg,1905.0355623556588,446.6939749588928,49.46064460642788,214.6591975918966,1905.0355623556588,446.6939749588928,49.46064460642788,214.6591975918966,2,1,1,0,0,0,0,0,1,0,1,0,1,0
8eb089d6-26.jpg,86.18349886114535,460.16711227769633,241.5657882577933,190.42348173474696,86.18349886114535,460.16711227769633,241.5657882577933,190.42348173474696,3,2,1,0,1,0,0,0,1,0,1,0,1,0
8eb089d6-26.jpg,152.55968392297137,650.5905940124434,89.22700286999576,93.5795395953613,152.55968392297137,650.5905940124434,89.22700286999576,93.5795395953613,2,1,1,0,0,0,0,0,1,0,1,0,1,0
8eb089d6-26.jpg,327.7492871189386,379.645182858432,243.7420566204761,287.2674238741324,327.7492871189386,379.645182858432,243.7420566204761,287.2674238741324,3,2,1,0,1,0,0,0,1,0,1,0,1,0
8eb089d6-26.jpg,249.4036260623567,604.8889583961035,122.9591624915794,147.98639842254366,249.4036260623567,604.8889583961035,122.9591624915794,147.98639842254366,1,1,1,0,0,0,0,0,1,0,1,0,1,0
8eb089d6-26.jpg,366.9221176472294,649.5024598311019,139.28117521170066,120.78289412889652,366.9221176472294,649.5024598311019,139.28117521170066,120.78289412889652,1,1,1,0,0,0,0,0,1,0,1,0,1,0
8eb089d6-26.jpg,558.4337335633179,439.4925628322096,208.92176281755096,239.3895198951104,558.4337335633179,439.4925628322096,208.92176281755096,239.3895198951104,2,1,1,0,0,0,0,0,1,0,1,0,1,0
8eb089d6-26.jpg,761.9148254741617,411.2010741173328,288.35555805547386,328.6165227651063,761.9148254741617,411.2010741173328,288.35555805547386,328.6165227651063,2,1,1,0,0,0,0,0,1,0,1,0,1,0
8eb089d6-26.jpg,484.4406092321008,572.2449329558611,192.5997500974294,274.20994848213627,484.4406092321008,572.2449329558611,192.5997500974294,274.20994848213627,2,1,1,0,0,0,0,0,1,0,1,0,1,0
8eb089d6-26.jpg,678.1284935108729,657.1193991004916,178.45400573999143,191.5116159160884,678.1284935108729,657.1193991004916,178.45400573999143,191.5116159160884,2,1,1,0,0,0,0,0,1,0,1,0,1,0
8eb089d6-26.jpg,868.55197524562,710.437973986221,169.74893228926007,114.25408904084804,868.55197524562,710.437973986221,169.74893228926007,114.25408904084804,1,1,1,0,0,0,0,0,1,0,1,0,1,0
8eb089d6-26.jpg,1037.2127733535388,687.5871561780513,166.4845297452358,139.28117521170057,1037.2127733535388,687.5871561780513,166.4845297452358,139.28117521170057,1,1,1,0,0,0,0,0,1,0,1,0,1,0
8eb089d6-26.jpg,1050.270383529636,405.7604032106259,273.1216795166941,325.35212022108186,1050.270383529636,405.7604032106259,273.1216795166941,325.35212022108186,3,2,1,0,1,0,0,0,1,0,1,0,1,0
8eb089d6-26.jpg,1331.0090023157195,374.2045119517248,218.7149704496236,285.0911555114497,1331.0090023157195,374.2045119517248,218.7149704496236,285.0911555114497,3,2,1,0,1,0,0,0,1,0,1,0,1,0
8eb089d6-26.jpg,1225.4599867256009,612.505897665493,184.98287554498924,218.71497044962337,1225.4599867256009,612.505897665493,184.98287554498924,218.71497044962337,2,1,1,0,0,0,0,0,1,0,1,0,1,0
8eb089d6-26.jpg,1403.9139924655944,575.509335499886,192.5997500974296,274.20981369803565,1403.9139924655944,575.509335499886,192.5997500974296,274.20981369803565,2,1,1,0,0,0,0,0,1,0,1,0,1,0
8eb089d6-26.jpg,1531.2256916825395,456.90270973367205,140.369309393042,144.72184611840763,1531.2256916825395,456.90270973367205,140.369309393042,144.72184611840763,1,1,1,0,0,0,0,0,1,0,1,0,1,0
8eb089d6-26.jpg,1558.4290462160748,587.4788114946414,180.6302741026741,213.2742995429166,1558.4290462160748,587.4788114946414,180.6302741026741,213.2742995429166,2,1,1,0,0,0,0,0,1,0,1,0,1,0
8eb089d6-26.jpg,1661.8017934435086,429.6993552001369,152.3387853877975,195.864152641454,1661.8017934435086,429.6993552001369,152.3387853877975,195.864152641454,2,1,1,0,0,0,0,0,1,0,1,0,1,0
8eb089d6-26.jpg,1721.6491734172864,619.0347027535424,126.22356503560384,113.16595485950675,1721.6491734172864,619.0347027535424,126.22356503560384,113.16595485950675,1,1,1,0,0,0,0,0,1,0,1,0,1,0
8eb089d6-26.jpg,1776.055882484357,463.43151482172055,130.57610176096944,162.13199301987024,1776.055882484357,463.43151482172055,130.57610176096944,162.13199301987024,1,1,1,0,0,0,0,0,1,0,1,0,1,0
8eb089d6-26.jpg,1845.48494624952,619.0347027535423,122.95916249157926,112.07782067816537,1845.48494624952,619.0347027535423,122.95916249157926,112.07782067816537,3,2,1,0,1,0,0,0,1,0,1,0,1,0
8eb089d6-26.jpg,1891.1865818658584,442.7569653762338,102.28461304609226,164.308261382553,1891.1865818658584,442.7569653762338,102.28461304609226,164.308261382553,2,1,1,0,0,0,0,0,1,0,1,0,1,0
8eb089d6-26.jpg,1939.0644858448804,574.4212013185444,46.78976979768066,64.19991669914332,1939.0644858448804,574.4212013185444,46.78976979768066,64.19991669914332,1,1,1,0,0,0,0,0,1,0,1,0,1,0
9daf9c36-109.jpg,1026.823494771246,394.1846169003361,105.2162803445826,198.7418628731008,1026.823494771246,394.1846169003361,105.2162803445826,198.7418628731008,1,1,1,0,0,0,0,0,1,0,1,0,1,0
9daf9c36-109.jpg,757.0381605543672,442.7459770593744,100.7198581076348,180.7561739253088,757.0381605543672,442.7459770593744,100.7198581076348,180.7561739253088,0,0,0,0,0,0,0,0,1,0,1,0,1,0
9daf9c36-109.jpg,765.1317205808722,577.638532775995,130.39624487149112,220.32480100226832,765.1317205808722,577.638532775995,130.39624487149112,220.32480100226832,0,0,0,0,0,0,0,0,1,0,1,0,1,0
9daf9c36-109.jpg,839.77232971421,386.9903413212193,190.64830284659425,221.22397405784056,839.77232971421,386.9903413212193,190.64830284659425,221.22397405784056,0,0,0,0,0,0,0,0,1,0,1,0,1,0
9daf9c36-109.jpg,904.520809926261,590.228626431268,99.82057366024492,152.87835605623135,904.520809926261,590.228626431268,99.82057366024492,152.87835605623135,0,0,0,0,0,0,0,0,1,0,1,0,1,0
9daf9c36-109.jpg,1001.6435302443366,556.0558174304631,79.13704919864516,185.2525961622564,1001.6435302443366,556.0558174304631,79.13704919864516,185.2525961622564,0,0,0,0,0,0,0,0,1,0,1,0,1,0
9daf9c36-109.jpg,1110.4569483784787,334.8318433726228,90.82772918634888,256.29606750603483,1110.4569483784787,334.8318433726228,90.82772918634888,256.29606750603483,1,1,1,0,0,0,0,0,1,0,1,0,1,0
9daf9c36-109.jpg,1081.6798282336508,568.6457996939175,50.35994688217757,142.98622713494572,1081.6798282336508,568.6457996939175,50.35994688217757,142.98622713494572,1,1,1,0,0,0,0,0,1,0,1,0,1,0
73533897-238.jpg,740.8088235294116,399.87745098039215,129.04411764705898,215.0735294117647,740.8088235294116,399.87745098039215,129.04411764705898,215.0735294117647,1,1,1,0,0,0,0,0,1,0,1,0,1,0
73533897-238.jpg,863.4803921568628,401.4705882352941,146.56862745098053,203.92156862745097,863.4803921568628,401.4705882352941,146.56862745098053,203.92156862745097,1,1,1,0,0,0,0,0,1,0,1,0,1,0
73533897-238.jpg,756.7401960784314,581.4950980392157,93.9950980392156,138.6029411764706,756.7401960784314,581.4950980392157,93.9950980392156,138.6029411764706,0,0,0,0,0,0,0,0,1,0,1,0,1,0
73533897-238.jpg,842.7696078431375,578.3088235294118,79.65686274509792,127.45098039215677,842.7696078431375,578.3088235294118,79.65686274509792,127.45098039215677,1,1,1,0,0,0,0,0,1,0,1,0,1,0
73533897-238.jpg,919.240196078432,586.2745098039215,65.31865113900108,122.67156862745088,919.240196078432,586.2745098039215,65.31865113900108,122.67156862745088,1,1,1,0,0,0,0,0,1,0,1,0,1,0
73533897-238.jpg,975.0,573.529411764706,81.38221770394189,178.4313725490196,975.0,573.529411764706,81.38221770394189,178.4313725490196,2,1,1,0,0,0,0,0,1,0,1,0,1,0
73533897-238.jpg,997.3039215686276,398.2843137254902,109.92647058823536,216.66666666666663,997.3039215686276,398.2843137254902,109.92647058823536,216.66666666666663,2,1,1,0,0,0,0,0,1,0,1,0,1,0
73533897-238.jpg,1098.6886439031305,432.2091354610708,61.83766538006225,188.74332194362344,1098.6886439031305,432.2091354610708,61.83766538006225,188.74332194362344,1,1,1,0,0,0,0,0,1,0,1,0,1,0
85b9c68d-98.jpg,139.7978550032917,519.5993660193745,229.72629974225129,172.49910763564054,139.7978550032917,519.5993660193745,229.72629974225129,172.49910763564054,1,1,1,0,0,0,0,0,1,0,1,0,1,0
85b9c68d-98.jpg,236.26656242442093,654.4920331278137,244.441863426808,135.7104122065263,236.26656242442093,654.4920331278137,244.441863426808,135.7104122065263,1,1,1,0,0,0,0,0,1,0,1,0,1,0
85b9c68d-98.jpg,331.1001829025326,575.1914954943676,313.1146033560433,167.5939197407882,331.1001829025326,575.1914954943676,313.1146033560433,167.5939197407882,2,1,1,0,0,0,0,0,1,0,1,0,1,0
85b9c68d-98.jpg,524.0375734333918,527.7746791774617,155.3309500036574,140.6153863191004,524.0375734333918,527.7746791774617,155.3309500036574,140.6153863191004,1,1,1,0,0,0,0,0,1,0,1,0,1,0
85b9c68d-98.jpg,635.2218323833782,410.05016970100576,291.8586797437142,291.8586797437143,635.2218323833782,410.05016970100576,291.8586797437142,291.8586797437143,1,1,1,0,0,0,0,0,1,0,1,0,1,0
85b9c68d-98.jpg,474.16816316905886,665.9374715491358,354.80859106098563,166.77651219366692,474.16816316905886,665.9374715491358,354.80859106098563,166.77651219366692,1,1,1,0,0,0,0,0,1,0,1,0,1,0
85b9c68d-98.jpg,595.9803981068602,772.2165426042677,197.02497012380044,159.4187528547864,595.9803981068602,772.2165426042677,197.02497012380044,159.4187528547864,1,1,1,0,0,0,0,0,1,0,1,0,1,0
85b9c68d-98.jpg,811.8085965980623,607.0752168109079,239.536675531956,292.67621105952287,811.8085965980623,607.0752168109079,239.536675531956,292.67621105952287,1,1,1,0,0,0,0,0,1,0,1,0,1,0
85b9c68d-98.jpg,922.1753242322382,495.07326902132905,276.3255847433485,274.69067963551413,922.1753242322382,495.07326902132905,276.3255847433485,274.69067963551413,1,1,1,0,0,0,0,0,1,0,1,0,1,0
85b9c68d-98.jpg,1160.894468448387,406.7800444377707,313.11449395474114,368.7066234297343,1160.894468448387,406.7800444377707,313.11449395474114,368.7066234297343,1,1,1,0,0,0,0,0,1,0,1,0,1,0
85b9c68d-98.jpg,1052.1628034458272,674.1127847072231,221.5509865841641,196.2075157940935,1052.1628034458272,674.1127847072231,221.5509865841641,196.2075157940935,1,1,1,0,0,0,0,0,1,0,1,0,1,0
85b9c68d-98.jpg,1323.9016018261857,711.7192252344246,142.2504489507179,123.44722868711716,1323.9016018261857,711.7192252344246,142.2504489507179,123.44722868711716,0,0,0,0,0,0,0,0,1,0,1,0,1,0
85b9c68d-98.jpg,1783.3542013106824,473.0000135080835,174.95161649316762,228.9088359366346,1783.3542013106824,473.0000135080835,174.95161649316762,228.9088359366346,2,1,1,0,0,0,0,0,1,0,1,0,1,0
85b9c68d-98.jpg,1462.0643941978574,655.3095644436218,164.32385930795542,183.94469232904763,1462.0643941978574,655.3095644436218,164.32385930795542,183.94469232904763,0,0,0,0,0,0,0,0,1,0,1,0,1,0
85b9c68d-98.jpg,1468.604644724326,420.6778742759399,318.0196818495927,343.363355170241,1468.604644724326,420.6778742759399,318.0196818495927,343.363355170241,2,1,1,0,0,0,0,0,1,0,1,0,1,0
85b9c68d-98.jpg,1677.8926453637612,676.5654124097458,147.15563684557026,131.62254184520458,1677.8926453637612,676.5654124097458,147.15563684557026,131.62254184520458,0,0,0,0,0,0,0,0,1,0,1,0,1,0
85b9c68d-98.jpg,1829.135954995976,680.6530352336924,107.09652133294212,109.5491963183688,1829.135954995976,680.6530352336924,107.09652133294212,109.5491963183688,0,0,0,0,0,0,0,0,1,0,1,0,1,0
2824f032-264.jpg,96.84394213938558,419.5405643413927,91.40327123267852,274.20981369803565,96.84394213938558,419.5405643413927,91.40327123267852,274.20981369803565,1,1,1,0,0,0,0,0,1,0,1,0,1,0
2824f032-264.jpg,140.36930939304204,656.7538158738203,77.25752687524016,173.01333483328426,140.36930939304204,656.7538158738203,77.25752687524016,173.01333483328426,2,1,1,0,0,0,0,0,1,0,1,0,1,0
2824f032-264.jpg,153.42691956913893,390.1609414451746,162.13199301987024,285.0911555114497,153.42691956913893,390.1609414451746,162.13199301987024,285.0911555114497,1,1,1,0,0,0,0,0,1,0,1,0,1,0
2824f032-264.jpg,195.864152641454,649.1368766044303,143.63371193706627,206.745494454868,195.864152641454,649.1368766044303,143.63371193706627,206.745494454868,3,2,1,0,1,0,0,0,1,0,1,0,1,0
2824f032-264.jpg,338.41904576779604,667.6351576872337,108.81347745800966,154.5150537504802,338.41904576779604,667.6351576872337,108.81347745800966,154.5150537504802,2,1,1,0,0,0,0,0,1,0,1,0,1,0
2824f032-264.jpg,311.2154431526248,357.5161372523478,242.65480151100496,327.5314886180738,311.2154431526248,357.5161372523478,242.65480151100496,327.5314886180738,1,1,1,0,0,0,0,0,1,0,1,0,1,0
2824f032-264.jpg,446.14438904446456,657.8419500551618,162.13199301987038,180.63027410267404,446.14438904446456,657.8419500551618,162.13199301987038,180.63027410267404,1,1,1,0,0,0,0,0,1,0,1,0,1,0
2824f032-264.jpg,546.2527337278719,377.1031066289098,302.5012323028855,325.3523448612474,546.2527337278719,377.1031066289098,302.5012323028855,325.3523448612474,1,1,1,0,0,0,0,0,1,0,1,0,1,0
2824f032-264.jpg,610.4526504270177,688.3097071327212,159.95572465718735,159.9557246571873,610.4526504270177,688.3097071327212,159.95572465718735,159.9557246571873,1,1,1,0,0,0,0,0,1,0,1,0,1,0
2824f032-264.jpg,783.465985260302,653.489413329796,168.6607981079186,186.07094500938143,783.465985260302,653.489413329796,168.6607981079186,186.07094500938143,1,1,1,0,0,0,0,0,1,0,1,0,1,0
2824f032-264.jpg,837.8726943273695,426.0691897173072,252.44713007120671,254.6235781460227,837.8726943273695,426.0691897173072,252.44713007120671,254.6235781460227,1,1,1,0,0,0,0,0,1,0,1,0,1,0
2824f032-264.jpg,1088.1434859258698,330.31356147139604,227.4201140103777,191.5116159160878,1088.1434859258698,330.31356147139604,227.4201140103777,191.5116159160878,1,1,1,0,0,0,0,0,1,0,1,0,1,0
2824f032-264.jpg,953.2149175495616,596.9064359000423,241.56576668547763,281.8267529674252,953.2149175495616,596.9064359000423,241.56576668547763,281.8267529674252,1,1,1,0,0,0,0,0,1,0,1,0,1,0
2824f032-264.jpg,1272.0382111102772,482.6522270511052,232.8607148070616,223.0676120070665,1272.0382111102772,482.6522270511052,232.8607148070616,223.0676120070665,1,1,1,0,0,0,0,0,1,0,1,0,1,0
2824f032-264.jpg,1173.0180221805272,632.8148638843091,228.5081780816964,224.1556413563307,1173.0180221805272,632.8148638843091,228.5081780816964,224.1556413563307,1,1,1,0,0,0,0,0,1,0,1,0,1,0
2824f032-264.jpg,1490.3867746421429,528.405218926915,173.82521590824155,176.8963327970791,1490.3867746421429,528.405218926915,173.82521590824155,176.8963327970791,1,1,1,0,0,0,0,0,1,0,1,0,1,0
2824f032-264.jpg,1382.8976835328067,683.1895101243592,192.86614061903748,140.65715350878864,1382.8976835328067,683.1895101243592,192.86614061903748,140.65715350878864,1,1,1,0,0,0,0,0,1,0,1,0,1,0
2824f032-264.jpg,1556.1086760632804,640.1938736806251,274.557849862133,162.1550985341737,1556.1086760632804,640.1938736806251,274.557849862133,162.1550985341737,3,2,1,0,1,0,0,0,1,0,1,0,1,0
2824f032-264.jpg,1643.328395706284,473.7393383055954,237.70444719607468,197.77992764117857,1643.328395706284,473.7393383055954,237.70444719607468,197.77992764117857,2,1,1,0,0,0,0,0,1,0,1,0,1,0
2824f032-264.jpg,1801.798027170334,601.4978008812637,84.76282613193348,120.38778204245664,1801.798027170334,601.4978008812637,84.76282613193348,120.38778204245664,0,0,0,0,0,0,0,0,1,0,1,0,1,0
a014d2cc-171.jpg,270.9832466867481,761.0223100518036,272.0335747521476,269.0659066589672,270.9832466867481,761.0223100518036,272.0335747521476,269.0659066589672,4,2,1,0,1,0,0,0,1,0,1,0,1,0
a014d2cc-171.jpg,230.4255475262716,985.5736365649856,275.9903969038671,219.60526205253933,230.4255475262716,985.5736365649856,275.9903969038671,219.60526205253933,3,2,1,0,1,0,0,0,1,0,1,0,1,0
a014d2cc-171.jpg,386.72118448258345,638.3599114278625,220.59447494466795,171.1338303382402,386.72118448258345,638.3599114278625,220.59447494466795,171.1338303382402,3,2,1,0,1,0,0,0,1,0,1,0,1,0
a014d2cc-171.jpg,456.9552998237108,481.0750615794223,227.51896518956772,187.9504495044256,456.9552998237108,481.0750615794223,227.51896518956772,187.9504495044256,3,2,1,0,1,0,0,0,1,0,1,0,1,0
a014d2cc-171.jpg,556.865801928695,299.05988942776787,174.10146901462576,204.76706867061108,556.865801928695,299.05988942776787,174.10146901462576,204.76706867061108,1,1,1,0,0,0,0,0,1,0,1,0,1,0
a014d2cc-171.jpg,678.5389876605076,199.14938732278387,178.05832058313996,165.19855298546875,678.5389876605076,199.14938732278387,178.05832058313996,165.19855298546875,1,1,1,0,0,0,0,0,1,0,1,0,1,0
a014d2cc-171.jpg,842.7483277538474,163.53772320615576,217.62683626828263,149.37114671141194,842.7483277538474,163.53772320615576,217.62683626828263,149.37114671141194,1,1,1,0,0,0,0,0,1,0,1,0,1,0
a014d2cc-171.jpg,1060.37516402213,167.49457477467,223.5621136210536,149.37114671141188,1060.37516402213,167.49457477467,223.5621136210536,149.37114671141188,2,1,1,0,0,0,0,0,1,0,1,0,1,0
a014d2cc-171.jpg,1268.1098713691265,198.16017443065527,185.9720237201684,169.15540455398298,1268.1098713691265,198.16017443065527,185.9720237201684,169.15540455398298,1,1,1,0,0,0,0,0,1,0,1,0,1,0
a014d2cc-171.jpg,1370.9880121504966,327.747063299496,182.0151721516541,187.95044950442568,1370.9880121504966,327.747063299496,182.0151721516541,187.95044950442568,1,1,1,0,0,0,0,0,1,0,1,0,1,0
a014d2cc-171.jpg,1418.470230972668,498.8808936377362,237.4111333332452,183.0043850437829,1418.470230972668,498.8808936377362,237.4111333332452,183.0043850437829,1,1,1,0,0,0,0,0,1,0,1,0,1,0
a014d2cc-171.jpg,1486.5985089852802,664.0794466232048,232.4650296502105,168.16619166185447,1486.5985089852802,664.0794466232048,232.4650296502105,168.16619166185447,2,1,1,0,0,0,0,0,1,0,1,0,1,0
a014d2cc-171.jpg,1511.3288312884936,793.6663354920457,271.0443324432245,275.99039690386707,1511.3288312884936,793.6663354920457,271.0443324432245,275.99039690386707,4,2,1,0,1,0,0,0,1,0,1,0,1,0
a014d2cc-171.jpg,1532.1023020231933,1036.8693706938045,292.80701607005227,229.4973909738249,1532.1023020231933,1036.8693706938045,292.80701607005227,229.4973909738249,3,2,1,0,1,0,0,0,1,0,1,0,1,0
ea63db32-67.jpg,106.7401960784314,463.6029411764706,108.33333333333331,254.90196078431376,106.7401960784314,463.6029411764706,108.33333333333331,254.90196078431376,0,0,0,0,0,0,0,0,1,0,1,0,1,0
ea63db32-67.jpg,187.9901881824245,450.85786506363246,194.36286353814344,299.5098039215685,187.9901881824245,450.85786506363246,194.36286353814344,299.5098039215685,0,0,0,0,0,0,0,0,1,0,1,0,1,0
ea63db32-67.jpg,242.1568627450981,743.9950980392156,43.01470588235297,65.31862745098047,242.1568627450981,743.9950980392156,43.01470588235297,65.31862745098047,0,0,0,0,0,0,0,0,1,0,1,0,1,0
ea63db32-67.jpg,307.47549019607845,739.2156862745098,57.35294117647058,106.74019607843148,307.47549019607845,739.2156862745098,57.35294117647058,106.74019607843148,0,0,0,0,0,0,0,0,1,0,1,0,1,0
ea63db32-67.jpg,376.2653259146717,723.6609753282985,119.58931844078062,156.74985250092385,376.2653259146717,723.6609753282985,119.58931844078062,156.74985250092385,0,0,0,0,0,0,0,0,1,0,1,0,1,0
ea63db32-67.jpg,479.6391471823867,645.9617180406931,158.10115771358878,253.3671433291494,479.6391471823867,645.9617180406931,158.10115771358878,253.3671433291494,1,1,1,0,0,0,0,0,1,0,1,0,1,0
ea63db32-67.jpg,567.4730902031572,456.7809176882614,239.17851967784208,282.4199090975588,567.4730902031572,456.7809176882614,239.17851967784208,282.4199090975588,1,1,1,0,0,0,0,0,1,0,1,0,1,0
ea63db32-67.jpg,642.272740962452,621.5019691529552,193.2346746456983,268.9069947866711,642.272740962452,621.5019691529552,193.2346746456983,268.9069947866711,1,1,1,0,0,0,0,0,1,0,1,0,1,0
ea63db32-67.jpg,803.0764212620197,455.2931231290324,264.17740110694973,294.58153197735794,803.0764212620197,455.2931231290324,264.17740110694973,294.58153197735794,1,1,1,0,0,0,0,0,1,0,1,0,1,0
ea63db32-67.jpg,824.0214384438959,660.6894206545318,222.9630526428741,287.1495127966916,824.0214384438959,660.6894206545318,222.9630526428741,287.1495127966916,1,1,1,0,0,0,0,0,1,0,1,0,1,0
ea63db32-67.jpg,1414.5357938297009,534.3436718477277,279.0416805198373,168.23578317055538,1414.5357938297009,534.3436718477277,279.0416805198373,168.23578317055538,1,1,1,0,0,0,0,0,1,0,1,0,1,0
ea63db32-67.jpg,1417.9140224074251,646.5008606280983,316.87790086652103,210.12593842032905,1417.9140224074251,646.5008606280983,316.87790086652103,210.12593842032905,3,2,1,0,1,0,0,0,1,0,1,0,1,0
ea63db32-67.jpg,307.47549019607834,391.9116331476147,288.3577641771855,337.7452295974833,307.47549019607834,391.9116331476147,288.3577641771855,337.7452295974833,1,1,1,0,0,0,0,0,1,0,1,0,1,0
ea63db32-67.jpg,1058.470501737802,516.1011538377068,203.36935033283092,235.8004384153172,1058.470501737802,516.1011538377068,203.36935033283092,235.8004384153172,1,1,1,0,0,0,0,0,1,0,1,0,1,0
ea63db32-67.jpg,1246.9756563746903,537.7217795394291,170.2627203171889,199.3156069716192,1246.9756563746903,537.7217795394291,170.2627203171889,199.3156069716192,1,1,1,0,0,0,0,0,1,0,1,0,1,0
ea63db32-67.jpg,1049.6871074357248,701.9038093027389,222.28744041410764,224.99002327628503,1049.6871074357248,701.9038093027389,222.28744041410764,224.99002327628503,1,1,1,0,0,0,0,0,1,0,1,0,1,0
ea63db32-67.jpg,1237.1491800349345,686.3940378446654,202.01810578323008,195.2616861837288,1237.1491800349345,686.3940378446654,202.01810578323008,195.2616861837288,1,1,1,0,0,0,0,0,1,0,1,0,1,0
ea63db32-67.jpg,1684.473450840765,480.3219923154518,245.2593947426172,193.2347769338699,1684.473450840765,480.3219923154518,245.2593947426172,193.2347769338699,1,1,1,0,0,0,0,0,1,0,1,0,1,0
ea63db32-67.jpg,1720.2826402778412,636.3962269976053,172.28965746382215,164.18190887728915,1720.2826402778412,636.3962269976053,172.28965746382215,164.18190887728915,0,0,0,0,0,0,0,0,1,0,1,0,1,0
30a36fd1-132.jpg,130.78642191159025,1017.5802139037436,278.0748663101605,241.86720142602505,130.78642191159025,1017.5802139037436,278.0748663101605,241.86720142602505,1,1,1,0,0,0,0,0,1,0,1,0,1,0
30a36fd1-132.jpg,1488.2253963037392,1013.8640394669468,315.56708790216703,277.1431160591573,1488.2253963037392,1013.8640394669468,315.56708790216703,277.1431160591573,2,1,1,0,0,0,0,0,1,0,1,0,1,0
30a36fd1-132.jpg,1421.18782840742,766.9693345553376,326.19499500767984,296.76411517594056,1421.18782840742,766.9693345553376,326.19499500767984,296.76411517594056,1,1,1,0,0,0,0,0,1,0,1,0,1,0
30a36fd1-132.jpg,1414.6475778809538,567.4919410353837,261.61002105879163,220.73345526835533,1414.6475778809538,567.4919410353837,261.61002105879163,220.73345526835533,1,1,1,0,0,0,0,0,1,0,1,0,1,0
30a36fd1-132.jpg,1359.0554484059608,336.94810997732384,233.8139563212948,253.43470790070424,1359.0554484059608,336.94810997732384,233.8139563212948,253.43470790070424,1,1,1,0,0,0,0,0,1,0,1,0,1,0
30a36fd1-132.jpg,188.8497339518151,727.6028710697639,273.05545948011354,312.29696263893214,188.8497339518151,727.6028710697639,273.05545948011354,312.29696263893214,1,1,1,0,0,0,0,0,1,0,1,0,1,0
30a36fd1-132.jpg,265.6976654821346,539.5707922024446,255.88730184813008,223.1858916919972,265.6976654821346,539.5707922024446,255.88730184813008,223.1858916919972,0,0,0,0,0,0,0,0,1,0,1,0,1,0
30a36fd1-132.jpg,366.2540294823081,329.46512027091546,218.28086132092903,219.9159239525467,366.2540294823081,329.46512027091546,218.28086132092903,219.9159239525467,1,1,1,0,0,0,0,0,1,0,1,0,1,0
30a36fd1-132.jpg,521.5848579289635,192.11985921504987,238.71926577314812,215.82826737350285,521.5848579289635,192.11985921504987,238.71926577314812,215.82826737350285,1,1,1,0,0,0,0,0,1,0,1,0,1,0
30a36fd1-132.jpg,740.6833721227035,129.987479213587,257.5223644797478,198.66010974151973,740.6833721227035,129.987479213587,257.5223644797478,198.66010974151973,0,0,0,0,0,0,0,0,1,0,1,0,1,0
30a36fd1-132.jpg,998.2057366024484,137.3450247701898,260.79248974298184,180.6746570794033,998.2057366024484,137.3450247701898,260.79248974298184,180.6746570794033,0,0,0,0,0,0,0,0,1,0,1,0,1,0
30a36fd1-132.jpg,1221.3917858182303,222.3683266210924,234.6314876371028,196.2077070729736,1221.3917858182303,222.3683266210924,234.6314876371028,196.2077070729736,1,1,1,0,0,0,0,0,1,0,1,0,1,0
5739d143-161.jpg,234.19117647058823,23.897058823529413,195.9558823529412,121.07843137254902,234.19117647058823,23.897058823529413,195.9558823529412,121.07843137254902,0,0,0,0,0,0,0,0,1,0,1,0,1,0
5739d143-161.jpg,177.4545655817397,131.5481287571404,358.97056866873925,336.6743521151281,177.4545655817397,131.5481287571404,358.97056866873925,336.6743521151281,2,1,1,0,0,0,0,0,1,0,1,0,1,0
5739d143-161.jpg,260.69406985071794,439.9804899625121,271.2717916265313,268.2991284478404,260.69406985071794,439.9804899625121,271.2717916265313,268.2991284478404,1,1,1,0,0,0,0,0,1,0,1,0,1,0
5739d143-161.jpg,326.0966230015076,670.3756278190673,246.0026050297157,240.0569738770109,326.0966230015076,670.3756278190673,246.0026050297157,240.0569738770109,1,1,1,0,0,0,0,0,1,0,1,0,1,0
5739d143-161.jpg,439.8077969276303,868.8128256185432,217.76061411995988,237.08408158452983,439.8077969276303,868.8128256185432,217.76061411995988,237.08408158452983,1,1,1,0,0,0,0,0,1,0,1,0,1,0
5739d143-161.jpg,585.4770131990027,993.797361715278,195.46430550699483,182.0865203392159,585.4770131990027,993.797361715278,195.46430550699483,182.0865203392159,1,1,1,0,0,0,0,0,1,0,1,0,1,0
5739d143-161.jpg,760.13143066723,1036.9035583670109,186.54578206180852,182.08652033921533,760.13143066723,1036.9035583670109,186.54578206180852,182.08652033921533,1,1,1,0,0,0,0,0,1,0,1,0,1,0
5739d143-161.jpg,948.1636333032368,1037.6467686541098,181.3433100521168,183.5729409134132,948.1636333032368,1037.6467686541098,181.3433100521168,183.5729409134132,1,1,1,0,0,0,0,0,1,0,1,0,1,0
5739d143-161.jpg,1124.304471345661,1013.8640394669468,197.6939363682912,188.7754129231053,1124.304471345661,1013.8640394669468,197.6939363682912,188.7754129231053,1,1,1,0,0,0,0,0,1,0,1,0,1,0
5739d143-161.jpg,1284.094683071912,898.6664449666266,202.8964083779832,243.0297638813205,1284.094683071912,898.6664449666266,202.8964083779832,243.0297638813205,1,1,1,0,0,0,0,0,1,0,1,0,1,0
5739d143-161.jpg,1536.979991137423,225.9359272780472,358.2273583816402,356.74093780744295,1536.979991137423,225.9359272780472,358.2273583816402,356.74093780744295,3,2,1,0,1,0,0,0,1,0,1,0,1,0
5739d143-161.jpg,1677.4467353991035,26.755570335558247,208.09888038767497,214.7877729715645,1677.4467353991035,26.755570335558247,208.09888038767497,214.7877729715645,1,1,1,0,0,0,0,0,1,0,1,0,1,0
5739d143-161.jpg,1466.3750506984877,524.7064626917801,289.8519751330926,254.17791818780287,1466.3750506984877,524.7064626917801,289.8519751330926,254.17791818780287,1,1,1,0,0,0,0,0,1,0,1,0,1,0
5739d143-161.jpg,1387.594723430556,714.2250859019846,261.61002105879135,253.43470790070413,1387.594723430556,714.2250859019846,261.61002105879135,253.43470790070413,1,1,1,0,0,0,0,0,1,0,1,0,1,0
a94e3549-13.jpg,79.65684695308418,586.2745098039215,62.13236873319036,227.8186274509804,79.65684695308418,586.2745098039215,62.13236873319036,227.8186274509804,1,1,1,0,0,0,0,0,1,0,1,0,1,0
a94e3549-13.jpg,121.07839189251438,469.9754901960784,143.3823924212111,323.406862745098,121.07839189251438,469.9754901960784,143.3823924212111,323.406862745098,1,1,1,0,0,0,0,0,1,0,1,0,1,0
a94e3549-13.jpg,229.4117647058824,492.2794117647057,261.2743281957618,315.4411764705882,229.4117647058824,492.2794117647057,261.2743281957618,315.4411764705882,1,1,1,0,0,0,0,0,1,0,1,0,1,0
a94e3549-13.jpg,223.03921568627447,782.2303921568626,89.21568627450985,197.54901960784304,223.03921568627447,782.2303921568626,89.21568627450985,197.54901960784304,1,1,1,0,0,0,0,0,1,0,1,0,1,0
a94e3549-13.jpg,286.76470588235287,785.4166666666666,49.38727069397473,130.6372549019609,286.76470588235287,785.4166666666666,49.38727069397473,130.6372549019609,1,1,1,0,0,0,0,0,1,0,1,0,1,0
a94e3549-13.jpg,325.8199734319901,789.8269454947255,106.27907105513408,148.7906994771877,325.8199734319901,789.8269454947255,106.27907105513408,148.7906994771877,1,1,1,0,0,0,0,0,1,0,1,0,1,0
a94e3549-13.jpg,431.281484808015,679.4602178605471,132.44010152431363,210.10554816284164,431.281484808015,679.4602178605471,132.44010152431363,210.10554816284164,0,0,0,0,0,0,0,0,1,0,1,0,1,0
a94e3549-13.jpg,499.1366123834387,485.7051384900949,246.07680855332424,367.8892496377081,499.1366123834387,485.7051384900949,246.07680855332424,367.8892496377081,1,1,1,0,0,0,0,0,1,0,1,0,1,0
a94e3549-13.jpg,772.1920718635531,500.42085969843765,178.2218268463015,255.8873018481304,772.1920718635531,500.42085969843765,178.2218268463015,255.8873018481304,0,0,0,0,0,0,0,0,1,0,1,0,1,0
a94e3549-13.jpg,729.6804434414994,627.9557449645985,174.13417026725824,235.4490189529124,729.6804434414994,627.9557449645985,174.13417026725824,235.4490189529124,0,0,0,0,0,0,0,0,1,0,1,0,1,0
a94e3549-13.jpg,978.2099634473516,432.5657604863135,273.8729907959221,307.39177474408,978.2099634473516,432.5657604863135,273.8729907959221,307.39177474408,0,0,0,0,0,0,0,0,1,0,1,0,1,0
a94e3549-13.jpg,916.0775672382885,593.6194297006315,215.82830384060333,277.1431160591566,916.0775672382885,593.6194297006315,215.82830384060333,277.1431160591566,1,1,1,0,0,0,0,0,1,0,1,0,1,0
a94e3549-13.jpg,1236.5498592429085,438.2884796969746,255.069770532322,269.7853342168787,1236.5498592429085,438.2884796969746,255.069770532322,269.7853342168787,0,0,0,0,0,0,0,0,1,0,1,0,1,0
a94e3549-13.jpg,1161.3369781885056,640.2187147017293,272.2379281643048,268.1502715852611,1161.3369781885056,640.2187147017293,272.2379281643048,268.1502715852611,0,0,0,0,0,0,0,0,1,0,1,0,1,0
a94e3549-13.jpg,1467.9112216167769,481.6176394348368,212.5581421102677,198.66010974152,1467.9112216167769,481.6176394348368,212.5581421102677,198.66010974152,1,1,1,0,0,0,0,0,1,0,1,0,1,0
a94e3549-13.jpg,1404.961310299505,645.1239025965817,244.4418634268084,218.28086132092923,1404.961310299505,645.1239025965817,244.4418634268084,218.28086132092923,1,1,1,0,0,0,0,0,1,0,1,0,1,0
a94e3549-13.jpg,1618.2128755173246,495.5154692730058,349.9034031661331,206.01809411437745,1618.2128755173246,495.5154692730058,349.9034031661331,206.01809411437745,1,1,1,0,0,0,0,0,1,0,1,0,1,0
a94e3549-13.jpg,1631.2933765702658,661.4745289127561,307.39177474408024,174.13417026725804,1631.2933765702658,661.4745289127561,307.39177474408024,174.13417026725804,1,1,1,0,0,0,0,0,1,0,1,0,1,0
14681870-40.jpg,181.6176470588236,963.8480392156864,305.8823529411765,312.25490196078425,181.6176470588236,963.8480392156864,305.8823529411765,312.25490196078425,1,1,1,0,0,0,0,0,1,0,1,0,1,0
14681870-40.jpg,213.4803921568628,748.7745098039217,277.2058823529412,219.85294117647072,213.4803921568628,748.7745098039217,277.2058823529412,219.85294117647072,1,1,1,0,0,0,0,0,1,0,1,0,1,0
14681870-40.jpg,310.6617647058824,560.7843137254903,267.6470588235294,224.6323529411764,310.6617647058824,560.7843137254903,267.6470588235294,224.6323529411764,1,1,1,0,0,0,0,0,1,0,1,0,1,0
14681870-40.jpg,403.3496824267825,325.0119200199805,183.8946766466981,232.8608196391393,403.3496824267825,325.0119200199805,183.8946766466981,232.8608196391393,1,1,1,0,0,0,0,0,1,0,1,0,1,0
14681870-40.jpg,569.8342607097297,221.6392776246243,221.97932445593645,211.09803118023365,569.8342607097297,221.6392776246243,221.97932445593645,211.09803118023365,0,0,0,0,0,0,0,0,1,0,1,0,1,0
14681870-40.jpg,742.8475470053031,56.58297742975333,266.5928744286458,267.68100860998715,742.8475470053031,56.58297742975333,266.5928744286458,267.68100860998715,0,0,0,0,0,0,0,0,1,0,1,0,1,0
14681870-40.jpg,1015.9692265219963,80.52180961117509,249.18272752718303,248.09471315393057,1015.9692265219963,80.52180961117509,249.18272752718303,248.09471315393057,0,0,0,0,0,0,0,0,1,0,1,0,1,0
14681870-40.jpg,1216.185915888815,211.0978364920886,231.4237941405655,219.8032993191095,1216.185915888815,211.0978364920886,231.4237941405655,219.8032993191095,0,0,0,0,0,0,0,0,1,0,1,0,1,0
14681870-40.jpg,1386.688006880289,306.67943247000875,221.22391165858244,253.5983255556825,1386.688006880289,306.67943247000875,221.22391165858244,253.5983255556825,0,0,0,0,0,0,0,0,1,0,1,0,1,0
14681870-40.jpg,1425.3572381180438,544.0905265808624,277.87887195793513,247.30333442395568,1425.3572381180438,544.0905265808624,277.87887195793513,247.30333442395568,0,0,0,0,0,0,0,0,1,0,1,0,1,0
14681870-40.jpg,1526.0770962256825,746.4296386353406,260.7924897429825,220.32468961045092,1526.0770962256825,746.4296386353406,260.7924897429825,220.32468961045092,1,1,1,0,0,0,0,0,1,0,1,0,1,0
14681870-40.jpg,1544.0627851734748,929.8836659028182,310.2531343494104,335.43309887631904,1544.0627851734748,929.8836659028182,310.2531343494104,335.43309887631904,4,2,1,0,1,0,0,0,1,0,1,0,1,0
9960d3e7-124.jpg,76.43203383197411,461.0399844902912,132.8611182855306,179.54213992133276,76.43203383197411,461.0399844902912,132.8611182855306,179.54213992133276,2,1,1,0,0,0,0,0,1,0,1,0,1,0
9960d3e7-124.jpg,126.70376775369152,627.4157008173929,160.39097832972396,112.51327203404946,126.70376775369152,627.4157008173929,160.39097832972396,112.51327203404946,2,1,1,0,0,0,0,0,1,0,1,0,1,0
9960d3e7-124.jpg,263.1557940939046,517.2965216656423,148.42150233496852,186.7238255181861,263.1557940939046,517.2965216656423,148.42150233496852,186.7238255181861,2,1,1,0,0,0,0,0,1,0,1,0,1,0
9960d3e7-124.jpg,199.71748826828403,504.1300980714113,87.37725781513159,175.95129712290637,199.71748826828403,504.1300980714113,87.37725781513159,175.95129712290637,2,1,1,0,0,0,0,0,1,0,1,0,1,0
9960d3e7-124.jpg,366.0933173107366,411.9651329117937,199.890219450483,288.4643714736082,366.0933173107366,411.9651329117937,199.890219450483,288.4643714736082,2,1,1,0,0,0,0,0,1,0,1,0,1,0
9960d3e7-124.jpg,218.8687329133093,692.0508711890732,199.8902491124173,136.45224049717254,218.8687329133093,692.0508711890732,199.8902491124173,136.45224049717254,1,1,1,0,0,0,0,0,1,0,1,0,1,0
9960d3e7-124.jpg,363.6993924498511,690.8539235895976,187.92077311766172,159.19403073024844,363.6993924498511,690.8539235895976,187.92077311766172,159.19403073024844,2,1,1,0,0,0,0,0,1,0,1,0,1,0
9960d3e7-124.jpg,542.0445847717086,433.51010733429234,205.87498710979503,272.9041350484876,542.0445847717086,433.51010733429234,205.87498710979503,272.9041350484876,0,0,0,0,0,0,0,0,1,0,1,0,1,0
9960d3e7-124.jpg,738.3439910856989,405.9803454935791,275.29794787937715,311.2063758636437,738.3439910856989,405.9803454935791,275.29794787937715,311.2063758636437,0,0,0,0,0,0,0,0,1,0,1,0,1,0
9960d3e7-124.jpg,1008.8541485671738,416.7529233096959,280.0857382772796,305.22163786626584,1008.8541485671738,416.7529233096959,280.0857382772796,305.22163786626584,0,0,0,0,0,0,0,0,1,0,1,0,1,0
9960d3e7-124.jpg,531.2720860383632,688.4600283906466,168.76958186411846,197.49627154540448,531.2720860383632,688.4600283906466,168.76958186411846,197.49627154540448,2,1,1,0,0,0,0,0,1,0,1,0,1,0
9960d3e7-124.jpg,701.2386155019565,689.6569759901221,163.98182112815067,156.8002508465831,701.2386155019565,689.6569759901221,163.98182112815067,156.8002508465831,1,1,1,0,0,0,0,0,1,0,1,0,1,0
9960d3e7-124.jpg,871.2051746274855,687.263080791171,167.57266392657726,157.99708313077284,871.2051746274855,687.263080791171,167.57266392657726,157.99708313077284,0,0,0,0,0,0,0,0,1,0,1,0,1,0
9960d3e7-124.jpg,1044.7625765514406,707.6111899822552,179.5421399213329,143.6337119370662,1044.7625765514406,707.6111899822552,179.5421399213329,143.6337119370662,0,0,0,0,0,0,0,0,1,0,1,0,1,0
9960d3e7-124.jpg,1280.9548395148374,457.83937918788746,192.49146435859927,253.43470790070413,1280.9548395148374,457.83937918788746,192.49146435859927,253.43470790070413,0,0,0,0,0,0,0,0,1,0,1,0,1,0
9960d3e7-124.jpg,1225.9572782695232,682.2888858917369,170.9383660327329,190.2618334973029,1225.9572782695232,682.2888858917369,170.9383660327329,190.2618334973029,0,0,0,0,0,0,0,0,1,0,1,0,1,0
9960d3e7-124.jpg,1468.2438318637448,423.65170598134085,182.8297306263147,293.5680634040415,1468.2438318637448,423.65170598134085,182.8297306263147,293.5680634040415,2,1,1,0,0,0,0,0,1,0,1,0,1,0
9960d3e7-124.jpg,1387.977120857067,657.0197361303764,167.965594871703,266.06942598482414,1387.977120857067,657.0197361303764,167.965594871703,266.06942598482414,2,1,1,0,0,0,0,0,1,0,1,0,1,0
9960d3e7-124.jpg,1609.814599273109,532.9036181848702,130.06180024229678,200.6667775166866,1609.814599273109,532.9036181848702,130.06180024229678,200.6667775166866,2,1,1,0,0,0,0,0,1,0,1,0,1,0
9960d3e7-124.jpg,1554.0737945887868,720.9358617361447,152.35810885526178,142.69637512297726,1554.0737945887868,720.9358617361447,152.35810885526178,142.69637512297726,2,1,1,0,0,0,0,0,1,0,1,0,1,0
9960d3e7-124.jpg,1714.6072497540454,524.7283050267829,110.73833277772736,188.03220263600645,1714.6072497540454,524.7283050267829,110.73833277772736,188.03220263600645,2,1,1,0,0,0,0,0,1,0,1,0,1,0
9960d3e7-124.jpg,1672.9874663094192,717.2198103006507,150.87168828106456,112.96796363902348,1672.9874663094192,717.2198103006507,150.87168828106456,112.96796363902348,2,1,1,0,0,0,0,0,1,0,1,0,1,0
9960d3e7-124.jpg,1814.940638512389,493.5134729686316,91.41486531315736,172.4247866069308,1814.940638512389,493.5134729686316,91.41486531315736,172.4247866069308,2,1,1,0,0,0,0,0,1,0,1,0,1,0
9960d3e7-124.jpg,1780.7529653058425,667.4246801497601,131.54822081649456,106.27907105513404,1780.7529653058425,667.4246801497601,131.54822081649456,106.27907105513404,2,1,1,0,0,0,0,0,1,0,1,0,1,0
98c3b9b6-153.jpg,6.3725490196078525,592.6470588235294,109.9264705882353,192.7696078431373,6.3725490196078525,592.6470588235294,109.9264705882353,192.7696078431373,0,0,0,0,0,0,0,0,1,0,1,0,1,0
98c3b9b6-153.jpg,41.421568627450974,729.656862745098,92.40196078431374,106.74019607843148,41.421568627450974,729.656862745098,92.40196078431374,106.74019607843148,0,0,0,0,0,0,0,0,1,0,1,0,1,0
98c3b9b6-153.jpg,121.07843137254903,442.8921568627451,309.0686274509804,289.9509803921569,121.07843137254903,442.8921568627451,309.0686274509804,289.9509803921569,0,0,0,0,0,0,0,0,1,0,1,0,1,0
98c3b9b6-153.jpg,138.60294117647058,728.0637254901961,175.24509803921575,192.7696078431373,138.60294117647058,728.0637254901961,175.24509803921575,192.7696078431373,0,0,0,0,0,0,0,0,1,0,1,0,1,0
98c3b9b6-153.jpg,297.9166429786461,629.2890402752511,189.5832780612846,259.68154796004296,297.9166429786461,629.2890402752511,189.5832780612846,259.68154796004296,0,0,0,0,0,0,0,0,1,0,1,0,1,0
98c3b9b6-153.jpg,447.6887249650813,398.9522523472234,306.65593772626266,324.46189669094406,447.6887249650813,398.9522523472234,306.65593772626266,324.46189669094406,1,1,1,0,0,0,0,0,1,0,1,0,1,0
98c3b9b6-153.jpg,475.3866859446802,669.996652863226,201.79942999422528,236.42203097883632,475.3866859446802,669.996652863226,201.79942999422528,236.42203097883632,0,0,0,0,0,0,0,0,1,0,1,0,1,0
98c3b9b6-153.jpg,749.3986521614908,467.20792828953824,258.18456484555287,273.02275822748123,749.3986521614908,467.20792828953824,258.18456484555287,273.02275822748123,1,1,1,0,0,0,0,0,1,0,1,0,1,0
98c3b9b6-153.jpg,683.1213932916767,626.4712856095697,206.74549445486812,273.0227582274811,683.1213932916767,626.4712856095697,206.74549445486812,273.0227582274811,0,0,0,0,0,0,0,0,1,0,1,0,1,0
98c3b9b6-153.jpg,1004.6155832334572,457.3158810555866,269.06590665896687,305.6667836677236,1004.6155832334572,457.3158810555866,269.06590665896687,305.6667836677236,1,1,1,0,0,0,0,0,1,0,1,0,1,0
98c3b9b6-153.jpg,892.8345264229304,669.9966528632265,229.4973909738249,264.120019187547,892.8345264229304,669.9966528632265,229.4973909738249,264.120019187547,0,0,0,0,0,0,0,0,1,0,1,0,1,0
98c3b9b6-153.jpg,1237.080612883668,546.3450413471567,180.03674636739703,226.5297522974392,1237.080612883668,546.3450413471567,180.03674636739703,226.5297522974392,1,1,1,0,0,0,0,0,1,0,1,0,1,0
98c3b9b6-153.jpg,1116.3966400439838,726.3817877145538,195.8641526414543,184.9828108280399,1116.3966400439838,726.3817877145538,195.8641526414543,184.9828108280399,0,0,0,0,0,0,0,0,1,0,1,0,1,0
98c3b9b6-153.jpg,1294.454960627124,730.3386392830679,126.6192501924553,157.28484984844036,1294.454960627124,730.3386392830679,126.6192501924553,157.28484984844036,0,0,0,0,0,0,0,0,1,0,1,0,1,0
98c3b9b6-153.jpg,1384.4733338108226,600.7517504142272,133.54374043735476,154.31721117205464,1384.4733338108226,600.7517504142272,133.54374043735476,154.31721117205464,0,0,0,0,0,0,0,0,1,0,1,0,1,0
98c3b9b6-153.jpg,1496.2543906213496,557.2263831605708,197.8425784257112,165.19855298546878,1496.2543906213496,557.2263831605708,197.8425784257112,165.19855298546878,0,0,0,0,0,0,0,0,1,0,1,0,1,0
98c3b9b6-153.jpg,1684.2048401257755,516.6686545832999,179.0475334752685,145.4142951428979,1684.2048401257755,516.6686545832999,179.0475334752685,145.4142951428979,0,0,0,0,0,0,0,0,1,0,1,0,1,0
98c3b9b6-153.jpg,1623.8628537059335,640.3202660993694,167.1769787697255,122.66239862394087,1623.8628537059335,640.3202660993694,167.1769787697255,122.66239862394087,0,0,0,0,0,0,0,0,1,0,1,0,1,0
98c3b9b6-153.jpg,1409.203656114037,683.8456333530264,237.4110941108528,179.04787383915826,1409.203656114037,683.8456333530264,237.4110941108528,179.04787383915826,3,2,1,0,1,0,0,0,1,0,1,0,1,0
e1c54150-11.jpg,824.6743835868639,428.9303575833419,79.82249814153812,205.7562815627396,824.6743835868639,428.9303575833419,79.82249814153812,205.7562815627396,1,1,1,0,0,0,0,0,1,0,1,0,1,0
e1c54150-11.jpg,1034.387516718118,461.57438302358406,71.22332823325593,227.51896518956792,1034.387516718118,461.57438302358406,71.22332823325593,227.51896518956792,1,1,1,0,0,0,0,0,1,0,1,0,1,0
e1c54150-11.jpg,807.8577644206789,622.8160844405387,102.87814078136977,157.28484984844036,807.8577644206789,622.8160844405387,102.87814078136977,157.28484984844036,1,1,1,0,0,0,0,0,1,0,1,0,1,0
e1c54150-11.jpg,898.044137207056,387.3834161139424,136.34337951106224,275.9903969038669,898.044137207056,387.3834161139424,136.34337951106224,275.9903969038669,1,1,1,0,0,0,0,0,1,0,1,0,1,0
e1c54150-11.jpg,893.7234618518371,579.8394643859725,66.33612479890473,171.36832239717037,893.7234618518371,579.8394643859725,66.33612479890473,171.36832239717037,0,0,0,0,0,0,0,0,1,0,1,0,1,0
e1c54150-11.jpg,956.9884697619036,629.591557985151,16.584031199726184,108.10331448710376,956.9884697619036,629.591557985151,16.584031199726184,108.10331448710376,0,0,0,0,0,0,0,0,1,0,1,0,1,0
e1c54150-11.jpg,989.5423087835884,652.9320463403211,96.43312815031652,90.29083653184232,989.5423087835884,652.9320463403211,96.43312815031652,90.29083653184232,0,0,0,0,0,0,0,0,1,0,1,0,1,0
7d7a16f1-228.jpg,92.40196078431372,922.4264705882354,368.014705882353,274.01960784313724,92.40196078431372,922.4264705882354,368.014705882353,274.01960784313724,3,2,1,0,1,0,0,0,1,0,1,0,1,0
7d7a16f1-228.jpg,81.24999999999997,1119.975490196079,326.59313725490205,165.68627450980398,81.24999999999997,1119.975490196079,326.59313725490205,165.68627450980398,1,1,1,0,0,0,0,0,1,0,1,0,1,0
7d7a16f1-228.jpg,125.85784313725496,763.1127450980392,328.1862745098039,203.92156862745097,125.85784313725496,763.1127450980392,328.1862745098039,203.92156862745097,2,1,1,0,0,0,0,0,1,0,1,0,1,0
7d7a16f1-228.jpg,170.4656862745098,527.3284313725491,305.8823529411765,259.6813725490195,170.4656862745098,527.3284313725491,305.8823529411765,259.6813725490195,1,1,1,0,0,0,0,0,1,0,1,0,1,0
7d7a16f1-228.jpg,305.8823529411765,326.59313725490193,238.9705882352941,256.4950980392157,305.8823529411765,326.59313725490193,238.9705882352941,256.4950980392157,1,1,1,0,0,0,0,0,1,0,1,0,1,0
7d7a16f1-228.jpg,479.5343137254903,223.03921568627453,211.88725490196083,197.54901960784312,479.5343137254903,223.03921568627453,211.88725490196083,197.54901960784312,2,1,1,0,0,0,0,0,1,0,1,0,1,0
7d7a16f1-228.jpg,681.8627450980389,148.1617647058821,273.621407280585,234.1911764705877,681.8627450980389,148.1617647058821,273.621407280585,234.1911764705877,0,0,0,0,0,0,0,0,1,0,1,0,1,0
7d7a16f1-228.jpg,954.3832362226282,131.05819402639642,268.150320208061,250.1647964197462,954.3832362226282,131.05819402639642,268.150320208061,250.1647964197462,4,2,1,0,1,0,0,0,1,0,1,0,1,0
7d7a16f1-228.jpg,1200.460210903855,185.83274717878544,230.54378243525883,217.46358879419333,1200.460210903855,185.83274717878544,230.54378243525883,217.46358879419333,0,0,0,0,0,0,0,0,1,0,1,0,1,0
7d7a16f1-228.jpg,1382.7638565644115,236.51980127591503,246.0769260584254,287.7711694367551,1382.7638565644115,236.51980127591503,246.0769260584254,287.7711694367551,1,1,1,0,0,0,0,0,1,0,1,0,1,0
7d7a16f1-228.jpg,1417.9177031441886,465.4287159744425,318.83721316540203,264.88014632202635,1417.9177031441886,465.4287159744425,318.83721316540203,264.88014632202635,1,1,1,0,0,0,0,0,1,0,1,0,1,0
7d7a16f1-228.jpg,1492.3130528827826,663.2712944001537,320.4722757970194,227.27370579482505,1492.3130528827826,663.2712944001537,320.4722757970194,227.27370579482505,1,1,1,0,0,0,0,0,1,0,1,0,1,0
7d7a16f1-228.jpg,1507.0286165673397,830.0476828251329,374.42934264039536,278.77817869077467,1507.0286165673397,830.0476828251329,374.42934264039536,278.77817869077467,2,1,1,0,0,0,0,0,1,0,1,0,1,0
7d7a16f1-228.jpg,1568.3434652529938,1028.5796031515038,357.2611850084121,236.26655026872115,1568.3434652529938,1028.5796031515038,357.2611850084121,236.26655026872115,3,2,1,0,1,0,0,0,1,0,1,0,1,0
