image_id,gx,gy,gw,gh,icdas
8b148305-247.jpg,143.38228187711405,20.710565049946126,234.19117647058832,313.84832425859935,1
8b148305-247.jpg,184.80392156862737,296.32352941176475,328.18627450980404,302.69607843137254,1
8b148305-247.jpg,264.46078431372536,581.4950980392157,256.4950980392156,223.0395445819435,1
8b148305-247.jpg,1299.9999999999998,947.9166666666666,197.54901960784335,223.0392156862747,1
8b148305-247.jpg,1357.3529411764707,753.5539215686275,246.93627450980387,258.0882352941175,1
8b148305-247.jpg,1500.7352941176475,318.6274509803921,296.3235294117649,332.96568627450984,1
8b148305-247.jpg,1621.8137254901958,52.57368289641028,203.92156862745068,294.7302386722171,1
25f69e77-229.jpg,92.40196078431372,952.6960784313724,336.15196078431376,277.2058823529412,1
25f69e77-229.jpg,191.1764705882353,661.1519607843136,348.8970588235294,326.5931372549019,1
25f69e77-229.jpg,283.57843137254906,474.7549019607843,302.69607843137254,232.59803921568624,1
25f69e77-229.jpg,1440.1960784313728,293.1372549019608,245.34313725490225,242.156862745098,1
25f69e77-229.jpg,1472.0587682573632,656.3725490196077,347.3039768406762,331.3725490196075,1
25f69e77-229.jpg,1596.3235294117649,938.357843137255,307.47549019607845,262.8676470588235,1
25f69e77-229.jpg,1714.2156862745096,1155.0245098039215,210.29411764705884,127.45098039215696,1
024be0a0-237.jpg,289.9509803921568,495.4656862745097,86.02941176470591,173.65196078431376,1
024be0a0-237.jpg,363.2352941176471,498.6519607843137,114.70588235294125,173.65196078431376,1
024be0a0-237.jpg,288.357843137255,648.406862745098,109.92647058823523,98.77450980392152,1
024be0a0-237.jpg,395.0980392156863,657.9656862745097,89.2156862745098,122.671568627451,1
024be0a0-237.jpg,463.6029411764707,485.906862745098,157.7205882352942,223.0392156862745,1
024be0a0-237.jpg,468.38235294117646,672.3039215686274,122.67156862745104,146.56862745098027,1
024be0a0-237.jpg,603.7990196078432,458.8235294117648,173.6519607843138,245.34313725490188,1
024be0a0-237.jpg,759.9264705882354,444.485294117647,237.37745098039227,261.27450980392143,1
024be0a0-237.jpg,992.5245098039215,426.9607843137255,243.74999999999983,281.985294117647,1
024be0a0-237.jpg,874.6323529411766,689.828431372549,129.04411764705898,121.078431372549,1
024be0a0-237.jpg,1002.0833333333336,685.0490196078432,146.5686274509804,173.65196078431364,1
024be0a0-237.jpg,1158.2107843137255,677.0833333333333,133.82352941176464,181.61764705882345,1
024be0a0-237.jpg,1231.495098039216,438.1127450980393,175.2450980392156,246.93627450980387,1
024be0a0-237.jpg,1408.3333333333337,425.36764705882354,140.19607843137263,246.936274509804,1
024be0a0-237.jpg,1451.3480392156866,645.220588235294,122.67156862745112,205.5147058823529,1
024be0a0-237.jpg,1532.5980392156866,469.9754901960784,135.41666666666657,194.36274509803928,1
024be0a0-237.jpg,1556.495098039216,651.593137254902,98.77450980392184,138.60294117647052,1
024be0a0-237.jpg,1647.3039215686276,487.5,73.28431372549005,159.3137254901961,1
024be0a0-237.jpg,1720.5882352941176,485.906862745098,87.62254901960802,140.1960784313726,1
024be0a0-237.jpg,1661.6421568627452,614.9509803921569,124.26470588235304,173.65196078431364,1
dd171414-143.jpg,287.27272727272714,547.2723501118719,330.9090909090908,327.2731044335825,1
dd171414-143.jpg,185.45454545454552,818.1818181818181,301.8181818181818,314.5454545454545,1
dd171414-143.jpg,418.1304513392511,353.20088770536404,264.97619195912824,237.91882196990963,1
dd171414-143.jpg,699.9009089859301,75.57411817671483,208.0622915735408,211.79442803248045,1
dd171414-143.jpg,1492.439970331808,357.3445177604466,243.5168229862035,243.51698794968812,1
dd171414-143.jpg,1451.3873208733526,792.1291832184481,334.01928423016864,314.4263226390377,1
dd171414-143.jpg,1457.918542129398,1084.4735903431017,333.0861515366413,200.5981734901853,1
c636df10-156.jpg,787.0098039215687,403.0637254901961,302.69607843137254,312.2549019607844,1
c636df10-156.jpg,560.7843137254903,474.7549019607842,242.15686274509807,245.3431372549021,1
c636df10-156.jpg,375.9803921568628,462.0098039215686,200.7352941176471,274.01960784313724,1
c636df10-156.jpg,259.6813725490196,469.97549019607845,141.7892156862746,238.97058823529412,1
c636df10-156.jpg,1083.3333333333337,411.0293021328161,305.88235294117663,302.6961880632624,1
c636df10-156.jpg,1374.8774509803925,469.9753367114332,223.03916831023312,253.30897701405704,1
c636df10-156.jpg,1586.764705882353,433.33333333333326,192.7696078431373,297.91666666666674,1
c636df10-156.jpg,716.9117489138683,689.8283217406588,197.54901960784304,240.56403245948772,1
c636df10-156.jpg,919.2401960784316,697.7941176470588,195.9558823529412,226.22549019607848,1
c636df10-156.jpg,1118.3823529411773,700.980392156863,199.14220423878632,226.2254901960785,1
c636df10-156.jpg,144.9754901960784,657.9656862745098,151.3480392156863,73.28466454753718,1
c636df10-156.jpg,275.6127450980392,685.0490196078431,144.97549019607837,108.33346489160104,1
c636df10-156.jpg,369.607835241248,712.1324406466882,186.39705882352945,154.53431372549025,1
c636df10-156.jpg,536.8872549019608,699.3872549019607,191.17647058823528,200.73529411764704,1
c636df10-156.jpg,1309.5588235294108,699.3872549019604,187.9902039744384,234.1913080288556,1
c636df10-156.jpg,1492.7696078431372,685.0490196078431,165.68627450980415,250.12254901960785,1
c636df10-156.jpg,1648.8970588235295,705.7598039215686,129.04411764705884,152.94117647058826,1
dad6d960-145.jpg,648.1980416091908,501.5354469062624,243.2368993939476,261.71081061563467,1
dad6d960-145.jpg,449.09269173567657,681.1409586049832,211.42179334314727,244.26326427781507,1
dad6d960-145.jpg,635.8822467716541,697.5620183883684,92.3685180368359,131.36847826706048,1
dad6d960-145.jpg,730.303340526105,745.7988815020555,87.23688009922014,66.71055536999187,1
dad6d960-145.jpg,820.6191693347075,734.5094029009772,49.263325292370936,50.28949558660893,1
dad6d960-145.jpg,859.6191863202429,545.6672153920799,104.68425611906426,202.18429858289835,1
dad6d960-145.jpg,943.777117710079,504.61456593362345,135.47374321290633,267.86853771642865,1
dad6d960-145.jpg,855.5139213743959,743.7462490291316,62.60537150315912,60.55265795122322,1
af4f53cc-116.jpg,648.827855789231,354.4929178658965,203.37762691033248,172.39957777829494,1
af4f53cc-116.jpg,568.0155537056553,468.9770124842954,223.58070243122623,157.58398906297285,1
af4f53cc-116.jpg,516.834429052724,574.0330051929441,241.0900345493344,195.29639670197483,1
af4f53cc-116.jpg,460.2658175942207,692.5577149155221,237.04941944515576,161.62460416715166,1
af4f53cc-116.jpg,448.1439722816844,827.2448850548143,208.765113715904,90.2404039933264,1
af4f53cc-116.jpg,1414.1108098940754,419.1459072890236,211.45885711869,153.54337395879412,1
af4f53cc-116.jpg,1473.6885507238028,527.2391676266581,212.8767095177756,155.85616232551442,1
af4f53cc-116.jpg,1501.0584133760883,642.8008099363076,234.9246544321167,193.1095864911251,1
af4f53cc-116.jpg,1576.325535669873,753.0405345080131,230.363010656736,187.78766875318067,1
2bfaa34c-259.jpg,58.94607843137257,908.0882352941172,309.0686274509804,321.8137254901962,1
2bfaa34c-259.jpg,164.093137254902,737.6225490196076,275.6127450980392,210.29411764705875,1
2bfaa34c-259.jpg,259.6813725490196,565.5637254901961,269.2401960784314,219.85294117647047,1
2bfaa34c-259.jpg,1481.6176470588234,546.4460784313725,274.0196078431376,221.4460784313726,1
2bfaa34c-259.jpg,1583.5784313725492,724.8774509803922,251.7156862745097,197.54901960784304,1
2bfaa34c-259.jpg,1597.9166666666667,865.0735294117648,309.0686274509804,315.44117647058823,1
04da7e02-166.jpg,439.70588235294105,863.4801948194616,275.6127450980392,213.48058949426408,1
04da7e02-166.jpg,428.5539215686275,1022.7942492053268,274.0196078431373,111.51947628486926,1
04da7e02-166.jpg,1546.9362745098042,831.6176470588236,270.83333333333314,248.529411764706,1
04da7e02-166.jpg,1454.5343137254904,420.5882352941177,191.17647058823536,213.48039215686276,1
04da7e02-166.jpg,1449.7549019607848,589.4607843137255,237.377450980392,184.8039215686274,1
04da7e02-166.jpg,492.2794117647059,732.8431372549019,232.59803921568636,170.46568627450978,1
04da7e02-166.jpg,565.5637254901962,599.0196078431372,250.1225490196078,187.99019607843127,1
04da7e02-166.jpg,1519.8529411764707,723.2843137254902,229.41176470588232,170.46568627450978,1
04da7e02-166.jpg,1670.8394101442232,958.8699341494674,205.87498710979503,174.7543495234306,1
0673003e-105.jpg,1430.6643952299837,562.521215503879,254.6848381601364,121.80587137857395,1
0673003e-105.jpg,1510.3918228279383,697.6149914821125,248.04088586030676,126.23509369676326,1
0673003e-105.jpg,1211.4139693356049,668.8245315161838,179.3865846841257,155.02555366269172,1
0673003e-105.jpg,1375.297769313167,671.0391822827931,150.59660888104077,119.59114139693358,1
f99e85d7-159.jpg,142.66347896328972,429.1021090007025,83.78633196328865,224.1556413563307,1
f99e85d7-159.jpg,209.03966402511577,433.4546457260682,136.01677266767638,214.362433724258,1
f99e85d7-159.jpg,327.64628979132965,388.84114429107024,255.7115326152316,257.8878009779144,1
f99e85d7-159.jpg,563.7714071424157,398.63435192314296,269.8572769726701,248.09459334584176,1
f99e85d7-159.jpg,822.7473423016661,455.2170298326725,225.2437377861197,216.539061511207,1
f99e85d7-159.jpg,176.39563858487347,642.3764085436192,77.25752687524017,120.78289412889671,1
f99e85d7-159.jpg,237.3311527399925,632.5832009115463,102.28461304609266,159.9557246571874,1
f99e85d7-159.jpg,329.8225581540124,644.552676906302,137.10490684901777,191.51161591608823,1
f99e85d7-159.jpg,460.3986599149812,639.1120059995942,152.3387853877975,201.3049283802398,1
f99e85d7-159.jpg,605.1205060333893,638.0238718182536,176.2777373773087,214.362433724258,1
f99e85d7-159.jpg,782.4863775920386,627.1425300048387,177.36590391712434,231.77258062572025,1
f99e85d7-159.jpg,958.764114969347,635.84760345557,200.2166893668196,238.3015504498924,1
f99e85d7-159.jpg,1052.3436545647094,424.74957227533696,217.6268362682822,263.3284718846215,1
f99e85d7-159.jpg,1255.8247464755532,486.7732206117973,181.71840828401585,195.86415264145387,1
f99e85d7-159.jpg,1417.9567394954238,494.3901598811872,140.369309393042,162.13199301987015,1
f99e85d7-159.jpg,1458.217650274266,592.3222362019134,186.0709989401689,113.1659548595065,1
f99e85d7-159.jpg,1537.6514994429788,463.9224028036276,173.01333483328392,145.80998029974916,1
5b7fd5c5-261.jpg,218.25980392156853,685.0490196078434,159.31372549019608,106.74037148945467,1
5b7fd5c5-261.jpg,231.0049019607843,562.3774509803923,106.74019607843135,116.29901960784312,1
5b7fd5c5-261.jpg,286.7647058823528,485.9068627450984,141.78921568627442,219.8533139248952,1
5b7fd5c5-261.jpg,345.7107843137256,678.6764705882355,92.40196078431374,121.078431372549,1
5b7fd5c5-261.jpg,390.3186274509805,404.65686274509807,203.92156862745105,283.57843137254906,1
5b7fd5c5-261.jpg,584.6813725490196,388.7254901960784,218.2598039215688,274.01960784313724,1
5b7fd5c5-261.jpg,556.0049651288399,643.6274509803924,197.5489564397877,210.29411764705875,1
5b7fd5c5-261.jpg,406.25000000000006,665.9313725490196,176.8382352941176,159.3137254901961,1
5b7fd5c5-261.jpg,736.0294117647064,626.1029411764704,165.68632188584508,194.36274509803903,1
5b7fd5c5-261.jpg,787.0098039215685,345.7107843137255,297.9166587706599,323.406862745098,1
5b7fd5c5-261.jpg,904.9019607843138,630.8823529411769,181.6176944348652,191.17647058823536,1
5b7fd5c5-261.jpg,1073.774509803921,364.8282559615256,293.137254901961,302.69625384239606,1
5b7fd5c5-261.jpg,1089.7058823529414,653.1862745098039,156.12745098039227,170.46568627450978,1
5b7fd5c5-261.jpg,1260.171568627451,621.3235294117649,151.3480392156862,181.6176470588235,1
5b7fd5c5-261.jpg,1346.200980392157,406.2499999999999,215.07357678780664,242.15686274509784,1
5b7fd5c5-261.jpg,1559.6813725490197,323.40686274509807,156.12745098039227,157.72058823529417,1
5b7fd5c5-261.jpg,1402.2443688219084,608.2887700534759,198.8129962728894,230.412412899044,1
5b7fd5c5-261.jpg,1572.0912331874902,591.1724193809756,160.63036784961895,208.02949278885112,1
5b7fd5c5-261.jpg,1643.1899205963375,435.8086209690486,160.63036784961923,211.97941986712053,1
5b7fd5c5-261.jpg,1757.7323658467153,612.7154971692448,131.29552931888128,116.90697816064753,1
5b7fd5c5-261.jpg,1696.581023424223,651.3847284069973,87.23059139679066,97.1227203180764,1
5b7fd5c5-261.jpg,1794.6030281896883,447.2471588495591,119.60483150281648,160.07263163534802,1
bc030429-65.jpg,737.6225490196078,495.4656862745098,143.38235294117652,227.81862745098047,1
c2e348a2-157.jpg,896.9363297818526,500.24509803921546,133.8234741397164,172.05882352941174,1
c2e348a2-157.jpg,1002.0833649173616,490.6864060680719,101.96075272969765,178.43124099075186,1
c2e348a2-157.jpg,916.0539215686272,656.3725490196081,70.09806290370734,152.94117647058837,1
c2e348a2-157.jpg,990.9313488609988,669.1175155005553,33.455890248947966,115.51059366505098,1
cce45772-253.jpg,251.7156783785029,963.847973436552,277.20585076891336,253.30882352941177,1
cce45772-253.jpg,312.2549019607843,763.1127450980391,264.46078431372547,248.5294117647058,1
cce45772-253.jpg,689.8284313725492,172.05882352941177,172.0588235294116,168.87254901960785,1
cce45772-253.jpg,1390.8088235294128,732.8431372549021,262.86771022687844,266.0539215686274,1
cce45772-253.jpg,1413.112745098039,949.5098039215684,266.05392156862735,250.122549019608,1
ec98b5a9-206.jpg,180.02450980392163,908.0880379567157,301.1029411764705,237.37764831779447,1
ec98b5a9-206.jpg,250.122549019608,673.8970588235294,304.2892156862745,264.46078431372547,1
ec98b5a9-206.jpg,359.8417293760229,553.3297779530383,255.39678305864527,176.25975168836086,1
ec98b5a9-206.jpg,414.69808066678814,383.3650173964048,223.0225429526198,199.64114732049023,1
ec98b5a9-206.jpg,1293.2989857664236,471.4948932405852,255.39678305864496,205.93613845221736,1
ec98b5a9-206.jpg,1347.256052609799,613.5818359281413,313.85027213896905,275.1810409012163,1
ec98b5a9-206.jpg,1439.8823506909275,843.7986544598778,301.2602898755148,267.08748087470985,1
ec98b5a9-206.jpg,1644.782643281109,1035.6103724674583,125.89982263454374,106.1155647919724,1
ec98b5a9-206.jpg,235.3754362406246,1249.6400709461825,160.09878575150898,49.41484745916269,1
36cf3e90-180.jpg,1079.1844908132575,390.1502963798168,165.73589402304137,292.081642829844,1
90e6305a-46.jpg,154.53431372549022,970.220588235294,307.47549019607845,323.406862745098,1
90e6305a-46.jpg,1414.705882352941,530.5147058823529,293.13725490196106,242.15686274509807,1
90e6305a-46.jpg,1518.2597200827825,736.029411764706,277.2059661917274,227.8186274509803,1
90e6305a-46.jpg,1524.6322900620864,944.7303921568626,315.4412393496776,278.7990196078429,1
bb1ba13f-62.jpg,15.931372549019612,22.30392156862746,342.5245098039216,218.25980392156868,1
bb1ba13f-62.jpg,86.02941176470586,181.61764705882356,339.3382352941177,325.0,1
bb1ba13f-62.jpg,651.5931372549021,984.5588235294116,232.59806017538287,221.4460784313727,1
bb1ba13f-62.jpg,869.8529411764706,1024.387254901961,266.05392156862735,266.05392156862746,1
bb1ba13f-62.jpg,1140.6862745098042,1032.3529411764707,286.76470588235304,219.85294117647072,1
bb1ba13f-62.jpg,1373.2843137254902,970.2205882352944,235.78431372549036,224.63235294117632,1
bb1ba13f-62.jpg,1674.3872549019611,137.00980392156862,291.54411764705856,293.1372549019608,1
c0f75d30-129.jpg,304.5690772774921,426.8648743143517,63.333974952033714,170.1324425182084,1
c0f75d30-129.jpg,354.24278312222333,431.83224489882434,68.30155155827727,183.7927116255092,1
c0f75d30-129.jpg,386.53069192129976,443.0088287138889,89.41279805780468,182.5508689793909,1
c0f75d30-129.jpg,453.5901948116881,397.0606508075117,150.26310733872293,250.8522145158977,1
c0f75d30-129.jpg,583.9836726541112,397.06065080751193,183.79277048887295,247.1266865775433,1
c0f75d30-129.jpg,313.2619758003202,606.9320580015067,85.68714258216339,162.68138664149845,1
c0f75d30-129.jpg,377.8377933984722,616.8667991704527,120.45871705235508,186.2764484389341,1
c0f75d30-129.jpg,463.52493598063575,635.4944388622278,119.2168940273578,213.596935132349,1
c0f75d30-129.jpg,574.0489314851652,609.4157432937432,127.90979255018595,226.0153615935324,1
c0f75d30-129.jpg,759.0834857567934,369.74011259290944,247.12668657754364,291.83302183780273,1
c0f75d30-129.jpg,699.4750387431145,614.3831138782166,166.40691457985355,204.90403660952109,1
c0f75d30-129.jpg,1003.7264870420968,362.2887991102604,264.51248362319944,301.7680206126871,1
c0f75d30-129.jpg,1192.4864907675994,608.1739006476241,158.95593718762638,224.77351894741372,1
c0f75d30-129.jpg,1262.0297574347078,388.367752284684,198.69474489444687,243.4011586391884,1
c0f75d30-129.jpg,864.6401106768498,633.010753569991,163.92322928761686,171.37428516432672,1
c0f75d30-129.jpg,1033.8464213199547,644.1873373850558,153.9884881186704,176.34165574879984,1
c0f75d30-129.jpg,1452.3473930618252,358.56352877784474,167.64875722597168,290.59117919168443,1
c0f75d30-129.jpg,1344.3070828495308,585.8207330174948,168.89052138760755,276.93091008438284,1
c0f75d30-129.jpg,1506.9884694910309,640.4618094467008,152.74664547255185,183.79271162550975,1
c0f75d30-129.jpg,1596.4011400115492,596.9973168325599,170.13244251820822,180.06718368715494,1
c0f75d30-129.jpg,1611.3032517649683,413.2046052070503,99.34741168946488,191.2437675022197,1
c0f75d30-129.jpg,1689.5393384704205,425.62303166823307,90.65447392439609,178.82534104103652,1
c0f75d30-129.jpg,1772.742795760349,450.4598845905997,80.71977199769009,144.05374694972383,1
c0f75d30-129.jpg,1730.5201457923267,593.2717888942052,132.8771631346592,139.08637636525052,1
308f0530-211.jpg,180.02450980392163,970.220588235294,259.6813725490196,258.0882352941175,1
308f0530-211.jpg,235.78431372549028,747.1813725490196,275.6127450980392,288.357843137255,1
308f0530-211.jpg,336.15196078431376,592.6470588235295,248.52941176470583,194.36274509803917,1
308f0530-211.jpg,1373.2637187349826,474.9876035519287,247.71198869004309,207.65295421541572,1
308f0530-211.jpg,1430.9982041971284,654.844493029848,250.9821139532778,188.03220263600628,1
308f0530-211.jpg,1424.4579536706583,828.9786632971059,285.3184292172446,275.5080534275399,1
308f0530-211.jpg,1519.2915863044664,1028.4563043544326,269.78533421687786,239.53712559991104,1
86324d62-226.jpg,122.67156862745097,716.9117647058823,178.4313725490196,178.4313725490196,1
86324d62-226.jpg,294.7303921568628,404.65686274509767,234.1910185504496,337.74509803921524,1
86324d62-226.jpg,522.5490196078432,396.6911764705882,288.35784313725503,353.67647058823525,1
86324d62-226.jpg,1049.8774509803925,364.82819018239184,270.833246477257,326.5933784450593,1
86324d62-226.jpg,1521.4460784313726,614.9509803921567,234.1911764705881,189.58353067073503,1
86324d62-226.jpg,1644.117647058824,444.4852941176471,149.75490196078425,170.46568627450978,1
2b975f8c-52.jpg,726.4705882352943,82.84313725490196,269.2401960784314,205.51470588235293,1
2b975f8c-52.jpg,552.8186274509807,210.29392030965727,226.22549019607848,231.0050992981857,1
2b975f8c-52.jpg,297.91666666666663,551.2254901960785,275.6127450980391,231.00529663558723,1
2b975f8c-52.jpg,205.51470588235296,751.9607843137255,305.8823529411765,223.0392156862744,1
2b975f8c-52.jpg,172.05882352941174,955.8823529411764,340.9313725490196,328.186274509804,1
2b975f8c-52.jpg,1201.225490196078,170.4653135260848,229.4117647058823,205.515078630778,1
2b975f8c-52.jpg,1529.4116494275509,917.6470588235292,345.71089959205665,325.00024119015706,1
d2b3cd3c-263.jpg,750.3676470588235,500.24509803921575,43.0147058823529,210.2941176470587,1
d2b3cd3c-263.jpg,798.1617647058825,477.9411764705883,210.29411764705884,277.2058823529412,1
d2b3cd3c-263.jpg,755.1470588235296,699.3872549019608,117.89215686274504,180.0245098039217,1
d2b3cd3c-263.jpg,860.2941176470589,694.6078431372549,184.8039215686275,258.0882352941176,1
d2b3cd3c-263.jpg,1003.6764705882356,476.3480392156862,92.40196078431369,283.5784313725491,1
d2b3cd3c-263.jpg,1068.9950980392157,482.7205882352941,105.14705882352956,301.1029411764705,1
d1bf28ca-279.jpg,223.03921568627453,476.3480392156863,90.8088235294118,141.7892156862745,1
d1bf28ca-279.jpg,262.8676549548306,630.8822433092867,141.78917620623986,97.1813725490196,1
d1bf28ca-279.jpg,326.59313725490205,426.9607843137255,98.77450980392156,192.7696078431373,1
d1bf28ca-279.jpg,288.357843137255,438.1127450980392,66.91176470588235,192.7696078431373,1
d1bf28ca-279.jpg,406.25000000000006,383.9460784313725,165.68627450980395,258.0882352941177,1
d1bf28ca-279.jpg,374.3872549019608,629.2892156862745,62.13235294117645,122.67156862745108,1
d1bf28ca-279.jpg,431.7401960784314,611.7647058823528,165.68627450980395,167.27941176470586,1
d1bf28ca-279.jpg,571.936274509804,415.8088235294117,197.5490196078431,258.08823529411774,1
d1bf28ca-279.jpg,775.8578431372549,388.72549019607845,245.34313725490196,296.3235294117647,1
d1bf28ca-279.jpg,1019.607843137255,360.0490196078432,246.93627450980367,299.50980392156856,1
d1bf28ca-279.jpg,1070.5882352941178,657.9656862745097,117.89215686274515,70.09803921568636,1
d1bf28ca-279.jpg,1269.730392156863,399.8774509803922,197.54901960784323,229.41176470588232,1
d1bf28ca-279.jpg,1328.6764705882354,632.4754901960785,127.45098039215692,97.18137254901964,1
d1bf28ca-279.jpg,1430.6372549019611,454.0441176470586,151.3480392156862,238.97058823529412,1
d1bf28ca-279.jpg,1566.053921568628,426.9607843137255,160.90686274509807,221.4460784313725,1
d1bf28ca-279.jpg,1464.0931372549023,603.7990196078431,191.1765416522973,238.97058823529397,1
d1bf28ca-279.jpg,1645.7107843137258,618.1372549019607,47.79411764705884,82.84313725490199,1
d1bf28ca-279.jpg,1696.6911764705883,546.4460784313726,105.14705882352928,164.09313725490188,1
d1bf28ca-279.jpg,1663.2352941176473,689.8284313725491,95.58823529411768,144.97549019607848,1
d1bf28ca-279.jpg,1771.5686274509808,589.4607843137255,76.47058823529392,111.51960784313724,1
d1bf28ca-279.jpg,1757.2303921568628,696.2009803921568,58.946078431372655,109.92647058823536,1
2ad7a994-114.jpg,16.297147586854493,897.4604546046949,280.3109384938967,143.41489876431922,1
2ad7a994-114.jpg,6.51885903474178,625.2980899042261,356.9075321521125,277.05150897652754,1
2ad7a994-114.jpg,97.78288552112672,460.69689927699545,304.75665987417835,203.7143448356807,1
2ad7a994-114.jpg,1512.7152871530518,218.38177766384973,270.5326499417839,264.01379090704233,1
2ad7a994-114.jpg,1571.3850184657276,389.5018273258215,298.2378008394366,236.3086400093896,1
2ad7a994-114.jpg,1590.9415955699542,560.6218769877935,381.35325353239375,314.53494842629084,1
2ad7a994-114.jpg,9.77828855211267,1226.6628358591552,172.7497644206573,70.07773462347421,1
2ad7a994-114.jpg,1781.3426950643834,1046.7847876751327,217.4006537578205,130.06339690135584,1
42d89c9a-196.jpg,237.224221004361,379.9776866516032,124.3675434322899,216.247238784308,1
42d89c9a-196.jpg,93.52558252851802,534.4089518069526,87.23059139679084,82.73416915984286,1
42d89c9a-196.jpg,438.850810326123,549.6967874125758,312.9509876915795,216.7275518208926,1
42d89c9a-196.jpg,342.80972726524385,343.93648018755187,189.3432395928331,264.9790109047156,1
42d89c9a-196.jpg,1634.890514359824,410.30769806718826,125.000538187154,232.91467187390535,1
42d89c9a-196.jpg,1734.7110880200694,430.9912403571491,89.92844473895957,192.44687174137357,1
42d89c9a-196.jpg,1791.226866880903,417.3805857330549,112.18460040218788,173.0993155526973,1
42d89c9a-196.jpg,1705.0712541462838,598.0942406795659,118.78369454349324,123.85992080603556,1
b2780b3d-277.jpg,103.55392156862747,1033.9460784313726,329.7794117647059,223.0392156862745,1
b2780b3d-277.jpg,189.58324647725703,842.7696078431369,326.5932241109785,277.2058823529412,1
b2780b3d-277.jpg,235.78431372549028,664.3382352941177,301.1029411764706,200.7352941176471,1
b2780b3d-277.jpg,299.50974864952013,476.3480392156864,277.20593762498964,215.07352941176472,1
b2780b3d-277.jpg,395.0980392156863,281.9852941176471,218.25980392156865,216.66666666666669,1
b2780b3d-277.jpg,740.8088235294118,122.67156862745097,250.122549019608,194.3627450980392,1
b2780b3d-277.jpg,986.1519607843138,180.02450980392155,254.9019607843138,176.83823529411768,1
b2780b3d-277.jpg,1233.0882352941178,194.36274509803923,234.1911764705884,159.31372549019605,1
b2780b3d-277.jpg,1400.3676470588236,270.83333333333337,245.34313725490196,215.07352941176467,1
b2780b3d-277.jpg,1430.637254901961,471.56862745098033,288.357843137255,213.48039215686276,1
b2780b3d-277.jpg,1487.9901960784312,667.5245098039214,278.7990196078434,192.7696078431373,1
b2780b3d-277.jpg,1507.107843137255,834.8039215686275,321.81372549019613,277.20588235294105,1
b2780b3d-277.jpg,1577.2058823529414,1027.5735294117649,329.7794117647058,232.59803921568624,1
6f9a3e84-218.jpg,122.67156862745094,50.980392156862735,321.81372549019613,281.985294117647,1
6f9a3e84-218.jpg,186.39701144748776,312.2549019607844,307.4755375721202,281.9854476022924,1
6f9a3e84-218.jpg,267.63414993793793,560.0162258969634,242.65399794223984,202.39295772950197,1
6f9a3e84-218.jpg,1451.5803726039287,642.7669544697874,238.30138571376887,228.50817808169637,1
6f9a3e84-218.jpg,1492.929379812559,415.3469105694313,315.5590042713477,305.7657049569361,1
6f9a3e84-218.jpg,1613.7123278722454,218.71497044962328,281.8267907189776,268.769142791328,1
3325a022-38.jpg,619.7303921568628,414.2156862745097,250.122549019608,278.7990196078431,1
3325a022-38.jpg,882.5980392156864,468.38235294117646,248.52941176470608,288.357843137255,1
3325a022-38.jpg,417.4019607843138,482.7205882352941,218.25980392156865,213.48039215686276,1
3325a022-38.jpg,1134.3137254901956,423.7743782456538,315.4411764705882,315.441308028856,1
3325a022-38.jpg,1693.504901960785,430.1470588235294,87.6226118986975,278.7990196078431,1
3325a022-38.jpg,1763.602941176471,385.5392156862745,114.70588235294088,264.46078431372547,1
3325a022-38.jpg,1448.1617647058824,399.87745098039227,248.52941176470608,309.0686274509804,1
5b6ca6fe-112.jpg,136.4829396325459,994.7506561679792,325.4593175853018,275.5905511811022,1
5b6ca6fe-112.jpg,165.66521927133036,729.7937084431795,338.06479704962504,313.8211064245523,1
5b6ca6fe-112.jpg,1501.6574704846118,1021.1975578116634,323.2492083343028,261.29311007022784,1
5b6ca6fe-112.jpg,1484.148138366508,769.3325496511854,321.90233663291025,296.31177430644465,1
5b6ca6fe-112.jpg,1461.2513194428254,598.2798435742834,289.5774157994801,188.56203819500973,1
5b6ca6fe-112.jpg,1415.4576815954642,398.9428317681294,263.98685347300966,207.41824201451067,1
5b6ca6fe-112.jpg,258.49489009894137,561.645499480852,266.6805968758002,188.56203819501025,1
5b6ca6fe-112.jpg,342.0009355853026,374.43033298723446,261.2931100702282,211.4588571186899,1
5b6ca6fe-112.jpg,778.3873668366126,55.22173975711014,237.04941944515568,193.94952500058196,1
5b6ca6fe-112.jpg,1015.4367862817668,47.14050954875256,247.82439305629865,189.9089098964028,1
5b6ca6fe-112.jpg,1233.6300019074208,121.2184531253637,180.48080798665265,167.01209097272314,1
cc0eaa25-33.jpg,87.62254901960783,317.03431372549016,215.07352941176472,374.3872549019608,1
cc0eaa25-33.jpg,52.57346653267496,401.470588235294,73.28437660457995,261.2745098039215,1
cc0eaa25-33.jpg,178.43137254901967,689.8284313725491,84.4362745098039,205.51470588235296,1
cc0eaa25-33.jpg,280.3921568627452,307.47549019607845,309.0686274509803,380.7598039215686,1
cc0eaa25-33.jpg,261.27450980392155,673.8970588235296,116.2990196078432,229.41176470588223,1
cc0eaa25-33.jpg,586.2745098039217,326.59313725490193,264.46078431372547,336.1519607843137,1
cc0eaa25-33.jpg,852.328431372549,324.99971495708667,336.151960784314,348.89734386644324,1
cc0eaa25-33.jpg,1185.2941176470592,423.77450980392166,289.9509803921566,278.79901960784304,1
cc0eaa25-33.jpg,919.2401960784316,626.1029411764706,278.79901960784326,334.5588235294119,1
cc0eaa25-33.jpg,1207.5980392156864,665.9313725490196,264.4607843137254,229.4117647058825,1
cc0eaa25-33.jpg,1456.1274509803925,495.4656862745098,253.30882352941185,189.58333333333337,1
cc0eaa25-33.jpg,1491.1764705882354,673.8970588235294,329.7794117647058,133.82352941176464,1
cc0eaa25-33.jpg,1717.4019607843136,476.3480392156863,256.49509803921575,194.3627450980393,1
cc0eaa25-33.jpg,1892.6470588235295,653.1862745098039,98.77450980392156,86.02941176470588,1
9f786cc0-185.jpg,184.80392156862743,474.7549019607842,101.96078431372553,178.4313725490196,1
9f786cc0-185.jpg,275.6127293060253,557.598039215686,58.94613370342113,130.63769342951994,1
9f786cc0-185.jpg,317.0343137254902,516.1764705882352,129.0441176470588,200.7352941176471,1
9f786cc0-185.jpg,444.8613140373176,708.8454217478222,85.83437134844502,162.43924040135823,1
9f786cc0-185.jpg,232.5980392156864,657.9656862745097,200.7352941176471,146.56884671475973,1
9f786cc0-185.jpg,377.4859541415119,745.763430929949,68.29831012535888,92.29502295531704,1
9f786cc0-185.jpg,562.9989434201234,513.1799730825501,229.3531709262265,256.118688701005,1
9f786cc0-185.jpg,768.597031583962,429.299091232545,297.28409961827305,371.60514354941984,1
9f786cc0-185.jpg,896.9697023161357,711.2276216278902,143.72829475164653,148.64205741976778,1
9f786cc0-185.jpg,1046.2259831136712,463.69530451265706,282.5426624455379,319.3964523140461,1
9f786cc0-185.jpg,1319.5553862202676,494.4067101009395,225.41997964072203,238.31872974881745,1
9f786cc0-185.jpg,1395.104861685688,587.7687226965953,183.03856657475563,218.66352248527843,1
9f786cc0-185.jpg,1614.3826075487343,456.93914323208895,155.39851457521166,232.1764367961665,1
9f786cc0-185.jpg,1748.7824101740996,557.6719039894994,104.41820862793362,91.51928328737785,1
9f786cc0-185.jpg,1783.793371025792,434.2128782546865,62.650784532298765,128.37268595343585,1
618cea62-118.jpg,461.9422572178478,409.44881889763775,286.0892388451444,296.58792650918633,1
618cea62-118.jpg,1471.0344032622586,363.60194013122623,250.9760728375588,304.7566598741784,1
618cea62-118.jpg,120.10997771511737,392.2849198840902,166.7198198135211,190.02474086272304,1
25cc2c51-280.jpg,544.7855064645768,453.0159639523024,180.03674636739726,232.46502965021045,1
25cc2c51-280.jpg,599.1922155316473,608.3223880164857,211.69155891551105,221.5836878367965,1
25cc2c51-280.jpg,718.8869754792025,407.5121709143889,236.42188121872465,254.22771327703876,1
25cc2c51-280.jpg,789.1210908203301,603.3763235558428,152.33878538779763,150.36035960354045,1
25cc2c51-280.jpg,936.5138117474849,440.1561963546311,121.67318573181248,239.38951989511045,1
25cc2c51-280.jpg,1049.2840814501408,425.31800297270274,115.73795250423238,278.9580355802527,1
25cc2c51-280.jpg,1143.2593062023534,433.2317061097312,88.03999642743135,252.24928749278152,1
25cc2c51-280.jpg,1054.230145910783,683.5025678182559,48.47143171429934,80.12624426241298,1
25cc2c51-280.jpg,1106.6584291935962,693.3946967395414,32.64402544024222,53.41749617494202,1
25cc2c51-280.jpg,957.2872824821844,637.9987747803423,90.01837318369851,95.95365053646982,1
25cc2c51-280.jpg,1206.5689312985808,470.8217960106164,55.395921959198944,196.85336553358252,1
9d5b0d56-95.jpg,564.7359454855194,403.0664395229984,199.3185689948893,239.18228279386705,1
9d5b0d56-95.jpg,1257.9216354344114,391.9931856899485,201.53299042120523,236.9676320272571,1
9d5b0d56-95.jpg,451.7887563884157,396.4224872231687,152.81090289608173,256.899488926746,1
9d5b0d56-95.jpg,387.56388415672905,440.71550255536624,104.08858603066442,179.3867120954003,1
9d5b0d56-95.jpg,1461.6695059625213,345.4855195911413,152.81090289608187,303.4071550255537,1
9d5b0d56-95.jpg,1607.8364565587735,411.9250425894377,106.3031858327646,197.1039182282793,1
9d5b0d56-95.jpg,1691.993185689949,429.642248722317,86.37137989778523,177.17206132879042,1
9d5b0d56-95.jpg,356.55877342419086,436.2862010221465,64.22487223168652,170.5281090289608,1
9d5b0d56-95.jpg,307.83645655877336,425.21294718909695,64.22487223168655,181.6013628620102,1
9d5b0d56-95.jpg,1773.9352640545142,445.14480408858594,62.010221465076825,141.73764906303248,1
9d5b0d56-95.jpg,1189.2673342582311,615.6729131175467,166.09893490701543,221.465076660988,1
9d5b0d56-95.jpg,710.9028960817717,640.0340715502557,152.81090289608173,177.1720613287906,1
9d5b0d56-95.jpg,569.1652470187394,628.9608177172062,150.59625212947182,208.1771720613288,1
9d5b0d56-95.jpg,456.2180579216355,635.6047700170355,132.87879117404333,210.3919119448481,1
9d5b0d56-95.jpg,369.8466780238502,628.9608177172053,132.87881665629843,172.74275979557072,1
9d5b0d56-95.jpg,298.9778534923338,615.6729131175467,104.08858603066444,155.02559327020737,1
9d5b0d56-95.jpg,1353.1514400228525,591.3117546848381,155.0257320384767,276.83134582623484,1
9d5b0d56-95.jpg,1497.103918228279,640.034071550256,168.31335633333086,174.95745016969587,1
9d5b0d56-95.jpg,1612.265758091994,611.243611584327,157.24020442930174,157.2402737424533,1
3902c87a-245.jpg,7.965686274509807,669.1176470588235,157.72058823529414,328.186274509804,1
3902c87a-245.jpg,1067.401960784314,368.014705882353,238.9705882352941,318.6274509803921,1
3902c87a-245.jpg,1288.8480392156866,426.9607843137255,200.73529411764696,264.46078431372547,1
3902c87a-245.jpg,1454.5343137254902,608.5784313725491,207.10784313725495,162.5,1
3902c87a-245.jpg,1472.058823529412,404.656862745098,210.29411764705884,216.66666666666669,1
78ecb279-31.jpg,1070.5882352941178,388.72549019607845,258.0882352941176,302.69607843137254,1
78ecb279-31.jpg,788.6029411764707,377.5735294117648,275.6127450980392,296.32352941176475,1
78ecb279-31.jpg,756.7401960784315,661.1519607843137,181.61764705882348,215.07352941176484,1
78ecb279-31.jpg,557.5980392156863,664.3382352941177,208.70098039215685,242.15712586163315,1
78ecb279-31.jpg,433.33333333333337,462.0098039215686,170.4656862745098,234.19117647058823,1
78ecb279-31.jpg,420.5882352941177,696.2009803921568,137.00980392156865,207.1078431372549,1
78ecb279-31.jpg,296.3235294117648,495.46568627450966,148.16176470588232,223.0392156862746,1
78ecb279-31.jpg,325.0,726.470588235294,100.36764705882356,143.3823529411764,1
78ecb279-31.jpg,238.97058823529417,721.6911764705882,90.80882352941175,122.671568627451,1
78ecb279-31.jpg,235.7843137254902,546.4460784313726,86.02941176470591,173.65196078431384,1
78ecb279-31.jpg,122.671568627451,723.2843137254903,122.671568627451,113.11274509803924,1
78ecb279-31.jpg,76.47058823529412,557.5980392156863,103.55392156862746,141.7892156862745,1
78ecb279-31.jpg,184.80392156862743,571.936274509804,68.50490196078437,135.41666666666663,1
78ecb279-31.jpg,1542.156862745098,434.92647058823536,159.31372549019613,289.95098039215696,1
78ecb279-31.jpg,1411.5196078431372,653.186274509804,146.56862745098067,285.1715686274511,1
78ecb279-31.jpg,1542.156862745098,708.9460784313725,98.77450980392184,219.85294117647072,1
78ecb279-31.jpg,1680.7598039215686,544.8529411764705,137.0098039215685,205.5147058823529,1
78ecb279-31.jpg,1768.3823529411766,642.0343137254903,86.02941176470608,141.7892156862744,1
78ecb279-31.jpg,1817.7696078431368,657.9656862745098,100.36764705882376,141.7892156862746,1
78ecb279-31.jpg,1886.2745098039215,662.7450980392157,95.58823529411768,101.9607843137256,1
78ecb279-31.jpg,1629.779411764706,764.7058823529412,86.0294117647058,105.14705882352928,1
78ecb279-31.jpg,1715.8088235294113,777.4509803921568,124.26470588235304,109.92660214650292,1
cb7648a4-27.jpg,431.7402379978245,401.470588235294,302.6960365119793,334.55882352941165,1
cb7648a4-27.jpg,3.1862745098039227,535.2941176470588,168.87254901960782,173.65196078431376,1
cb7648a4-27.jpg,11.15196078431373,696.2009803921569,87.62254901960785,92.40196078431364,1
cb7648a4-27.jpg,834.8039215686276,457.2303921568628,264.4607843137254,286.76470588235287,1
cb7648a4-27.jpg,1105.6372549019611,401.4705882352941,345.7107843137255,382.35294117647055,1
cb7648a4-27.jpg,109.92647058823528,626.1029411764706,299.5098039215687,215.07352941176467,1
cb7648a4-27.jpg,411.0294117647059,608.578431372549,237.37745098039213,246.936274509804,1
cb7648a4-27.jpg,662.7450770795192,602.2060358375868,264.46080527342195,340.9312409907519,1
cb7648a4-27.jpg,941.5441910059968,677.0833333333337,207.10776977831688,248.52941176470597,1
cb7648a4-27.jpg,1448.1617647058824,361.64215686274497,270.8333333333337,391.9117647058824,1
cb7648a4-27.jpg,1709.4362745098058,310.66176470588226,165.68635834858895,317.03431372549005,1
cb7648a4-27.jpg,1860.7843137254904,312.25490196078425,92.4019607843138,223.03921568627445,1
cb7648a4-27.jpg,1690.3186274509774,610.1715686274508,160.9068627450982,224.63261605771172,1
cb7648a4-27.jpg,1833.700980392157,568.75,65.3186274509801,178.43137254901953,1
cb7648a4-27.jpg,1193.2598039215677,775.8578431372548,159.31372549019605,119.48544760229272,1
cb7648a4-27.jpg,1374.877450980392,723.2843137254903,170.46568627450995,141.7892156862745,1
cb7648a4-27.jpg,1567.6470064242883,721.6911764705882,127.45103279139802,138.6029411764705,1
87be61d5-135.jpg,205.45454545454547,474.5454545454545,234.54545454545456,174.54545454545445,1
87be61d5-135.jpg,123.63636363636364,541.8181818181818,245.45454545454547,129.09124853567863,1
87be61d5-135.jpg,434.5454545454545,483.63636363636346,274.54545454545456,203.63636363636363,1
87be61d5-135.jpg,323.6363636363636,645.4545454545453,245.45454545454547,105.45454545454548,1
87be61d5-135.jpg,523.6363636363635,658.1818181818181,279.9999999999999,220.00049030911185,1
87be61d5-135.jpg,1030.908961636317,558.1818181818179,227.2728565455012,252.72727272727255,1
87be61d5-135.jpg,1609.090765454494,581.8181818181812,176.3637800000521,247.27272727272705,1
236480b3-32.jpg,412.6225490196078,514.5833333333331,223.0392156862746,202.3284313725491,1
236480b3-32.jpg,211.8872549019608,473.1617647058824,208.70098039215688,187.99019607843127,1
236480b3-32.jpg,246.93627450980395,681.8627450980392,281.985294117647,133.82352941176464,1
236480b3-32.jpg,622.9166666666669,532.1078431372549,138.60294117647052,199.1421568627451,1
236480b3-32.jpg,503.43137254901967,721.6911764705883,234.1911764705881,157.72093905734124,1
236480b3-32.jpg,763.1127450980393,477.9411764705882,216.6666666666667,275.6127450980392,1
236480b3-32.jpg,911.2745098039225,729.6568627450979,234.19122886982925,262.8676470588234,1
236480b3-32.jpg,986.1519607843138,455.6372549019609,266.05392156862763,288.35784313725486,1
236480b3-32.jpg,1424.2647058823534,707.3529411764705,223.0392156862743,277.2058823529412,1
236480b3-32.jpg,1150.2450980392157,708.9460784313719,270.8334800512098,296.32352941176447,1
236480b3-32.jpg,734.4364317075282,742.4019607843137,180.02435260619745,186.39705882352948,1
236480b3-32.jpg,1519.8529411764707,409.4362745098039,353.67647058823536,358.4558823529412,1
236480b3-32.jpg,1266.5441176470586,454.0441176470586,246.93627450980412,281.9852941176472,1
236480b3-32.jpg,1852.8186274509808,418.9950980392158,143.38235294117624,361.642156862745,1
3a08245d-69.jpg,101.9607843137255,1112.0098039215686,302.6960784313726,183.21078431372567,1
3a08245d-69.jpg,140.19607843137257,892.1568627450979,355.2696078431373,278.7990196078432,1
3a08245d-69.jpg,245.343137254902,720.0980392156865,232.5980392156864,176.83823529411762,1
3a08245d-69.jpg,310.66176470588243,516.1764705882352,281.9852941176472,213.48039215686276,1
3a08245d-69.jpg,1446.5686274509803,634.0686274509804,245.34313725490196,203.92156862745108,1
3a08245d-69.jpg,1487.9901960784314,785.4166666666666,318.62745098039227,347.3039215686276,1
3a08245d-69.jpg,1553.3088235294122,1053.063725490196,318.62745098039227,243.75,1
5b4153f1-222.jpg,65.3186274509804,375.9803921568629,35.04901960784315,129.0441176470588,1
5b4153f1-222.jpg,71.69117647058826,387.13235294117646,78.06372549019609,281.9852941176471,1
5b4153f1-222.jpg,138.6029411764706,391.9117647058823,87.62254901960785,275.6127450980392,1
5b4153f1-222.jpg,215.07352941176472,332.9656862745097,124.26470588235296,304.28921568627453,1
5b4153f1-222.jpg,296.3235294117648,368.0147058823529,211.8872549019608,261.2745098039216,1
5b4153f1-222.jpg,111.51960784313728,664.3382352941176,47.79411764705884,135.4166666666667,1
5b4153f1-222.jpg,149.75482300071496,664.3382352941173,78.06380445026545,277.20588235294105,1
5b4153f1-222.jpg,210.29411764705884,627.6960784313725,87.62254901960787,231.00490196078425,1
5b4153f1-222.jpg,450.857843137255,380.75980392156873,240.56372549019613,278.7990196078431,1
5b4153f1-222.jpg,286.7647058823529,622.9166666666667,125.8578431372549,321.813725490196,1
5b4153f1-222.jpg,387.1323529411766,619.7303921568626,175.2450980392157,283.57873834184056,1
5b4153f1-222.jpg,525.7352941176471,656.3725490196077,156.12745098039227,224.6323529411767,1
5b4153f1-222.jpg,673.8970588235295,363.235294117647,264.4607843137255,312.2549019607844,1
5b4153f1-222.jpg,659.5588235294119,656.3725490196077,152.94117647058826,262.86764705882365,1
5b4153f1-222.jpg,812.4999999999997,634.0686274509802,143.38239242121122,274.0197174750269,1
5b4153f1-222.jpg,952.6960784313716,629.289215686275,211.887452302134,334.5593936152375,1
5b4153f1-222.jpg,943.1372549019608,387.1323529411764,207.10784313725483,259.68137254901967,1
5b4153f1-222.jpg,1145.46568627451,358.4558823529412,232.59803921568636,291.5441176470588,1
5b4153f1-222.jpg,1127.9411764705887,653.1859894668905,187.99019607843155,278.7993046507561,1
5b4153f1-222.jpg,1371.6911764705883,380.7598039215686,146.5686274509804,315.44117647058823,1
5b4153f1-222.jpg,1306.3725490196082,657.96568627451,168.87265956370513,264.46078431372536,1
5b4153f1-222.jpg,1523.0392156862747,380.75980392156873,129.04411764705912,278.7990196078431,1
5b4153f1-222.jpg,1475.245098039216,645.2205882352944,202.3284313725492,226.25926830665992,1
5b4153f1-222.jpg,1642.5245098039218,374.3872549019608,108.33333333333314,242.156862745098,1
5b4153f1-222.jpg,1746.0784313725494,361.6421568627452,122.67156862745082,199.1421568627451,1
5b4153f1-222.jpg,1680.7597565455274,544.8529411764706,151.3480865917272,234.1911764705881,1
5b4153f1-222.jpg,1836.1297596671145,457.02395606658007,86.18022716223976,157.99708313077295,1
cbdcf4fe-16.jpg,1472.058823529412,258.0882352941176,231.0049019607845,310.6617647058824,1
cbdcf4fe-16.jpg,1682.3529411764705,274.01960784313746,144.97541683714044,288.357843137255,1
cbdcf4fe-16.jpg,278.7990300876916,358.4558823529412,208.7009699123086,288.357843137255,1
cbdcf4fe-16.jpg,151.3480392156863,348.8970588235294,144.9754901960785,277.2058823529412,1
cbdcf4fe-16.jpg,73.28435564488336,329.77941176470586,113.11270317864611,227.8186274509803,1
cbdcf4fe-16.jpg,22.30392156862746,320.22058823529414,66.91176470588238,124.26470588235298,1
cbdcf4fe-16.jpg,63.72549019607842,497.0588235294118,74.87745098039214,73.2844014310019,1
cbdcf4fe-16.jpg,101.9607843137255,551.2254901960785,108.33333333333326,170.46597131742283,1
cbdcf4fe-16.jpg,189.5833647728782,597.4264705882351,144.97545875653353,184.80416275878488,1
cbdcf4fe-16.jpg,274.0196078431373,602.2058823529412,176.83823529411768,253.30882352941177,1
cbdcf4fe-16.jpg,454.0441176470589,632.4754901960785,197.54901960784323,277.2060358375869,1
cbdcf4fe-16.jpg,1427.4509803921574,557.5980392156862,165.68616971132064,312.25490196078425,1
cbdcf4fe-16.jpg,1570.8333333333337,552.8186274509803,176.83823529411768,227.8186274509804,1
cbdcf4fe-16.jpg,1696.6911764705876,552.8186274509807,113.11267173910116,148.16196204328375,1
cbdcf4fe-16.jpg,1800.245098039216,489.0931372549019,106.74022751797573,144.9754901960784,1
cbdcf4fe-16.jpg,1808.2107843137253,326.593137254902,82.8431791742957,184.80392156862743,1
cbdcf4fe-16.jpg,1887.867647058824,301.10294117647044,70.0981125746238,151.34803921568627,1
cbdcf4fe-16.jpg,1894.2401960784312,417.40196078431376,71.69117647058812,90.80882352941175,1
cbdcf4fe-16.jpg,471.5686274509805,388.7254901960784,215.07352941176472,264.46078431372547,1
cbdcf4fe-16.jpg,640.4411764705881,645.220588235294,202.3284523322457,259.68143832815326,1
cbdcf4fe-16.jpg,841.1764705882359,675.4901960784314,187.99010175979677,248.5294117647058,1
cbdcf4fe-16.jpg,1032.352941176471,667.5245098039215,191.1764705882352,223.0392156862745,1
cbdcf4fe-16.jpg,1229.9019607843138,622.9166666666669,191.17647058823536,250.1225490196078,1
cbdcf4fe-16.jpg,1295.2205882352944,329.77941176470586,203.9215686274511,313.8480392156864,1
cbdcf4fe-16.jpg,990.9313725490196,350.4901960784314,299.5098039215687,340.9313725490196,1
cbdcf4fe-16.jpg,686.642156862745,348.89692726526164,299.5098039215686,340.93150410728725,1
d683bbb2-188.jpg,133.77785167779106,405.4342956506023,147.9664117042235,249.98891475142776,1
d683bbb2-188.jpg,256.74537190687187,360.8416784246714,214.85524712882025,351.33577208308725,1
d683bbb2-188.jpg,460.7903780012773,433.1355375148049,295.9327229481149,322.2832387877956,1
d683bbb2-188.jpg,754.696264263093,510.1593815599826,247.2862347775967,240.5298747338057,1
d683bbb2-188.jpg,1177.6504821938884,546.6442501993816,214.17969182757477,212.82840039648588,1
d683bbb2-188.jpg,1149.2733621410237,677.7195190149952,179.04611461926606,162.15497173065592,1
d683bbb2-188.jpg,1487.7718656287673,518.9427758620614,202.01806894777548,150.668994566401,1
d683bbb2-188.jpg,1452.6382884204577,639.2077132289645,224.990023276285,113.50858249963032,1
bf27a3f3-122.jpg,1089.090909090909,296.3636363636363,400.0,372.7272727272728,1
bf27a3f3-122.jpg,443.6363636363636,376.3636363636364,278.1818181818182,243.63636363636363,1
bf27a3f3-122.jpg,396.3636363636364,554.5454545454545,240.0,229.09090909090904,1
91819bd3-51.jpg,114.7056413164305,380.7598039215685,293.1374959384715,345.7107843137252,1
91819bd3-51.jpg,1626.593137254902,536.8872549019608,286.76470588235304,176.83823529411774,1
4d17374f-174.jpg,765.2570239444201,629.9740510627562,77.68189920596328,192.2297844757739,1
8070dcce-150.jpg,1262.2695216573077,452.20774154867854,172.59676915270572,203.92216141885507,1
7b938f9c-154.jpg,137.0098039215687,1075.367515500556,288.35784313725486,208.70111195042503,1
7b938f9c-154.jpg,221.44607843137263,841.1764705882354,293.13725490196083,281.9852941176472,1
7b938f9c-154.jpg,307.47549019607845,697.7941176470588,269.24019607843144,178.4313725490197,1
7b938f9c-154.jpg,1374.8774509803925,527.328431372549,248.5294117647058,197.54901960784323,1
7b938f9c-154.jpg,1521.5806739887314,658.1113456902798,247.3032230321383,190.6484513690197,1
7b938f9c-154.jpg,1457.7315762800542,848.7596485368726,288.6702095560753,267.9867653220988,1
7b938f9c-154.jpg,1597.1205675694607,1041.9053635991856,218.52612071567165,221.2239740578406,1
cd35e202-111.jpg,1377.952755905511,669.2913385826772,259.84251968503924,191.60104986876632,1
cd35e202-111.jpg,1492.998260124931,492.8471247875875,215.12234814647752,193.6101133318291,1
cd35e202-111.jpg,1686.6083734567658,462.3714588001711,168.51250604807518,182.8539959245069,1
cd35e202-111.jpg,1629.2424139510315,645.2254547246768,202.5735445045999,148.79295746798215,1
15b3a4f0-282.jpg,4.779411764705877,576.7156862745098,71.69117647058825,245.343137254902,1
15b3a4f0-282.jpg,80.52192941926444,512.341802782869,240.47765407645187,306.8538391382781,1
15b3a4f0-282.jpg,311.2063758636436,475.3452406172612,285.09115551144976,320.9995834957162,1
15b3a4f0-282.jpg,577.7992502922879,481.873806089131,230.68444644437864,282.91512676494426,1
15b3a4f0-282.jpg,782.3684763844734,537.3687391936102,221.97937299364744,266.5930241887558,1
15b3a4f0-282.jpg,974.9682264819044,479.69777734262686,225.2437755376721,257.8878009779143,1
15b3a4f0-282.jpg,431.9892699925401,774.5821404861492,122.95916249157956,75.08125851255734,1
15b3a4f0-282.jpg,727.9617673174041,749.5550543152966,163.22012720121165,82.69819778194719,1
15b3a4f0-282.jpg,900.9751021506886,670.1212590773738,237.21325153242773,272.0335453353528,1
15b3a4f0-282.jpg,1126.2188776883606,588.5111954767681,133.84050430499343,180.6302741026742,1
15b3a4f0-282.jpg,1120.7782067816534,757.1719935846866,88.13886868865438,126.22356503560376,1
15b3a4f0-282.jpg,1238.2966983665258,602.6569398342064,181.7184082840157,163.22012720121168,1
15b3a4f0-282.jpg,1191.5069285688453,749.5550543152967,215.4505679055994,151.2506512064562,1
15b3a4f0-282.jpg,1394.988020479689,590.6874638394509,166.48452974523593,150.16251702511468,1
15b3a4f0-282.jpg,1368.872800127495,714.7347605123715,184.98281082804,141.45744357438343,1
4591b6b9-243.jpg,1301.5931372549023,401.470588235294,232.59803921568616,272.42647058823536,1
4591b6b9-243.jpg,1508.700980392157,398.28431372549016,192.7696078431373,302.69607843137254,1
4591b6b9-243.jpg,1675.980392156863,458.8235294117648,151.3480392156862,251.7156862745097,1
9d58e82c-249.jpg,767.8921568627452,415.8088235294116,238.97058823529412,272.42658022012523,1
9d58e82c-249.jpg,1008.455882352941,403.06372549019625,251.7157652345795,289.9509803921566,1
9d58e82c-249.jpg,1158.2107843137258,681.8627450980392,93.99509803921576,73.28431372549024,1
9d58e82c-249.jpg,1241.0539215686283,487.5,137.0097249614992,221.44607843137248,1
fa238421-97.jpg,84.15672913117545,507.1550255536628,183.81601362862008,201.5332197614991,1
fa238421-97.jpg,221.46507666098813,389.7785349233387,316.69477932040854,356.55877342419063,1
fa238421-97.jpg,531.5161839863714,407.49574105621815,336.6269165247019,343.2708688245315,1
fa238421-97.jpg,230.3236797274276,702.0442930153321,159.4548551959114,132.87904599659296,1
fa238421-97.jpg,438.5008517887563,651.107325383305,152.81090289608173,183.8160136286202,1
fa238421-97.jpg,772.9131175468483,666.609880749574,221.46507666098813,190.4599659284497,1
fa238421-97.jpg,1136.115843270869,425.21294718909706,230.32367972742747,261.32879045996594,1
fa238421-97.jpg,1222.487223168654,686.541737649063,239.1822827938671,205.96252129471893,1
fa238421-97.jpg,1368.654173764906,407.4956816449448,194.8892674616696,168.31351767362406,1
fa238421-97.jpg,1386.3713798977851,467.2913117546848,347.7001703577514,172.7427597955706,1
fa238421-97.jpg,1373.0834752981257,620.1022146507665,232.5383304940373,152.81095240547603,1
8c477306-142.jpg,301.33305605252235,760.7799317810347,269.8186188339279,250.6264249438769,1
8c477306-142.jpg,467.28847175655454,306.942892017798,203.21061481935985,209.9843019800051,1
8c477306-142.jpg,1305.6970660338552,251.6243297789192,206.59748515575583,212.2423147938292,1
8c477306-142.jpg,1320.3734684834744,461.6086317589243,243.8526575150112,199.82388833264616,1
8c477306-142.jpg,1361.0155111791255,626.4351832656791,235.950165193318,177.2447671994427,1
8c477306-142.jpg,1380.2076248009537,755.1351924804969,269.81863667131,248.36852922366177,1
8c477306-142.jpg,1389.239207681813,942.5408417017334,281.1080171667813,193.0497796350104,1
8e0bfd48-4.jpg,818.3856502242153,1008.9686098654712,237.6681614349775,264.5739910313901,1
8e0bfd48-4.jpg,1401.3452914798204,753.3632286995517,213.0044843049328,242.15246636771303,1
8e0bfd48-4.jpg,437.2197309417039,845.291479820628,217.4887892376682,233.18385650224215,1
8e0bfd48-4.jpg,307.1749486466515,659.192825112107,266.8160827434834,206.2780269058288,1
8e0bfd48-4.jpg,224.21528038914607,488.7892376681615,255.60534741354437,197.30941704035905,1
8e0bfd48-4.jpg,125.56053811659189,201.7937219730942,311.65919282511186,311.65919282511186,1
8e0bfd48-4.jpg,1438.6029411764705,557.5980392156864,261.27450980392183,210.29411764705887,1
8e0bfd48-4.jpg,1478.4313725490197,379.1666666666666,254.9019607843141,186.39705882352945,1
8e0bfd48-4.jpg,1452.9411764705883,86.02949947021767,323.40686274509807,296.32344170625305,1
8e0bfd48-4.jpg,1632.9656862745098,3.18627450980393,146.5686274509804,113.1127450980392,1
a91127f1-77.jpg,705.7598039215686,328.18627450980387,291.544117647059,321.81372549019613,1
a91127f1-77.jpg,506.6176470588237,342.52450980392155,195.9558823529412,267.64705882352945,1
a91127f1-77.jpg,337.7450980392157,301.1029411764706,176.83823529411774,280.39215686274514,1
a91127f1-77.jpg,221.44615179031055,278.79901960784304,129.04404428812083,240.56372549019613,1
a91127f1-77.jpg,221.4460784313726,489.093137254902,140.19607843137257,108.33333333333329,1
a91127f1-77.jpg,1300.0,325.0,237.37745098039227,304.28921568627453,1
a91127f1-77.jpg,1706.2500000000002,294.7303921568627,156.12745098039198,242.156862745098,1
a91127f1-77.jpg,1930.882352941177,297.91666666666663,57.35294117647044,143.3823529411765,1
5c2f8957-162.jpg,422.2930767218488,526.5924445166576,97.93207632072694,149.37114671141185,1
5c2f8957-162.jpg,475.7105728967907,502.8513351055722,83.0938829387987,166.1877658775974,1
5c2f8957-162.jpg,528.1388561796042,438.55249711721615,147.3927209271548,233.4542425423392,1
5c2f8957-162.jpg,558.8044558355895,644.3087786799558,90.01837318369873,159.26327563269737,1
5c2f8957-162.jpg,667.617873969731,426.6819424116733,158.2740186153769,246.31401014001017,1
5c2f8957-162.jpg,638.9306755840073,631.4490110822845,146.4035325490221,200.81021710209663,1
5c2f8957-162.jpg,1281.9190799815638,623.535307945256,133.54374043735532,202.78864288635395,1
5c2f8957-162.jpg,1389.743285223576,439.5417100093447,118.70554705542702,201.7994299942254,1
5c2f8957-162.jpg,1399.635414144862,505.8189737819579,148.38193381928363,161.24170141695458,1
5c2f8957-162.jpg,1535.157580366474,514.7218898111148,61.331199311970295,144.42508225076924,1
44ea1618-6.jpg,962.2549019607844,387.13235294117646,313.84803921568647,328.18627450980404,1
44ea1618-6.jpg,305.88224814269336,597.4259224287872,219.8530459749529,221.44693356011277,1
44ea1618-6.jpg,114.7058823529412,498.65196078431376,172.05882352941182,181.6176470588235,1
44ea1618-6.jpg,686.6421568627452,403.063725490196,275.6127450980392,302.6960784313724,1
6c17749f-186.jpg,686.3545592234207,574.5204710095867,117.724610773959,188.03220263600616,1
6c17749f-186.jpg,804.0790686998782,454.3433675857048,174.95170158306664,222.3685178999726,1
6c17749f-186.jpg,963.4976752825784,411.8317391636506,177.40424690769305,299.2164615859924,1
6c17749f-186.jpg,787.7284423837036,588.4185033783351,66.22006899570732,145.52057421395253,1
03fde12b-182.jpg,1093.8859510602117,476.9619934912117,186.3971400043889,230.54383105805996,1
03fde12b-182.jpg,1363.6712852770902,517.8385592816478,206.83542289960684,146.33810552976144,1
03fde12b-182.jpg,1279.4654503474908,627.3877556000159,232.99653440678745,148.79069947718742,1
03fde12b-182.jpg,1568.3434652529938,449.9834600695237,127.5348852661608,139.7978550032917,1
03fde12b-182.jpg,1512.7513357779976,579.1534079673022,178.22182684630135,106.27928483741178,1
f07e5340-266.jpg,180.02450980392166,313.8480392156864,331.37265166769805,296.3235294117647,1
f07e5340-266.jpg,281.9852941176474,554.4117647058823,280.39224371882113,223.0392156862745,1
f07e5340-266.jpg,339.3382352941177,705.7598039215686,254.9019607843138,218.25980392156876,1
f07e5340-266.jpg,471.5686274509801,852.3284313725494,176.83823529411748,164.09340037143684,1
f07e5340-266.jpg,638.8480392156863,895.343137254902,175.24509803921575,148.16176470588246,1
f07e5340-266.jpg,1277.6960784313726,855.514705882353,172.05882352941188,184.8039215686275,1
f07e5340-266.jpg,1368.5049019607848,721.6911764705882,248.5294117647058,250.1225490196078,1
f07e5340-266.jpg,1470.465670482496,323.406862745098,336.15197657632785,313.84803921568613,1
f07e5340-266.jpg,1577.2058428729065,79.65686274509804,299.5098434016035,281.9852941176471,1
f0daeb4d-28.jpg,27.083333333333343,360.04901960784315,127.45098039215684,313.8480392156863,1
f0daeb4d-28.jpg,152.94117647058823,458.82352941176464,143.38235294117655,259.6813725490196,1
f0daeb4d-28.jpg,159.3137254901961,715.3186274509803,122.671568627451,164.093137254902,1
f0daeb4d-28.jpg,275.6127450980392,428.55392156862746,280.3921568627451,374.3872549019608,1
f0daeb4d-28.jpg,294.73039215686254,783.8235294117646,114.70588235294116,129.04429305808253,1
f0daeb4d-28.jpg,436.5196078431374,772.6715686274509,172.05882352941182,137.00980392156853,1
f0daeb4d-28.jpg,632.4754901960787,802.9411764705883,143.38235294117646,130.6374303129845,1
f0daeb4d-28.jpg,559.1911764705883,439.7058823529412,323.40686274509807,377.57352941176464,1
f0daeb4d-28.jpg,884.1911764705881,436.5196078431373,294.7303921568627,312.25490196078425,1
f0daeb4d-28.jpg,1048.28431372549,634.06862745098,259.681487827351,353.67647058823485,1
f0daeb4d-28.jpg,822.058708251081,689.8284313725486,218.2599191999004,258.0884326315193,1
f0daeb4d-28.jpg,1288.8480392156869,675.4901960784316,253.30872921077676,253.30882352941177,1
f0daeb4d-28.jpg,1430.6372549019611,481.12745098039215,250.12254901960773,238.97058823529412,1
f0daeb4d-28.jpg,1653.6764705882351,528.9215686274509,245.34313725490196,186.39705882352948,1
f0daeb4d-28.jpg,1833.700980392157,688.2352941176472,154.53431372549005,111.51960784313724,1
f0daeb4d-28.jpg,1550.122465180822,675.4901960784312,269.24027991721795,167.27941176470569,1
93742b4a-197.jpg,238.97058823529417,426.9607843137255,140.19607843137254,144.9754901960784,1
93742b4a-197.jpg,258.0882352941177,568.75,187.99019607843132,146.56862745098047,1
93742b4a-197.jpg,364.828431372549,457.23039215686265,227.81862745098053,175.24509803921563,1
93742b4a-197.jpg,431.7401960784315,619.730392156863,246.93627450980395,154.53459876840313,1
93742b4a-197.jpg,1158.2107843137258,465.1960784313726,221.44607843137263,231.0049019607844,1
787a9884-160.jpg,156.12745098039218,949.5098039215684,337.74509803921575,321.8137254901962,1
787a9884-160.jpg,203.92156862745097,748.7745098039215,302.69607843137265,211.88725490196092,1
787a9884-160.jpg,301.1029411764706,557.5980392156862,267.64705882352945,216.66666666666663,1
787a9884-160.jpg,401.4705882352943,342.52450980392155,219.85294117647064,235.7843137254902,1
787a9884-160.jpg,575.122549019608,224.6323529411765,218.25980392156865,235.7843137254903,1
787a9884-160.jpg,774.2647058823532,151.3480392156863,237.37745098039213,251.71568627450984,1
787a9884-160.jpg,1027.5735294117649,167.2794117647059,258.08823529411785,246.93627450980387,1
787a9884-160.jpg,1242.6470588235293,251.71537930521856,216.66654822656295,232.59834618497743,1
787a9884-160.jpg,1389.2156862745092,383.94585916759337,221.44601526331653,235.7845329892696,1
787a9884-160.jpg,1441.789215686275,605.3921568627452,264.4607843137257,219.85294117647047,1
787a9884-160.jpg,1491.1764705882356,809.3137254901957,281.985238845598,199.14215686274505,1
787a9884-160.jpg,1511.887254901961,989.3382352941176,318.6274509803925,301.1029411764707,1
381372b6-181.jpg,406.930109241468,593.2029638102108,172.1230432303688,117.716334163298,1
381372b6-181.jpg,390.1134900752826,453.7239460200843,118.70554705542672,152.33878538779757,1
381372b6-181.jpg,496.9484824251666,517.033571116312,187.95044950442565,147.39272092715476,1
381372b6-181.jpg,549.3767657079799,657.5018017985678,267.08748087471,124.64112392842004,1
381372b6-181.jpg,1906.024775247788,367.6624244049,88.0399473994413,274.01197111961,1
6b989eba-275.jpg,55.75980392156861,485.906862745098,164.09313725490202,189.58333333333343,1
6b989eba-275.jpg,108.3333017493055,656.3726147987418,218.25980392156865,138.60294117647052,1
6b989eba-275.jpg,208.7009803921569,512.9901960784314,197.54901960784315,191.17647058823528,1
6b989eba-275.jpg,401.4705882352941,487.5,173.65196078431367,250.1225490196078,1
6b989eba-275.jpg,317.03431372549016,689.8284313725491,254.90196078431376,159.31372549019602,1
6b989eba-275.jpg,538.480392156863,482.7205882352941,191.17661271636004,274.01960784313724,1
6b989eba-275.jpg,519.3627450980391,708.9460784313726,197.54901960784323,175.24509803921575,1
6b989eba-275.jpg,724.8774509803923,426.9607843137256,267.6470588235294,353.67647058823525,1
6b989eba-275.jpg,688.2353730777164,673.8970588235287,245.34305829483276,275.61292050906303,1
6b989eba-275.jpg,997.3039215686276,398.2843137254903,243.75,329.77941176470586,1
6b989eba-275.jpg,927.2058823529412,657.9656862745098,234.1912317426366,281.9852941176468,1
6b989eba-275.jpg,1221.9362745098042,431.7401960784314,259.68137254901933,340.9313725490196,1
6b989eba-275.jpg,1478.4313725490206,363.235294117647,294.7304790129396,387.13235294117646,1
6b989eba-275.jpg,1693.5049019607843,686.642156862745,168.87262008367026,229.41176470588223,1
6b989eba-275.jpg,1714.2156862745096,390.31862745098033,167.27949072477514,297.9166666666666,1
6b989eba-275.jpg,1860.7843137254904,434.9264705882353,121.07843137254918,315.44117647058823,1
aa16b183-60.jpg,334.5588235294119,516.1764705882352,227.81862745098047,165.68627450980398,1
aa16b183-60.jpg,1068.9950980392157,610.1715686274508,207.10784313725503,278.7991950188667,1
aa16b183-60.jpg,1448.1617647058822,626.1029411764707,125.85784313725526,203.9215686274509,1
aa16b183-60.jpg,1583.5785047314864,656.3725490196077,89.21561291557228,156.12745098039218,1
aa16b183-60.jpg,380.7598039215686,651.5931372549014,272.4264705882352,181.6179540281149,1
f887a525-273.jpg,93.99509803921568,457.2303921568628,90.80882352941175,164.093137254902,1
f887a525-273.jpg,173.65196078431376,492.279411764706,100.36764705882356,157.72058823529412,1
f887a525-273.jpg,237.37745098039213,449.2647058823529,71.69117647058823,213.48039215686276,1
f887a525-273.jpg,288.357843137255,442.8921568627451,122.671568627451,243.75,1
f887a525-273.jpg,393.5049019607843,380.7598039215686,186.39705882352936,345.71078431372547,1
f887a525-273.jpg,149.7549019607842,626.1029411764707,121.078431372549,124.26503477802198,1
f887a525-273.jpg,246.936274509804,659.5588235294117,98.77450980392156,140.1960784313726,1
f887a525-273.jpg,318.6274509803922,665.9313725490196,101.96078431372548,159.3137254901961,1
f887a525-273.jpg,401.4705882352941,653.1862745098039,184.8039215686274,234.19117647058837,1
f887a525-273.jpg,575.1225490196082,363.2352941176472,237.3773957083436,309.0686274509804,1
f887a525-273.jpg,571.936274509804,638.8480392156864,202.32843137254903,269.24019607843127,1
f887a525-273.jpg,772.671568627451,645.2205882352941,151.3480392156862,178.43137254901953,1
f887a525-273.jpg,796.5686274509804,404.656862745098,274.01960784313746,328.1862745098039,1
f887a525-273.jpg,1067.4019607843138,371.2009803921568,266.0539215686275,356.86274509803934,1
f887a525-273.jpg,924.0196078431374,700.9803921568626,129.04411764705898,173.65196078431376,1
f887a525-273.jpg,1043.5049019607843,691.4215686274509,186.39705882352928,216.66666666666652,1
f887a525-273.jpg,1229.9019607843138,650.0,113.11274509803924,162.5,1
f887a525-273.jpg,1333.4558823529414,407.8431372549019,176.83823529411768,294.7303921568627,1
f887a525-273.jpg,1339.8284313725492,662.7450980392156,181.61764705882376,286.76470588235287,1
f887a525-273.jpg,1516.6666666666667,462.0098039215687,170.46568627450966,301.1029411764706,1
f887a525-273.jpg,1523.0392156862745,707.3529411764705,121.07843137254918,218.25980392156876,1
f887a525-273.jpg,1647.3039215686276,729.6568627450981,82.84313725490222,168.8725490196078,1
f887a525-273.jpg,1672.794117647059,517.7696078431374,89.21568627450966,215.07352941176472,1
f887a525-273.jpg,1736.5196078431377,517.7696078431371,76.47058823529392,199.1421568627451,1
f887a525-273.jpg,1803.43137254902,540.0735294117648,39.82843137254889,184.8039215686275,1
f887a525-273.jpg,1733.3333333333337,721.6911764705882,55.759803921568505,129.04411764705875,1
f887a525-273.jpg,1798.6519607843138,710.5392156862744,60.53921568627459,97.18137254901973,1
f887a525-273.jpg,1828.9216238995,541.6666666666664,81.24994472795137,149.75490196078422,1
fb42774b-207.jpg,758.6972285912419,427.0139548170613,233.0456976178901,280.44482255712205,1
fb42774b-207.jpg,994.3762109279784,415.1641735822533,242.26219413385195,294.92788851077614,1
fb42774b-207.jpg,596.7502183821996,484.946218631678,180.38000324096575,217.24598930481284,1
fb42774b-207.jpg,285.99309835368337,500.3409801995152,90.01837318369863,160.25248852482608,1
fb42774b-207.jpg,363.1517039397107,502.3194059837723,118.70554705542672,179.0475334752685,1
fb42774b-207.jpg,468.0082705053377,479.5675094648154,140.46823068225487,229.4973909738251,1
fb42774b-207.jpg,289.9499499221976,643.7768495581557,103.8673536734984,111.78105681052676,1
fb42774b-207.jpg,398.7633680563388,675.4316621062694,71.22332823325614,103.86735367349834,1
fb42774b-207.jpg,476.91118653449456,678.3993007826552,100.89971499711268,142.44665646651194,1
fb42774b-207.jpg,735.0957513800477,684.3345781354266,143.43586935864082,132.55452754522642,1
fb42774b-207.jpg,882.4884723072025,689.2806425960692,117.7163341632982,122.66239862394087,1
fb42774b-207.jpg,1003.2191137901366,685.9703960679041,151.24329342461394,183.1270147411541,1
fb42774b-207.jpg,1151.1922819515155,674.5249576465817,138.1627923716742,176.58676421468437,1
fb42774b-207.jpg,1228.0402256375353,439.8934700094776,179.03939057731134,255.06977053232117,1
fb42774b-207.jpg,1405.4445211680245,428.4478628126723,140.61531743679998,241.98943825486307,1
fb42774b-207.jpg,1523.1690306444832,469.3245411200981,149.60823079299632,196.2075720525875,1
fb42774b-207.jpg,1456.131462748169,652.4516121197464,120.9946347396911,200.29517237313723,1
fb42774b-207.jpg,1565.6806590665385,657.3568000145987,95.65116394962048,138.1627923716742,1
fb42774b-207.jpg,1658.2719099919532,629.5607352771021,132.4400731610129,152.06082474042248,1
fb42774b-207.jpg,1722.8568839408424,491.3979429054279,82.57066289668131,126.71735395035203,1
fb42774b-207.jpg,1653.3667220971013,501.2083186951326,63.7674426330804,143.06798026652666,1
c94855ad-205.jpg,320.5146576863415,673.8908252106137,296.9028520499109,292.5579322638146,1
c94855ad-205.jpg,403.0681336221704,560.922910772111,253.4536541889482,168.00356506238856,1
c94855ad-205.jpg,439.27577697174144,390.0227325189916,241.8672229605892,189.72816399286975,1
c94855ad-205.jpg,216.2365828200313,852.0325364405602,315.7308377896613,247.66042780748657,1
c94855ad-205.jpg,177.13230474516487,1038.864087242699,308.4893048128343,136.14081996434933,1
c94855ad-205.jpg,495.7597054782405,187.25966963633695,205.6595867892067,192.62491671509665,1
c94855ad-205.jpg,1357.5021799679816,429.1270105938579,240.4188948306592,178.14171122994645,1
c94855ad-205.jpg,1398.054764638213,585.544122893323,228.8324420677361,169.45187165775397,1
c94855ad-205.jpg,1398.5585615858386,700.5369873700956,293.7962289621814,290.82859028579537,1
c94855ad-205.jpg,1522.2101731019077,878.5953079532356,250.2708617085247,246.3140101400101,1
c94855ad-205.jpg,1565.7355403555644,1069.5133961340464,234.4434554344673,169.15540455398326,1
137dcfeb-184.jpg,440.23309075176735,261.1207038637741,243.3464450056106,254.2277132770388,1
137dcfeb-184.jpg,401.65378795875336,115.70640872087648,214.65919759189663,187.9504495044256,1
137dcfeb-184.jpg,523.3269736905659,479.7367530241849,198.83179131783967,170.1446174461116,1
137dcfeb-184.jpg,576.7445385046951,638.9998244385491,211.6914902763252,175.09088612508913,1
137dcfeb-184.jpg,769.6409838305761,912.0227868843638,167.17697876972608,173.1122561224973,1
137dcfeb-184.jpg,1390.8666800873089,677.5793314498961,202.78864288635415,176.07989479888283,1
137dcfeb-184.jpg,1093.1135995566146,985.4303003031192,181.02601319031467,184.98281082803987,1
137dcfeb-184.jpg,1219.776461692823,904.808368550146,161.3732771662583,157.46453866406674,1
137dcfeb-184.jpg,1353.2304944151003,818.2587107737972,161.3732328862244,179.79993421925334,1
137dcfeb-184.jpg,1395.6677847149865,523.4314894453319,206.6023701404456,171.42416088605833,1
137dcfeb-184.jpg,1492.9865208972606,116.36890545205353,217.7701066630709,225.58749510738625,1
137dcfeb-184.jpg,1403.6449857240527,286.117957781843,250.15638317055405,252.94830855212,1
512fcc4a-100.jpg,223.67972742759795,383.1346222310248,276.8315496842744,256.899449319231,1
512fcc4a-100.jpg,84.15672913117552,35.434412265758084,380.9201866794488,374.2759795570698,1
512fcc4a-100.jpg,1552.469652266173,15.50255536626915,389.779070050692,380.9199318568995,1
512fcc4a-100.jpg,1463.8839273888384,345.4855195911417,323.33924126533765,343.27105696022886,1
512fcc4a-100.jpg,329.9829642248722,615.6729131175467,232.53833049403747,241.39693356047687,1
512fcc4a-100.jpg,485.0085178875639,795.0596252129471,219.25042589437828,210.3918228279388,1
512fcc4a-100.jpg,640.0340715502552,888.0749574105625,192.6744892837852,170.52810902896093,1
512fcc4a-100.jpg,828.2793867120954,910.221465076661,163.8841822113862,181.6013628620103,1
512fcc4a-100.jpg,992.1635434412268,916.8654173764904,183.81601362862,155.0255536626917,1
512fcc4a-100.jpg,1171.550255536627,859.2844974446336,190.46009333972432,203.74787052810893,1
512fcc4a-100.jpg,1355.3662691652453,770.6985063877537,197.103918228279,232.53829088652225,1
512fcc4a-100.jpg,1525.894378194208,657.7512776831345,210.3918228279386,201.533249467136,1
c8459c6b-257.jpg,1006.8627450980396,474.7549019607843,259.68137254901944,293.1372549019609,1
c8459c6b-257.jpg,1073.7745098039209,693.0147058823532,195.95600868905308,180.02450980392166,1
c8459c6b-257.jpg,1266.5441176470604,455.6370356381808,326.59303460681133,352.0835525971128,1
c8459c6b-257.jpg,1741.2990196078435,787.0098039215685,124.26470588235276,60.53921568627469,1
27da6333-278.jpg,184.8039215686275,31.86274509803925,313.8480392156864,286.76470588235287,1
27da6333-278.jpg,264.4607843137255,293.1372549019608,305.8823529411766,326.59313725490193,1
27da6333-278.jpg,289.9509803921569,583.0882352941177,270.8333333333335,259.6813725490196,1
27da6333-278.jpg,659.5588235294118,984.5588235294116,180.02450980392155,168.8725490196078,1
27da6333-278.jpg,753.5539215686276,1064.2156862745096,194.36274509803923,144.97549019607848,1
27da6333-278.jpg,1212.3774509803925,986.151960784314,197.54901960784292,199.14215686274505,1
27da6333-278.jpg,1349.3872549019604,836.3970588235292,234.19121595062327,254.90196078431376,1
27da6333-278.jpg,1411.5196078431372,645.220588235294,266.05392156862763,235.78431372549036,1
27da6333-278.jpg,1448.1616857458132,387.1323529411764,317.0343926855595,321.8137254901958,1
27da6333-278.jpg,1575.6127450980396,95.58823529411764,317.03431372549005,344.1176470588236,1
27da6333-278.jpg,898.5294117647061,1025.9803921568628,165.68627450980387,170.46568627450978,1
f9687157-53.jpg,149.75490196078434,116.29901960784308,259.6813725490196,262.8676470588236,1
f9687157-53.jpg,238.97058823529417,345.7107843137255,264.46078431372547,336.15196078431376,1
f9687157-53.jpg,1481.6176470588232,524.1421568627451,211.88725490196103,218.25980392156853,1
f9687157-53.jpg,1511.887254901961,227.8186274509804,266.05392156862763,323.406862745098,1
f9687157-53.jpg,1546.9362745098044,1.5931372549019756,238.9705882352942,235.7843137254902,1
e0a09bed-254.jpg,248.5294117647059,137.0098039215686,304.2893499183924,286.76470588235287,1
e0a09bed-254.jpg,309.06862745098044,383.9460784313725,288.3579142013174,304.28921568627453,1
e0a09bed-254.jpg,1400.3676470588232,428.5540750532732,304.28921568627413,302.6960565049945,1
e0a09bed-254.jpg,1460.9068627450974,181.6177786170912,302.6960784313726,280.3920253044776,1
20635337-63.jpg,23.89705882352942,976.593137254902,353.67647058823536,288.3578431372548,1
20635337-63.jpg,86.02941176470588,659.5588235294117,342.5245098039216,321.813725490196,1
20635337-63.jpg,200.73529411764716,473.1617647058824,313.8480392156863,213.48039215686276,1
20635337-63.jpg,315.44117647058823,278.7990196078431,246.93627450980395,219.8529411764706,1
20635337-63.jpg,622.9166666666667,63.725490196078425,195.9558823529411,176.83823529411768,1
20635337-63.jpg,810.9068627450984,14.338235294117638,170.46571771405468,183.21078431372555,1
20635337-63.jpg,989.3382352941178,23.89705882352939,168.87254901960787,165.68627450980395,1
20635337-63.jpg,1161.3970588235295,31.862745098039227,195.9558823529412,181.61764705882356,1
20635337-63.jpg,1282.475490196079,95.58823529411768,210.29411764705856,197.54901960784315,1
20635337-63.jpg,1491.1764705882356,426.9607843137253,261.27454124346576,223.03921568627445,1
20635337-63.jpg,1548.5294117647063,626.1029411764706,339.3382352941177,313.8480392156862,1
20635337-63.jpg,1599.5091856105173,911.2742466873864,355.2702261541868,317.03549774989904,1
1ab9d8be-30.jpg,95.58823529411764,4.77941176470587,302.69607843137254,180.02450980392155,1
1ab9d8be-30.jpg,143.38235294117646,173.6519607843136,331.37274813672536,317.0343137254898,1
1ab9d8be-30.jpg,274.0196078431373,442.89215686274486,275.6127870174324,307.4754901960784,1
1ab9d8be-30.jpg,403.0637254901961,699.3872549019608,221.4460784313726,250.1225490196078,1
1ab9d8be-30.jpg,541.6666666666667,869.8529411764704,187.99019607843132,234.19117647058823,1
1ab9d8be-30.jpg,718.5049019607844,957.4754901960785,183.21078431372555,195.95588235294105,1
1ab9d8be-30.jpg,1067.401960784314,967.0343137254904,156.1275033796334,205.51470588235304,1
1ab9d8be-30.jpg,1226.7156862745103,922.4264705882352,160.90686274509807,215.07352941176472,1
1ab9d8be-30.jpg,1365.3186274509808,836.3970588235295,203.9215686274508,232.59803921568607,1
1ab9d8be-30.jpg,900.1225490196081,979.779411764706,156.12745098039213,197.54901960784323,1
1ab9d8be-30.jpg,1640.9313725490194,3.1862745098039227,286.764705882353,159.31409823862109,1
1ab9d8be-30.jpg,1454.5343137254904,643.6274509803922,231.0049019607845,248.5294117647058,1
1ab9d8be-30.jpg,1531.004818121999,404.6568188923421,274.0197336013164,297.9166666666664,1
1ab9d8be-30.jpg,1578.799019607843,140.19607843137263,310.6617647058823,302.69607843137254,1
3c6f6940-104.jpg,1448.381601362862,540.3747870528109,179.38671209540018,128.44974446337298,1
3c6f6940-104.jpg,1313.287802670638,677.683154386381,259.1141906578656,157.2400757048767,1
642c620f-12.jpg,28.67647058823529,532.1078431372548,167.27943272440243,129.04411764705875,1
642c620f-12.jpg,6.372549019607831,650.0000000000002,178.43144590795768,183.2107843137255,1
642c620f-12.jpg,199.14215686274505,490.6861429515362,344.1176470588235,205.51483744062008,1
642c620f-12.jpg,176.83823529411757,667.5245098039215,344.11764705882365,181.6176470588235,1
642c620f-12.jpg,535.2941176470589,508.2106089027018,221.4460784313725,168.87272443063142,1
642c620f-12.jpg,984.558823529412,406.25,267.6470588235296,336.1519607843137,1
642c620f-12.jpg,1258.5784313725492,428.5539215686275,246.93627450980387,331.3725490196079,1
642c620f-12.jpg,989.3382352941176,635.6617647058824,231.00490196078425,231.00490196078417,1
642c620f-12.jpg,1502.3284313725496,439.705882352941,211.88729682135417,364.8284313725488,1
642c620f-12.jpg,1805.024509803922,361.6421568627451,116.29901960784308,288.35784313725486,1
789284b8-137.jpg,9.09092345455062,907.2720860992736,359.9999999999998,378.1823839231003,1
789284b8-137.jpg,165.4545454545454,752.7272727272726,318.1818181818182,203.63636363636363,1
789284b8-137.jpg,230.90890418175087,410.9090909090908,310.90927763643094,323.63636363636346,1
789284b8-137.jpg,594.5455407273039,205.45454545454524,189.09082290905988,194.54545454545445,1
789284b8-137.jpg,1518.181573999912,732.7272727272738,400.0002441819062,398.1818181818185,1
789284b8-137.jpg,1472.7272727272723,479.9998868517427,303.6362199999484,358.18193133007424,1
789284b8-137.jpg,770.909090909091,169.0909090909091,245.45454545454547,190.90909090909088,1
789284b8-137.jpg,1007.272727272727,185.4540551454336,232.72712909085752,172.72776303638454,1
789284b8-137.jpg,1234.5454545454538,250.9087891804066,201.8181818181816,174.54575627413868,1
69a6f8ed-216.jpg,181.0857583984784,515.8042225043469,45.701635616339225,165.39639556389454,1
69a6f8ed-216.jpg,221.3467231081106,471.1907210693491,132.75237012365218,231.77258062572076,1
69a6f8ed-216.jpg,357.363495775787,467.9263185253248,204.5692260921853,276.38608206071854,1
69a6f8ed-216.jpg,236.5806016468904,687.7294231562898,55.49484324841199,121.87102831023812,1
69a6f8ed-216.jpg,268.1364929057913,669.231142073486,93.5795395953613,165.39639556389443,1
69a6f8ed-216.jpg,356.27536159444566,716.0209118711666,127.31169921694509,132.75237012365218,1
69a6f8ed-216.jpg,554.3157825985825,483.16019706410464,242.65392243913467,257.8878009779144,1
69a6f8ed-216.jpg,596.7530156708974,727.990387865922,147.98624866243188,150.16251702511488,1
69a6f8ed-216.jpg,803.4985101257655,501.6584781469086,214.3624337242582,224.1556413563307,1
69a6f8ed-216.jpg,744.7392643333293,656.173531897389,166.48452974523607,220.8912388123066,1
69a6f8ed-216.jpg,926.457672617345,669.231142073486,183.8946766466984,213.27429954291628,1
69a6f8ed-216.jpg,1009.155870399292,482.0720628827633,221.9793729936481,223.0675071749892,1
69a6f8ed-216.jpg,1112.528617626725,665.9667395294612,208.9217628175508,205.65746510560496,1
69a6f8ed-216.jpg,1221.3420357608677,488.6008679708116,173.0133348332845,208.92176281755107,1
69a6f8ed-216.jpg,1421.5587251276872,448.33990326117953,286.1792896927909,184.98281082803985,1
69a6f8ed-216.jpg,1434.616335303782,619.1769697317807,248.0945933458411,177.36608122280654,1
69a6f8ed-216.jpg,1665.3007817481616,549.5363821259301,103.37280655130434,157.77945629450446,1
4960af30-167.jpg,192.7696078431373,884.1911764705883,259.6813725490196,242.156862745098,1
4960af30-167.jpg,274.01960784313724,667.5245098039215,299.5098039215687,269.24019607843144,1
4960af30-167.jpg,406.25,546.4460784313725,216.6666666666667,186.39705882352948,1
4960af30-167.jpg,584.681325172978,283.57825596152554,175.24514541525744,203.9217440384743,1
4960af30-167.jpg,1328.742835711809,671.890609870684,280.9364613645095,234.443550736358,1
4960af30-167.jpg,1416.7827831112504,502.73517808758993,191.90730107294007,205.75640409374049,1
4960af30-167.jpg,1378.2034803182364,886.5499027644698,258.18453542875875,234.44345543446764,1
0a339b03-239.jpg,189.58333333333337,506.6176470588235,148.16176470588232,92.40196078431374,1
0a339b03-239.jpg,218.25980392156865,602.2058823529412,175.24509803921575,95.58823529411754,1
0a339b03-239.jpg,342.52450980392166,525.7352941176471,178.4313725490196,124.2647058823529,1
0a339b03-239.jpg,517.7696078431372,503.4313725490196,172.05882352941188,191.17647058823528,1
0a339b03-239.jpg,364.8284313725492,638.8480392156863,243.75000000000003,170.46597131742308,1
0a339b03-239.jpg,680.2696078431372,503.4313725490196,189.58333333333343,199.14215686274505,1
0a339b03-239.jpg,605.3921568627452,664.3382352941177,176.83823529411768,159.31372549019602,1
0a339b03-239.jpg,787.0098039215687,657.9656862745098,189.5833333333333,213.48039215686276,1
0a339b03-239.jpg,866.6666666666672,474.7549019607845,216.66666666666663,261.274729067701,1
0a339b03-239.jpg,1083.333333333334,468.38235294117646,219.85296486449107,250.12274635700945,1
0a339b03-239.jpg,1300.0,438.1127450980392,237.37745098039227,277.2058823529412,1
0a339b03-239.jpg,1535.7843137254902,420.5882352941176,205.51470588235304,289.9509803921568,1
0a339b03-239.jpg,1335.0490196078435,672.3039215686275,135.41666666666657,159.31372549019602,1
0a339b03-239.jpg,1460.9068627450984,691.421568627451,154.53431372549005,187.99019607843147,1
0a339b03-239.jpg,1609.0686274509803,707.3529411764706,86.02938018067813,154.53431372549025,1
0a339b03-239.jpg,1715.8088235294117,446.07843137254895,108.33333333333344,242.15686274509807,1
0a339b03-239.jpg,1814.5833333333333,446.07843137254906,93.99509803921576,232.5980392156864,1
0a339b03-239.jpg,1683.9460784313724,675.4901960784314,119.48529411764724,194.36274509803903,1
0a339b03-239.jpg,1792.279411764706,694.6078431372549,30.26960784313729,143.3823529411766,1
9a50228d-127.jpg,124.82441634611752,992.3363750587232,321.54310338422897,251.3743046845632,1
9a50228d-127.jpg,201.933074232024,769.4924337449646,335.4226618036924,316.1454973322156,1
9a50228d-127.jpg,290.60803080081564,622.215009149998,283.7598610201349,189.68718643221484,1
9a50228d-127.jpg,383.1384202639032,290.64752431576835,233.6392333942958,212.82003972281956,1
9a50228d-127.jpg,728.5852075927638,86.36169683221499,237.4946662885914,202.79577023993352,1
9a50228d-127.jpg,967.6220470390735,74.02431157046999,237.4946662885911,212.04880918624224,1
9a50228d-127.jpg,1160.3936917538351,179.66285296812038,209.73546416746,171.9526269916113,1
9a50228d-127.jpg,1289.9362370021572,320.00072228758427,229.78377004206956,212.82010370402756,1
9a50228d-127.jpg,1356.2496279597644,645.3994665050329,261.3984416070159,195.8559910302016,1
9a50228d-127.jpg,1375.419871124158,805.0143883288602,316.91668746804066,314.6033241744969,1
9a50228d-127.jpg,1503.4202432147638,997.7338531483174,255.22971851820947,293.0131079053694,1
b1ac5999-271.jpg,50.980392156862735,1000.4901960784316,321.81372549019613,253.30882352941177,1
b1ac5999-271.jpg,92.40196078431369,787.0098039215684,375.9803921568628,315.44117647058823,1
b1ac5999-271.jpg,168.87248585155228,594.2399987410301,281.9853572857026,219.8531385138719,1
b1ac5999-271.jpg,242.156862745098,387.1325941313338,313.84803921568613,251.7154450843521,1
b1ac5999-271.jpg,366.4215686274511,210.29411764705884,258.0882352941177,213.4803921568628,1
b1ac5999-271.jpg,567.1568627450981,154.53431372549022,219.85294117647064,213.48039215686276,1
b1ac5999-271.jpg,724.8774509803923,101.96078431372548,259.6813725490196,215.0735294117647,1
b1ac5999-271.jpg,986.151960784314,124.26470588235294,262.8676470588236,207.1078431372549,1
b1ac5999-271.jpg,1202.8186274509806,211.88725490196083,203.9215686274511,180.02450980392152,1
b1ac5999-271.jpg,1354.166666666667,286.7647058823529,226.22549019607845,232.59803921568636,1
b1ac5999-271.jpg,1425.8578431372548,431.7401960784314,294.7303921568627,261.2745098039215,1
b1ac5999-271.jpg,1526.225490196079,627.6960784313726,283.5784313725492,251.71568627450995,1
b1ac5999-271.jpg,1607.4754901960785,1051.4705882352937,339.3381721260621,227.8186274509802,1
b1ac5999-271.jpg,1570.8333333333337,793.3823529411765,361.642156862745,321.813725490196,1
1d032251-191.jpg,238.97058823529417,406.2500000000001,121.078431372549,232.59803921568624,1
1d032251-191.jpg,512.9901960784314,368.0147058823529,194.3627450980392,261.2745098039216,1
1d032251-191.jpg,1280.8823529411766,396.6911764705884,200.73529411764696,250.12254901960785,1
1d032251-191.jpg,1658.4558823529414,369.6078431372549,141.7892156862746,256.49509803921575,1
1d032251-191.jpg,1793.872549019608,350.4901960784314,101.9607843137254,224.6323529411764,1
1d032251-191.jpg,345.7107843137256,355.26960784313724,215.0735294117648,304.28921568627453,1
1d032251-191.jpg,165.68627450980392,584.6813725490197,130.63725490196086,165.68627450980387,1
1d032251-191.jpg,301.1029411764706,632.4754901960783,100.3676470588236,143.3823529411765,1
1d032251-191.jpg,375.9803921568628,637.2549019607842,181.61764705882356,199.1421568627452,1
1d032251-191.jpg,557.5980392156864,610.171568627451,159.31372549019613,240.563725490196,1
1d032251-191.jpg,705.7598039215686,307.47549019607845,297.91666666666686,344.11764705882354,1
1d032251-191.jpg,995.7107843137256,332.9656862745097,294.7303921568629,320.22058823529414,1
1d032251-191.jpg,1245.8333333333337,640.4411764705883,176.83823529411754,175.24509803921563,1
1d032251-191.jpg,1421.0784313725492,632.4754901960785,173.6519607843138,180.0245098039216,1
1d032251-191.jpg,1475.2451217272376,323.40712586163335,208.7009724961501,324.9998026625988,1
1d032251-191.jpg,1583.5784313725492,591.0539215686274,157.7205882352942,173.65196078431376,1
1d032251-191.jpg,1746.078431372549,551.2254901960785,175.24514541525818,243.7500000000001,1
1d032251-191.jpg,1884.68137254902,258.0882352941176,103.55392156862736,224.6323529411765,1
9426ba08-43.jpg,740.8088235294117,460.4166666666666,70.09803921568647,259.6813725490196,1
3cc802ee-202.jpg,712.1323529411768,981.3725490196076,305.8823529411764,213.48039215686276,1
3cc802ee-202.jpg,708.9460784313727,680.2696078431372,353.67647058823536,304.28921568627453,1
3cc802ee-202.jpg,785.4166666666665,509.8038119367377,313.84803921568624,213.48050178875224,1
3cc802ee-202.jpg,979.779411764706,758.3331359959318,285.1715686274511,229.41196204328364,1
1f0c7ba1-68.jpg,159.3137254901961,705.7598039215686,121.07843137254908,100.36764705882368,1
1f0c7ba1-68.jpg,1454.5343137254902,418.99509803921575,183.2107843137254,291.54411764705867,1
1f0c7ba1-68.jpg,1346.2008651138258,626.1029411764704,170.4658015528397,304.28921568627425,1
7788d862-136.jpg,7.272727272727266,621.8201807707145,181.8174061815388,274.54345559292096,1
7788d862-136.jpg,194.5454545454545,563.6363636363635,214.5454545454546,276.3636363636365,1
7788d862-136.jpg,796.3636363636364,559.9999999999998,240.0,272.72727272727286,1
7788d862-136.jpg,1349.090909090908,518.1815164531339,276.3636363636365,218.18211991050248,1
7788d862-136.jpg,1609.090909090909,601.8181818181816,307.2727272727272,101.81818181818184,1
7788d862-136.jpg,1690.9090909090908,481.8181818181818,192.7272727272725,112.72727272727266,1
a1df39ae-119.jpg,49.86876640419956,65.61679790026243,372.7034120734908,254.5931758530184,1
a1df39ae-119.jpg,125.98425196850393,299.21259842519686,304.4619422572179,215.2230971128608,1
a1df39ae-119.jpg,238.8451443569554,461.94225721784767,312.3359580052493,244.0944881889764,1
a1df39ae-119.jpg,374.5454545454546,672.7272727272725,252.72727272727275,243.63636363636363,1
a1df39ae-119.jpg,530.9090909090911,854.545454545454,274.5453827272465,194.5454545454544,1
a1df39ae-119.jpg,1329.0909090909092,830.909090909091,265.4545454545453,207.27272727272705,1
a1df39ae-119.jpg,1456.3636363636365,667.2727272727273,283.63636363636374,239.99999999999983,1
a1df39ae-119.jpg,1567.272727272727,456.3637495118928,316.363636363636,241.81806866992528,1
a1df39ae-119.jpg,1658.4932723174647,299.1598934499009,308.7220818250114,200.80595587733063,1
a1df39ae-119.jpg,1677.617541151522,31.418675620099776,307.3561628304466,304.6239444195149,1
3e695421-170.jpg,297.91666666666674,442.89215686274514,119.4852941176471,132.23039215686265,1
3e695421-170.jpg,420.5882352941177,457.23039215686265,175.24509803921575,170.46568627450978,1
3e695421-170.jpg,307.47549019607845,570.343137254902,122.67156862745097,76.47058823529413,1
3e695421-170.jpg,417.4019607843136,605.3921568627451,227.8186274509803,164.093488076949,1
3e695421-170.jpg,581.4950980392158,506.6176470588235,164.09319252695053,184.80392156862752,1
3e695421-170.jpg,721.6911764705884,501.8382352941176,187.99019607843132,202.32843137254903,1
3e695421-170.jpg,638.8480392156866,669.1176470588235,160.90686274509807,146.56875900924814,1
3e695421-170.jpg,787.0098039215688,669.1176470588235,202.32843137254903,178.4313725490197,1
3e695421-170.jpg,900.1225490196081,505.0245098039216,202.3284313725489,234.19117647058815,1
3e695421-170.jpg,1094.4852941176473,503.43137254901967,219.85294117647044,221.4460784313726,1
3e695421-170.jpg,1307.1118753241522,481.8928185753415,232.01538742651516,239.20989816613655,1
3e695421-170.jpg,1525.6379960398208,507.9723027101442,222.1233119903139,182.5548294581692,1
3e695421-170.jpg,1350.277528798853,713.9084411623622,104.3169958971931,53.05794329528026,1
3e695421-170.jpg,1479.7744892229528,682.4336587798887,136.691236003218,84.53251527098413,1
3e695421-170.jpg,1749.998923625692,609.5914452651698,73.74132468594667,51.25921350120714,1
3e695421-170.jpg,1725.7182435461727,648.2606765029225,74.64060913333697,58.4534890803239,1
3e695421-170.jpg,1620.50196320159,680.634916608948,98.02200476546602,71.04347134377801,1
55030f8b-29.jpg,528.9215686274507,124.2645523977074,199.14215686274517,227.8187809356261,1
55030f8b-29.jpg,721.6911764705881,63.725358637810814,234.19117647058815,219.8530727347379,1
55030f8b-29.jpg,960.6617647058818,63.72535863781079,261.27450980392166,200.7354256759147,1
55030f8b-29.jpg,283.57843137254906,484.3137254901961,267.6470588235294,210.29411764705875,1
55030f8b-29.jpg,125.85784313725496,850.735294117647,325.00000000000006,317.0343137254902,1
55030f8b-29.jpg,106.74019607843138,1096.078431372549,315.4411764705883,197.5490634605988,1
55030f8b-29.jpg,1225.1225490196075,133.82326629522942,175.24509803921575,186.3973219400649,1
55030f8b-29.jpg,1419.4852941176473,270.8333333333333,200.73529411764696,237.37745098039213,1
55030f8b-29.jpg,1575.6127450980396,815.686274509804,293.1372549019605,347.3039215686276,1
55030f8b-29.jpg,1628.186274509804,1089.7058823529412,321.81372549019613,205.51470588235296,1
caf12a43-66.jpg,208.7009803921568,645.2205882352946,310.6617647058821,152.941483439879,1
caf12a43-66.jpg,881.0049019607845,484.3137254901961,250.122549019608,264.4607843137254,1
bb531f5d-208.jpg,736.2079564278371,401.3919803880945,125.89982263454348,211.74061079445937,1
bb531f5d-208.jpg,860.4727164307631,395.6692611774336,152.06082474042262,209.28801684703316,1
bb531f5d-208.jpg,842.4870274829708,573.891088023735,85.02329736310831,144.70304289814385,1
bb531f5d-208.jpg,918.5174398531822,589.4241830241004,68.67265889123286,116.08944684483862,1
bb531f5d-208.jpg,1001.9056340656722,402.2095117039033,108.73166500256032,197.84257842571105,1
bb531f5d-208.jpg,968.386850117514,568.9859001288826,83.38828335429127,184.76207737277147,1
bb531f5d-208.jpg,1097.5567980152932,438.1808895994864,46.59923637829636,187.21467132019745,1
b57361a1-225.jpg,766.2990196078431,326.59313725490176,278.79892485576,331.3725490196076,1
b57361a1-225.jpg,1545.343137254902,299.5098039215686,211.8872549019605,293.1372549019608,1
b57361a1-225.jpg,1586.7647058823532,583.0882352941176,172.05882352941188,285.1715686274509,1
446b990b-140.jpg,618.181818181818,381.8178046573264,294.5454545454545,309.0912862517639,1
446b990b-140.jpg,867.2727272727268,461.8181818181818,219.99989945450992,269.09090909090884,1
446b990b-140.jpg,1085.4545454545455,470.9090909090907,209.09090909090887,292.72727272727263,1
446b990b-140.jpg,1267.2727272727277,507.2727272727272,161.81818181818173,212.72727272727275,1
446b990b-140.jpg,1420.7956357849143,488.1953675379955,212.89700442298735,150.1305569038596,1
446b990b-140.jpg,1416.554659601189,602.7017244985664,161.15709498154445,154.3715330875843,1
446b990b-140.jpg,1576.8635593459876,493.284433389472,119.59552838104078,170.48734815473202,1
27b9908b-255.jpg,47.79411764705885,599.0196078431369,121.078431372549,84.43607717240278,1
27b9908b-255.jpg,423.77450980392166,688.2352941176472,195.9558823529412,156.12745098039213,1
27b9908b-255.jpg,552.8186274509806,471.5686274509804,199.14215686274508,243.7500000000001,1
27b9908b-255.jpg,613.5746096935273,663.6983423612714,158.3037911520528,173.16799689402956,1
27b9908b-255.jpg,1112.2686239317572,729.1008578547861,149.3853818967769,85.46918301636647,1
27b9908b-255.jpg,1304.7601766954483,442.9648870929163,188.03220263600625,246.74581531681463,1
27b9908b-255.jpg,1276.518185785692,669.6440246580623,184.3161512005122,159.79021172625036,1
27b9908b-255.jpg,1619.476333005394,482.3550323091548,122.62969737130874,197.6939363682913,1
27b9908b-255.jpg,1683.392417695894,640.6588234612074,138.9803236874827,140.46687723630367,1
27b9908b-255.jpg,1724.2689834863304,509.8538129318118,94.38770646155264,153.84452942945964,1
27b9908b-255.jpg,1808.251745928499,486.8142940317477,88.44202416476207,134.52106196488998,1
3835a768-123.jpg,765.4545454545456,474.54545454545416,176.36340654537187,225.4545454545453,1
3835a768-123.jpg,739.9999999999997,678.181818181818,163.63636363636363,210.9092417734329,1
3835a768-123.jpg,943.636435454571,541.8180309538395,154.54529654539806,161.8181818181818,1
3835a768-123.jpg,1244.6166957397973,556.2628772617015,188.2992688491907,133.16665216896004,1
3835a768-123.jpg,1064.7993055498637,678.4029913529772,156.06787665586086,162.00529021828896,1
3835a768-123.jpg,1214.0816672169767,672.4656246957624,202.7186280783233,122.14030763443036,1
3835a768-123.jpg,1430.3714525869452,560.5038534454271,66.15922846610772,78.8821570172821,1
414e441d-281.jpg,358.79196495979545,690.0257483946083,173.11225612249729,123.65161151606948,1
414e441d-281.jpg,345.93219736212416,565.3849239864104,149.37114671141202,139.4790177901263,1
414e441d-281.jpg,457.7132541726511,548.5683048202251,202.7886428863539,165.1985529854687,1
414e441d-281.jpg,500.2494085341789,715.7452835899509,245.3247972478819,142.44665646651194,1
414e441d-281.jpg,642.6960650006911,566.3741368785389,130.5761017609693,161.24170141695458,1
414e441d-281.jpg,746.5634186741894,521.8595567327541,174.10146901462582,224.551326513182,1
414e441d-281.jpg,716.8870319103327,731.5726898640077,147.3927209271548,160.25248852482596,1
414e441d-281.jpg,896.9237782777308,487.23710550825456,237.4110548884601,277.968822688124,1
414e441d-281.jpg,851.4199852398164,719.7021351584651,231.475816758082,214.6591975918966,1
414e441d-281.jpg,1130.3780208200687,514.9350664878541,233.45424254233905,276.97960979599554,1
414e441d-281.jpg,1083.8850148900267,699.9178773158939,193.88572685719691,153.32799827992625,1
414e441d-281.jpg,1361.957684577084,479.32340237122605,279.9473220143649,315.558912589009,1
414e441d-281.jpg,1630.03437834392,428.87354487266987,259.1737777376815,335.3431704315804,1
414e441d-281.jpg,1897.1218592186303,495.150808645283,94.9644376443416,219.6052620525394,1
414e441d-281.jpg,1613.2177150525436,740.475605893165,151.34961662086266,117.71633416329806,1
414e441d-281.jpg,1473.7387413876083,787.9578247153355,124.64082440819794,25.719535195342367,1
414e441d-281.jpg,1780.3947379474612,749.3785219223217,67.26647666474179,61.33119931197045,1
414e441d-281.jpg,1855.5749177492312,683.1012581497085,95.95365053647016,122.66239862394087,1
414e441d-281.jpg,1948.5608707757265,728.6050511876222,47.48227765576061,67.2664766647418,1
79c6a9e2-214.jpg,713.7254901960787,388.72549019607845,207.10784313725483,221.44607843137257,1
79c6a9e2-214.jpg,922.4264705882354,390.31862745098033,165.68627450980387,231.0049019607844,1
79c6a9e2-214.jpg,888.9705882352941,597.4264705882351,74.87745098039227,202.3284313725491,1
79c6a9e2-214.jpg,740.8088235294117,594.2401960784314,135.41666666666686,186.3970588235294,1
79c6a9e2-214.jpg,981.3725490196072,621.3235294117646,54.1666666666667,173.6520923425815,1
79c6a9e2-214.jpg,1083.3333333333337,387.1323529411762,89.21564679447545,278.7990196078431,1
c195bcab-20.jpg,36.64215686274511,0.0,325.00000000000006,301.1029411764706,1
c195bcab-20.jpg,160.90686274509818,270.83333333333337,302.6961308306139,331.37254901960773,1
c195bcab-20.jpg,662.7450980392157,1005.2696078431374,191.17647058823536,191.17647058823528,1
c195bcab-20.jpg,834.8039215686277,1029.166820151312,162.50000000000003,176.83808180947227,1
c195bcab-20.jpg,1003.6764705882356,1018.0147716614867,151.3480392156863,178.4313067698858,1
c195bcab-20.jpg,1151.8382352941176,976.593137254902,176.83823529411754,184.8039215686275,1
c195bcab-20.jpg,1446.5686274509806,454.0441176470589,269.2401960784312,234.19117647058837,1
c195bcab-20.jpg,1473.6519817440103,167.27932405919407,321.81372549019613,302.69607843137254,1
c195bcab-20.jpg,1497.5490196078435,1.5931372549019471,313.8480392156862,167.2794117647059,1
c195bcab-20.jpg,277.2058823529412,536.8872549019607,224.63235294117652,237.37745098039213,1
c195bcab-20.jpg,340.9313725490197,720.0980392156864,235.7843137254902,240.56372549019613,1
c195bcab-20.jpg,498.6519607843138,900.1225490196078,205.5147058823529,226.22549019607848,1
c195bcab-20.jpg,1307.9656862745098,852.328431372549,192.7696078431373,218.25980392156853,1
c195bcab-20.jpg,1422.671568627451,664.3382352941177,219.85294117647072,227.8186274509804,1
f11eea49-190.jpg,31.862745098039227,724.877144011101,395.0980392156864,411.0297187339971,1
f11eea49-190.jpg,197.54901960784312,557.5980392156862,305.8823529411765,216.66666666666663,1
f11eea49-190.jpg,313.8479760476308,366.4215686274511,267.64712199158504,254.90196078431376,1
f11eea49-190.jpg,450.8577483851716,194.362438128748,256.49519279129885,232.5983461849773,1
f11eea49-190.jpg,1481.6176470588234,935.1715686274508,379.16666666666686,345.71078431372547,1
45813cc2-57.jpg,116.29901960784318,952.6960784313724,309.0686274509804,286.764705882353,1
45813cc2-57.jpg,187.9901960784314,681.8627450980392,266.05392156862746,283.578431372549,1
45813cc2-57.jpg,176.83823529411765,485.906862745098,218.25980392156868,199.1421568627451,1
45813cc2-57.jpg,277.2058823529412,313.84803921568624,207.10784313725492,213.48039215686276,1
45813cc2-57.jpg,401.4705882352943,180.0245098039216,181.61764705882348,191.1764705882352,1
45813cc2-57.jpg,1151.8382352941185,234.1910668386985,203.92156862745105,218.2599135534584,1
45813cc2-57.jpg,1260.171568627451,385.5392156862745,207.10784313725495,223.0392156862745,1
45813cc2-57.jpg,1299.9999999999998,565.5637254901961,285.1715686274511,299.5098039215686,1
45813cc2-57.jpg,1409.9264705882351,823.6519607843136,280.392156862745,297.91666666666686,1
05d52c36-8.jpg,1357.3529411764705,294.7303921568628,299.5098039215685,391.9117647058824,1
05d52c36-8.jpg,1019.6078431372551,348.896927265262,348.8970588235296,388.7256217543463,1
05d52c36-8.jpg,422.18137254901967,395.0980392156863,293.13725490196083,304.28921568627453,1
05d52c36-8.jpg,7.965686274509807,444.4852941176472,151.3480392156863,173.65196078431364,1
05d52c36-8.jpg,6.372549019607831,616.5441176470588,208.70098039215688,170.46568627450978,1
05d52c36-8.jpg,178.43137254901973,622.9166666666664,270.8333333333335,238.9708732782073,1
05d52c36-8.jpg,374.3872549019607,685.049019607843,310.66176470588243,245.3434442241933,1
05d52c36-8.jpg,680.269524004351,665.9313725490198,267.64714266231607,285.1718755967421,1
05d52c36-8.jpg,1663.235294117647,291.54411764705884,195.9558823529412,344.11764705882354,1
536db3ad-17.jpg,771.078399933004,415.8088235294118,277.2059137924862,310.6617647058824,1
536db3ad-17.jpg,1048.2843137254902,446.07843137254895,246.936274509804,251.71568627450975,1
536db3ad-17.jpg,1293.627450980392,387.13235294117646,291.54411764705884,321.8137254901961,1
536db3ad-17.jpg,1569.2401960784316,372.7941176470588,213.4803921568627,296.3235294117647,1
536db3ad-17.jpg,1749.2647058823532,312.2549019607843,119.48529411764696,297.9166666666667,1
536db3ad-17.jpg,1824.1421568627447,223.03921568627453,92.4019607843138,291.5441176470588,1
536db3ad-17.jpg,548.0392156862745,442.8921568627451,232.59803921568636,267.6470588235293,1
536db3ad-17.jpg,350.4901960784315,438.1127450980392,197.54901960784315,219.85294117647047,1
536db3ad-17.jpg,132.2303921568627,439.7058823529413,229.41176470588243,164.09313725490188,1
536db3ad-17.jpg,71.69117647058823,477.9411764705883,63.72549019607844,86.02941176470588,1
536db3ad-17.jpg,68.50491244063258,552.8186713037358,210.2940442881209,132.23056756788654,1
536db3ad-17.jpg,251.71578059314425,599.0196078431368,293.1371605833264,224.63320806991635,1
536db3ad-17.jpg,511.39705882352905,659.558823529412,227.81862745098013,221.4463415479077,1
536db3ad-17.jpg,720.0980392156862,669.1176470588235,234.19117647058823,267.64705882352945,1
536db3ad-17.jpg,965.4411764705884,642.0343137254902,238.97058823529403,318.6277360233052,1
536db3ad-17.jpg,1790.6862745098042,584.6813725490196,98.77450980392156,229.4117647058824,1
fa52a2ab-147.jpg,72.72727272727272,443.6363636363635,43.63636363636364,214.5454545454545,1
fa52a2ab-147.jpg,159.99998563635847,452.72727272727263,176.3636507272779,294.54545454545456,1
fa52a2ab-147.jpg,316.3636363636363,501.8181818181816,161.81818181818187,245.45454545454544,1
fa52a2ab-147.jpg,229.09090909090912,718.1818181818181,169.0909090909091,194.54545454545448,1
fa52a2ab-147.jpg,385.45454545454544,736.3636363636363,147.27272727272728,99.99999999999991,1
fa52a2ab-147.jpg,538.1818181818182,760.0,110.90909090909086,63.63636363636361,1
fa52a2ab-147.jpg,667.2727272727271,734.5454545454545,100.0,76.36363636363626,1
fa52a2ab-147.jpg,430.909090909091,456.3636363636365,269.0908372727013,309.09090909090907,1
fa52a2ab-147.jpg,692.7272727272729,445.45454545454527,258.18173199996886,305.4545454545453,1
fa52a2ab-147.jpg,944.0468379858802,472.4022330254487,214.5933948964773,278.03839860500074,1
fa52a2ab-147.jpg,1153.0421443198402,474.26826254628656,240.7177418508489,265.90920671954746,1
fa52a2ab-147.jpg,1360.171421132962,504.1247348797105,159.5455240317287,248.181926271578,1
fa52a2ab-147.jpg,764.9080039853426,742.9765135470938,115.69383029201376,65.31103322936261,1
fa52a2ab-147.jpg,898.3291147253262,738.3114397449965,111.96177125033586,56.91390038558743,1
fa52a2ab-147.jpg,1025.2191221423736,681.3975393594093,190.33501112557104,186.60295208389297,1
fa52a2ab-147.jpg,1281.7981812577236,702.8568788490559,196.86611444850692,158.61279958604214,1
fa52a2ab-147.jpg,1481.243793206777,494.79458727551577,107.29669744823838,211.79435061521883,1
fa52a2ab-147.jpg,1557.7510035611726,455.60796733789846,133.42111073998353,203.3972177714436,1
fa52a2ab-147.jpg,1691.1721143011564,413.6223031190223,125.95699265662802,181.9378782817958,1
fa52a2ab-147.jpg,1486.8418817692902,638.4788603801129,203.397217771443,157.67999772309278,1
fa52a2ab-147.jpg,1802.2008707910727,485.4644396713212,99.83257936488286,128.75603693788642,1
fa52a2ab-147.jpg,1672.5118190927674,569.4357681090731,139.9522140629199,132.48809597956412,1
54d5b78d-250.jpg,927.2058823529412,407.8431372549019,127.45101197618428,229.41176470588223,1
82136b73-252.jpg,963.8480392156864,442.89215686274514,293.13725490196066,336.1519607843137,1
82136b73-252.jpg,1212.3774509803925,348.8970588235294,366.4215686274509,383.9460784313727,1
82136b73-252.jpg,1709.4362745098044,721.6911764705882,100.36764705882348,111.51960784313724,1
82136b73-252.jpg,1566.0539215686276,348.896883412506,345.7107685217113,383.9462538423964,1
1d2efdc8-14.jpg,1317.5245098039218,183.210586976324,183.2107843137257,189.5835306707347,1
1d2efdc8-14.jpg,1408.333207575153,511.3970588235293,278.7992396846582,294.7306114206423,1
1d2efdc8-14.jpg,137.00983536111352,822.0588235294117,275.6127136584944,256.49509803921575,1
1d2efdc8-14.jpg,1516.6666666666663,742.4019607843134,259.6813725490196,281.985754571584,1
1d2efdc8-14.jpg,156.12741954084734,568.7499999999999,277.20591379248623,281.985294117647,1
bf1a84f5-25.jpg,78.06372549019613,4.779411764705856,398.2843137254903,305.8823529411765,1
bf1a84f5-25.jpg,344.11764705882365,581.4950980392158,262.86759465958204,280.39241997928025,1
bf1a84f5-25.jpg,481.1273671416061,812.4999999999995,178.43145638780612,207.1078869900106,1
bf1a84f5-25.jpg,975.0,1011.6421568627449,186.39705882352945,202.3284313725492,1
bf1a84f5-25.jpg,1148.6519607843136,989.3382352941176,205.51470588235304,189.58333333333343,1
bf1a84f5-25.jpg,1360.5392156862745,608.5784313725491,261.27450980392183,304.28921568627453,1
bf1a84f5-25.jpg,1421.0782322554314,309.0686274509804,340.93157166613787,352.0833333333331,1
bf1a84f5-25.jpg,1529.41159702831,1.5931372549019611,375.98055983443487,358.4558823529411,1
97714bbb-86.jpg,1489.5833333333333,589.4607843137255,315.4411764705883,173.6520923425812,1
97714bbb-86.jpg,1652.0833333333337,482.720588235294,207.1078431372547,148.16176470588238,1
97714bbb-86.jpg,1844.8529411764707,520.9558823529412,106.7401960784315,92.40196078431364,1
97714bbb-86.jpg,1797.058823529412,592.6470588235293,176.8382352941174,87.62270250425368,1
58fa6cff-198.jpg,192.7696078431373,436.519344726602,267.64705882352945,299.5100670381036,1
58fa6cff-198.jpg,455.63725490196106,438.1126135397716,278.79898012780825,293.1373864602285,1
58fa6cff-198.jpg,1173.9825985661614,457.86201192901854,177.1481853985133,235.7986770966839,1
58fa6cff-198.jpg,1209.8910265504285,621.8438330571694,160.39097832972374,171.16350672500408,1
58fa6cff-198.jpg,1354.0700341549314,584.3738448853343,246.7458153168142,170.1953807796115,1
990e0567-54.jpg,567.1568627450981,643.6274509803923,129.04411764705878,173.65196078431364,1
990e0567-54.jpg,1186.887254901961,411.02941176470586,156.12745098039213,235.78431372549025,1
990e0567-54.jpg,1550.1225490196082,395.0980392156863,58.946078431372655,207.10784313725492,1
990e0567-54.jpg,1601.1029411764705,369.6078431372549,79.65681034585675,192.7696078431373,1
87762cf5-232.jpg,895.3431372549021,489.0931372549014,208.7011225202815,240.56372549019585,1
1acfb1d2-64.jpg,715.3186274509806,79.65686274509805,237.37745098039213,211.88725490196077,1
1acfb1d2-64.jpg,947.9166666666669,116.29901960784312,240.56372549019628,186.39705882352945,1
1acfb1d2-64.jpg,1180.5147058823518,176.8379721775823,194.36274509803903,162.50026311653525,1
1acfb1d2-64.jpg,559.1911764705883,194.36274509803923,219.85294117647072,178.43137254901958,1
1acfb1d2-64.jpg,360.04901960784315,485.90686274509807,226.22549019607845,187.99019607843147,1
1acfb1d2-64.jpg,317.0343137254903,669.1176470588235,258.0882352941176,184.8039215686275,1
1acfb1d2-64.jpg,234.19117647058823,826.8382352941177,328.18627450980404,309.0686274509804,1
1acfb1d2-64.jpg,152.94117647058826,1062.6225490196075,291.54411764705884,231.00490196078448,1
1acfb1d2-64.jpg,412.6225490196079,274.0196078431373,224.6323529411765,221.4460784313725,1
1acfb1d2-64.jpg,1309.558823529412,285.171568627451,203.9215686274511,199.1421568627451,1
1acfb1d2-64.jpg,1374.8774509803918,487.4999999999997,237.3775452990269,187.99019607843127,1
1acfb1d2-64.jpg,1433.8235294117649,653.1862745098039,232.59803921568616,195.95588235294116,1
1acfb1d2-64.jpg,1462.4999999999998,807.720588235294,301.102941176471,310.6617647058824,1
1acfb1d2-64.jpg,1562.867647058824,1025.9803921568628,288.357843137255,258.08823529411774,1
6926f4aa-2.jpg,2.2421524663677133,401.34529147982073,67.2645739910314,280.26905829596427,1
6926f4aa-2.jpg,49.32735426008969,356.50224215246635,237.6681614349776,334.0807174887893,1
6926f4aa-2.jpg,298.2062780269058,365.47085201793726,251.1210762331839,320.62780269058305,1
6926f4aa-2.jpg,560.5381165919282,430.49327354260095,266.8161434977578,293.72197309417044,1
6926f4aa-2.jpg,838.5650224215246,405.8295964125562,291.4798206278027,334.0807174887892,1
6926f4aa-2.jpg,701.7937219730933,670.4035874439461,248.87892376681592,286.99551569506724,1
6926f4aa-2.jpg,955.8646835928496,692.8251121076233,266.1084105775544,290.41835860585155,1
6926f4aa-2.jpg,1145.7399103139014,455.1569506726457,246.6367713004485,291.47982062780284,1
6926f4aa-2.jpg,1230.9416635330244,706.2780269058298,235.4260494714597,251.12107623318408,1
6926f4aa-2.jpg,1401.3452914798204,504.48430493273554,210.7623318385652,230.9417040358744,1
6926f4aa-2.jpg,1475.336248614731,730.9417040358737,331.83863927764577,204.0358744394617,1
6926f4aa-2.jpg,1616.591928251121,508.96860986547074,291.479820627803,219.730941704036,1
6926f4aa-2.jpg,1822.869921404576,665.9192825112109,165.91931626358578,210.7623318385649,1
ac5729fc-131.jpg,214.5457353412458,464.48957052832986,80.59558773307832,200.80595587733072,1
ac5729fc-131.jpg,269.1868117704515,460.3914897961395,96.98802936962134,206.27006352025128,1
ac5729fc-131.jpg,349.78239950352975,435.8029487296904,178.9495253056485,252.71503515838256,1
ac5729fc-131.jpg,266.4874764149205,666.859255194994,46.96618253050662,157.7222547666265,1
ac5729fc-131.jpg,296.6299517703203,666.158267396032,63.08890190665064,143.00110383526427,1
ac5729fc-131.jpg,524.4509864332251,433.4303181403868,218.00720547742608,258.6644978172673,1
ac5729fc-131.jpg,937.332800022306,421.5135255580196,196.9774496768184,267.0763514048207,1
ac5729fc-131.jpg,1126.599505742257,471.9846470833399,155.61929136973802,175.94793753965874,1
ac5729fc-131.jpg,1263.9931143389626,481.7984762688188,183.65880332824943,161.22719376144036,1
ac5729fc-131.jpg,858.8221665384735,620.5940604634501,185.06077892617495,253.75758322452788,1
ac5729fc-131.jpg,1168.6587736800254,630.4078896489297,230.624985858756,171.74212707535108,1
ac5729fc-131.jpg,1435.0341372858825,490.2103298563725,166.8350961531428,145.80546218425917,1
ac5729fc-131.jpg,1367.038320786496,619.8930726644886,229.2230102608303,133.8889895079314,1
b7ddd21f-71.jpg,65.31862745098039,28.676470588235304,321.81372549019613,305.8823529411764,1
b7ddd21f-71.jpg,189.5833333333333,289.95098039215685,318.6275662587234,326.59313725490176,1
b7ddd21f-71.jpg,305.88235294117646,586.2745098039217,235.78431372549025,202.3284313725489,1
b7ddd21f-71.jpg,371.2009803921569,780.6372549019608,213.4803921568627,205.51470588235296,1
b7ddd21f-71.jpg,804.5343137254905,1033.9460784313724,173.65196078431367,210.29411764705893,1
b7ddd21f-71.jpg,1358.9460784313726,753.5539215686274,216.66666666666688,200.73529411764704,1
b7ddd21f-71.jpg,1405.1470588235295,565.563725490196,245.34313725490196,221.4460784313724,1
b7ddd21f-71.jpg,1443.382185263604,289.9509803921568,317.03448140306216,299.5098039215684,1
b7ddd21f-71.jpg,1558.0881514553314,12.74509803921572,310.6618485446679,310.66176470588226,1
f250a7c4-146.jpg,143.63636363636363,416.3636363636364,214.54545454545445,183.63636363636357,1
f250a7c4-146.jpg,310.90933509099705,570.9090909090893,150.90900472724144,138.18159188530507,1
f250a7c4-146.jpg,74.5454545454546,563.6363636363636,196.36385181825943,101.8181818181818,1
f250a7c4-146.jpg,239.9999999999997,652.7272727272725,190.9090909090908,89.09143711610639,1
f250a7c4-146.jpg,443.6363636363637,476.3636363636364,152.72727272727266,272.72727272727275,1
f250a7c4-146.jpg,579.9999999999999,525.4545454545454,205.45454545454552,230.9090909090908,1
f250a7c4-146.jpg,776.3636363636365,494.5454545454545,254.54545454545453,298.18181818181824,1
f250a7c4-146.jpg,1025.4545454545455,516.3636363636363,201.81828236367252,247.2727272727269,1
f250a7c4-146.jpg,705.4545310909039,730.9090909090909,227.272914000067,239.99999999999983,1
f250a7c4-146.jpg,934.5454545454544,730.9090909090908,167.27272727272734,143.6363636363637,1
f250a7c4-146.jpg,1103.6363636363635,736.3636363636363,147.27272727272748,101.81818181818184,1
f250a7c4-146.jpg,1198.1818181818185,458.1815918853048,265.45454545454544,320.0002262965131,1
f250a7c4-146.jpg,1450.909090909091,447.2727272727272,232.7272727272728,298.18181818181813,1
f250a7c4-146.jpg,1261.8181818181815,750.9090909090908,114.54545454545482,70.90909090909099,1
f250a7c4-146.jpg,1387.2727272727273,736.3636363636361,112.7272727272728,85.45454545454554,1
f250a7c4-146.jpg,1507.2727272727277,739.9999999999994,94.54542581817144,50.90909090909097,1
f250a7c4-146.jpg,1603.6363636363635,721.8181818181818,152.7272727272728,134.5454545454546,1
f250a7c4-146.jpg,1681.8181818181824,452.72708414684496,154.54545454545462,290.9092794895184,1
3bd5f73c-34.jpg,802.9411764705889,38.23520641213528,215.07352941176472,224.63244064668825,1
3bd5f73c-34.jpg,1027.5735294117646,39.82843137254902,224.63235294117663,224.6323529411765,1
3bd5f73c-34.jpg,1244.240196078432,121.07812440325785,199.14215686274545,165.68658147909505,1
3bd5f73c-34.jpg,608.5784313725487,103.55376808398192,200.73529411764696,195.9560358375867,1
3bd5f73c-34.jpg,450.8578431372549,197.54901960784315,218.25980392156865,207.1078431372549,1
3bd5f73c-34.jpg,347.3039215686274,385.5392156862745,274.0196078431374,197.54901960784312,1
3bd5f73c-34.jpg,289.9509803921569,581.4950980392157,272.42647058823536,197.54901960784304,1
3bd5f73c-34.jpg,235.7843137254902,753.5539215686275,307.4754901960785,294.7303921568628,1
3bd5f73c-34.jpg,231.00490196078437,1013.2352941176472,227.8186274509804,253.30882352941177,1
3bd5f73c-34.jpg,1443.3823529411768,415.8088235294117,280.39215686274474,197.54901960784312,1
3bd5f73c-34.jpg,1527.8186274509808,589.4607843137255,261.27450980392155,191.17647058823528,1
3bd5f73c-34.jpg,1650.4901960784316,971.813725490196,297.91666666666686,272.4264705882354,1
3bd5f73c-34.jpg,1537.3774509803925,763.1127450980392,294.7303921568627,302.69607843137254,1
1a972cce-219.jpg,68.50490196078432,361.6421568627452,78.06372549019608,256.49509803921563,1
1a972cce-219.jpg,140.1960784313726,366.4215686274509,103.55392156862746,305.8823529411765,1
1a972cce-219.jpg,203.921568627451,396.6911764705884,113.11274509803924,291.5441176470589,1
1a972cce-219.jpg,326.593137254902,368.0147058823529,113.11274509803924,305.8823529411765,1
1a972cce-219.jpg,449.264705882353,323.40686274509807,152.9411764705882,312.2549019607843,1
1a972cce-219.jpg,108.33333333333336,629.2892156862746,86.02941176470591,192.7696078431373,1
1a972cce-219.jpg,195.9558823529412,659.5588235294117,122.671568627451,248.5294117647058,1
1a972cce-219.jpg,309.0686274509804,659.5588235294117,117.89215686274515,307.4754901960785,1
1a972cce-219.jpg,417.4019607843138,619.7303921568626,124.2647058823529,270.83333333333326,1
1a972cce-219.jpg,532.1078431372549,614.9509803921568,149.7549019607844,350.4901960784314,1
1a972cce-219.jpg,599.0196078431375,355.2696078431371,199.14215686274508,251.71568627450992,1
1a972cce-219.jpg,756.7401960784315,358.4558823529412,270.83333333333326,293.1372549019608,1
1a972cce-219.jpg,678.6764705882355,621.3235294117648,173.65196078431367,277.20588235294105,1
1a972cce-219.jpg,857.1078431372549,646.813725490196,140.19616528744854,251.71599324380065,1
1a972cce-219.jpg,995.7107843137244,635.6617647058827,156.1275299404617,275.61296436181874,1
1a972cce-219.jpg,1029.1666666666667,348.89705882352945,250.1225490196079,299.5098039215686,1
1a972cce-219.jpg,1132.7205882352944,626.1029411764705,143.38237662919735,277.2058823529411,1
1a972cce-219.jpg,1277.6960784313726,368.014705882353,197.54904329586407,250.12254901960796,1
1a972cce-219.jpg,1467.2794117647063,332.96568627450984,191.17647058823536,305.8823529411765,1
1a972cce-219.jpg,1274.5097407535134,606.9852941176473,187.99025924648691,305.88235294117635,1
1a972cce-219.jpg,1433.823529411765,600.612745098039,130.63742861411342,281.985294117647,1
1a972cce-219.jpg,1648.8970588235295,374.3872549019607,117.89215686274532,304.2892156862746,1
1a972cce-219.jpg,1769.975490196079,387.13235294117646,86.0294117647058,269.2401960784313,1
1a972cce-219.jpg,1526.2254901960782,661.1519607843136,180.02450980392183,259.6813725490198,1
1a972cce-219.jpg,1854.4117647058824,369.6078431372549,31.862745098039227,203.92156862745097,1
1a972cce-219.jpg,1704.656862745098,661.1519607843137,125.85784313725526,170.46568627450984,1
1a972cce-219.jpg,1832.1078431372548,565.563725490196,57.35294117647072,180.02450980392152,1
1a972cce-219.jpg,1881.495098039216,323.40686274509807,58.94607843137237,229.41176470588232,1
0e895a97-203.jpg,165.68627450980392,353.67647058823525,215.07352941176472,246.936274509804,1
0e895a97-203.jpg,133.8235294117647,551.2254901960783,235.7843137254902,175.24509803921575,1
0e895a97-203.jpg,372.7941176470589,492.27941176470574,223.03921568627453,205.5147058823529,1
0e895a97-203.jpg,336.1519607843137,670.7107843137253,293.1372549019607,165.68682266925265,1
0e895a97-203.jpg,583.0882352941176,527.3284313725491,154.5343137254902,207.1078431372549,1
0e895a97-203.jpg,697.7941176470589,477.9411764705883,184.8039215686275,270.83333333333326,1
0e895a97-203.jpg,755.147129887592,708.9460784313726,215.0734109716607,242.15701622974387,1
0e895a97-203.jpg,865.0735294117653,442.8921568627449,261.2744545318727,332.9656862745097,1
0e895a97-203.jpg,1126.348039215686,479.534072535333,254.90194499229943,305.8825941313333,1
0e895a97-203.jpg,976.5931372549022,694.6078431372548,208.70098039215705,272.42647058823536,1
0e895a97-203.jpg,1365.3186274509808,463.6027438390692,304.2892156862746,345.71098165112693,1
0e895a97-203.jpg,1648.8970588235295,493.8725490196077,275.6127450980392,313.8480392156864,1
0e895a97-203.jpg,1586.7647058823527,772.671568627451,164.09313725490193,129.04411764705875,1
e039ac13-1.jpg,502.24215246636777,578.4753363228701,139.01345291479814,224.2152466367712,1
e039ac13-1.jpg,500.00000000000006,352.01793721973104,248.8789237668162,264.57399103139016,1
e039ac13-1.jpg,1060.5381165919289,293.72197309417027,311.65924007843665,320.6278026905826,1
e039ac13-1.jpg,1378.9237668161438,329.5964125560538,201.7937219730939,273.5426008968611,1
e039ac13-1.jpg,1448.4304595211677,578.4753363228696,156.95071989906373,242.15246636771283,1
e039ac13-1.jpg,1587.4439461883403,298.206278026906,165.9192825112109,275.7847533632287,1
e039ac13-1.jpg,1614.349775784753,571.7488789237667,136.77130044843068,219.730941704036,1
e039ac13-1.jpg,325.1121616271182,271.30044843049325,170.40353344014648,311.6591928251121,1
e039ac13-1.jpg,284.7533902305995,567.2645739910313,210.76230483666512,206.2780269058295,1
e039ac13-1.jpg,190.58295964125563,264.57399103139016,141.2556053811659,266.8161434977578,1
e039ac13-1.jpg,1760.089686098655,304.932735426009,89.68609865470825,246.6367713004485,1
e039ac13-1.jpg,186.0986682094702,544.8430493273543,118.83408071748876,127.80269058295968,1
e039ac13-1.jpg,94.17040358744391,468.60986547085207,116.59192825112108,147.98206278026908,1
e039ac13-1.jpg,118.8340807174888,280.2690582959641,96.41255605381168,154.70852017937224,1
e039ac13-1.jpg,11.210762331838572,385.6502242152467,105.38116591928252,127.80269058295964,1
e039ac13-1.jpg,49.32735426008969,262.33183856502245,85.20179372197308,139.01345291479814,1
e039ac13-1.jpg,0.0,217.4887892376682,56.05381165919283,73.99103139013454,1
e039ac13-1.jpg,1755.6053811659194,549.3273542600897,85.20179372197305,177.13004484304935,1
e039ac13-1.jpg,746.6367713004485,311.6591928251121,313.90134529147986,316.1434977578476,1
e039ac13-1.jpg,1854.2600896860984,322.8699551569506,40.35876464604373,201.7937219730942,1
e039ac13-1.jpg,1847.5336322869955,544.8430493273544,65.0224215246638,123.31838565022426,1
e039ac13-1.jpg,1901.3452914798231,488.78923766816143,51.56950672645768,89.68609865470863,1
e039ac13-1.jpg,1939.4618834080716,293.7219730941705,26.905829596412616,125.56053811659189,1
e039ac13-1.jpg,1896.860959545185,309.41704035874426,38.1166189301513,127.8026905829596,1
70efe99b-152.jpg,398.2843137254903,653.186274509804,186.39705882352945,152.9415492190131,1
745d312c-272.jpg,27.083333333333314,66.91176470588232,312.2549019607843,310.6617647058824,1
745d312c-272.jpg,50.980392156862735,355.269607843137,369.6079773693729,393.5049019607843,1
745d312c-272.jpg,258.0882352941177,651.593137254902,245.343137254902,258.0882352941175,1
745d312c-272.jpg,407.8430898788604,828.4313286962637,243.75,277.2058823529412,1
745d312c-272.jpg,1406.7401960784316,815.686274509804,242.15686274509807,266.0539215686276,1
745d312c-272.jpg,1548.529411764706,642.0343137254903,253.3088235294116,264.4607843137253,1
745d312c-272.jpg,1636.152008160355,342.52461943581113,315.4411764705887,372.7941176470588,1
745d312c-272.jpg,1648.8970588235295,71.6911764705882,323.40686274509807,267.64705882352945,1
453f45eb-80.jpg,3.1862745098039227,635.6617647058823,254.90196078431376,223.0392156862744,1
2f7babeb-117.jpg,548.3410726604213,499.8630377128594,87.93625157854666,75.69196338406532,1
2f7babeb-117.jpg,547.8297740158447,569.8325535041159,114.24101616280758,114.24101616280758,1
2f7babeb-117.jpg,625.2020985988372,478.4397405738699,191.0940633996055,140.72416081873115,1
2f7babeb-117.jpg,659.993680793875,605.1434130453475,218.61576274791867,116.31812554758704,1
2f7babeb-117.jpg,812.6612205750805,466.4963616113946,162.53380935890362,166.6880281284602,1
2f7babeb-117.jpg,865.3247763492956,605.859557060238,170.00334022089552,153.81254591414364,1
2f7babeb-117.jpg,968.5410900548384,465.2020315203292,168.99141557672365,176.07488808592785,1
2f7babeb-117.jpg,1028.2446440609867,596.7522352626895,184.17028523930364,189.22990846016364,1
2f7babeb-117.jpg,1357.1201534168858,634.1934470970527,82.97782082210375,121.43095730063976,1
2f7babeb-117.jpg,1714.3295528096014,377.1645874773652,107.26401228223128,209.46840134360377,1
23d7d71d-121.jpg,1741.8181818181818,316.3636363636363,196.36363636363652,156.36363636363637,1
7d15dca6-276.jpg,11.15196078431373,372.7941176470588,78.06372549019609,360.04901960784315,1
7d15dca6-276.jpg,87.62254901960785,347.3039215686274,250.1225490196078,337.7450980392157,1
7d15dca6-276.jpg,7.9656862745098,664.3382352941177,111.51960784313728,197.54901960784312,1
7d15dca6-276.jpg,116.29901960784316,618.1372549019607,197.54901960784315,281.985294117647,1
7d15dca6-276.jpg,315.44117647058835,382.3529411764706,286.7647058823529,375.9803921568628,1
7d15dca6-276.jpg,594.2401960784315,334.5588235294118,294.7303921568627,412.6225490196077,1
7d15dca6-276.jpg,876.2254744040648,377.57359519089846,250.1225490196079,324.99999999999994,1
7d15dca6-276.jpg,914.4607843137256,651.5931372549016,246.93627450980395,315.44137380799,1
7d15dca6-276.jpg,1121.5686274509806,431.74019607843127,256.49509803921546,350.4901960784314,1
7d15dca6-276.jpg,1151.838235294118,700.9803921568628,215.0735294117648,246.9362745098038,1
7d15dca6-276.jpg,1346.2009803921571,481.1274509803922,180.02450980392126,275.6127450980392,1
7d15dca6-276.jpg,1338.2352941176473,688.2352941176471,180.02450980392155,235.78431372549016,1
7d15dca6-276.jpg,1497.5490196078435,489.09313725490193,146.5686274509804,237.37745098039213,1
7d15dca6-276.jpg,1524.6323529411768,702.5735294117648,159.31372549019585,159.3137254901961,1
7d15dca6-276.jpg,1621.8137254901965,511.3970588235294,151.3480392156862,203.92156862745108,1
7d15dca6-276.jpg,1760.416666666667,471.5686274509804,154.53431372549034,207.10784313725492,1
7d15dca6-276.jpg,1671.200980392157,657.9656862745097,168.87254901960802,148.16176470588246,1
1628e530-248.jpg,105.14705882352942,1057.843137254902,270.83333333333337,226.22549019607848,1
1628e530-248.jpg,143.38235294117644,849.1421568627451,331.3725490196079,310.6617647058825,1
1628e530-248.jpg,305.88235294117646,751.9607843137255,289.95098039215696,205.5147058823529,1
1628e530-248.jpg,259.6813725490196,517.7696078431372,280.39215686274514,245.343137254902,1
1628e530-248.jpg,1497.5490196078435,941.5441176470588,309.0686274509804,312.2549019607845,1
304a768a-10.jpg,482.720588235294,446.0782340351477,232.59803921568627,302.6962757687738,1
304a768a-10.jpg,347.30400540741374,512.9901960784316,140.19599459258632,208.70098039215696,1
304a768a-10.jpg,272.4265334673251,530.5147058823528,84.43621163071418,157.7205882352942,1
304a768a-10.jpg,156.12749289978535,532.1078431372548,124.26466396295984,176.8382352941176,1
304a768a-10.jpg,54.16674002560469,516.1764705882351,100.36757369988555,168.87254901960785,1
304a768a-10.jpg,1397.18137254902,439.7058823529412,226.22549019607817,256.49509803921563,1
304a768a-10.jpg,1331.862745098039,565.563725490196,156.12745098039233,250.12276828338747,1
304a768a-10.jpg,1828.921568627451,428.55392156862746,82.84313725490222,151.34803921568627,1
304a768a-10.jpg,1781.1274509803918,583.0882352941176,143.38235294117652,144.9757752389916,1
e559ff0b-260.jpg,33.45588235294116,38.23529411764704,310.6617647058824,261.2745098039216,1
e559ff0b-260.jpg,97.18137254901973,274.01960784313746,339.3384247982841,339.3382352941176,1
e559ff0b-260.jpg,223.03921568627453,576.7156862745097,235.7843137254902,234.19117647058823,1
e559ff0b-260.jpg,321.81372549019613,777.4509803921569,216.6666666666667,211.8872549019607,1
e559ff0b-260.jpg,1186.8873022780026,922.4266240728808,197.5490038158293,175.24494455457005,1
e559ff0b-260.jpg,1355.8245646458845,763.1556859725924,215.45056790559929,242.65392243913465,1
e559ff0b-260.jpg,1482.0480865368563,596.6711562273566,232.86075795169253,253.5352642525485,1
e559ff0b-260.jpg,1515.78024615844,303.9630614465168,338.4097735418085,340.58599875986096,1
e559ff0b-260.jpg,1625.6818416185545,28.29148871487669,320.9995834957161,298.1487656875466,1
25848956-23.jpg,1290.4411764705883,484.313725490196,258.0882352941177,186.39705882352948,1
25848956-23.jpg,1322.303921568628,622.9166666666667,291.54411764705884,199.1423761265244,1
25848956-23.jpg,76.47058823529413,606.9852941176471,105.14705882352942,235.78431372549016,1
25848956-23.jpg,1080.1470588235295,626.1029411764708,237.377450980392,194.3626135397716,1
25848956-23.jpg,1808.2107843137253,347.3039215686274,183.2107843137254,160.90686274509807,1
25848956-23.jpg,1542.156862745098,425.36764705882354,259.6813725490196,164.093137254902,1
25848956-23.jpg,1589.950980392157,492.279411764706,326.5931372549022,207.10801854827835,1
8c0fb793-81.jpg,114.70588235294122,404.6568627450981,323.4068627450981,321.8137254901961,1
8c0fb793-81.jpg,1255.3921568627452,412.6225490196079,251.7156862745097,301.10294117647067,1
8c0fb793-81.jpg,1704.6568627450963,439.7058823529407,251.71568627450992,205.51503477802245,1
8c0fb793-81.jpg,1554.9019607843145,630.8823529411761,315.44117647058806,202.3287164154625,1
9422353a-204.jpg,584.6813725490194,490.6862745098039,232.59803921568636,285.171568627451,1
9422353a-204.jpg,818.8725490196076,415.8088235294121,259.68129358895027,334.5589331613015,1
9422353a-204.jpg,203.92156862745105,747.1813725490196,180.0245098039216,159.31372549019602,1
9422353a-204.jpg,972.7756946363088,713.2913709533595,197.49635391346612,190.3146683166129,1
9422353a-204.jpg,1052.9711838011708,471.507955859298,155.603170134661,262.131524285146,1
9422353a-204.jpg,1166.6812057513484,545.7187070267822,128.0733931438843,189.11772071713725,1
9422353a-204.jpg,1276.8003849030997,479.88644079311626,197.49635391346624,221.43545416548736,1
9422353a-204.jpg,1458.736420023383,424.8269994797514,175.95129712290628,199.8902491124172,1
9422353a-204.jpg,1221.7407953272236,669.0043097727639,277.69184307832825,138.8461027488994,1
9422353a-204.jpg,1451.55473442653,569.6576590162932,213.05667270664856,146.0276071360174,1
0b700680-102.jpg,688.7565158269476,602.3850085178876,128.44961705209832,161.6695059625212,1
0b700680-102.jpg,595.7410562180579,611.243611584327,115.1618398637138,135.0936967632028,1
0b700680-102.jpg,555.87734241908,640.0340715502555,90.80068143100526,101.87393526405457,1
0b700680-102.jpg,476.1499148211244,628.9608177172062,110.732538330494,101.87393526405457,1
0b700680-102.jpg,411.9250425894378,620.1022146507667,90.80068143100512,104.08858603066436,1
0b700680-102.jpg,910.2214650766612,708.6882453151619,121.80579216354346,108.51788756388426,1
0b700680-102.jpg,799.488926746167,726.4054514480409,104.08858603066447,101.87393526405464,1
0b700680-102.jpg,449.5741056218058,721.976149914821,101.87393526405448,68.65424307805841,1
0b700680-102.jpg,524.8722316865415,737.4787052810901,135.09369676320264,88.58605046815313,1
0b700680-102.jpg,1556.8994889267472,746.3373083475298,124.02044293015317,104.08865534381631,1
0b700680-102.jpg,1654.344122657581,644.4633730834752,79.7274275979558,84.15672913117547,1
0b700680-102.jpg,1654.3441226575808,719.7614991482112,104.08858603066446,104.0886256381798,1
1cec23d6-9.jpg,30.269607843137265,15.931372549019583,329.7794117647059,315.4411764705882,1
1cec23d6-9.jpg,1446.5686274509808,549.6323529411764,224.63235294117624,202.3284313725491,1
1cec23d6-9.jpg,1475.2450246802782,261.27450980392155,372.7941910059962,353.67647058823536,1
1cec23d6-9.jpg,1594.730213999442,4.779411764705884,345.7109624711463,304.2892156862744,1
e3229c3b-19.jpg,753.5539215686275,36.64215686274508,238.9705882352942,243.75,1
e3229c3b-19.jpg,997.3039215686276,33.45588235294119,246.93627450980387,238.97058823529412,1
e3229c3b-19.jpg,573.529411764706,121.0782340351476,203.9215686274512,192.76980518053853,1
e3229c3b-19.jpg,409.4362745098039,253.30882352941177,229.4117647058824,237.37745098039213,1
e3229c3b-19.jpg,312.2549019607844,423.7744220984098,259.6813725490196,211.88734260747265,1
e3229c3b-19.jpg,240.56372549019613,618.1372549019608,275.6127450980392,213.48039215686276,1
e3229c3b-19.jpg,192.7696078431373,807.7205882352941,301.10294117647067,301.1029411764706,1
e3229c3b-19.jpg,140.19607843137257,1041.911764705883,296.3235294117647,246.9362745098038,1
e3229c3b-19.jpg,1215.5636311715618,138.6029411764705,199.14211494335137,194.36274509803897,1
e3229c3b-19.jpg,1363.725490196079,258.0882352941176,229.41176470588204,234.19117647058823,1
e3229c3b-19.jpg,1430.6372549019611,439.7058823529412,275.6127450980392,226.2254901960783,1
e3229c3b-19.jpg,1510.2941176470597,640.4411764705882,267.6471112227705,205.51470588235293,1
e3229c3b-19.jpg,1534.1911764705883,826.8382352941177,305.8823529411765,317.03431372549016,1
e3229c3b-19.jpg,1594.730392156863,1072.1813725490194,267.6470588235293,226.22549019607848,1
873bc351-213.jpg,91.71951236688756,358.76911408251925,63.11178251780186,163.22012720121168,1
873bc351-213.jpg,137.42114798322677,351.15217481312914,77.2575592337142,205.6573602735263,1
873bc351-213.jpg,207.06173558907653,365.2979191705672,144.72184611840737,212.186464881799,1
873bc351-213.jpg,221.20740983648835,543.7519249105568,136.01684277770255,192.5999447855754,1
873bc351-213.jpg,314.7870195418769,355.504711538495,179.54213992133282,214.3624337242579,1
873bc351-213.jpg,312.61075117919404,558.9858034493388,161.0438588385289,206.7454944548681,1
873bc351-213.jpg,482.3596834684541,333.74202791166687,220.8912388123064,256.799666796573,1
873bc351-213.jpg,456.2444631162604,547.0163274545835,161.04385883852893,224.15564135633065,1
873bc351-213.jpg,616.2001877734473,530.6943147344618,176.2777373773085,241.5658781138604,1
873bc351-213.jpg,703.2509222807607,306.5386733781316,284.00302133010825,315.5589125890092,1
873bc351-213.jpg,970.931930890748,311.9793442848387,280.738618786084,288.35555805547386,1
873bc351-213.jpg,1245.1417445887814,315.2436270207737,213.2742995429164,257.8879207860028,1
873bc351-213.jpg,1307.9466606668625,533.9587172784863,184.98281082804027,233.94884898840337,1
873bc351-213.jpg,1445.0515675158802,311.9793442848387,175.18960319596744,235.0369831697448,1
873bc351-213.jpg,1465.7261169613669,525.253643827755,186.0709450093813,218.71497044962365,1
873bc351-213.jpg,1593.037816178312,327.2132228236184,128.39983339828677,202.39295772950248,1
873bc351-213.jpg,1711.644441944526,284.7759897513033,146.89811448108998,196.9522868227955,1
873bc351-213.jpg,1711.644441944526,477.37573984873313,136.0167726676761,188.2472133720642,1
a00bad3c-96.jpg,713.1175468483817,434.07155025553664,276.83134582623507,314.4804088586031,1
a00bad3c-96.jpg,989.9488926746168,431.85689948892673,292.333901192504,316.6950596252129,1
a00bad3c-96.jpg,538.1601362862009,496.0817717206133,199.3187218884189,250.25553662691652,1
a00bad3c-96.jpg,318.9097103918228,429.6422487223169,219.25042589437817,252.47018739352637,1
a00bad3c-96.jpg,263.5434412265758,533.7308347529813,106.30323679727424,135.09369676320267,1
a00bad3c-96.jpg,48.72231686541738,582.4531516183987,135.0936967632027,119.59114139693348,1
a00bad3c-96.jpg,190.4599659284497,589.0971039182283,146.1669505962521,148.38164097037756,1
a00bad3c-96.jpg,119.59114139693352,702.0442930153321,159.45485519591136,93.01540151076723,1
a00bad3c-96.jpg,261.3287904599659,677.6831345826234,243.6115843270869,124.02044293015348,1
a00bad3c-96.jpg,303.40715502555366,764.0545144804089,159.4548551959114,117.37649063032369,1
a00bad3c-96.jpg,478.3645655877342,640.0340715502555,179.3867120954003,221.46516577789757,1
a00bad3c-96.jpg,1275.6388415672914,434.0715502555366,199.31856899488932,267.97274275979555,1
a00bad3c-96.jpg,1463.884156729131,440.71550255536624,148.38160136286206,236.96763202725717,1
a00bad3c-96.jpg,1519.2502220363383,673.2538330494037,150.59645598751143,183.81601362862,1
a00bad3c-96.jpg,1601.1925042589437,440.71550255536624,150.59625212947196,148.381601362862,1
a00bad3c-96.jpg,1722.9982964224876,602.3850085178875,155.0255536626915,90.80068143100506,1
f9a8221b-194.jpg,1401.9607843137258,457.2303921568628,256.49509803921575,216.6666666666667,1
f9a8221b-194.jpg,1508.700980392157,1078.5539215686274,336.1519607843138,215.07352941176472,1
f9a8221b-194.jpg,1500.7352941176473,802.9411764705883,301.10294117647044,337.7450980392157,1
f9a8221b-194.jpg,1483.2107843137255,637.2549019607842,243.75,199.1421568627452,1
f9a8221b-194.jpg,143.3824713812806,986.151960784314,331.3724700595383,297.91666666666674,1
f9a8221b-194.jpg,235.78431372549025,659.5588235294117,256.4950980392157,194.36274509803928,1
f9a8221b-194.jpg,312.2549019607843,457.2303921568628,253.30882352941185,216.6666666666667,1
f9a8221b-194.jpg,723.6604127165951,123.20196929237464,234.7132407686844,209.53327624177575,1
f9a8221b-194.jpg,1204.7775920700217,169.96446351178352,172.66254704245264,168.16648870670178,1
ad247d69-56.jpg,157.72058823529403,141.78899642249507,253.3088235294118,184.80414083240692,1
ad247d69-56.jpg,197.54901960784315,312.2549019607843,237.37751385948192,203.9217001857185,1
ad247d69-56.jpg,248.529411764706,500.24509803921575,197.54901960784312,162.49999999999991,1
ad247d69-56.jpg,383.9460784313728,779.0441176470588,180.0245831628596,180.02450980392166,1
ad247d69-56.jpg,508.2107843137255,881.0049019607843,167.2794117647058,157.72058823529403,1
ad247d69-56.jpg,669.1176470588236,911.2745098039215,184.8039215686275,157.72058823529403,1
ad247d69-56.jpg,858.7009803921569,904.9019607843136,170.46568627450995,168.8725490196078,1
ad247d69-56.jpg,1019.6078431372551,866.6666666666665,149.7549019607841,162.5,1
ad247d69-56.jpg,1123.1617647058824,755.1470588235295,138.60294117647072,192.76960784313707,1
ad247d69-56.jpg,1148.6519607843138,603.7990196078431,203.9215686274511,207.1078431372549,1
ad247d69-56.jpg,1210.7842508464005,484.313725490196,186.3971217026193,180.0245098039214,1
ad247d69-56.jpg,1210.7843137254904,312.2549019607844,232.59803921568647,211.8872549019608,1
ad247d69-56.jpg,1261.7647058823532,149.75490196078434,224.6323529411764,199.14215686274508,1
3c1426f7-227.jpg,280.3922989908698,599.0196078431376,270.83319120520844,240.56420787051076,1
3c1426f7-227.jpg,524.1421568627452,656.3725490196078,194.3627450980393,235.78431372549025,1
3c1426f7-227.jpg,815.686274509804,395.0980392156863,275.6127450980393,342.5249702578585,1
3c1426f7-227.jpg,707.3529411764705,653.186274509804,262.8676470588236,280.39215686274514,1
3c1426f7-227.jpg,1331.862745098039,388.72549019607845,254.9019607843138,318.6274509803921,1
3c1426f7-227.jpg,1562.8676470588234,417.40196078431336,245.3431372549019,288.3579966219009,1
e958bf9f-107.jpg,646.7801049181028,511.0000557857818,210.2332038704226,210.2332038704226,1
e958bf9f-107.jpg,627.2235278138776,721.2332596562044,149.93375779906103,162.9714758685445,1
e958bf9f-107.jpg,614.185809744394,890.7235945594906,138.52575448826286,104.3017445558686,1
e958bf9f-107.jpg,637.0018163659902,964.060758700336,128.7474659361503,57.0400165539905,1
e958bf9f-107.jpg,643.520675400732,981.9876210458756,169.49033490328645,102.67202979718304,1
e958bf9f-107.jpg,734.7847018871167,403.43888171254247,177.63890869671442,146.67432828169038,1
e958bf9f-107.jpg,790.5568630770259,273.59700671460405,165.85444917978958,136.9134043564713,1
e958bf9f-107.jpg,898.529222610179,210.1493315250201,128.00846748775768,131.34781881352544,1
e958bf9f-107.jpg,998.7097623832068,170.0771156158089,107.97235953315236,128.00846748775783,1
e958bf9f-107.jpg,1106.6821219163594,166.7377642900413,107.97235953315172,114.65106218468746,1
e958bf9f-107.jpg,1212.4282472323318,175.64270115875493,114.65106218468758,119.10353061904402,1
e958bf9f-107.jpg,1294.7989132679324,219.05426839373376,131.34781881352512,113.53794507609804,1
e958bf9f-107.jpg,1368.2646424348209,261.3527185201232,129.12158459634725,141.3658727908283,1
e958bf9f-107.jpg,1418.3549123213347,578.5910944680448,225.96277304360717,213.718484849126,1
e958bf9f-107.jpg,1528.5535060716657,777.8390569055111,156.94951231107666,142.47898989941734,1
e958bf9f-107.jpg,1369.37775954341,379.3431320305783,175.87250315709355,129.12158459634702,1
e958bf9f-107.jpg,1357.1334713489289,467.279383609125,178.09873737427125,161.40198074543358,1
e958bf9f-107.jpg,1548.5896140262705,912.6352462109592,139.13963857364962,121.32976483622276,1
e958bf9f-107.jpg,1470.6714164250266,983.8747411606678,182.5512058086289,146.9314583337741,1
e958bf9f-107.jpg,1426.146732081459,1022.83383996129,120.2166477276333,135.80028724788227,1
c09975ec-268.jpg,573.5294117647059,329.779411764706,216.6666666666667,337.74509803921563,1
c09975ec-268.jpg,669.1176470588236,650.0,129.04411764705884,321.813725490196,1
c09975ec-268.jpg,782.2303921568629,313.8480392156863,208.7009803921569,412.6225490196079,1
c09975ec-268.jpg,782.2303921568629,638.8480392156862,90.80882352941174,277.2058823529412,1
c09975ec-268.jpg,986.1519607843138,261.27450980392155,116.29901960784308,401.4705882352941,1
3110e5d1-155.jpg,119.4852941176471,47.794117647058826,329.7794117647059,250.12254901960785,1
3110e5d1-155.jpg,213.4803289888073,281.9852941176471,342.52457297197714,325.00000000000006,1
3110e5d1-155.jpg,1449.7548545847426,4.779411764705856,323.40691012113945,259.6817014446887,1
3110e5d1-155.jpg,1465.686274509804,258.0882352941176,337.744987495119,320.2205882352941,1
3110e5d1-155.jpg,1406.7401960784314,512.9901960784309,261.2745571799635,221.4460784313724,1
cbfb0c55-113.jpg,196.8503937007874,333.33333333333326,351.70603674540695,314.96062992125974,1
cbfb0c55-113.jpg,142.0337430559811,40.06128195772723,325.69806597319933,313.45377777871784,1
cbfb0c55-113.jpg,369.7775034733316,608.1962541816541,230.19261805624623,233.86590451459048,1
cbfb0c55-113.jpg,428.5500868068414,805.3292941128012,219.17275868121297,220.3971875006609,1
cbfb0c55-113.jpg,568.1349722239269,958.382896543816,189.7864670144584,213.05061458397253,1
cbfb0c55-113.jpg,1027.2957795169714,1051.4409496520318,168.9711770838403,188.56203819501025,1
cbfb0c55-113.jpg,1527.3704756930265,17.14200347227367,303.65834722313275,308.5560625009255,1
cbfb0c55-113.jpg,1461.2513194428266,291.41405902865165,318.35149305650924,345.28892708436865,1
cbfb0c55-113.jpg,1424.5184548593843,587.7258333350968,249.783479167416,214.2750434034208,1
cbfb0c55-113.jpg,1259.2205642338886,936.6880468778106,188.56203819501047,197.13303993114695,1
cbfb0c55-113.jpg,1364.5214427064266,779.9611579884513,243.66133507017565,224.07047395900565,1
940c127d-163.jpg,798.1617647058825,489.093137254902,105.14713778359868,234.19117647058823,1
940c127d-163.jpg,881.0049019607845,457.2303921568627,114.7058428729066,240.56372549019596,1
940c127d-163.jpg,848.7144117325918,649.9798172024598,75.80742349926336,163.50626316174447,1
940c127d-163.jpg,916.3465478585864,680.451438973513,36.41730406784319,71.34818756148854,1
940c127d-163.jpg,975.2082099082384,479.5945053449535,130.96663757359522,219.80059716808785,1
1283b80b-164.jpg,434.5640193363382,422.3356281453552,149.2812182666728,241.0082319004117,1
1283b80b-164.jpg,426.4704593098319,612.9839309919493,133.09409821366015,137.5905204506082,1
1283b80b-164.jpg,1037.9838835347564,586.0053975702614,141.18765824016631,208.63404130186123,1
f70a7554-199.jpg,256.49509803921586,200.73529411764704,307.4756165321893,310.6617647058821,1
f70a7554-199.jpg,321.81372549019613,484.3137254901965,262.8676470588233,192.7698051805383,1
f70a7554-199.jpg,368.0147058823529,670.710784313726,258.0881879180761,195.95616739585392,1
f70a7554-199.jpg,608.5784313725492,1006.8627450980392,197.54901960784315,167.2794117647058,1
f70a7554-199.jpg,764.7058823529413,1046.6911764705883,242.15686274509807,227.8186274509803,1
f70a7554-199.jpg,998.896995655474,1046.6913080288566,234.19129491069197,221.44601265223824,1
f70a7554-199.jpg,1193.2573179534777,997.1722573326851,203.48109191084416,180.7390875208085,1
f70a7554-199.jpg,1341.678820288446,872.6897069872277,203.48109191084376,217.84446310455044,1
f70a7554-199.jpg,1421.8743094533083,691.9506194664192,238.19257229563505,203.481091910844,1
f70a7554-199.jpg,1473.3430562307567,521.9840603408908,241.78341509406152,197.4963539134663,1
f70a7554-199.jpg,1485.312532225512,226.33810211210303,332.7514326542038,330.357438613579,1
a80c67ea-5.jpg,1566.053921568628,127.45098039215692,345.7107843137257,356.8627450980392,1
a80c67ea-5.jpg,54.16666666666672,4.779367911950004,329.7794117647059,181.61769091157936,1
a80c67ea-5.jpg,1655.3127812404257,3.1863183625598026,294.68721875957414,135.41662281391078,1
a80c67ea-5.jpg,97.18124679084012,162.5,358.45600811112115,358.4558823529411,1
a80c67ea-5.jpg,186.39705882352945,490.6862745098039,291.5441176470589,248.52941176470583,1
a80c67ea-5.jpg,293.13725490196083,708.9460784313725,251.71568627450984,258.08823529411774,1
a80c67ea-5.jpg,450.85784313725503,903.3088235294118,216.6666666666667,234.19117647058823,1
a80c67ea-5.jpg,1335.049019607843,861.8871233436934,183.21078431372547,231.00503351905124,1
a80c67ea-5.jpg,1454.5343137254902,672.3039215686275,259.6813725490196,267.6470588235293,1
a80c67ea-5.jpg,1518.259803921569,465.1960784313726,272.42647058823536,232.59803921568624,1
cd09abfe-106.jpg,548.2077643663089,144.04674380757746,128.5554154880073,156.89289954719183,1
cd09abfe-106.jpg,461.12183774540057,155.10527417213723,118.18804327123269,132.70236437471735,1
cd09abfe-106.jpg,423.7992977650114,182.75160008353663,90.54171735983324,111.9676199411677,1
cd09abfe-106.jpg,352.61000854315785,195.19244674366644,98.83561513325304,78.79202884748841,1
cd09abfe-106.jpg,339.4113449351323,254.7856823842993,200.36107954605572,172.02718950924023,1
cd09abfe-106.jpg,365.0501219292577,379.4405887075358,232.6047428305594,240.01253718821988,1
cd09abfe-106.jpg,442.09118324893393,576.4879186213208,213.34447750064004,146.6743282816899,1
cd09abfe-106.jpg,492.4641848810295,707.3764513871106,205.936683142979,161.48991699701227,1
cd09abfe-106.jpg,1288.0612988938312,689.5977449287236,205.9366831429785,148.15588715322045,1
cd09abfe-106.jpg,1345.84209488359,545.8865343900983,183.71330006999585,148.15588715322232,1
cd09abfe-106.jpg,1347.3236537551186,353.28388109090935,237.04941944515477,205.9366831429783,1
cd09abfe-106.jpg,1379.9179489288313,260.75436138967126,213.34447750064012,114.08003310798118,1
6a015f5d-41.jpg,125.85784313725492,27.083333333333314,353.67647058823536,380.7598039215686,1
6a015f5d-41.jpg,473.161680867096,855.5147058823521,223.0392995250609,264.4610255038829,1
6a015f5d-41.jpg,1464.0931372549023,374.3872549019608,283.5784313725489,254.90196078431376,1
6a015f5d-41.jpg,1502.3282217755836,38.23529411764704,348.8972684204944,371.2009803921568,1
3415b7b1-178.jpg,253.3088235294118,594.2401960784315,318.6274509803922,281.9852941176472,1
3415b7b1-178.jpg,197.5490196078431,842.7696078431371,317.0343137254903,297.91666666666674,1
3415b7b1-178.jpg,395.0586140877618,465.9121258007911,250.00111648811773,171.7633294514122,1
3415b7b1-178.jpg,412.8617923905229,350.99613926174254,224.55132651318212,183.00438504378283,1
3415b7b1-178.jpg,461.33322410482185,158.0994755365627,177.06910769101157,222.5730504890369,1
3415b7b1-178.jpg,1260.6172409446958,132.55439139967052,183.9935587135183,226.5298884429957,1
3415b7b1-178.jpg,1180.490996682282,373.92247322459394,188.939662396554,161.24170141695458,1
3415b7b1-178.jpg,1321.9484402566657,276.9796097959956,221.58368783679637,214.65919759189657,1
3415b7b1-178.jpg,1327.883717609437,423.38311783102176,322.4834028339092,308.6344223441094,1
3415b7b1-178.jpg,1442.6324130963492,686.5137471372176,301.70993209920965,265.109055090453,1
3415b7b1-178.jpg,1560.348747259647,909.0866478661426,246.31401014001057,253.23850038491005,1
e2811a20-201.jpg,29.40489563231779,567.1502364506864,112.96791443850267,143.3823529411765,1
e2811a20-201.jpg,135.13127709399342,575.8400760228789,123.10612520975369,179.59001782531203,1
e2811a20-201.jpg,226.3745926020148,597.5646749533602,97.03654188948306,153.52049910873436,1
e2811a20-201.jpg,268.375483867612,513.5628924221659,114.41622103386808,225.93582887700535,1
e2811a20-201.jpg,75.75070668401119,698.9461366289395,101.38146167557927,85.45024859112654,1
e2811a20-201.jpg,151.06264964301306,735.1538015130752,163.65864527629233,114.416360565364,1
e2811a20-201.jpg,292.99669598882406,735.1538015130749,73.86363636363637,97.03654188948305,1
e2811a20-201.jpg,356.72218618490234,696.0495234382089,140.48573975044576,179.59013742373705,1
e2811a20-201.jpg,1342.9930681652204,426.966528630464,150.42576210880495,280.413241322392,1
e2811a20-201.jpg,1468.075359483953,516.0774420536142,71.94272742786848,201.11270368894563,1
e2811a20-201.jpg,1512.222050537623,549.5961022330853,89.11091342315055,168.4115748252833,1
e2811a20-201.jpg,1584.9823376446022,537.3332562646418,76.84794368602013,156.9660126352748,1
e2811a20-201.jpg,1405.1254481666836,702.4745820580039,92.38103868638548,147.1556368455702,1
a78fc3a5-274.jpg,813.8928777567319,503.2122243107003,178.34519232185727,271.70710508095044,1
a78fc3a5-274.jpg,994.6319652775402,498.42443391279824,102.93749355489736,259.7376290861948,1
a78fc3a5-274.jpg,852.1952009399492,691.1329974283623,160.39097832972422,233.40489721301884,1
a78fc3a5-274.jpg,1016.1769924061656,736.6170226820453,73.01380356800863,137.64897393968872,1
a78fc3a5-274.jpg,1093.978616034011,491.2427483159449,101.74054595542188,250.1620482903905,1
f08afd15-36.jpg,640.4411764705881,353.67629517721184,339.3382352941176,363.23546952867065,1
f08afd15-36.jpg,439.70578803430647,406.2499999999998,223.0393100049096,293.13725490196066,1
f08afd15-36.jpg,55.75980392156863,512.9901960784314,108.3333333333334,79.65686274509801,1
f08afd15-36.jpg,1325.490196078432,369.6076019470976,218.25980392156896,302.69631962153017,1
f08afd15-36.jpg,1327.0833333333333,640.4411764705882,259.6813725490196,227.8186274509803,1
f08afd15-36.jpg,258.0882352941177,323.406862745098,178.4313725490196,293.1372549019607,1
f08afd15-36.jpg,1548.529411764706,315.4411764705883,216.66666666666657,310.6617647058824,1
5f1e9d66-212.jpg,181.70412053137028,98.92128921285556,295.77465474643816,277.9688226881241,1
5f1e9d66-212.jpg,249.959810088241,349.1920692340466,307.6452977023639,285.88260751248635,1
5f1e9d66-212.jpg,375.5898473885673,583.6356063558478,236.42190082992104,205.7562815627396,1
5f1e9d66-212.jpg,476.4895623856797,744.8773077728026,207.734731860992,222.5729007289249,1
5f1e9d66-212.jpg,595.1951094411065,908.097434974014,176.07989479888298,183.0043850437831,1
5f1e9d66-212.jpg,1271.8167276570389,873.6492434925927,197.8425784257112,191.90730107293987,1
5f1e9d66-212.jpg,1374.6949125636006,718.3429555739655,198.8317471926489,211.69142276995552,1
5f1e9d66-212.jpg,1424.278131100775,556.1119187338818,223.56207930146127,203.7778421639269,1
5f1e9d66-212.jpg,1560.7894758949212,79.31129111336247,266.09826798258183,255.21692616916735,1
5f1e9d66-212.jpg,1460.8789737899376,315.7331723320873,293.7962289621808,278.95803558025267,1
79675aa9-103.jpg,498.2964224872232,569.1652470187394,121.80579216354352,126.23509369676316,1
79675aa9-103.jpg,471.7206132879045,602.3850085178876,77.51262393781626,97.4445941233194,1
79675aa9-103.jpg,396.4224872231687,595.741056218058,97.44463373083477,95.22998296422476,1
79675aa9-103.jpg,343.27086882453153,584.6678023850086,84.1567291311754,99.65928449744456,1
79675aa9-103.jpg,1499.3185689948891,613.458262350937,88.58603066439542,88.58603066439515,1
79675aa9-103.jpg,1401.87380785278,702.0442930153321,112.94731650837927,97.44463373083482,1
79675aa9-103.jpg,792.8449744463372,664.3952299829643,97.44463373083477,104.08858603066446,1
79675aa9-103.jpg,690.9710391822827,688.7563884156727,84.15672913117547,81.94207836456565,1
79675aa9-103.jpg,442.93015332197615,688.7563884156729,99.6592844974446,93.01533219761514,1
79675aa9-103.jpg,374.2759795570698,677.6831345826234,99.65928449744467,73.08347529812615,1
79675aa9-103.jpg,1501.5332197614994,688.7563884156727,97.44463373083448,86.37137989778546,1
9cd0d863-84.jpg,634.0686274509804,591.0539215686275,283.57843137254895,348.89705882352933,1
6a4794c8-126.jpg,72.72727272727272,396.36363636363626,72.72727272727272,281.81818181818176,1
6a4794c8-126.jpg,172.3043275838986,401.7691480040231,249.3947076258033,312.0001358842688,1
6a4794c8-126.jpg,211.30431213782768,705.5588178658427,93.39480994959293,144.71052547181716,1
6a4794c8-126.jpg,684.4361295781439,426.4007376790981,237.07905062258615,268.8948539528901,1
6a4794c8-126.jpg,697.7782406521421,636.7955661536877,197.0527174005913,217.5790421298195,1
6a4794c8-126.jpg,536.6465915277004,616.2692414244594,158.05270041505764,215.52640965689665,1
6a4794c8-126.jpg,920.4888153168594,368.92687940902897,263.7632403389777,309.94765243957386,1
6a4794c8-126.jpg,900.988855471502,622.427138843228,214.5000934204353,259.65800782473724,1
6a4794c8-126.jpg,1182.025959540253,457.19022477294,264.78954846753885,203.21061481935945,1
6a4794c8-126.jpg,1440.6576511285298,418.19020778740696,239.13168309550912,210.39482847458947,1
6a4794c8-126.jpg,1157.3943698651797,620.3745063703052,261.71064029766046,175.50007643490156,1
6a4794c8-126.jpg,1675.6840692781932,450.0060111177107,170.3684952525947,102.63162364614136,1
6a4794c8-126.jpg,1658.2366932583436,517.7428827241623,295.57907610088586,161.1322026578657,1
6a4794c8-126.jpg,1396.526052960687,587.5323868035389,312.00013588426884,169.3428177085447,1
61bc85f1-85.jpg,119.48529411764709,420.58823529411774,256.4950980392157,195.95588235294116,1
61bc85f1-85.jpg,180.0245098039216,589.4607843137255,340.93137254901933,200.73575457158373,1
61bc85f1-85.jpg,371.2009803921569,436.51960784313735,213.4803921568627,235.78431372549025,1
61bc85f1-85.jpg,4.779411764705898,485.9068627450973,215.0740324444826,168.8727463570092,1
38d34004-173.jpg,239.3787747973648,451.2245677952543,127.02139452234712,237.15164615608424,1
38d34004-173.jpg,527.2038496192791,618.1090595347209,181.74875106028728,170.26272031718838,1
38d34004-173.jpg,1235.956205225354,366.09320763666,222.96308612965177,261.4748919156826,1
38d34004-173.jpg,1622.9897141669685,583.6511280419572,145.26376521716725,172.2896574638219,1
38d34004-173.jpg,1718.93138233353,560.0035279979024,114.1841259270032,93.91475446067167,1
ba17712f-87.jpg,156.12745098039215,454.0441176470588,87.62259093900104,195.95588235294125,1
03e5a7c5-115.jpg,545.2592078435698,467.2546818329814,145.0446135230046,224.90063669859157,1
03e5a7c5-115.jpg,369.2500139055416,633.4855872188969,101.04231503849772,86.37488221032864,1
03e5a7c5-115.jpg,1496.4181395661974,561.7781378367373,91.2640264863851,136.89603972957744,1
0fdf53de-130.jpg,485.45454545454527,694.5454545454546,192.72727272727275,180.0002640125986,1
0fdf53de-130.jpg,665.4545454545455,727.2727272727271,220.0000000000001,187.27306671749693,1
0fdf53de-130.jpg,1087.2727272727273,538.6688428019277,198.181818181818,224.9675208344356,1
0fdf53de-130.jpg,492.7272727272728,532.7272727272725,143.6363636363636,174.54545454545445,1
0fdf53de-130.jpg,648.3644850966216,545.4545454545423,135.27197908523166,183.6363636363631,1
0fdf53de-130.jpg,767.822088661031,540.1779183431782,144.19319024664475,193.3885139778529,1
0fdf53de-130.jpg,900.9887408299912,531.6959659757287,183.2101711369133,238.3428615253363,1
0fdf53de-130.jpg,840.7668790210985,731.8700418475412,165.39807116526902,226.46812821090668,1
0fdf53de-130.jpg,1004.468559712875,713.209817018481,175.57641400620827,229.8610851062084,1
0fdf53de-130.jpg,1286.0693783122078,518.1248421878084,234.10181833416308,267.18149957466494,1
0fdf53de-130.jpg,1516.7784827068383,516.4282581711642,200.17407587181253,262.94071693409506,1
0fdf53de-130.jpg,1628.4904863057036,737.8074085047559,119.5955283810406,192.540318741108,1
0fdf53de-130.jpg,1711.6136195067086,537.6332094691176,129.7738712219804,211.2007371133229,1
0fdf53de-130.jpg,1811.7006574426148,501.1609374529094,94.99786651543631,245.9769177681896,1
0fdf53de-130.jpg,1734.514890898825,735.2628227945212,93.3014760419465,209.5042234760074,1
0fdf53de-130.jpg,1814.245243152852,741.2001894517359,67.85561893959766,151.82694737734937,1
a867644f-151.jpg,442.7132101376547,482.0880776776733,255.2169261691673,235.43300869048755,1
b1176d69-231.jpg,417.40196078431376,345.7107843137255,211.8872549019608,275.6127450980392,1
b1176d69-231.jpg,431.7401960784315,643.6274509803922,146.5686274509804,243.75,1
b1176d69-231.jpg,538.480344780821,656.3725490196077,200.73534149368848,269.24019607843115,1
b1176d69-231.jpg,767.8921568627452,406.25,258.0882352941177,294.7303921568628,1
b1176d69-231.jpg,1032.3529411764705,411.0292363536824,272.42642321219387,293.13743031298435,1
b1176d69-231.jpg,1292.0343137254897,476.34781995190696,224.6323529411765,240.5639447539756,1
b1176d69-231.jpg,1736.5196078431377,648.406862745098,101.9607843137254,84.43627450980398,1
b1176d69-231.jpg,1824.1421568627452,557.5980392156863,55.759803921568505,100.36764705882352,1
48aa0fe4-183.jpg,391.9117647058824,930.3921568627449,240.56372549019613,242.15686274509815,1
48aa0fe4-183.jpg,438.1127450980394,667.5245098039215,262.86764705882354,278.7990196078432,1
48aa0fe4-183.jpg,545.8623132301184,532.8455839485929,225.14584346135143,181.69664560038896,1
48aa0fe4-183.jpg,656.4602714216592,385.3816396932049,176.43007616269657,184.3299303192351,1
48aa0fe4-183.jpg,771.0081566914699,270.83375442339457,156.6804407713498,172.4801490844271,1
48aa0fe4-183.jpg,1048.334082244691,253.04497973636612,141.45741906038842,121.67332187736852,1
48aa0fe4-183.jpg,1170.9964906742307,273.818477700177,154.31713763006763,158.2741444279025,1
48aa0fe4-183.jpg,1269.917770081487,369.7722371530918,195.86415264145413,182.01517215165416,1
48aa0fe4-183.jpg,1346.0871627753863,514.1973194038608,204.76706867061125,168.16619166185447,1
48aa0fe4-183.jpg,1385.6556784605286,653.6764324958765,244.33558435575316,274.01187581772103,1
48aa0fe4-183.jpg,1451.9329422331416,891.0874313048405,261.1522035219389,251.2600746006532,1
75ff8686-169.jpg,4.779411764705884,511.3970588235294,81.25,76.47058823529413,1
75ff8686-169.jpg,81.25000000000001,439.7058823529412,223.03921568627456,178.43137254901953,1
75ff8686-169.jpg,286.76470588235304,395.0979295837965,248.52933280463657,248.52952139659584,1
75ff8686-169.jpg,111.51960784313728,597.4264705882354,137.00980392156865,65.31862745098037,1
75ff8686-169.jpg,245.34313725490196,611.7647058823529,119.48529411764706,98.77450980392152,1
75ff8686-169.jpg,363.23529411764696,613.3578431372545,148.16183576994487,125.85766772623144,1
75ff8686-169.jpg,524.1421568627451,444.48529411764713,229.4117647058824,213.48039215686268,1
75ff8686-169.jpg,506.6176470588236,626.1029411764706,173.65196078431367,148.1617647058823,1
75ff8686-169.jpg,731.25,428.5537900103597,207.1077404891645,232.59817077395363,1
75ff8686-169.jpg,670.7107843137255,622.9166666666667,197.54901960784323,178.4313725490196,1
75ff8686-169.jpg,919.2401960784314,468.3823529411765,199.14215686274505,192.76960784313715,1
75ff8686-169.jpg,868.2598039215688,605.3921568627451,189.58333333333317,231.0049019607844,1
75ff8686-169.jpg,1096.0784313725492,489.0931372549019,152.94117647058826,172.05882352941163,1
75ff8686-169.jpg,1242.6470588235295,438.1127450980392,192.76960784313715,176.83823529411762,1
75ff8686-169.jpg,1444.9754901960782,415.8088235294119,108.3333333333334,154.53444528375792,1
75ff8686-169.jpg,1057.843137254902,618.1372549019607,132.23039215686293,181.6177566907133,1
75ff8686-169.jpg,1190.073529411765,600.6127450980401,245.34313725490205,191.1770187476828,1
75ff8686-169.jpg,1409.9264705882358,546.4460784313723,180.02450980392163,159.3139886067315,1
8ebd65e0-42.jpg,267.64711122277083,324.9998684417324,274.01955544389585,302.6962099896404,1
99903448-158.jpg,374.3872549019608,482.7205882352941,148.16176470588232,122.671568627451,1
99903448-158.jpg,433.33319910121537,606.9852941176474,178.43150678113798,113.11274509803933,1
99903448-158.jpg,520.913617347932,526.5458088243971,111.48154306482596,143.43958541007603,1
99903448-158.jpg,619.0173752449787,511.68160308242034,153.84452942945978,179.85688947791908,1
99903448-158.jpg,766.9162223776478,509.4519722211239,192.49146435859944,214.04456268446563,1
99903448-158.jpg,954.205185258189,508.70876193402495,196.9507960685569,206.6122654659513,1
99903448-158.jpg,908.126176926427,681.1335485409556,158.3038132533263,173.9112071811281,1
99903448-158.jpg,1075.348491523666,673.7014456699675,166.47910431013983,198.43714665539008,1
99903448-158.jpg,1144.8091517862722,463.3971151586579,233.4542425423389,241.3679456793675,1
99903448-158.jpg,1379.2526072207395,465.3755409429148,213.6699846997681,229.49739097382505,1
99903448-158.jpg,1228.892247617199,693.8837190246113,158.2740627405687,168.1661916618544,1
99903448-158.jpg,1384.1986716813826,685.9700158875834,144.42509695916615,176.08003094443868,1
99903448-158.jpg,1598.3795657958065,499.9979104800808,126.61925019245469,190.9181698681448,1
99903448-158.jpg,1714.117474174848,463.3970470858798,98.9212696016598,224.5513945859604,1
99903448-158.jpg,1525.1778117782935,677.0670998584259,122.66239862394116,173.1122561224972,1
99903448-158.jpg,1638.9372943730775,683.0023772111971,95.95365053646958,163.22012720121168,1
99903448-158.jpg,1724.9988159882612,677.0670998584258,57.37434774345672,100.89971499711264,1
99903448-158.jpg,1796.2221442215175,497.0303534910287,42.536154361527565,151.3495724956691,1
834e844f-215.jpg,158.82282274826832,494.3424727737322,182.554742820088,116.00769371325782,1
834e844f-215.jpg,194.79420064385215,406.21259692955175,72.84204023855722,78.23774692289486,1
834e844f-215.jpg,270.3340942245782,380.1333479552536,158.27406274056884,151.07978716145206,1
834e844f-215.jpg,318.8954543836154,527.6159973271458,185.25259616225608,162.77075726863012,1
834e844f-215.jpg,427.7088725177576,376.5362101656952,144.78479602972484,199.64114732049023,1
834e844f-215.jpg,565.299392968364,396.3204680082649,188.84980972234763,202.3390006626585,1
834e844f-215.jpg,499.6515748238445,540.2059795906004,169.96481404171266,190.64830284659368,1
834e844f-215.jpg,751.451273578012,403.514743587383,215.82826737350288,197.842578425711,1
834e844f-215.jpg,653.429268812544,556.3930996436127,204.13756955743756,205.0369901503851,1
834e844f-215.jpg,960.984549819788,390.0254768765391,230.21681853173632,232.0153874265158,1
834e844f-215.jpg,1190.3020839041349,372.9390723761368,240.10894745302195,276.08032534860587,1
834e844f-215.jpg,853.9697005804259,563.5873752227311,177.1590361357505,209.53327624177564,1
834e844f-215.jpg,1031.1287367161765,566.2852285649,179.85688947791914,202.3390006626589,1
834e844f-215.jpg,1429.8536603549956,374.73764127091584,194.2454406361529,250.9003608216972,1
834e844f-215.jpg,1205.0325485075969,601.3573220130942,154.67692495101062,187.05116505703592,1
834e844f-215.jpg,1358.8101890112173,604.0551753552628,137.59052045060827,159.17334718795857,1
834e844f-215.jpg,1500.8971316987736,609.4508820396004,106.11556479197247,141.1876582401666,1
834e844f-215.jpg,1624.9983854385384,382.8312012974223,105.21628034458274,223.0225429526197,1
834e844f-215.jpg,1598.0198520168503,579.7744952757438,106.1155647919719,176.25975168836086,1
834e844f-215.jpg,1690.6461500979783,584.2709175126919,77.33846247550531,148.38193381928323,1
834e844f-215.jpg,1729.315381335731,368.4426501391887,72.84204023855722,203.2382851100487,1
b50321c3-177.jpg,239.9889287063094,928.6475148145246,289.6613190730838,228.83244206773625,1
b50321c3-177.jpg,300.8178057116569,743.2641111431844,288.2130124777184,210.00461579255204,1
b50321c3-177.jpg,389.1645080289475,620.1582100016907,220.14260249554363,181.03832442067733,1
b50321c3-177.jpg,393.5094278150438,447.8097251532059,241.86720142602496,194.07308377896612,1
b50321c3-177.jpg,461.2069310995272,311.86758469523267,209.5853009618728,161.2766323004481,1
b50321c3-177.jpg,625.4563750800065,256.8700234499184,188.77544239146928,130.80501052939556,1
b50321c3-177.jpg,1218.5382136532437,265.0452445486516,206.61245981347705,141.9532568952323,1
b50321c3-177.jpg,1407.31362657635,293.2873275177617,214.78777297156452,195.4643055069948,1
b50321c3-177.jpg,1427.7280789338936,472.401006708582,249.71865646521024,206.61245981347727,1
b50321c3-177.jpg,1446.3083361113645,668.6085225026757,254.177918187803,159.04700143915142,1
b50321c3-177.jpg,1420.295976062905,807.5888461901587,294.31127369114023,232.62481986193683,1
b50321c3-177.jpg,1506.5083693663707,964.4062167680138,294.31127369114023,214.04456268446563,1
e2b30393-88.jpg,43.01470588235296,976.593137254902,317.0343137254902,280.392156862745,1
e2b30393-88.jpg,78.06372549019608,739.2155766426201,313.8480392156862,309.0687370828704,1
e2b30393-88.jpg,536.8872549019609,152.9411764705882,207.1078431372549,175.2450980392157,1
e2b30393-88.jpg,708.9460784313726,81.24999999999999,258.0882352941177,181.6176470588236,1
e2b30393-88.jpg,992.5245098039215,79.65686274509804,253.30882352941185,186.3970588235294,1
e2b30393-88.jpg,1253.799019607843,129.04411764705878,170.4656862745101,202.32843137254903,1
e2b30393-88.jpg,1607.475490196079,750.3676470588234,301.10294117647044,313.84803921568624,1
e2b30393-88.jpg,1639.338182894875,1013.2352941176472,281.9853465168879,250.1227463570088,1
52e40dc5-120.jpg,678.1818181818182,159.99999999999994,109.09090909090892,138.18181818181816,1
52e40dc5-120.jpg,460.0,341.8183326825239,218.1818181818182,96.36348549929424,1
52e40dc5-120.jpg,464.6528676197026,414.5276013565201,217.3062176784632,111.45706003508268,1
52e40dc5-120.jpg,491.00379515053874,470.6707041144722,231.9475343034901,201.15798234643765,1
52e40dc5-120.jpg,530.0038364597764,609.2233534572683,186.7896198991878,134.44753342518027,1
52e40dc5-120.jpg,582.3460293825174,688.2497036647964,170.3684952525946,153.94743546921208,1
52e40dc5-120.jpg,1260.0259935113213,760.0917550581071,160.10533288798018,181.65805901265867,1
52e40dc5-120.jpg,1317.4997027531606,688.2497249545432,198.0790336370527,160.10531159823353,1
52e40dc5-120.jpg,1364.7101928750765,562.0128065800426,241.1843723237412,198.07903363705304,1
52e40dc5-120.jpg,1487.8681980057552,450.1443368057484,220.6579908392041,195.0000849276686,1
52e40dc5-120.jpg,1647.9735308937352,396.77589250975495,99.55267493675734,115.97373472013965,1
e957f889-55.jpg,328.18627450980404,616.5441176470588,116.29901960784308,178.4313725490197,1
e957f889-55.jpg,477.9411764705883,339.33823529411774,227.8186274509803,310.6617647058823,1
e957f889-55.jpg,449.2647058823531,632.4754901960785,113.11274509803924,218.25980392156865,1
e957f889-55.jpg,715.3186274509806,369.6078431372549,280.392156862745,326.59313725490193,1
e957f889-55.jpg,982.9656862745094,428.5540969796509,277.20588235294133,288.35766772623134,1
e957f889-55.jpg,1255.3921568627443,388.72562175434615,240.56372549019605,312.2547704025168,1
e957f889-55.jpg,1472.058823529412,415.8088235294117,269.2401960784315,253.30882352941177,1
842753fe-148.jpg,1623.6363636363635,1174.5454545454545,236.36363636363652,120.00000000000011,1
842753fe-148.jpg,1545.4545454545455,905.4545454545452,285.4545454545456,307.27272727272737,1
842753fe-148.jpg,1408.841847798226,765.2892408036038,313.0264521207312,306.8685547019623,1
842753fe-148.jpg,1470.4208219859104,565.1575746936281,294.5527598644256,216.552725893358,1
842753fe-148.jpg,1366.7628821033074,375.2890709482666,332.5264200739927,244.2632642778161,1
842753fe-148.jpg,1332.8944463000792,176.18348688753557,249.39484546012275,250.42139588380104,1
842753fe-148.jpg,1173.815429648561,145.39408495268134,216.55272589335797,199.1054989017429,1
842753fe-148.jpg,1007.5521993418118,51.315705374335465,254.5263779950231,234.00020836193664,1
842753fe-148.jpg,760.2100512178216,60.55253021274105,256.5789942521424,229.8949647058378,1
842753fe-148.jpg,571.3677988457131,94.42109375444996,198.07903363705265,192.9474524547456,1
842753fe-148.jpg,369.18350026281473,170.36849525259453,280.18433255396576,247.3422129872004,1
842753fe-148.jpg,289.1308338188245,361.2633152344172,312.0001358842695,246.31589675073909,1
842753fe-148.jpg,262.73695653412165,565.5002462902382,295.5790761008868,215.5264096568967,1
842753fe-148.jpg,206.28956352874397,737.9213740157555,318.158033303038,305.8422384655011,1
842753fe-148.jpg,118.02636719306248,971.921475928958,336.6317255593434,270.947486425813,1
842753fe-148.jpg,106.73688859198693,1233.289444630008,266.8422214799673,59.526341714762125,1
1726933b-15.jpg,1311.1519607843136,842.7695639903817,200.73529411764696,219.85298502922623,1
1726933b-15.jpg,1468.872549019608,745.5882352941176,205.51470588235304,234.19117647058815,1
1726933b-15.jpg,1497.5489567287534,479.5343795046242,321.81378836928644,323.40679696596453,1
1726933b-15.jpg,1631.372402301732,232.5980392156861,325.0001467178768,304.2892156862743,1
1726933b-15.jpg,65.31862745098039,78.06372549019605,315.4411764705883,294.7303921568628,1
1726933b-15.jpg,127.45098039215682,345.71078431372547,336.1520865424933,325.0000000000002,1
7d226e1d-72.jpg,41.421568627451,25.490196078431357,325.00000000000006,302.69607843137254,1
7d226e1d-72.jpg,137.00980392156862,313.8480392156861,317.0344290038213,323.40686274509784,1
7d226e1d-72.jpg,267.64705882352945,606.9852941176472,256.4950980392157,192.7696078431373,1
7d226e1d-72.jpg,369.60784313725486,780.6372549019607,216.6666666666667,216.6666666666667,1
7d226e1d-72.jpg,1398.774509803922,782.2303921568629,210.29411764705884,234.19117647058823,1
7d226e1d-72.jpg,1457.7205882352944,587.8676470588235,264.4607843137254,223.0392156862745,1
7d226e1d-72.jpg,1601.1028258981391,15.931372549019583,332.96580155284107,318.627450980392,1
86ec4e76-44.jpg,164.093137254902,449.2647058823528,238.9705882352941,187.99019607843135,1
86ec4e76-44.jpg,11.151960784313715,412.6225490196077,181.61764705882356,162.49999999999994,1
b32acfa7-258.jpg,638.8480392156863,750.3676470588234,149.7549019607844,81.25,1
b32acfa7-258.jpg,1307.96568627451,446.07843137254895,191.17647058823536,258.0882352941176,1
b32acfa7-258.jpg,1503.147744058915,620.9617911884934,202.6936731507869,175.89136295808336,1
b32acfa7-258.jpg,1782.7882782258089,448.4208605246757,108.88505333153546,120.05275110912874,1
005ba0eb-58.jpg,420.5882352941177,368.014705882353,277.2058823529412,291.5441176470588,1
005ba0eb-58.jpg,713.7254901960787,412.6225490196078,207.10784313725483,261.27450980392166,1
005ba0eb-58.jpg,925.6127450980396,407.84313725490193,243.74999999999983,285.17156862745094,1
005ba0eb-58.jpg,1062.622549019608,610.171568627451,223.0392156862746,240.563725490196,1
005ba0eb-58.jpg,1167.7696078431377,374.3872549019608,270.83333333333326,277.2058823529412,1
005ba0eb-58.jpg,1288.8479972962934,587.8676470588236,208.70102231155,264.4609816511269,1
005ba0eb-58.jpg,1432.2303921568628,344.11764705882354,227.8186274509801,288.35784313725486,1
005ba0eb-58.jpg,1500.7352312385574,594.2401960784314,164.0932001339915,246.93627450980387,1
005ba0eb-58.jpg,1653.6764705882351,315.4411764705882,186.3970588235296,281.985294117647,1
005ba0eb-58.jpg,1846.4460784313728,326.59313725490193,119.48529411764696,288.3578431372549,1
df3ae704-48.jpg,686.6421568627451,364.8282778879035,313.8480392156864,382.3530946611163,1
df3ae704-48.jpg,1000.4901960784316,374.3872549019607,352.0833333333333,361.64215686274514,1
500188bc-70.jpg,82.84306389596395,673.8970588235293,151.34811257462445,187.99019607843124,1
500188bc-70.jpg,254.9019607843138,404.6568627450981,293.1372549019608,355.2696078431373,1
500188bc-70.jpg,861.8872549019609,415.8088235294118,278.7990196078434,312.2549019607844,1
500188bc-70.jpg,1373.2843137254906,404.65686274509807,238.9705882352942,229.41176470588232,1
500188bc-70.jpg,1574.0196078431377,444.4852941176471,191.17647058823508,200.73529411764704,1
500188bc-70.jpg,1725.367647058824,468.38235294117646,189.58333333333343,173.65196078431376,1
500188bc-70.jpg,1548.5294117647054,616.5441176470591,202.3284942516389,253.3092839833485,1
500188bc-70.jpg,1338.2352941176473,611.7647058823532,223.03921568627453,269.24028378394297,1
7315db47-224.jpg,86.02941176470588,130.63725490196074,334.5588235294118,254.90196078431376,1
7315db47-224.jpg,191.1764705882353,371.2009803921568,296.32352941176475,301.10294117647067,1
7315db47-224.jpg,309.06862745098044,653.1862745098035,202.32843137254912,227.8182766289337,1
7315db47-224.jpg,457.2303921568628,755.1470588235295,203.92156862745105,226.2254901960783,1
7315db47-224.jpg,562.3774509803924,920.8333333333331,191.1764705882352,221.44607843137237,1
7315db47-224.jpg,736.029411764706,1005.2696078431374,192.7696078431373,154.53431372549025,1
7315db47-224.jpg,865.0735294117649,1053.063725490196,140.19607843137237,157.7205882352942,1
7315db47-224.jpg,1008.4558823529412,1027.5735294117646,144.97549019607845,165.6862745098038,1
7315db47-224.jpg,1159.8039215686276,976.593137254902,151.34803921568633,221.4460784313725,1
7315db47-224.jpg,1249.0196078431377,888.9705882352941,199.14215686274488,254.90196078431356,1
7315db47-224.jpg,1362.1323529411766,780.6372549019607,197.5490196078431,242.156862745098,1
7315db47-224.jpg,1470.4656862745098,689.8284313725491,181.61764705882376,226.22549019607848,1
7315db47-224.jpg,1495.9558823529417,444.4852941176471,277.2058823529412,297.9166666666666,1
7315db47-224.jpg,1609.0686274509808,189.58333333333337,258.0882352941177,294.7303921568628,1
7315db47-224.jpg,1620.220588235294,33.455882352941146,262.86764705882376,195.9558823529412,1
3e51d16f-233.jpg,54.166666666666686,288.3578431372548,197.54901960784315,288.35784313725486,1
3e51d16f-233.jpg,205.51470588235293,606.9852941176471,170.4656862745098,259.68137254901944,1
3e51d16f-233.jpg,291.54411764705884,395.0980392156862,234.19117647058823,270.83333333333326,1
3e51d16f-233.jpg,498.6519607843138,404.656862745098,296.32352941176464,275.6127450980392,1
3e51d16f-233.jpg,1346.2009803921571,634.0686274509804,160.90686274509778,178.4313725490196,1
3e51d16f-233.jpg,1588.3578431372557,514.5833333333333,173.65196078431353,122.671568627451,1
3e51d16f-233.jpg,1505.5147058823525,621.3235294117649,223.03921568627453,135.41686400406806,1
3e51d16f-233.jpg,1703.0636228421058,554.4117647058823,125.8579457853441,122.67156862745092,1
3c160c9c-50.jpg,39.82843137254909,578.3088235294117,277.20588235294133,183.21128862041823,1
3c160c9c-50.jpg,1346.2009803921571,390.31862745098033,275.6127450980392,368.014705882353,1
a871180b-262.jpg,73.28431372549021,501.8382352941176,180.02450980392163,191.17647058823528,1
a871180b-262.jpg,149.75490196078437,431.7401960784314,227.81862745098047,199.1421568627451,1
a871180b-262.jpg,235.78431372549025,627.6960784313726,289.9509803921569,146.5686274509804,1
a871180b-262.jpg,363.2352941176475,533.7008269075113,191.17647058823545,144.97564368072415,1
a871180b-262.jpg,527.3284313725492,473.1617647058824,240.56372549019613,232.59803921568616,1
a871180b-262.jpg,508.2107843137255,673.8970588235295,199.14215686274505,141.7892156862744,1
a871180b-262.jpg,678.6764705882352,665.9313725490197,253.3088235294119,191.17666792563656,1
a871180b-262.jpg,742.4019607843138,430.1470588235294,289.9509803921569,269.2401960784314,1
a871180b-262.jpg,935.1715686274508,664.3382352941177,226.22549019607845,235.78431372549016,1
a871180b-262.jpg,1024.3871680458844,407.843137254902,229.4118752499791,277.20588235294105,1
a871180b-262.jpg,1169.362745098039,642.0343137254902,157.7205882352942,207.1078431372548,1
a871180b-262.jpg,1247.426470588235,377.5734417062529,289.95098039215685,321.8138131957077,1
a871180b-262.jpg,1521.4460784313749,388.7253805641888,208.70094880812863,304.289325318164,1
a871180b-262.jpg,1338.2352941176473,686.6421568627452,138.60302013654012,156.12745098039218,1
a871180b-262.jpg,1476.838235294118,670.7107843137259,125.85786682527556,154.53431372549008,1
a871180b-262.jpg,1609.0686274509806,685.0490196078432,65.31862745098039,100.36764705882352,1
a871180b-262.jpg,1723.774509803921,411.02941176470586,122.67156862745112,245.34313725490188,1
a871180b-262.jpg,1679.166666666667,638.8480392156864,132.2304316368977,187.99019607843144,1
a871180b-262.jpg,1836.887254901961,323.40686274509807,70.09803921568619,154.5343137254902,1
4b32eec6-37.jpg,912.8676470588236,441.29901960784304,98.77450980392156,264.4607843137254,1
4b32eec6-37.jpg,611.764705882353,493.8725490196077,149.75490196078434,267.64705882352945,1
4b32eec6-37.jpg,740.8088235294117,696.2009803921569,90.80882352941188,184.8039215686276,1
4b32eec6-37.jpg,764.7058823529412,439.7058823529412,194.36274509803923,291.5441176470588,1
85afd91b-195.jpg,82.84313725490196,3.1862745098039227,280.39215686274514,172.05882352941177,1
85afd91b-195.jpg,223.0392156862746,552.8186274509804,227.81862745098047,269.2401960784314,1
85afd91b-195.jpg,806.1274509803924,1089.7058823529414,149.7549019607844,151.34803921568627,1
85afd91b-195.jpg,1451.3480707997142,677.0833333333334,229.4117331218547,242.15686274509807,1
85afd91b-195.jpg,1561.2745098039218,95.58823529411764,310.6617647058823,331.3725490196079,1
85afd91b-195.jpg,1637.7450980392157,3.186274509803916,297.91666666666686,111.51960784313728,1
7b8ac2eb-230.jpg,822.0588235294119,340.9313725490196,262.8676470588235,318.6274509803921,1
aeb8502b-223.jpg,581.4950980392157,183.2107843137255,176.83823529411768,173.65196078431376,1
aeb8502b-223.jpg,763.1127450980392,127.4509803921569,250.122549019608,184.80392156862743,1
aeb8502b-223.jpg,1014.828431372549,141.78901834887307,275.6127450980393,180.02470714132306,1
aeb8502b-223.jpg,371.20098039215696,256.4950980392157,240.56372549019605,218.25980392156856,1
aeb8502b-223.jpg,272.42647058823536,412.6225490196078,275.6127450980392,232.59803921568636,1
aeb8502b-223.jpg,173.6519607843137,562.3774509803923,297.91666666666674,205.5147058823529,1
aeb8502b-223.jpg,135.41666666666669,732.843137254902,342.52450980392166,299.50980392156856,1
aeb8502b-223.jpg,86.02941176470591,922.4264705882352,301.1029411764706,285.171568627451,1
aeb8502b-223.jpg,71.69117647058823,1150.2450980392157,320.22058823529414,144.97549019607868,1
aeb8502b-223.jpg,1252.2058823529412,205.51470588235293,181.61764705882348,144.97549019607845,1
aeb8502b-223.jpg,1344.607843137255,286.7647058823529,250.122549019608,200.73529411764707,1
aeb8502b-223.jpg,1438.6029411764707,441.2990196078431,274.0196078431373,227.8186274509804,1
aeb8502b-223.jpg,1558.088235294118,575.1225490196077,262.8676470588235,231.00490196078448,1
aeb8502b-223.jpg,1554.90192130428,728.063725490196,364.8285261246313,350.49019607843104,1
aeb8502b-223.jpg,1645.710736937684,941.5441176470588,312.2549493368258,299.50980392156885,1
0f593e7b-175.jpg,1345.1410654108963,408.0150687874308,151.34957249566895,205.7562815627396,1
0f593e7b-175.jpg,1425.3572514893124,576.7203989524135,196.0439783313028,174.4613808234817,1
0f593e7b-175.jpg,1535.969225146968,452.6190833283073,153.77764050362117,137.5905204506082,1
0f593e7b-175.jpg,1591.724860885123,540.7489591724875,178.05832058314024,108.81341813414114,1
7cbe7261-76.jpg,38.235294117647086,434.9264705882353,242.1568627450981,200.7352941176471,1
7cbe7261-76.jpg,87.62254901960782,614.9509803921568,304.2892156862744,130.6376495767639,1
7cbe7261-76.jpg,288.3578431372549,511.3970588235295,172.05882352941177,156.12745098039213,1
7cbe7261-76.jpg,371.2009803921568,632.4754901960786,229.41176470588235,192.7697613277828,1
7cbe7261-76.jpg,438.1127450980393,433.33333333333314,243.75000000000009,283.5784313725491,1
7cbe7261-76.jpg,594.2401960784315,664.3382352941177,270.8333333333334,210.29411764705887,1
7cbe7261-76.jpg,678.6764705882354,439.7058823529412,272.42647058823536,296.32352941176464,1
7cbe7261-76.jpg,955.8823529411768,457.2303921568627,256.49509803921575,289.9509803921568,1
7cbe7261-76.jpg,1204.4117647058831,414.2156862745096,267.6469435451978,347.30392156862746,1
7cbe7261-76.jpg,1484.8039215686276,375.98039215686265,258.08808857624166,347.30392156862735,1
7cbe7261-76.jpg,1739.7058823529414,388.72549019607845,146.5686274509804,318.6274509803921,1
7cbe7261-76.jpg,1863.9705882352948,396.6911764705884,103.55392156862736,274.0196078431373,1
d64f7147-149.jpg,210.9469327059659,0.0,292.68956020317154,276.36423982100456,1
d64f7147-149.jpg,249.09090909090892,270.9090909090908,285.45454545454527,247.27314214966808,1
d64f7147-149.jpg,305.4545454545452,503.636363636364,307.27272727272714,296.3645415496882,1
d64f7147-149.jpg,554.5454545454546,905.4545454545454,172.7272727272728,169.09090909090918,1
d64f7147-149.jpg,1340.0000000000002,585.4545454545454,287.2727272727272,276.3636363636362,1
d64f7147-149.jpg,1538.1818181818176,90.90931720560404,290.90909090909093,279.9997737034869,1
d64f7147-149.jpg,438.1818181818181,750.9090909090907,229.09090909090895,230.9090909090908,1
d64f7147-149.jpg,593.2933615232876,1067.7754251758745,178.8253410410364,167.64927243785138,1
d64f7147-149.jpg,1292.4507712878951,980.8462853840306,219.80614836294052,186.2765514813087,1
d64f7147-149.jpg,1231.6004816281004,785.8771445070198,249.61037186978004,198.69482337892947,1
d64f7147-149.jpg,1397.7063166326193,346.2648477811381,329.08830122135214,260.78695568484505,1
9aa4cf36-22.jpg,329.779411764706,471.5686274509804,289.95098039215685,207.10784313725492,1
9aa4cf36-22.jpg,100.36764705882356,425.3676470588235,231.00490196078437,138.6029411764706,1
9aa4cf36-22.jpg,12.745098039215662,543.2598039215686,332.9656862745099,192.7696078431373,1
9aa4cf36-22.jpg,344.11764705882354,648.406862745098,277.20588235294133,219.85294117647047,1
9aa4cf36-22.jpg,616.5441176470588,659.5588235294118,283.5784313725492,250.1225490196078,1
9aa4cf36-22.jpg,1715.8088235294117,307.47549019607845,218.2598039215688,305.8823529411764,1
da87f715-189.jpg,226.22549019607845,242.15686274509807,315.4411764705883,285.17156862745094,1
da87f715-189.jpg,288.35776417718546,532.1078431372545,293.1373338620302,219.8529850292265,1
da87f715-189.jpg,441.2990196078432,723.2843137254903,167.27941176470594,208.7009803921568,1
da87f715-189.jpg,583.0882352941178,855.5147058823532,248.52941176470597,211.88725490196077,1
da87f715-189.jpg,825.2450980392157,968.6274509803924,251.71568627451,243.75,1
da87f715-189.jpg,1086.5196236351512,924.0196297695144,264.4608632737949,250.12254901960796,1
da87f715-189.jpg,1492.769607843137,81.25006577913379,352.08333333333337,296.323463632631,1
da87f715-189.jpg,1491.176470588236,355.2696078431371,289.9509803921568,162.500065779134,1
da87f715-189.jpg,1317.5245098039215,845.9558823529406,258.088235294118,200.73595190898587,1
3907e93b-236.jpg,218.25980392156868,39.82843137254898,317.0343137254903,254.90196078431376,1
3907e93b-236.jpg,274.0196078431371,283.57825596152566,313.84814975978355,293.1374303129841,1
3907e93b-236.jpg,360.04901960784315,543.2598039215686,248.52941176470597,223.0392156862745,1
3907e93b-236.jpg,1333.455913936969,708.9461222841283,227.81862745098064,242.156862745098,1
3907e93b-236.jpg,1446.568540594904,30.269607843137265,313.84812607176184,278.7990196078431,1
3a073fb2-283.jpg,168.87254901960782,957.4754901960785,297.9166666666668,229.41176470588223,1
3a073fb2-283.jpg,246.936274509804,766.2990196078431,278.79901960784315,243.7500000000001,1
3a073fb2-283.jpg,329.779411764706,602.2058823529413,245.34313725490196,202.32843137254903,1
3a073fb2-283.jpg,350.4901960784315,409.436274509804,264.46078431372547,226.22549019607848,1
3a073fb2-283.jpg,497.0588077373977,288.3576677262314,184.8039373606414,203.9217440384745,1
3a073fb2-283.jpg,613.357843137255,186.3970588235294,181.61764705882348,176.83823529411768,1
3a073fb2-283.jpg,787.0098039215687,149.7549019607843,246.936274509804,180.02450980392155,1
3a073fb2-283.jpg,1005.2696078431372,186.396861486128,253.30882352941185,213.48058949426448,1
3a073fb2-283.jpg,1236.2745098039215,238.97058823529412,207.1078431372553,173.65196078431367,1
3a073fb2-283.jpg,1392.4019607843134,283.5782778879035,211.8872075259189,211.8874083866064,1
3a073fb2-283.jpg,1390.6448584488096,472.98188245207103,277.47421624206,196.9522868227956,1
3a073fb2-283.jpg,1436.3464940651486,650.3477540107211,260.064069340597,169.74893228926018,1
3a073fb2-283.jpg,1458.1091776919773,786.3645266783975,286.1792896927909,261.1522035219386,1
3a073fb2-283.jpg,1474.4311904120982,1003.9913629466796,299.23689986888775,214.3624337242582,1
d911e2d0-47.jpg,58.94613083061401,31.8627450980392,363.23524171840575,350.4901960784314,1
d911e2d0-47.jpg,167.27934888561614,352.08333333333337,277.20594523203096,272.4265144409914,1
d911e2d0-47.jpg,288.3578431372549,563.9705663089162,281.9854513153716,281.98531604402484,1
d911e2d0-47.jpg,1370.0980392156866,552.8186274509803,278.7990196078431,280.39215686274514,1
d911e2d0-47.jpg,1470.465602435724,344.11764705882354,297.91675050545365,246.93627450980387,1
d911e2d0-47.jpg,1585.1714428692717,43.01470588235293,353.67659634641484,371.2009803921568,1
6c829228-168.jpg,92.40196078431372,471.56862745098033,58.94607843137257,167.27941176470586,1
6c829228-168.jpg,140.1960784313726,484.3137254901957,97.18143571707512,167.27941176470577,1
6c829228-168.jpg,223.0392156862744,522.5490196078433,111.5196789071998,175.24509803921578,1
6c829228-168.jpg,296.32352941176475,476.34803921568624,135.41666666666663,197.54901960784323,1
6c829228-168.jpg,425.3676470588236,460.41666666666674,149.7549572328329,224.63235294117632,1
6c829228-168.jpg,549.6323529411765,425.3676470588235,210.29411764705884,237.37745098039213,1
6c829228-168.jpg,750.3676470588235,414.215510863486,240.5637254901961,246.93644992082716,1
6c829228-168.jpg,984.5588235294116,398.2841163880887,254.9019449923,261.2747071413231,1
6c829228-168.jpg,1231.4950980392157,434.9264705882353,184.8039215686275,216.6666666666667,1
6c829228-168.jpg,1397.1813725490197,430.1470588235295,137.0098039215685,237.37745098039213,1
6c829228-168.jpg,1497.549019607843,471.5686274509805,121.07843137254888,194.36274509803917,1
6c829228-168.jpg,1583.5784313725492,497.0588235294119,84.43627450980387,165.68627450980387,1
6c829228-168.jpg,1656.862745098039,455.6372549019611,97.1813725490196,175.24509803921595,1
6c829228-168.jpg,100.36764705882354,640.4411764705883,74.87745098039217,68.50490196078427,1
6c829228-168.jpg,151.34803921568624,640.4411764705881,154.5343137254902,154.53437950462398,1
6c829228-168.jpg,289.9509803921569,665.9313725490196,105.14705882352943,152.94117647058826,1
6c829228-168.jpg,387.1323450451697,653.1862745098035,157.72059613130097,170.4656862745096,1
6c829228-168.jpg,536.8872233179329,637.2549019607842,138.60294117647064,162.50006577913405,1
6c829228-168.jpg,673.8970588235297,614.9509803921571,152.94117647058823,159.3138789748415,1
6c829228-168.jpg,839.5833333333334,648.4068627450981,132.2303921568627,78.06372549019612,1
6c829228-168.jpg,978.186274509804,648.4068627450982,162.50000000000014,92.4020923425812,1
6c829228-168.jpg,1132.7205882352944,629.2892156862742,160.90686274509807,129.04429305808245,1
6c829228-168.jpg,1287.2549019607843,638.8480392156864,137.00980392156873,127.45113387680236,1
6c829228-168.jpg,1411.5196078431372,634.0686274509804,135.41666666666686,160.9068627450981,1
6c829228-168.jpg,1529.411764705883,659.5588235294117,70.09803921568619,113.11274509803924,1
6c829228-168.jpg,1588.357843137255,627.6960784313724,124.26463481829016,140.1960784313726,1
6c829228-168.jpg,1693.5049019607843,627.6960784313726,55.759803921568505,65.31862745098037,1
100f6601-144.jpg,79.22956082234816,347.8061586762485,121.57639505498256,185.7796598592991,1
100f6601-144.jpg,199.43992896660055,435.2318809629776,94.25585684037968,256.8130592172664,1
100f6601-144.jpg,267.7412745031076,480.3107690170722,144.79896045355983,237.6886824670444,1
100f6601-144.jpg,392.0497233795505,472.1148342459175,218.56419780065747,288.23145147083403,1
100f6601-144.jpg,606.5159483641826,506.2652803209448,184.413632948569,236.32265555631432,1
100f6601-144.jpg,747.2167201693878,450.2580919710491,277.30337654528614,316.9183282993524,1
100f6601-144.jpg,408.4420463083122,705.7052092875454,198.0739020558706,209.89705354866743,1
100f6601-144.jpg,611.9800236322538,719.3654783948468,158.4591540195459,127.0405026979029,1
100f6601-144.jpg,770.4391776517994,735.7578013236084,142.0667987159345,76.4880579607691,1
100f6601-144.jpg,942.5585684037974,711.1693169304658,92.88982992964948,76.49750700088792,1
100f6601-144.jpg,1023.1541561368756,439.3299616951679,259.5451130387269,297.7938665391705,1
100f6601-144.jpg,1036.814425244177,726.1956129484973,118.84434123352236,72.39942626869755,1
100f6601-144.jpg,1176.1491701386517,712.5353438411961,117.47831432279185,56.00710333993571,1
100f6601-144.jpg,1284.0652960863326,448.8921500702789,196.70787514514015,273.20538214602817,1
100f6601-144.jpg,1289.5294361041026,701.6071285553547,184.4136329485687,139.33474489447437,1
100f6601-144.jpg,1474.079639368896,440.6959886058981,204.9040366095207,258.17908612799647,1
100f6601-144.jpg,1494.570043029848,670.1885096085616,152.99501400177576,137.96871798374428,1
100f6601-144.jpg,1665.3234068711154,585.494841143293,120.21036814425229,150.26327188350166,1
100f6601-144.jpg,1756.8472098900338,519.9255494282459,79.22964715528063,110.6481797691414,1
100f6601-144.jpg,1800.560071033399,340.9760241225978,49.176968786285045,165.28925619834698,1
100f6601-144.jpg,1759.5792637114946,379.22503265292136,49.17696878628502,113.37997856072208,1
5ab17248-134.jpg,76.36363636363636,556.3636363636363,101.81818181818184,110.90909090909092,1
5ab17248-134.jpg,163.63636363636363,469.090909090909,220.0,221.8181818181817,1
5ab17248-134.jpg,101.81818181818184,650.9090909090908,258.1818181818182,112.72727272727266,1
5ab17248-134.jpg,249.0909090909091,650.9090909090909,240.0,201.81818181818184,1
5ab17248-134.jpg,678.1818181818182,532.7272727272727,205.45454545454533,252.72727272727272,1
5ab17248-134.jpg,1238.1818181818182,540.0001131482564,198.181818181818,245.4544323062891,1
5ab17248-134.jpg,1618.181818181818,658.1818181818181,201.81818181818187,203.6363636363636,1
5ab17248-134.jpg,1790.909090909091,690.9090909090907,114.54545454545467,69.09090909090916,1
964f351f-210.jpg,106.74019607843138,493.8725490196078,90.80882352941175,221.4460784313727,1
964f351f-210.jpg,200.73529411764716,415.8088235294117,219.85294117647055,264.46078431372547,1
964f351f-210.jpg,398.28431372549016,388.72549019607845,250.1225490196079,291.5441176470588,1
964f351f-210.jpg,224.63235294117652,664.3382352941177,78.06372549019606,180.0245098039216,1
964f351f-210.jpg,293.1372549019609,669.1176470588235,113.11274509803926,148.16176470588238,1
964f351f-210.jpg,388.72549019607857,667.5245098039215,103.55392156862742,137.00980392156873,1
964f351f-210.jpg,458.82352941176464,646.8137254901962,160.90686274509807,216.66666666666663,1
964f351f-210.jpg,610.171568627451,634.0686274509806,170.46578892259987,219.8529411764706,1
964f351f-210.jpg,648.406862745098,417.4019607843138,215.0735294117648,245.34313725490188,1
964f351f-210.jpg,1081.0878223648233,467.5101403456736,208.92171967292043,230.6846561085342,1
964f351f-210.jpg,982.0676118627592,636.1711481177492,198.04042100413696,252.4471300712073,1
964f351f-210.jpg,1180.108032866896,681.8727837340887,198.04042100413696,179.54213992133268,1
964f351f-210.jpg,1288.9214510010356,531.7102667089729,173.01326472325906,179.54213992133268,1
964f351f-210.jpg,1379.236588052374,681.8727837340887,276.3860820607184,194.7760184601124,1
964f351f-210.jpg,1458.6703832902972,519.7407907142182,247.00645916450043,186.0709450093813,1
964f351f-210.jpg,1704.027502675136,568.7068288745818,137.1049068490177,100.1083446834098,1
964f351f-210.jpg,1656.149598696114,700.3710648168926,158.86759047584576,99.02021050206837,1
25e14a52-265.jpg,60.5392156862745,919.2401960784314,372.7941176470589,366.421568627451,1
25e14a52-265.jpg,173.65196078431376,721.6911764705881,321.81372549019613,254.90196078431376,1
25e14a52-265.jpg,270.83333333333337,505.0245098039216,309.0686274509804,254.90196078431376,1
25e14a52-265.jpg,546.4460784313726,221.4460784313726,253.3088235294118,221.44607843137257,1
25e14a52-265.jpg,758.3333333333334,124.26470588235291,280.392156862745,259.6813725490196,1
25e14a52-265.jpg,1038.7254901960785,138.60294117647055,275.6127450980392,248.52941176470583,1
25e14a52-265.jpg,1269.730392156862,246.9360771724025,256.4950980392156,183.21098165112716,1
25e14a52-265.jpg,1433.8235294117649,372.7941176470589,250.12254901960773,234.19117647058832,1
25e14a52-265.jpg,1451.3480392156866,581.4950980392157,312.25490196078454,258.08823529411774,1
25e14a52-265.jpg,1535.7843137254904,820.4656862745097,301.1029411764707,234.19117647058823,1
25e14a52-265.jpg,1559.6813725490197,1024.387254901961,339.3382352941177,272.42647058823525,1
6559da65-217.jpg,84.4362745098039,952.6960784313726,312.2549019607843,250.122549019608,1
6559da65-217.jpg,160.90686274509812,737.6225490196077,294.7303921568628,296.32352941176475,1
6559da65-217.jpg,337.7450980392157,487.5,269.24019607843144,226.22549019607848,1
6559da65-217.jpg,605.9205083200453,226.2230963008794,214.253620306124,197.49635391346615,1
6559da65-217.jpg,792.6443338382314,167.57266392657735,242.9803626935373,196.29940631399057,1
6559da65-217.jpg,1248.681369238417,226.22284919669528,221.4353059029773,201.08744381607707,1
6559da65-217.jpg,1393.512028774959,347.11480384791025,215.45056790559957,227.42004390035495,1
6559da65-217.jpg,1449.4041042412457,515.8844153739632,266.9193146830486,215.4505679055993,1
6559da65-217.jpg,1514.0392746129255,673.8814985047361,268.1162622825238,196.2994063139904,1
6559da65-217.jpg,1523.61485540873,834.3873838040101,287.2674238741328,276.4948954788524,1
6559da65-217.jpg,1651.6881892287452,1007.9447857279652,236.9956840200284,262.1315242851458,1
9c1ab3a0-179.jpg,217.5360755315508,487.0523674277841,128.59767597671194,114.20933522524776,1
9c1ab3a0-179.jpg,276.88884905926386,537.4122964816015,178.05832058313956,143.8857591197105,1
9c1ab3a0-179.jpg,1433.3686484022817,317.08749547933263,176.25975168836052,282.3754278721509,1
9c1ab3a0-179.jpg,1606.1134120433562,336.8718647137224,121.40340039759536,226.619680742178,1
9c1ab3a0-179.jpg,1766.1860436787044,335.0732958189432,74.64060913333697,121.40340039759548,1
9c1ab3a0-179.jpg,1598.01985201685,537.4122964816021,148.38193381928335,110.6119870289203,1
9c1ab3a0-179.jpg,1705.933958961061,453.7788428743695,105.21630708712162,123.2019692923744,1
1e1b26b1-246.jpg,219.8529411764707,403.0637254901961,243.75000000000003,250.1225490196078,1
1e1b26b1-246.jpg,235.78431372549008,637.2549019607848,267.64705882352945,199.1423103473902,1
1e1b26b1-246.jpg,434.9264705882353,455.6372549019611,248.5294117647059,277.2065401442789,1
1e1b26b1-246.jpg,626.1029411764707,395.0980392156862,242.15686274509807,323.4068627450981,1
1e1b26b1-246.jpg,763.1127450980393,685.0490196078431,272.42647058823525,350.4903934158327,1
1e1b26b1-246.jpg,863.480392156863,393.505011592674,285.17156862745094,310.66165507399234,1
1e1b26b1-246.jpg,1785.9068627450963,366.4217001857187,199.1421331747245,312.2547704025173,1
1e1b26b1-246.jpg,1849.632352941177,645.2205882352941,138.60294117647044,320.22058823529414,1
ff319412-220.jpg,778.6930821271021,439.35276657285,153.4270166445614,229.59631226303708,1
ff319412-220.jpg,775.428679583078,650.4507977530842,163.22018113200212,263.32847188462114,1
ff319412-220.jpg,894.0353053492925,409.9731436766331,97.93207632072722,243.74205662047603,1
ff319412-220.jpg,988.7029791259952,425.2070222154129,92.49140541401984,249.1827275271833,1
ff319412-220.jpg,932.120001696239,648.2745293904002,97.93213025151744,247.0062495003445,1
ff319412-220.jpg,1001.7605893020924,674.389749742596,107.72528395279949,206.7454944548681,1
c3496adf-18.jpg,1569.240196078432,603.7990196078434,280.39225118137944,197.5490196078433,1
c3496adf-18.jpg,1841.666666666667,522.549019607843,130.63725490196077,144.9754901960784,1
c3496adf-18.jpg,1652.0833333333337,442.8921568627451,245.34313725490196,210.29411764705875,1
c3496adf-18.jpg,1444.9754901960782,476.3478199519069,213.480392156863,199.1423761265248,1
c3496adf-18.jpg,1193.2598039215688,399.87745098039227,262.8676470588235,326.59313725490193,1
c3496adf-18.jpg,903.3089597674398,369.60784313725486,301.1028049384432,329.77941176470574,1
c3496adf-18.jpg,664.3382352941178,430.1470588235294,245.34313725490208,315.44117647058823,1
c3496adf-18.jpg,383.9460784313725,420.5882352941176,289.95098039215685,353.67647058823525,1
c3496adf-18.jpg,194.36274509803928,396.6911764705883,216.66666666666669,325.0,1
c3496adf-18.jpg,130.63719202287103,399.87745098039215,106.740258957521,232.59803921568616,1
c3496adf-18.jpg,79.6569256241878,374.3872549019609,86.02934888561614,229.4117647058824,1
c3496adf-18.jpg,152.9411764705882,656.3725490196078,93.99509803921572,234.19117647058823,1
c3496adf-18.jpg,850.7352731579504,681.8627450980388,262.8675632200374,340.9313725490195,1
c3496adf-18.jpg,1094.4852941176484,648.4068627450976,253.3087187309288,304.2894349500541,1
c3496adf-18.jpg,1354.1666666666677,650.0000000000005,224.6323529411765,238.97100483647455,1
31921a82-125.jpg,170.64771865093513,402.12336189276937,212.35504343342885,152.74656819077,1
31921a82-125.jpg,173.13140394317097,530.0335150912686,247.12683373594967,122.9419840356147,1
31921a82-125.jpg,375.5517552604557,439.3781775856286,247.12668657754296,196.2115244956001,1
31921a82-125.jpg,611.5018580229337,477.8752996152959,245.88482431030425,194.9696818494821,1
31921a82-125.jpg,387.9701817216377,614.4783770972157,300.52586149726744,165.166128118087,1
31921a82-125.jpg,659.9337212215487,629.3804888506379,253.33589980813505,186.27665452368603,1
31921a82-125.jpg,882.223554876726,408.33239479920337,257.0613198303253,291.8331248801774,1
31921a82-125.jpg,1013.9769389820596,624.4131182661646,209.87140719399383,265.7546611570397,1
31921a82-125.jpg,1151.8214727011934,453.03883310183824,229.74082085796465,260.7869556848448,1
31921a82-125.jpg,1238.7504579294744,593.3670521132069,187.51823956386443,248.36878682960156,1
31921a82-125.jpg,1632.4145767489788,434.4111934100636,214.8388170207101,290.5911791916838,1
31921a82-125.jpg,1875.8157353881688,388.4630155036864,73.26871612097989,275.6890674382646,1
31921a82-125.jpg,1783.919379575413,693.9563064487907,81.96163426492971,150.2629601803152,1
9ed3e527-270.jpg,74.87745098039217,380.75980392156873,154.5343137254902,299.5098039215686,1
9ed3e527-270.jpg,4.779411764705884,670.7107843137256,157.72058823529412,299.5098039215686,1
9ed3e527-270.jpg,200.73529411764716,372.7941176470589,307.47549019607845,361.642156862745,1
9ed3e527-270.jpg,371.2009803921571,672.3039215686273,235.7842268694137,320.220588235294,1
9ed3e527-270.jpg,503.43137254901967,309.06862745098044,328.1862745098039,395.09803921568624,1
9ed3e527-270.jpg,818.872549019608,297.91666666666663,272.4264705882355,317.0343137254902,1
9ed3e527-270.jpg,1061.029411764706,186.39705882352945,321.81372549019613,329.77941176470586,1
9ed3e527-270.jpg,1360.5392156862745,250.12254901960785,254.9019607843138,310.6617647058824,1
9ed3e527-270.jpg,1605.8823529411766,309.0686274509804,187.9901960784312,274.01960784313724,1
9ed3e527-270.jpg,1250.612745098039,484.3137254901961,374.3873180700165,101.96078431372554,1
