image_id,gx,gy,gw,gh,icdas
78ecb279-31.jpg,1070.588235294118,388.7254901960785,258.08823529411757,302.69607843137254,1
78ecb279-31.jpg,788.6029411764707,377.5735294117648,275.6127450980392,296.32352941176475,1
78ecb279-31.jpg,943.137254901961,665.9313725490196,151.34803921568633,180.0245098039217,0
78ecb279-31.jpg,1102.450980392157,673.8970588235295,151.34803921568633,178.43137254901953,0
78ecb279-31.jpg,602.2058823529412,441.29901960784315,199.14215686274508,229.4117647058825,0
78ecb279-31.jpg,756.7401960784315,661.1519607843137,181.61764705882348,215.07352941176484,2
78ecb279-31.jpg,557.5980392156863,664.3382352941178,208.70098039215685,242.15712586163315,2
78ecb279-31.jpg,433.3333333333335,462.0098039215686,170.4656862745098,234.19117647058823,2
78ecb279-31.jpg,420.5882352941177,696.2009803921567,137.00980392156865,207.1078431372549,2
78ecb279-31.jpg,296.32352941176475,495.4656862745097,148.16176470588232,223.0392156862746,2
78ecb279-31.jpg,325.0,726.4705882352941,100.36764705882355,143.3823529411764,1
78ecb279-31.jpg,238.97058823529414,721.6911764705882,90.80882352941177,122.671568627451,2
78ecb279-31.jpg,235.7843137254902,546.4460784313726,86.02941176470591,173.65196078431384,2
78ecb279-31.jpg,122.671568627451,723.2843137254903,122.671568627451,113.11274509803924,2
78ecb279-31.jpg,76.4705882352941,557.5980392156863,103.55392156862746,141.7892156862745,2
78ecb279-31.jpg,184.80392156862743,571.9362745098039,68.50490196078437,135.41666666666663,1
78ecb279-31.jpg,1260.1715686274508,667.5245098039215,149.75490196078425,202.32843137254903,0
78ecb279-31.jpg,1335.0490196078435,406.25000000000006,199.14215686274503,272.42647058823536,0
78ecb279-31.jpg,1542.1568627450981,434.92647058823525,159.31372549019613,289.95098039215696,2
78ecb279-31.jpg,1411.5196078431372,653.1862745098039,146.56862745098067,285.1715686274511,2
78ecb279-31.jpg,1542.1568627450981,708.9460784313725,98.77450980392183,219.85294117647072,2
78ecb279-31.jpg,1680.7598039215688,544.8529411764705,137.0098039215685,205.5147058823529,2
78ecb279-31.jpg,1768.3823529411764,642.0343137254903,86.02941176470608,141.7892156862744,2
78ecb279-31.jpg,1817.7696078431372,657.9656862745097,100.36764705882376,141.7892156862746,1
78ecb279-31.jpg,1886.2745098039218,662.7450980392157,95.58823529411768,101.9607843137256,1
78ecb279-31.jpg,1629.7794117647063,764.7058823529412,86.0294117647058,105.14705882352929,1
78ecb279-31.jpg,1715.8088235294113,777.4509803921568,124.26470588235303,109.92660214650293,1
bb531f5d-208.jpg,736.207956427837,401.39198038809457,125.89982263454347,211.74061079445937,1
bb531f5d-208.jpg,750.1059887965854,568.9859001288828,105.46153973932519,189.66726526762366,0
bb531f5d-208.jpg,860.472716430763,395.66926117743355,152.06082474042262,209.28801684703313,1
bb531f5d-208.jpg,842.4870274829708,573.891088023735,85.02329736310831,144.70304289814385,1
bb531f5d-208.jpg,918.5174398531822,589.4241830241004,68.67265889123286,116.08944684483862,1
bb531f5d-208.jpg,1001.9056340656722,402.2095117039033,108.73166500256033,197.84257842571105,1
bb531f5d-208.jpg,968.3868501175141,568.9859001288826,83.38828335429127,184.76207737277147,1
bb531f5d-208.jpg,1097.556798015293,438.1808895994865,46.59923637829636,187.21467132019745,1
0fdf53de-130.jpg,485.4545454545453,694.5454545454546,192.72727272727275,180.0002640125986,2
0fdf53de-130.jpg,665.4545454545454,727.2727272727271,220.0000000000001,187.27306671749693,2
0fdf53de-130.jpg,1087.2727272727275,538.6688428019278,198.18181818181802,224.9675208344356,1
0fdf53de-130.jpg,492.7272727272728,532.7272727272725,143.6363636363636,174.54545454545445,2
0fdf53de-130.jpg,648.3644850966216,545.4545454545422,135.27197908523166,183.6363636363631,1
0fdf53de-130.jpg,767.822088661031,540.1779183431782,144.19319024664475,193.3885139778529,2
0fdf53de-130.jpg,900.9887408299911,531.6959659757285,183.21017113691326,238.3428615253363,1
0fdf53de-130.jpg,840.7668790210986,731.8700418475413,165.39807116526902,226.46812821090668,1
0fdf53de-130.jpg,1004.468559712875,713.2098170184809,175.57641400620827,229.86108510620838,1
0fdf53de-130.jpg,1286.0693783122078,518.1248421878084,234.10181833416308,267.18149957466494,1
0fdf53de-130.jpg,1180.044973719086,732.7182370842863,170.4872425857385,192.5404770945981,0
0fdf53de-130.jpg,1345.443044884355,773.4316084480448,148.4341664303696,131.47026169547016,0
0fdf53de-130.jpg,1516.7784827068383,516.4282581711642,200.17407587181253,262.94071693409506,2
0fdf53de-130.jpg,1628.4904863057034,737.8074085047559,119.5955283810406,192.54031874110797,2
0fdf53de-130.jpg,1497.8683930439986,761.5567695646215,128.92570278821432,158.61265002996697,0
0fdf53de-130.jpg,1711.6136195067083,537.6332094691176,129.7738712219804,211.2007371133229,2
0fdf53de-130.jpg,1811.7006574426146,501.16093745290937,94.99786651543631,245.97691776818957,2
0fdf53de-130.jpg,1734.514890898825,735.2628227945212,93.3014760419465,209.5042234760074,2
0fdf53de-130.jpg,1814.2452431528518,741.2001894517359,67.85561893959766,151.82694737734937,2
7315db47-224.jpg,86.02941176470591,130.63725490196074,334.5588235294118,254.90196078431376,4
7315db47-224.jpg,191.17647058823528,371.2009803921568,296.32352941176475,301.10294117647067,4
7315db47-224.jpg,309.06862745098044,653.1862745098036,202.32843137254912,227.8182766289337,4
7315db47-224.jpg,457.2303921568627,755.1470588235295,203.92156862745102,226.2254901960783,3
7315db47-224.jpg,562.3774509803923,920.8333333333334,191.17647058823522,221.44607843137234,3
7315db47-224.jpg,736.029411764706,1005.2696078431372,192.7696078431373,154.53431372549025,3
7315db47-224.jpg,865.0735294117649,1053.063725490196,140.19607843137237,157.7205882352942,5
7315db47-224.jpg,1008.4558823529412,1027.5735294117644,144.97549019607845,165.6862745098038,5
7315db47-224.jpg,1159.8039215686276,976.593137254902,151.34803921568633,221.4460784313725,5
7315db47-224.jpg,1249.0196078431375,888.9705882352941,199.14215686274488,254.90196078431353,5
7315db47-224.jpg,1362.1323529411766,780.6372549019608,197.5490196078431,242.156862745098,5
7315db47-224.jpg,1470.46568627451,689.8284313725491,181.61764705882376,226.22549019607848,1
7315db47-224.jpg,1495.9558823529412,444.4852941176471,277.20588235294116,297.9166666666666,2
7315db47-224.jpg,1609.0686274509808,189.58333333333337,258.0882352941177,294.73039215686276,3
7315db47-224.jpg,1620.2205882352941,33.455882352941146,262.86764705882376,195.9558823529412,3
9a50228d-127.jpg,124.82441634611746,992.3363750587233,321.54310338422897,251.37430468456316,4
9a50228d-127.jpg,201.933074232024,769.4924337449646,335.4226618036924,316.1454973322156,4
9a50228d-127.jpg,290.60803080081564,622.2150091499981,283.7598610201349,189.68718643221484,2
9a50228d-127.jpg,383.1384202639032,290.6475243157683,233.63923339429581,212.82003972281953,2
9a50228d-127.jpg,557.4039870860514,173.44238032449283,201.25359708221512,179.66330083657775,0
9a50228d-127.jpg,728.5852075927639,86.361696832215,237.4946662885914,202.79577023993352,1
9a50228d-127.jpg,967.6220470390737,74.02431157047,237.4946662885911,212.04880918624224,1
9a50228d-127.jpg,1160.3936917538354,179.66285296812038,209.73546416745998,171.9526269916113,1
9a50228d-127.jpg,1289.9362370021572,320.0007222875843,229.78377004206953,212.82010370402753,2
9a50228d-127.jpg,1356.2496279597644,645.399466505033,261.3984416070159,195.8559910302016,4
9a50228d-127.jpg,1375.419871124158,805.0143883288602,316.91668746804066,314.6033241744969,4
9a50228d-127.jpg,1503.4202432147638,997.7338531483173,255.22971851820947,293.0131079053694,5
236480b3-32.jpg,412.62254901960785,514.5833333333333,223.0392156862746,202.3284313725491,2
236480b3-32.jpg,211.8872549019607,473.1617647058824,208.70098039215688,187.99019607843127,2
236480b3-32.jpg,246.93627450980395,681.8627450980392,281.985294117647,133.82352941176464,2
236480b3-32.jpg,622.916666666667,532.1078431372549,138.60294117647052,199.1421568627451,2
236480b3-32.jpg,503.4313725490196,721.6911764705883,234.19117647058806,157.72093905734124,2
236480b3-32.jpg,763.1127450980392,477.9411764705883,216.6666666666667,275.6127450980392,2
236480b3-32.jpg,911.2745098039223,729.6568627450979,234.19122886982925,262.8676470588234,2
236480b3-32.jpg,986.1519607843139,455.63725490196083,266.05392156862763,288.35784313725486,2
236480b3-32.jpg,1424.2647058823534,707.3529411764704,223.0392156862743,277.2058823529412,2
236480b3-32.jpg,1150.245098039216,708.9460784313718,270.8334800512098,296.32352941176447,2
236480b3-32.jpg,734.4364317075283,742.4019607843137,180.02435260619743,186.39705882352948,2
236480b3-32.jpg,1519.8529411764707,409.4362745098039,353.67647058823536,358.4558823529412,1
236480b3-32.jpg,1266.5441176470586,454.0441176470587,246.93627450980415,281.98529411764713,1
236480b3-32.jpg,1650.4901960784316,759.9264705882355,180.02450980392183,195.95588235294113,0
236480b3-32.jpg,1825.735294117647,779.0441176470587,143.38235294117652,187.99019607843147,0
236480b3-32.jpg,1852.8186274509808,418.9950980392158,143.38235294117624,361.642156862745,1
4960af30-167.jpg,192.76960784313727,884.1911764705883,259.6813725490196,242.156862745098,5
4960af30-167.jpg,274.0196078431373,667.5245098039215,299.5098039215687,269.24019607843144,6
4960af30-167.jpg,406.25000000000006,546.4460784313725,216.6666666666667,186.39705882352948,6
4960af30-167.jpg,487.49995262395834,418.9950103337039,203.92161600349257,202.32851907806065,0
4960af30-167.jpg,584.6813251729778,283.5782559615256,175.24514541525744,203.9217440384743,1
4960af30-167.jpg,755.1470588235296,309.0686274509804,168.87259639564965,197.5490196078431,0
4960af30-167.jpg,888.9705882352941,296.32352941176475,151.34803921568633,143.38235294117655,0
4960af30-167.jpg,1021.2009803921569,329.77941176470586,160.9068627450982,141.7892156862745,0
4960af30-167.jpg,1162.9901960784316,364.8283655934152,165.6862429257761,149.7549677399181,0
4960af30-167.jpg,1301.5931372549023,368.01453047132935,148.16175680987538,132.23056756788645,0
4960af30-167.jpg,1328.742835711809,671.890609870684,280.9364613645095,234.443550736358,6
4960af30-167.jpg,1257.5195074785527,470.09127517834776,206.74549445486804,179.0475334752686,0
4960af30-167.jpg,1416.7827831112504,502.7351780875899,191.90730107294007,205.75640409374046,2
4960af30-167.jpg,1378.2034803182369,886.5499027644698,258.18453542875875,234.44345543446764,4
4960af30-167.jpg,365.24947877859495,1146.672001720074,70.23411534112739,51.43907039068473,0
4960af30-167.jpg,445.37572304100786,1191.1865818658591,55.39592195919916,26.70874808747078,0
4960af30-167.jpg,481.9766000497645,1178.3268142681877,90.01837318369859,86.06152161518429,0
4960af30-167.jpg,555.1783540672777,1155.574849676453,168.1661916618546,141.4575116471618,0
4960af30-167.jpg,726.312184405518,1102.157421574289,178.08709011091713,195.813748550351,0
4960af30-167.jpg,869.7480537641582,1154.5857048571022,151.34957249566895,142.44665646651214,0
4960af30-167.jpg,1013.1839231227988,1138.7582985830459,148.38193381928335,154.31721117205439,0
4960af30-167.jpg,1158.5981545293089,1140.736724367303,164.2094038297294,151.34957249566864,0
4960af30-167.jpg,1306.9801520849799,1213.9384783848159,136.51137911374065,83.09388293879859,0
4960af30-167.jpg,1446.0407804080091,1263.3991229912438,83.09388293879863,34.6224512244992,0
4960af30-167.jpg,1471.760315603351,1231.7443104431297,149.37114671141217,65.28805088048475,0
87be61d5-135.jpg,205.45454545454547,474.54545454545445,234.54545454545456,174.54545454545445,2
87be61d5-135.jpg,123.63636363636363,541.8181818181819,245.45454545454547,129.09124853567863,2
87be61d5-135.jpg,434.5454545454545,483.63636363636346,274.54545454545456,203.63636363636365,2
87be61d5-135.jpg,323.6363636363636,645.4545454545453,245.45454545454547,105.45454545454547,2
87be61d5-135.jpg,523.6363636363635,658.1818181818181,279.9999999999999,220.00049030911183,4
87be61d5-135.jpg,716.3636363636361,507.27272727272737,170.90903345452483,214.5454545454545,0
87be61d5-135.jpg,803.6363636363634,590.9090909090908,225.45470345460288,258.18181818181824,0
87be61d5-135.jpg,941.8181818181818,527.2727272727273,158.18181818181841,120.00000000000004,0
87be61d5-135.jpg,1030.908961636317,558.1818181818179,227.27285654550116,252.72727272727258,4
87be61d5-135.jpg,1252.7272727272727,598.1818181818181,179.99999999999986,189.090909090909,0
87be61d5-135.jpg,1438.181760727252,603.636099623765,180.00005745456568,192.727536739871,0
87be61d5-135.jpg,1741.8181818181815,547.2727272727274,90.90909090909122,110.90909090909085,0
87be61d5-135.jpg,1794.5451385453407,623.6363636363634,158.18213418193073,219.99999999999977,0
87be61d5-135.jpg,1609.090765454494,581.8181818181812,176.3637800000521,247.27272727272702,4
79c6a9e2-214.jpg,713.7254901960787,388.7254901960785,207.10784313725483,221.44607843137257,1
79c6a9e2-214.jpg,922.4264705882355,390.31862745098033,165.68627450980387,231.00490196078437,2
79c6a9e2-214.jpg,888.9705882352941,597.4264705882352,74.87745098039227,202.3284313725491,2
79c6a9e2-214.jpg,740.8088235294117,594.2401960784316,135.41666666666686,186.3970588235294,2
79c6a9e2-214.jpg,981.3725490196073,621.3235294117646,54.1666666666667,173.6520923425815,1
79c6a9e2-214.jpg,1083.3333333333335,387.13235294117624,89.21564679447545,278.7990196078431,1
8c477306-142.jpg,301.33305605252235,760.7799317810347,269.8186188339279,250.62642494387694,2
8c477306-142.jpg,414.22792233149954,630.9509278686659,231.43431132204876,189.6632404980691,0
8c477306-142.jpg,388.2619788499649,467.25348815307075,243.85288048229395,199.82377123903714,0
8c477306-142.jpg,467.2884717565546,306.94289201779793,203.21061481935985,209.9843019800051,1
8c477306-142.jpg,605.0201106896762,214.36944851363916,197.565875518822,171.59979371168782,0
8c477306-142.jpg,743.8806439707577,103.73227719843818,228.04752125387452,194.1790319384994,0
8c477306-142.jpg,969.670269504417,145.50292648542666,232.56320567000773,180.6320791541999,0
8c477306-142.jpg,1162.7203535828082,217.75575346336234,198.69480554154705,165.9555930417495,0
8c477306-142.jpg,1305.6970660338552,251.62432977891925,206.59748515575586,212.2423147938292,1
8c477306-142.jpg,1320.3734684834744,461.60863175892433,243.85265751501117,199.82388833264616,1
8c477306-142.jpg,1361.0155111791253,626.4351832656791,235.95016519331796,177.2447671994427,1
8c477306-142.jpg,1380.2076248009532,755.135192480497,269.81863667131,248.36852922366177,2
8c477306-142.jpg,1389.2392076818128,942.5408417017335,281.1080171667813,193.0497796350104,3
8c477306-142.jpg,296.41767909770044,1109.2078116418234,37.25527938354933,46.28686226440979,0
8c477306-142.jpg,335.93085420146497,1049.3735750561232,94.83162024903457,151.27901325441206,0
8c477306-142.jpg,400.2808822275956,1029.0525135741868,146.76322181398214,202.08166695925223,0
8c477306-142.jpg,540.2704168809323,1059.534105797091,165.9552997610449,196.4369276587144,0
8c477306-142.jpg,670.0994207933009,1106.9496114782262,238.20799848269405,125.31351691532143,0
8c477306-142.jpg,908.3073746825386,1103.5632362723377,241.59488665647285,158.0525364840057,0
8c477306-142.jpg,1143.1285741783663,1160.0103716717763,173.85797045656332,114.02382754575066,0
8c477306-142.jpg,1311.3418053343917,1184.8473182690295,86.9289852282813,76.76845448731382,0
8c477306-142.jpg,1350.8549804381387,1158.6547613453893,161.984655538914,49.76446109899398,0
8c477306-142.jpg,1513.1431859012823,1172.5476729158574,50.032938318154834,24.75313790477132,0
3835a768-123.jpg,181.8181818181818,472.72727272727275,74.5454545454545,221.81818181818176,0
3835a768-123.jpg,232.72727272727275,487.2727272727272,92.72727272727273,210.90909090909088,0
3835a768-123.jpg,258.1818181818182,447.27272727272714,198.18181818181816,241.8181818181818,0
3835a768-123.jpg,420.0000000000001,465.4545454545453,181.81818181818178,234.54545454545445,0
3835a768-123.jpg,590.909090909091,460.0000000000002,170.90900472724147,234.5454545454545,0
3835a768-123.jpg,765.4545454545456,474.54545454545416,176.36340654537187,225.4545454545453,1
3835a768-123.jpg,276.3636363636364,689.090909090909,101.81818181818187,190.90912862517635,0
3835a768-123.jpg,356.3636363636362,685.4545454545454,85.4545167272624,156.36393809232052,0
3835a768-123.jpg,409.0909090909092,687.2727272727275,96.36363636363633,150.90909090909088,0
3835a768-123.jpg,498.18181818181847,689.0909090909091,112.72725836363088,152.7272727272727,0
3835a768-123.jpg,610.909090909091,685.4545454545454,127.27272727272721,167.27272727272725,0
3835a768-123.jpg,739.9999999999998,678.1818181818181,163.63636363636365,210.9092417734329,1
3835a768-123.jpg,943.636435454571,541.8180309538394,154.54529654539806,161.8181818181818,1
3835a768-123.jpg,900.0000000000002,676.3636363636364,167.2726841818029,196.36363636363615,0
3835a768-123.jpg,1244.6166957397973,556.2628772617016,188.2992688491907,133.16665216896004,2
3835a768-123.jpg,1064.7993055498637,678.4029913529772,156.06787665586086,162.00529021828896,1
3835a768-123.jpg,1097.878892979939,562.2002439189163,148.4342468393068,139.9522140629194,0
3835a768-123.jpg,1214.081667216977,672.4656246957624,202.7186280783233,122.14030763443037,1
3835a768-123.jpg,1430.3714525869452,560.5038534454271,66.15922846610772,78.8821570172821,2
3835a768-123.jpg,1420.1931097460056,637.6896199892192,82.27492456277248,93.30147604194667,0
b7ddd21f-71.jpg,65.31862745098039,28.676470588235283,321.81372549019613,305.8823529411764,5
b7ddd21f-71.jpg,189.58333333333323,289.9509803921569,318.6275662587234,326.59313725490176,3
b7ddd21f-71.jpg,305.8823529411765,586.2745098039217,235.78431372549022,202.32843137254892,2
b7ddd21f-71.jpg,371.20098039215685,780.6372549019608,213.4803921568627,205.51470588235296,2
b7ddd21f-71.jpg,490.68627450980404,919.2401960784314,194.3627450980393,221.4460784313725,0
b7ddd21f-71.jpg,661.1519607843138,992.5245098039215,160.90686274509807,191.17647058823528,0
b7ddd21f-71.jpg,804.5343137254904,1033.9460784313724,173.65196078431367,210.29411764705895,1
b7ddd21f-71.jpg,981.3725490196077,1016.4215686274509,157.7205987151426,197.54901960784326,0
b7ddd21f-71.jpg,1116.7892156862745,994.1176470588234,189.58333333333343,180.02450980392152,0
b7ddd21f-71.jpg,1258.578431372549,903.3088235294117,180.02450980392155,202.32843137254903,0
b7ddd21f-71.jpg,1358.9460784313728,753.5539215686275,216.66666666666686,200.73529411764704,2
b7ddd21f-71.jpg,1405.1470588235297,565.5637254901961,245.34313725490193,221.4460784313724,2
b7ddd21f-71.jpg,1443.382185263604,289.9509803921568,317.03448140306216,299.5098039215684,3
b7ddd21f-71.jpg,1558.0881514553312,12.745098039215714,310.6618485446679,310.66176470588226,4
7788d862-136.jpg,7.2727272727272645,621.8201807707145,181.81740618153881,274.54345559292096,1
7788d862-136.jpg,105.45454545454544,536.3636363636363,145.45454545454544,141.81818181818178,0
7788d862-136.jpg,194.54545454545453,563.6363636363635,214.5454545454546,276.3636363636365,4
7788d862-136.jpg,405.4545454545455,589.090909090909,190.90909090909085,199.99999999999983,0
7788d862-136.jpg,603.6363636363637,589.0909090909091,201.81818181818178,201.81818181818176,0
7788d862-136.jpg,796.3636363636364,559.9999999999998,240.0,272.72727272727286,4
7788d862-136.jpg,983.6363636363642,509.0909090909089,169.0910240000407,152.72727272727272,0
7788d862-136.jpg,1043.6364354545708,590.9089777608342,254.54539709088846,278.1818181818182,0
7788d862-136.jpg,1178.1818181818182,454.54545454545445,210.9090909090908,283.63636363636357,0
7788d862-136.jpg,1278.1818181818182,692.7272727272725,261.81810999997396,229.09090909090918,0
7788d862-136.jpg,1349.0909090909083,518.1815164531339,276.3636363636365,218.18211991050248,1
7788d862-136.jpg,1498.1818181818185,679.9999999999999,205.45454545454533,143.6363636363636,0
7788d862-136.jpg,1609.090909090909,601.8181818181816,307.2727272727272,101.81818181818183,2
7788d862-136.jpg,1690.909090909091,481.81818181818176,192.72727272727252,112.72727272727266,1
f70a7554-199.jpg,256.49509803921586,200.735294117647,307.4756165321893,310.6617647058821,2
f70a7554-199.jpg,321.81372549019613,484.31372549019636,262.8676470588233,192.7698051805383,1
f70a7554-199.jpg,368.0147058823529,670.710784313726,258.0881879180761,195.95616739585392,2
f70a7554-199.jpg,469.9754901960785,844.3627450980392,216.6666666666667,223.0392156862745,0
f70a7554-199.jpg,608.5784313725492,1006.8627450980391,197.54901960784315,167.2794117647058,1
f70a7554-199.jpg,764.7058823529413,1046.6911764705883,242.15686274509807,227.8186274509803,1
f70a7554-199.jpg,998.896995655474,1046.6913080288564,234.19129491069194,221.44601265223824,1
f70a7554-199.jpg,1193.2573179534775,997.1722573326851,203.48109191084419,180.73908752080854,1
f70a7554-199.jpg,1341.6788202884459,872.6897069872277,203.48109191084376,217.84446310455044,1
f70a7554-199.jpg,1421.8743094533081,691.9506194664192,238.19257229563505,203.481091910844,1
f70a7554-199.jpg,1473.3430562307567,521.9840603408907,241.78341509406152,197.4963539134663,1
f70a7554-199.jpg,1485.312532225512,226.33810211210306,332.7514326542038,330.357438613579,3
a871180b-262.jpg,73.2843137254902,501.8382352941176,180.02450980392163,191.17647058823528,1
a871180b-262.jpg,149.75490196078434,431.74019607843144,227.81862745098047,199.1421568627451,1
a871180b-262.jpg,235.78431372549022,627.6960784313725,289.9509803921569,146.5686274509804,1
a871180b-262.jpg,363.23529411764747,533.7008269075113,191.17647058823542,144.97564368072415,1
a871180b-262.jpg,527.3284313725491,473.1617647058824,240.56372549019613,232.59803921568616,1
a871180b-262.jpg,508.2107843137256,673.8970588235297,199.14215686274503,141.7892156862744,1
a871180b-262.jpg,678.6764705882354,665.9313725490197,253.3088235294119,191.17666792563656,2
a871180b-262.jpg,742.4019607843137,430.14705882352933,289.9509803921569,269.2401960784314,1
a871180b-262.jpg,935.1715686274509,664.3382352941176,226.22549019607845,235.78431372549016,2
a871180b-262.jpg,1024.3871680458844,407.84313725490193,229.4118752499791,277.20588235294105,1
a871180b-262.jpg,1169.3627450980393,642.0343137254903,157.7205882352942,207.10784313725478,2
a871180b-262.jpg,1247.4264705882347,377.57344170625294,289.95098039215685,321.8138131957077,1
a871180b-262.jpg,1521.4460784313749,388.72538056418875,208.70094880812866,304.289325318164,1
a871180b-262.jpg,1338.2352941176473,686.6421568627453,138.60302013654012,156.12745098039218,1
a871180b-262.jpg,1476.838235294118,670.710784313726,125.85786682527555,154.53431372549008,1
a871180b-262.jpg,1609.0686274509806,685.0490196078432,65.31862745098039,100.36764705882352,1
a871180b-262.jpg,1723.7745098039213,411.02941176470586,122.67156862745111,245.34313725490188,1
a871180b-262.jpg,1679.166666666667,638.8480392156864,132.2304316368977,187.99019607843144,1
a871180b-262.jpg,1836.8872549019611,323.40686274509807,70.09803921568619,154.5343137254902,1
cc0eaa25-33.jpg,87.62254901960783,317.03431372549016,215.07352941176472,374.38725490196083,1
cc0eaa25-33.jpg,52.57346653267496,401.4705882352941,73.28437660457995,261.2745098039215,1
cc0eaa25-33.jpg,7.965686274509807,428.5539215686275,41.42156862745099,205.5147058823529,0
cc0eaa25-33.jpg,178.43137254901967,689.8284313725491,84.4362745098039,205.51470588235296,1
cc0eaa25-33.jpg,280.3921568627452,307.47549019607845,309.0686274509803,380.7598039215686,1
cc0eaa25-33.jpg,261.2745098039216,673.8970588235296,116.29901960784319,229.41176470588226,1
cc0eaa25-33.jpg,385.5392156862746,672.3039215686275,144.97549019607854,194.36274509803906,0
cc0eaa25-33.jpg,524.1421568627451,648.4068627450979,173.65196078431376,223.0392156862745,0
cc0eaa25-33.jpg,586.2745098039217,326.59313725490193,264.46078431372547,336.1519607843137,1
cc0eaa25-33.jpg,693.014705882353,589.4607843137255,205.51470588235304,299.50980392156873,0
cc0eaa25-33.jpg,852.328431372549,324.99971495708667,336.151960784314,348.89734386644324,2
cc0eaa25-33.jpg,1185.2941176470592,423.77450980392166,289.9509803921566,278.79901960784304,2
cc0eaa25-33.jpg,919.2401960784315,626.1029411764706,278.79901960784326,334.5588235294119,2
cc0eaa25-33.jpg,1207.5980392156866,665.9313725490196,264.4607843137254,229.4117647058825,2
cc0eaa25-33.jpg,1456.1274509803923,495.4656862745098,253.30882352941185,189.58333333333337,2
cc0eaa25-33.jpg,1491.1764705882356,673.8970588235295,329.7794117647058,133.82352941176464,1
cc0eaa25-33.jpg,1717.4019607843136,476.3480392156863,256.49509803921575,194.3627450980393,2
cc0eaa25-33.jpg,1892.6470588235295,653.1862745098039,98.77450980392155,86.02941176470588,1
1d032251-191.jpg,127.45098039215688,368.0147058823529,68.50490196078431,203.92156862745094,0
1d032251-191.jpg,186.39705882352948,396.6911764705883,66.91176470588235,187.99019607843138,0
1d032251-191.jpg,238.97058823529423,406.25,121.07843137254899,232.59803921568624,4
1d032251-191.jpg,512.9901960784314,368.0147058823529,194.36274509803917,261.2745098039216,4
1d032251-191.jpg,1280.8823529411766,396.69117647058835,200.73529411764696,250.12254901960785,4
1d032251-191.jpg,1658.4558823529414,369.60784313725486,141.7892156862746,256.49509803921575,4
1d032251-191.jpg,1793.872549019608,350.4901960784314,101.96078431372541,224.6323529411764,4
1d032251-191.jpg,345.7107843137256,355.26960784313724,215.07352941176478,304.28921568627453,1
1d032251-191.jpg,165.68627450980395,584.6813725490194,130.63725490196086,165.68627450980387,1
1d032251-191.jpg,301.10294117647055,632.4754901960783,100.3676470588236,143.3823529411765,1
1d032251-191.jpg,375.9803921568628,637.2549019607842,181.61764705882354,199.14215686274522,1
1d032251-191.jpg,557.5980392156863,610.1715686274509,159.31372549019613,240.56372549019602,1
1d032251-191.jpg,705.7598039215686,307.47549019607845,297.91666666666686,344.11764705882354,4
1d032251-191.jpg,995.7107843137254,332.9656862745097,294.7303921568629,320.22058823529414,4
1d032251-191.jpg,716.9117647058823,637.2549019607842,187.99019607843135,178.4313725490196,0
1d032251-191.jpg,904.9019607843138,642.0343137254903,172.05882352941188,175.24509803921563,0
1d032251-191.jpg,1072.1813725490201,638.8480392156868,180.02443873985865,199.14215686274528,0
1d032251-191.jpg,1245.8333333333335,640.4411764705883,176.83823529411754,175.24509803921563,1
1d032251-191.jpg,1421.0784313725492,632.4754901960785,173.65196078431381,180.0245098039216,1
1d032251-191.jpg,1475.2451217272376,323.40712586163335,208.70097249615006,324.99980266259877,2
1d032251-191.jpg,1583.5784313725492,591.0539215686275,157.7205882352942,173.65196078431376,1
1d032251-191.jpg,1746.0784313725487,551.2254901960785,175.24514541525818,243.7500000000001,1
1d032251-191.jpg,1884.68137254902,258.0882352941176,103.55392156862735,224.6323529411765,2
cce45772-253.jpg,251.7156783785029,963.8479734365521,277.20585076891336,253.30882352941177,2
cce45772-253.jpg,160.90686274509804,1105.6372549019607,148.16176470588232,148.16176470588246,0
cce45772-253.jpg,312.2549019607843,763.1127450980391,264.46078431372547,248.5294117647058,2
cce45772-253.jpg,387.1323529411765,621.323529411765,245.34313725490202,162.49999999999991,0
cce45772-253.jpg,458.82352941176464,447.671568627451,235.78431372549028,194.36274509803926,0
cce45772-253.jpg,551.2254901960783,293.1372549019608,197.54901960784323,181.61764705882345,0
cce45772-253.jpg,689.8284313725492,172.05882352941174,172.0588235294116,168.87254901960785,1
cce45772-253.jpg,804.5343137254904,54.16666666666666,211.88725490196077,192.7696078431372,0
cce45772-253.jpg,1019.607843137255,58.946078431372555,202.32843137254903,192.76960784313727,0
cce45772-253.jpg,1183.7009803921571,143.38235294117646,165.686274509804,156.12745098039215,0
cce45772-253.jpg,1272.916666666667,243.75,187.9901960784315,199.1421568627451,0
cce45772-253.jpg,1319.1176470588234,406.25,238.9705882352942,210.29411764705875,0
cce45772-253.jpg,1384.4362745098038,570.3431372549019,219.85294117647072,181.6176470588236,0
cce45772-253.jpg,1390.8088235294126,732.8431372549021,262.86771022687844,266.0539215686274,2
cce45772-253.jpg,1413.112745098039,949.5098039215684,266.05392156862735,250.12254901960796,2
cce45772-253.jpg,1526.2254901960785,1100.857843137255,187.9901960784315,178.43137254901953,0
ac5729fc-131.jpg,214.54573534124583,464.4895705283299,80.59558773307832,200.80595587733072,2
ac5729fc-131.jpg,269.1868117704515,460.3914897961396,96.98802936962134,206.27006352025126,1
ac5729fc-131.jpg,349.78239950352975,435.8029487296903,178.9495253056485,252.71503515838256,1
ac5729fc-131.jpg,266.4874764149205,666.8592551949943,46.96618253050662,157.7222547666265,1
ac5729fc-131.jpg,296.6299517703203,666.158267396032,63.088901906650634,143.00110383526427,1
ac5729fc-131.jpg,357.61589028008245,666.1582673960311,98.1382918547898,152.11435237492424,0
ac5729fc-131.jpg,458.55813333072336,673.168145385659,117.76595022574774,138.79558419463132,0
ac5729fc-131.jpg,524.4509864332252,433.4303181403868,218.00720547742608,258.6644978172673,2
ac5729fc-131.jpg,739.6542407148006,448.8519043057317,201.1834539998739,221.51228988407655,0
ac5729fc-131.jpg,575.6230957575084,683.6829623701009,128.9817550091523,148.6094133801101,0
ac5729fc-131.jpg,704.6048507666608,630.4078896489292,152.11435237492424,215.20325428157474,0
ac5729fc-131.jpg,937.3328000223061,421.5135255580197,196.97744967681842,267.0763514048207,1
ac5729fc-131.jpg,1126.5995057422572,471.98464708334,155.61929136973802,175.94793753965874,1
ac5729fc-131.jpg,1263.9931143389626,481.7984762688188,183.65880332824943,161.22719376144036,1
ac5729fc-131.jpg,858.8221665384735,620.5940604634501,185.06077892617498,253.75758322452788,1
ac5729fc-131.jpg,1041.7799820677606,670.3641941898089,173.84488553788034,167.5360839521055,0
ac5729fc-131.jpg,1168.6587736800257,630.4078896489297,230.624985858756,171.74212707535108,2
ac5729fc-131.jpg,1435.0341372858827,490.2103298563724,166.83509615314279,145.80546218425917,2
ac5729fc-131.jpg,1367.0383207864961,619.8930726644886,229.2230102608303,133.8889895079314,1
7b938f9c-154.jpg,137.0098039215687,1075.367515500556,288.35784313725486,208.70111195042506,4
7b938f9c-154.jpg,221.4460784313726,841.1764705882354,293.13725490196083,281.9852941176472,4
7b938f9c-154.jpg,307.4754901960785,697.7941176470587,269.24019607843144,178.4313725490197,1
7b938f9c-154.jpg,358.4558823529412,516.1764705882352,267.6470588235295,197.54901960784323,0
7b938f9c-154.jpg,430.14705882352945,302.69607843137254,213.48039215686285,213.4803921568627,0
7b938f9c-154.jpg,599.0196078431376,146.56875900924803,189.58333333333331,200.73516255937938,0
7b938f9c-154.jpg,771.078431372549,52.57352941176472,227.81862745098053,211.8872549019608,0
7b938f9c-154.jpg,1024.3872549019618,66.91167700037059,232.59803921568633,207.10793084276654,0
7b938f9c-154.jpg,1252.2058823529408,181.61755935331178,181.61764705882345,175.2451857447275,0
7b938f9c-154.jpg,1373.2843137254902,337.7450980392158,191.17647058823536,207.1078431372549,0
7b938f9c-154.jpg,1374.8774509803923,527.3284313725491,248.5294117647058,197.54901960784323,1
7b938f9c-154.jpg,1521.5806739887314,658.1113456902798,247.3032230321383,190.64845136901974,1
7b938f9c-154.jpg,1457.7315762800542,848.7596485368728,288.6702095560753,267.9867653220988,5
7b938f9c-154.jpg,1597.120567569461,1041.9053635991859,218.52612071567165,221.2239740578406,4
75ff8686-169.jpg,4.77941176470588,511.3970588235294,81.25,76.47058823529413,1
75ff8686-169.jpg,81.25000000000001,439.7058823529412,223.03921568627456,178.43137254901953,1
75ff8686-169.jpg,286.76470588235304,395.09792958379643,248.52933280463657,248.52952139659584,1
75ff8686-169.jpg,111.51960784313731,597.4264705882354,137.00980392156865,65.31862745098037,1
75ff8686-169.jpg,245.34313725490193,611.7647058823529,119.48529411764706,98.77450980392152,1
75ff8686-169.jpg,363.23529411764696,613.3578431372543,148.16183576994487,125.85766772623143,1
75ff8686-169.jpg,524.1421568627451,444.48529411764713,229.4117647058824,213.48039215686268,1
75ff8686-169.jpg,506.6176470588236,626.1029411764706,173.65196078431367,148.1617647058823,1
75ff8686-169.jpg,731.25,428.5537900103597,207.10774048916454,232.59817077395363,1
75ff8686-169.jpg,670.7107843137255,622.9166666666667,197.54901960784323,178.4313725490196,1
75ff8686-169.jpg,919.2401960784314,468.38235294117646,199.14215686274503,192.76960784313715,1
75ff8686-169.jpg,868.2598039215687,605.3921568627451,189.58333333333314,231.00490196078437,1
75ff8686-169.jpg,1096.0784313725494,489.09313725490193,152.94117647058826,172.05882352941165,1
75ff8686-169.jpg,1242.6470588235297,438.1127450980392,192.76960784313715,176.83823529411762,2
75ff8686-169.jpg,1444.975490196078,415.8088235294119,108.3333333333334,154.53444528375792,3
75ff8686-169.jpg,1057.8431372549019,618.1372549019607,132.23039215686293,181.61775669071326,1
75ff8686-169.jpg,1190.073529411765,600.61274509804,245.34313725490205,191.17701874768278,1
75ff8686-169.jpg,1409.926470588236,546.4460784313724,180.02450980392163,159.3139886067315,1
25cc2c51-280.jpg,544.7855064645767,453.01596395230246,180.03674636739726,232.46502965021045,1
25cc2c51-280.jpg,599.1922155316472,608.3223880164857,211.69155891551105,221.5836878367965,1
25cc2c51-280.jpg,718.8869754792025,407.51217091438883,236.42188121872465,254.22771327703873,2
25cc2c51-280.jpg,789.1210908203301,603.3763235558429,152.33878538779763,150.36035960354045,1
25cc2c51-280.jpg,936.5138117474849,440.15619635463116,121.67318573181248,239.38951989511045,2
25cc2c51-280.jpg,1049.2840814501408,425.31800297270263,115.73795250423238,278.9580355802527,1
25cc2c51-280.jpg,1143.2593062023534,433.23170610973125,88.03999642743135,252.24928749278152,1
25cc2c51-280.jpg,1054.230145910783,683.5025678182558,48.47143171429934,80.12624426241298,1
25cc2c51-280.jpg,1106.6584291935962,693.3946967395414,32.64402544024222,53.41749617494202,1
25cc2c51-280.jpg,957.2872824821844,637.9987747803423,90.01837318369851,95.95365053646982,1
25cc2c51-280.jpg,1206.5689312985805,470.8217960106164,55.395921959198944,196.85336553358255,1
f250a7c4-146.jpg,143.63636363636363,416.3636363636364,214.54545454545445,183.63636363636354,2
f250a7c4-146.jpg,310.90933509099705,570.9090909090893,150.90900472724144,138.18159188530507,2
f250a7c4-146.jpg,74.54545454545459,563.6363636363635,196.36385181825946,101.81818181818181,2
f250a7c4-146.jpg,239.99999999999966,652.7272727272725,190.9090909090908,89.09143711610639,1
f250a7c4-146.jpg,443.63636363636374,476.3636363636364,152.72727272727266,272.72727272727275,2
f250a7c4-146.jpg,579.9999999999999,525.4545454545454,205.45454545454552,230.9090909090908,1
f250a7c4-146.jpg,776.3636363636366,494.54545454545445,254.54545454545453,298.18181818181824,1
f250a7c4-146.jpg,1025.4545454545457,516.3636363636363,201.81828236367255,247.27272727272694,1
f250a7c4-146.jpg,705.454531090904,730.9090909090908,227.272914000067,239.99999999999986,2
f250a7c4-146.jpg,934.5454545454544,730.9090909090908,167.27272727272734,143.6363636363637,2
f250a7c4-146.jpg,1103.6363636363635,736.3636363636363,147.27272727272748,101.81818181818183,2
f250a7c4-146.jpg,1198.1818181818185,458.18159188530484,265.45454545454544,320.0002262965131,1
f250a7c4-146.jpg,1450.909090909091,447.27272727272714,232.7272727272728,298.18181818181813,1
f250a7c4-146.jpg,1261.8181818181818,750.9090909090907,114.54545454545482,70.90909090909099,2
f250a7c4-146.jpg,1387.2727272727275,736.3636363636361,112.7272727272728,85.45454545454554,2
f250a7c4-146.jpg,1507.272727272727,739.9999999999995,94.54542581817145,50.90909090909097,2
f250a7c4-146.jpg,1603.6363636363633,721.8181818181816,152.7272727272728,134.5454545454546,2
f250a7c4-146.jpg,1681.8181818181822,452.727084146845,154.54545454545462,290.9092794895184,1
f250a7c4-146.jpg,1825.4545454545453,452.7272727272727,138.18181818181841,261.81818181818176,0
04da7e02-166.jpg,439.70588235294105,863.4801948194615,275.6127450980392,213.48058949426408,6
04da7e02-166.jpg,428.5539215686275,1022.7942492053269,274.0196078431373,111.51947628486926,5
04da7e02-166.jpg,1546.9362745098044,831.6176470588236,270.83333333333314,248.52941176470597,5
04da7e02-166.jpg,578.3088235294118,425.3676470588235,176.83823529411774,197.54901960784323,0
04da7e02-166.jpg,728.0637254901959,366.42156862745105,162.5,167.27941176470586,0
04da7e02-166.jpg,895.343137254902,317.0343137254902,216.66666666666657,211.8872549019608,0
04da7e02-166.jpg,1118.3823529411766,329.77941176470586,224.63235294117652,178.4313725490196,0
04da7e02-166.jpg,1328.6764705882351,374.3872549019608,173.65196078431381,159.3137254901961,0
04da7e02-166.jpg,1454.5343137254902,420.5882352941177,191.17647058823536,213.48039215686273,1
04da7e02-166.jpg,1449.7549019607848,589.4607843137258,237.37745098039198,184.8039215686274,2
04da7e02-166.jpg,492.2794117647059,732.843137254902,232.59803921568633,170.46568627450978,2
04da7e02-166.jpg,565.5637254901962,599.0196078431372,250.1225490196078,187.99019607843127,1
04da7e02-166.jpg,1519.8529411764707,723.2843137254903,229.41176470588232,170.46568627450978,2
04da7e02-166.jpg,1670.8394101442232,958.8699341494673,205.87498710979503,174.7543495234306,5
04da7e02-166.jpg,527.7544526450704,1139.609021670276,46.6809563795465,51.46874677744863,0
04da7e02-166.jpg,579.2231994225191,1103.70059368601,150.81539753391976,130.46746955256984,0
04da7e02-166.jpg,724.0538589590616,1048.6411194254201,179.54213992133276,168.76926558019485,0
04da7e02-166.jpg,905.9898940793452,1029.4898425185254,226.2230963008794,168.76961152605284,0
04da7e02-166.jpg,1135.8038331786513,1036.6715281153781,227.42004390035504,153.20929273287084,0
04da7e02-166.jpg,1358.4360866811041,1051.034899309085,177.14824472238178,141.2398167381151,0
04da7e02-166.jpg,1533.1904362045343,1074.973851298596,144.83065953654204,129.27034074335975,0
04da7e02-166.jpg,1648.0974057541875,1115.670069680765,57.4534610452792,89.77123469678901,0
04da7e02-166.jpg,1694.7783621337348,1136.0181788718492,38.30232318321748,31.120637586364296,0
9422353a-204.jpg,14.338235294117624,471.56862745098044,289.9509803921569,329.7794117647059,0
9422353a-204.jpg,286.7647058823529,447.6715686274507,305.88225818909336,347.3039215686275,0
9422353a-204.jpg,584.6813725490196,490.6862745098039,232.59803921568633,285.171568627451,1
9422353a-204.jpg,818.8725490196076,415.808823529412,259.68129358895027,334.5589331613015,1
9422353a-204.jpg,70.0980392156863,785.4166666666666,144.97549019607843,82.8431372549019,0
9422353a-204.jpg,203.92156862745102,747.1813725490196,180.0245098039216,159.31372549019602,1
9422353a-204.jpg,391.9117647058824,736.0294117647059,165.68627450980395,200.7352941176471,0
9422353a-204.jpg,565.5637254901962,716.9117647058824,200.73529411764704,218.25980392156862,0
9422353a-204.jpg,768.0976551259895,676.1859953696173,223.82920110192828,282.4796334762304,0
9422353a-204.jpg,972.7756946363089,713.2913709533595,197.49635391346615,190.31466831661294,1
9422353a-204.jpg,1052.9711838011706,471.507955859298,155.603170134661,262.131524285146,1
9422353a-204.jpg,1166.6812057513484,545.7187070267822,128.0733931438843,189.11772071713725,1
9422353a-204.jpg,1127.1819349686552,724.0638993486394,126.8764455444088,117.30086474860418,0
9422353a-204.jpg,1276.8003849030995,479.8864407931163,197.49635391346624,221.43545416548739,1
9422353a-204.jpg,1458.7364200233833,424.8269994797514,175.95129712290628,199.8902491124172,1
9422353a-204.jpg,1221.7407953272232,669.0043097727639,277.69184307832825,138.8461027488994,1
9422353a-204.jpg,1451.5547344265299,569.6576590162932,213.05667270664856,146.0276071360174,1
3110e5d1-155.jpg,119.48529411764707,47.79411764705883,329.7794117647059,250.12254901960782,3
3110e5d1-155.jpg,213.48032898880732,281.9852941176472,342.52457297197714,325.00000000000006,4
3110e5d1-155.jpg,350.4901960784313,551.2254901960785,261.27458086798424,226.22549019607848,0
3110e5d1-155.jpg,382.35294117647055,750.3676470588233,258.0882352941176,231.00490196078425,0
3110e5d1-155.jpg,505.0245098039218,924.0196078431372,211.8872549019609,211.88747416574014,0
3110e5d1-155.jpg,680.2696078431372,1003.6764705882352,192.7696078431373,207.10784313725495,0
3110e5d1-155.jpg,839.5833333333335,1056.25,187.99019607843135,192.76960784313727,0
3110e5d1-155.jpg,1014.8284313725491,1045.0980392156864,175.24509803921575,184.8039215686275,0
3110e5d1-155.jpg,1182.107843137255,994.1176470588234,192.76960784313715,202.32843137254903,0
3110e5d1-155.jpg,1287.2549019607845,888.9705882352943,213.4803921568627,223.03921568627433,0
3110e5d1-155.jpg,1374.8773246442815,705.7598916270805,250.1226753557189,253.30873582389995,0
3110e5d1-155.jpg,1449.7548545847426,4.779411764705865,323.40691012113945,259.6817014446887,5
3110e5d1-155.jpg,1465.6862745098042,258.0882352941176,337.744987495119,320.2205882352941,5
3110e5d1-155.jpg,1406.7401960784314,512.990196078431,261.2745571799635,221.4460784313724,1
a00bad3c-96.jpg,713.1175468483817,434.0715502555367,276.83134582623507,314.4804088586031,1
a00bad3c-96.jpg,989.9488926746167,431.85689948892673,292.333901192504,316.6950596252129,1
a00bad3c-96.jpg,538.1601362862009,496.0817717206133,199.3187218884189,250.25553662691655,1
a00bad3c-96.jpg,318.9097103918228,429.64224872231694,219.25042589437817,252.47018739352634,1
a00bad3c-96.jpg,263.5434412265758,533.7308347529812,106.30323679727425,135.09369676320267,2
a00bad3c-96.jpg,48.722316865417376,582.4531516183987,135.0936967632027,119.59114139693347,1
a00bad3c-96.jpg,190.45996592844972,589.0971039182282,146.1669505962521,148.38164097037756,1
a00bad3c-96.jpg,119.59114139693351,702.0442930153322,159.45485519591136,93.01540151076723,1
a00bad3c-96.jpg,261.32879045996594,677.6831345826234,243.6115843270869,124.02044293015348,1
a00bad3c-96.jpg,303.40715502555366,764.0545144804089,159.4548551959114,117.37649063032369,1
a00bad3c-96.jpg,478.3645655877342,640.0340715502555,179.3867120954003,221.46516577789754,1
a00bad3c-96.jpg,671.0391822827938,702.0442930153322,183.81601362862,146.16695059625218,0
a00bad3c-96.jpg,861.4991482112437,640.0340715502555,148.38160136286191,208.1771720613288,0
a00bad3c-96.jpg,1014.3100511073251,715.3321976149915,157.24020442930154,115.16183986371387,0
a00bad3c-96.jpg,1184.838160136286,695.4003407155025,174.9574105621808,126.23509369676326,0
a00bad3c-96.jpg,1275.6388415672911,434.0715502555365,199.31856899488935,267.97274275979555,1
a00bad3c-96.jpg,1463.8841567291313,440.71550255536624,148.38160136286206,236.96763202725714,1
a00bad3c-96.jpg,1364.2248722316865,646.6780238500852,177.17206132879056,183.8160136286201,0
a00bad3c-96.jpg,1519.2502220363385,673.2538330494037,150.59645598751143,183.81601362862,1
a00bad3c-96.jpg,1601.1925042589437,440.7155025553663,150.59625212947196,148.381601362862,5
a00bad3c-96.jpg,1592.3339011925045,622.3168654173764,166.09880749574103,128.44974446337307,0
a00bad3c-96.jpg,1813.7989778534923,473.9352640545144,97.44463373083477,124.02044293015337,0
a00bad3c-96.jpg,1689.7785349233393,500.51107325383316,128.4497444633732,139.52304780581645,0
a00bad3c-96.jpg,1722.9982964224876,602.3850085178876,155.0255536626915,90.80068143100506,1
20635337-63.jpg,23.89705882352941,976.5931372549021,353.67647058823536,288.3578431372548,4
20635337-63.jpg,86.02941176470588,659.5588235294117,342.5245098039216,321.813725490196,3
20635337-63.jpg,200.7352941176471,473.1617647058824,313.8480392156863,213.48039215686273,1
20635337-63.jpg,315.4411764705883,278.7990196078431,246.93627450980395,219.8529411764706,1
20635337-63.jpg,473.1617647058823,141.7892156862745,216.6666666666668,199.1421568627451,0
20635337-63.jpg,622.9166666666667,63.72549019607844,195.9558823529411,176.83823529411768,1
20635337-63.jpg,810.9068627450984,14.338235294117615,170.46571771405468,183.21078431372553,1
20635337-63.jpg,989.3382352941178,23.8970588235294,168.87254901960787,165.68627450980395,1
20635337-63.jpg,1161.3970588235295,31.86274509803923,195.95588235294116,181.61764705882354,1
20635337-63.jpg,1282.4754901960787,95.58823529411767,210.29411764705856,197.54901960784315,1
20635337-63.jpg,1417.8921568627454,234.19117647058826,248.5294117647058,215.07352941176467,0
20635337-63.jpg,1491.1764705882356,426.96078431372536,261.27454124346576,223.03921568627445,1
20635337-63.jpg,1548.529411764706,626.1029411764706,339.3382352941177,313.8480392156862,3
20635337-63.jpg,1599.5091856105173,911.2742466873864,355.2702261541868,317.03549774989904,4
9ed3e527-270.jpg,7.96568627450981,368.0147058823529,89.21568627450982,318.62745098039215,0
9ed3e527-270.jpg,74.87745098039217,380.75980392156873,154.5343137254902,299.5098039215686,1
9ed3e527-270.jpg,4.77941176470588,670.7107843137255,157.72058823529412,299.5098039215686,1
9ed3e527-270.jpg,200.73529411764713,372.7941176470588,307.47549019607845,361.642156862745,1
9ed3e527-270.jpg,162.5,673.8970588235295,221.4460784313726,313.8480392156861,0
9ed3e527-270.jpg,371.2009803921571,672.3039215686274,235.7842268694137,320.220588235294,1
9ed3e527-270.jpg,503.4313725490197,309.0686274509804,328.1862745098039,395.09803921568624,1
9ed3e527-270.jpg,606.985294117647,634.0686274509804,231.0049019607844,337.74509803921563,0
9ed3e527-270.jpg,818.872549019608,297.91666666666663,272.4264705882355,317.0343137254902,1
9ed3e527-270.jpg,861.8872549019609,592.6470588235294,280.39215686274514,344.1176470588236,0
9ed3e527-270.jpg,1061.029411764706,186.39705882352948,321.81372549019613,329.77941176470586,1
9ed3e527-270.jpg,1174.1421568627452,594.2401960784314,302.69607843137265,312.2549019607842,0
9ed3e527-270.jpg,1360.5392156862745,250.12254901960782,254.90196078431381,310.6617647058824,1
9ed3e527-270.jpg,1605.8823529411766,309.0686274509804,187.9901960784312,274.01960784313724,2
9ed3e527-270.jpg,1250.6127450980393,484.31372549019613,374.3873180700165,101.96078431372554,1
9ed3e527-270.jpg,1451.3480392156862,592.6470588235294,272.4264705882351,280.39215686274514,0
9ed3e527-270.jpg,1691.9117647058818,573.5294117647054,280.3921568627449,202.32889182648594,0
9ed3e527-270.jpg,1785.9068627450984,347.30392156862735,170.46568627450966,216.66666666666669,0
9ed3e527-270.jpg,1897.4264705882358,541.6666666666667,71.69117647058812,92.40196078431364,0
70fb9776-49.jpg,595.8333333333334,458.82352941176475,221.4460784313725,266.05392156862746,0
70fb9776-49.jpg,599.0196078431374,670.7107843137255,116.29901960784316,234.19117647058818,0
70fb9776-49.jpg,707.3529411764706,700.9803921568629,66.91176470588246,175.24509803921575,0
70fb9776-49.jpg,779.0441176470588,699.3872549019608,60.539215686274446,175.24509803921575,0
70fb9776-49.jpg,955.8823529411766,418.9950980392157,122.67156862745082,310.66176470588226,0
70fb9776-49.jpg,817.279411764706,391.9117647058823,176.83823529411768,242.15686274509804,0
70fb9776-49.jpg,812.5000000000002,575.1225490196075,168.8726642979387,159.31372549019602,0
1ab9d8be-30.jpg,95.58823529411767,4.779411764705865,302.69607843137254,180.02450980392157,4
1ab9d8be-30.jpg,143.38235294117646,173.65196078431362,331.37274813672536,317.0343137254898,3
1ab9d8be-30.jpg,274.0196078431374,442.8921568627449,275.61278701743237,307.4754901960784,2
1ab9d8be-30.jpg,403.0637254901962,699.3872549019608,221.4460784313726,250.1225490196078,2
1ab9d8be-30.jpg,541.6666666666667,869.8529411764704,187.99019607843135,234.19117647058823,2
1ab9d8be-30.jpg,718.5049019607844,957.4754901960785,183.21078431372555,195.95588235294105,2
1ab9d8be-30.jpg,1067.401960784314,967.0343137254904,156.1275033796334,205.51470588235304,1
1ab9d8be-30.jpg,1226.71568627451,922.4264705882352,160.90686274509807,215.07352941176472,2
1ab9d8be-30.jpg,1365.3186274509808,836.3970588235295,203.92156862745082,232.59803921568607,2
1ab9d8be-30.jpg,900.1225490196081,979.7794117647059,156.12745098039213,197.54901960784323,1
1ab9d8be-30.jpg,1640.9313725490197,3.186274509803919,286.764705882353,159.31409823862109,4
1ab9d8be-30.jpg,1454.5343137254902,643.6274509803922,231.00490196078454,248.5294117647058,2
1ab9d8be-30.jpg,1531.0048181219993,404.656818892342,274.0197336013164,297.9166666666664,2
1ab9d8be-30.jpg,1578.7990196078433,140.1960784313726,310.6617647058823,302.69607843137254,2
87762cf5-232.jpg,533.700980392157,629.2892156862745,135.41666666666663,172.05882352941182,0
87762cf5-232.jpg,681.8627450980395,454.0441176470587,210.2941176470587,238.97058823529414,0
87762cf5-232.jpg,567.1568627450982,796.5686274509804,86.02941176470587,108.33333333333327,0
87762cf5-232.jpg,659.5588235294119,724.8774509803923,173.65196078431367,235.78431372549022,0
87762cf5-232.jpg,869.8529411764708,699.3872549019607,106.74019607843135,202.32843137254903,0
87762cf5-232.jpg,895.3431372549021,489.0931372549015,208.7011225202815,240.56372549019585,3
87762cf5-232.jpg,970.2205882352941,723.2843137254903,41.42156862745097,122.671568627451,0
1e1b26b1-246.jpg,219.85294117647064,403.0637254901961,243.75000000000003,250.1225490196078,1
1e1b26b1-246.jpg,235.78431372549008,637.2549019607848,267.64705882352945,199.1423103473902,1
1e1b26b1-246.jpg,457.23039215686276,691.4215686274509,211.88725490196083,170.46568627450978,0
1e1b26b1-246.jpg,434.9264705882352,455.63725490196117,248.5294117647059,277.2065401442789,1
1e1b26b1-246.jpg,626.1029411764707,395.0980392156862,242.15686274509807,323.4068627450981,1
1e1b26b1-246.jpg,600.6127450980395,686.6421568627449,246.93627450980392,243.7499999999999,0
1e1b26b1-246.jpg,763.1127450980393,685.0490196078432,272.42647058823525,350.4903934158327,1
1e1b26b1-246.jpg,863.480392156863,393.50501159267395,285.17156862745094,310.66165507399234,1
1e1b26b1-246.jpg,1016.4215686274512,672.3039215686275,240.563725490196,289.95098039215696,0
1e1b26b1-246.jpg,1127.9411764705887,334.5588235294117,340.9313725490196,374.3872549019608,0
1e1b26b1-246.jpg,1462.5,347.30392156862735,347.30392156862763,371.2009803921569,0
1e1b26b1-246.jpg,1244.2401960784316,689.8284313725488,229.41176470588232,275.6127450980392,0
1e1b26b1-246.jpg,1454.5343137254913,664.3382352941176,226.22549019607862,294.7305675678863,0
1e1b26b1-246.jpg,1679.166666666667,646.8137254901964,176.83823529411768,274.01960784313735,0
1e1b26b1-246.jpg,1785.9068627450965,366.42170018571863,199.1421331747245,312.25477040251735,1
1e1b26b1-246.jpg,1849.6323529411768,645.2205882352941,138.60294117647044,320.22058823529414,1
e958bf9f-107.jpg,646.7801049181028,511.00005578578174,210.2332038704226,210.2332038704226,2
e958bf9f-107.jpg,627.2235278138776,721.2332596562045,149.93375779906103,162.9714758685445,2
e958bf9f-107.jpg,614.185809744394,890.7235945594906,138.52575448826286,104.30174455586861,1
e958bf9f-107.jpg,637.0018163659902,964.060758700336,128.7474659361503,57.0400165539905,1
e958bf9f-107.jpg,643.5206754007321,981.9876210458757,169.49033490328645,102.67202979718304,1
e958bf9f-107.jpg,703.8201214720926,1019.3112168788474,125.48803641877932,94.6832996205487,0
e958bf9f-107.jpg,754.3412789913398,1038.1114309077843,128.9872313613412,134.55281690428387,0
e958bf9f-107.jpg,857.0133087885255,1034.1384933238103,101.04231503849815,167.86062014460188,0
e958bf9f-107.jpg,734.7847018871167,403.43888171254247,177.63890869671442,146.67432828169038,1
e958bf9f-107.jpg,790.5568630770259,273.59700671460405,165.85444917978958,136.9134043564713,4
e958bf9f-107.jpg,898.5292226101787,210.14933152502013,128.00846748775768,131.34781881352544,4
e958bf9f-107.jpg,998.7097623832069,170.07711561580894,107.97235953315237,128.00846748775783,4
e958bf9f-107.jpg,1106.6821219163592,166.73776429004133,107.97235953315173,114.65106218468746,4
e958bf9f-107.jpg,1212.4282472323318,175.6427011587549,114.65106218468758,119.10353061904402,4
e958bf9f-107.jpg,1294.7989132679322,219.05426839373368,131.34781881352512,113.53794507609805,4
e958bf9f-107.jpg,1368.2646424348206,261.3527185201232,129.12158459634725,141.3658727908283,4
e958bf9f-107.jpg,1418.3549123213345,578.5910944680448,225.96277304360714,213.718484849126,3
e958bf9f-107.jpg,1528.5535060716654,777.8390569055113,156.94951231107666,142.47898989941734,3
e958bf9f-107.jpg,1369.37775954341,379.34313203057826,175.87250315709355,129.12158459634702,2
e958bf9f-107.jpg,1357.1334713489289,467.27938360912503,178.09873737427125,161.40198074543358,4
e958bf9f-107.jpg,960.8637806911739,1033.9650110471819,116.87729640186575,146.9314583337739,0
e958bf9f-107.jpg,1078.854194201629,1042.8699479158954,119.10353061904416,136.91340435647146,0
e958bf9f-107.jpg,1196.8446077120843,1035.0781281557709,115.76417929327661,140.25275568223918,0
e958bf9f-107.jpg,1314.8350212225391,1026.1731912870573,100.18053977302799,144.7052241165959,0
e958bf9f-107.jpg,1411.6762096697992,1058.453587436144,69.01326073253045,112.42482796750915,0
e958bf9f-107.jpg,1548.5896140262703,912.6352462109592,139.13963857364962,121.32976483622276,1
e958bf9f-107.jpg,1470.6714164250266,983.8747411606677,182.55120580862894,146.9314583337741,2
e958bf9f-107.jpg,1426.1467320814588,1022.8338399612899,120.2166477276333,135.80028724788227,1
3415b7b1-178.jpg,253.30882352941174,594.2401960784315,318.6274509803922,281.98529411764713,5
3415b7b1-178.jpg,197.5490196078431,842.7696078431371,317.0343137254903,297.91666666666674,1
3415b7b1-178.jpg,395.0586140877619,465.9121258007912,250.00111648811773,171.7633294514122,1
3415b7b1-178.jpg,412.8617923905228,350.9961392617426,224.55132651318215,183.00438504378283,4
3415b7b1-178.jpg,461.3332241048218,158.09947553656266,177.06910769101157,222.5730504890369,1
3415b7b1-178.jpg,805.5793105655592,144.42508225076915,154.3172111720547,170.14461744611157,0
3415b7b1-178.jpg,629.4994157666764,158.09962529667425,178.05832058313996,186.96123661229703,0
3415b7b1-178.jpg,957.9180959533572,115.737908379041,156.29563695631163,181.02595925952568,0
3415b7b1-178.jpg,1092.4510492828408,158.27406274056895,188.93966239655398,164.20934009334022,0
3415b7b1-178.jpg,1260.6172409446958,132.55439139967052,183.9935587135183,226.5298884429957,1
3415b7b1-178.jpg,1180.490996682282,373.922473224594,188.93966239655398,161.24170141695458,3
3415b7b1-178.jpg,1321.9484402566657,276.9796097959956,221.58368783679634,214.65919759189657,2
3415b7b1-178.jpg,1327.883717609437,423.3831178310218,322.48340283390917,308.6344223441094,4
3415b7b1-178.jpg,1442.6324130963492,686.5137471372176,301.70993209920965,265.109055090453,4
3415b7b1-178.jpg,1560.348747259647,909.0866478661425,246.31401014001057,253.23850038491003,6
0e895a97-203.jpg,165.68627450980395,353.6764705882352,215.07352941176472,246.93627450980398,1
0e895a97-203.jpg,133.8235294117647,551.2254901960783,235.7843137254902,175.24509803921575,1
0e895a97-203.jpg,372.7941176470589,492.2794117647058,223.03921568627453,205.5147058823529,1
0e895a97-203.jpg,336.1519607843137,670.7107843137253,293.1372549019607,165.68682266925265,1
0e895a97-203.jpg,583.0882352941176,527.3284313725491,154.5343137254902,207.1078431372549,1
0e895a97-203.jpg,697.7941176470589,477.9411764705883,184.8039215686275,270.83333333333326,1
0e895a97-203.jpg,589.4607843137254,716.9117647058824,184.80392156862757,149.75490196078417,0
0e895a97-203.jpg,755.1471298875919,708.9460784313726,215.0734109716607,242.15701622974387,1
0e895a97-203.jpg,865.0735294117653,442.89215686274497,261.2744545318727,332.9656862745097,1
0e895a97-203.jpg,1126.348039215686,479.53407253533294,254.90194499229946,305.88259413133335,1
0e895a97-203.jpg,976.5931372549021,694.6078431372547,208.70098039215705,272.42647058823536,1
0e895a97-203.jpg,1194.8529411764707,753.5539215686274,199.1421568627453,203.92156862745097,0
0e895a97-203.jpg,1365.3186274509808,463.60274383906915,304.2892156862746,345.71098165112693,1
0e895a97-203.jpg,1648.8970588235295,493.87254901960785,275.6127450980392,313.84803921568636,1
0e895a97-203.jpg,1403.5539215686272,767.8921568627451,178.43139623704042,189.58333333333334,0
0e895a97-203.jpg,1586.764705882353,772.6715686274512,164.09313725490193,129.04411764705875,1
0e895a97-203.jpg,1914.950877744066,562.3774509803914,73.28441637358102,223.0392156862744,0
0e895a97-203.jpg,1765.1960784313728,782.2303921568628,138.60294117647072,70.09803921568626,0
3e51d16f-233.jpg,54.16666666666667,288.3578431372548,197.54901960784315,288.35784313725486,2
3e51d16f-233.jpg,143.38235294117652,474.7549019607843,116.29901960784312,181.6176470588235,0
3e51d16f-233.jpg,205.51470588235296,606.9852941176472,170.4656862745098,259.68137254901944,1
3e51d16f-233.jpg,291.54411764705884,395.09803921568624,234.19117647058826,270.83333333333326,3
3e51d16f-233.jpg,498.65196078431376,404.6568627450979,296.32352941176464,275.6127450980392,2
3e51d16f-233.jpg,360.04901960784287,629.2892156862746,187.99014870239003,253.30882352941177,0
3e51d16f-233.jpg,528.9215686274509,670.7107843137255,181.61764705882362,202.32843137254892,0
3e51d16f-233.jpg,777.4509803921571,487.50000000000006,277.20588235294105,231.00490196078437,0
3e51d16f-233.jpg,708.9460784313726,657.9656862745097,200.7352941176471,238.9705882352942,0
3e51d16f-233.jpg,916.0539215686274,634.0686274509806,215.07345045169586,285.171568627451,0
3e51d16f-233.jpg,1041.911764705882,455.6372549019603,231.00481510470857,272.42647058823525,0
3e51d16f-233.jpg,1135.9068627450981,638.8480392156863,197.54901960784338,235.78431372549022,0
3e51d16f-233.jpg,1272.9166666666667,498.65196078431376,197.5490196078431,187.99019607843138,0
3e51d16f-233.jpg,1346.2009803921571,634.0686274509804,160.90686274509778,178.4313725490196,1
3e51d16f-233.jpg,1433.8235294117649,527.3284313725491,181.61764705882348,148.16176470588246,0
3e51d16f-233.jpg,1588.3578431372553,514.5833333333333,173.65196078431353,122.671568627451,2
3e51d16f-233.jpg,1763.6029411764712,463.6029411764706,135.4166666666663,105.14705882352938,0
3e51d16f-233.jpg,1505.5147058823525,621.3235294117648,223.03921568627453,135.41686400406806,3
3e51d16f-233.jpg,1703.0636228421056,554.4117647058822,125.8579457853441,122.67156862745091,1
6b989eba-275.jpg,55.75980392156861,485.90686274509807,164.09313725490202,189.58333333333346,1
6b989eba-275.jpg,108.33330174930552,656.3726147987418,218.25980392156865,138.60294117647052,3
6b989eba-275.jpg,208.70098039215694,512.9901960784314,197.54901960784315,191.17647058823528,1
6b989eba-275.jpg,401.4705882352942,487.5,173.65196078431367,250.1225490196078,1
6b989eba-275.jpg,317.03431372549016,689.8284313725491,254.90196078431376,159.31372549019602,2
6b989eba-275.jpg,538.480392156863,482.72058823529414,191.17661271636004,274.01960784313724,1
6b989eba-275.jpg,519.3627450980391,708.9460784313726,197.54901960784323,175.24509803921575,1
6b989eba-275.jpg,724.8774509803923,426.9607843137256,267.6470588235294,353.67647058823525,1
6b989eba-275.jpg,688.2353730777164,673.8970588235287,245.34305829483273,275.61292050906303,1
6b989eba-275.jpg,997.3039215686276,398.2843137254903,243.75,329.77941176470586,1
6b989eba-275.jpg,927.2058823529412,657.9656862745097,234.1912317426366,281.9852941176468,1
6b989eba-275.jpg,1221.9362745098042,431.74019607843144,259.68137254901933,340.9313725490196,1
6b989eba-275.jpg,1166.1764705882354,721.6911764705883,135.41666666666686,117.8921568627452,0
6b989eba-275.jpg,1331.8627450980393,766.299019607843,109.92647058823536,113.11274509803934,0
6b989eba-275.jpg,1478.4313725490206,363.2352941176469,294.7304790129396,387.13235294117646,1
6b989eba-275.jpg,1435.4166666666667,728.0637254901961,183.2107843137254,173.65196078431364,0
6b989eba-275.jpg,1613.8480392156864,726.4705882352941,87.62254901960773,60.53921568627441,0
6b989eba-275.jpg,1693.5049019607845,686.642156862745,168.87262008367026,229.41176470588226,1
6b989eba-275.jpg,1714.2156862745096,390.31862745098033,167.27949072477514,297.9166666666666,1
6b989eba-275.jpg,1860.7843137254904,434.92647058823525,121.07843137254918,315.44117647058823,1
86324d62-226.jpg,79.65686274509807,626.1029411764705,49.38725490196079,87.62254901960787,0
86324d62-226.jpg,140.19607843137257,500.2450980392157,168.8725490196078,229.41176470588226,0
86324d62-226.jpg,122.67156862745098,716.9117647058824,178.4313725490196,178.4313725490196,1
86324d62-226.jpg,294.7303921568628,404.65686274509767,234.1910185504496,337.74509803921524,1
86324d62-226.jpg,261.2745098039216,715.3186274509804,159.3137254901961,152.94117647058806,0
86324d62-226.jpg,431.7401960784314,724.8774509803923,125.8578431372549,119.48529411764702,0
86324d62-226.jpg,522.5490196078432,396.6911764705883,288.35784313725503,353.67647058823525,1
86324d62-226.jpg,571.936274509804,734.4362745098038,148.16176470588232,148.16176470588238,0
86324d62-226.jpg,729.6567995770429,691.4215686274512,192.76967101119314,199.14215686274497,0
86324d62-226.jpg,809.3137254901958,420.58803795671605,254.90196078431376,285.1717659648522,0
86324d62-226.jpg,1049.8774509803925,364.8281901823918,270.833246477257,326.5933784450593,1
86324d62-226.jpg,931.9852941176472,643.6274509803922,248.5294117647058,345.71078431372536,0
86324d62-226.jpg,1182.107843137255,656.3725490196078,227.81862745098024,293.1372549019608,0
86324d62-226.jpg,1301.593137254902,415.8088235294118,229.41176470588232,269.2401960784314,0
86324d62-226.jpg,1393.9950980392161,677.0833333333337,156.12745098039198,213.48039215686268,0
86324d62-226.jpg,1503.921568627451,476.3480392156863,154.53431372549034,183.2107843137255,0
86324d62-226.jpg,1521.4460784313728,614.9509803921567,234.19117647058812,189.58353067073506,3
86324d62-226.jpg,1644.1176470588239,444.4852941176471,149.75490196078425,170.46568627450978,3
86324d62-226.jpg,1792.2794117647063,385.5392156862746,114.70588235294116,146.5686274509804,0
86324d62-226.jpg,1730.14705882353,528.9215686274509,175.24509803921546,151.34803921568627,0
f887a525-273.jpg,93.99509803921566,457.23039215686276,90.80882352941177,164.093137254902,1
f887a525-273.jpg,173.65196078431376,492.2794117647059,100.36764705882355,157.72058823529412,1
f887a525-273.jpg,237.3774509803922,449.2647058823529,71.69117647058823,213.48039215686273,1
f887a525-273.jpg,288.357843137255,442.89215686274514,122.67156862745101,243.75,1
f887a525-273.jpg,393.50490196078437,380.75980392156856,186.39705882352936,345.71078431372547,1
f887a525-273.jpg,149.7549019607842,626.1029411764707,121.07843137254899,124.26503477802198,1
f887a525-273.jpg,246.93627450980398,659.5588235294117,98.77450980392157,140.1960784313726,1
f887a525-273.jpg,318.62745098039227,665.9313725490196,101.96078431372548,159.3137254901961,1
f887a525-273.jpg,401.47058823529414,653.1862745098039,184.8039215686274,234.19117647058835,1
f887a525-273.jpg,575.1225490196082,363.2352941176472,237.37739570834358,309.06862745098033,1
f887a525-273.jpg,571.9362745098039,638.8480392156863,202.32843137254903,269.24019607843127,1
f887a525-273.jpg,772.671568627451,645.2205882352941,151.34803921568619,178.43137254901953,1
f887a525-273.jpg,796.5686274509804,404.65686274509807,274.01960784313746,328.1862745098039,1
f887a525-273.jpg,1067.401960784314,371.20098039215685,266.0539215686275,356.86274509803934,1
f887a525-273.jpg,924.0196078431375,700.9803921568628,129.04411764705898,173.65196078431376,1
f887a525-273.jpg,1043.5049019607848,691.4215686274509,186.39705882352928,216.66666666666654,1
f887a525-273.jpg,1229.9019607843138,650.0,113.11274509803923,162.5,1
f887a525-273.jpg,1333.4558823529414,407.8431372549019,176.83823529411768,294.7303921568627,1
f887a525-273.jpg,1339.828431372549,662.7450980392157,181.61764705882376,286.76470588235287,1
f887a525-273.jpg,1516.6666666666665,462.00980392156873,170.46568627450966,301.1029411764706,1
f887a525-273.jpg,1523.0392156862747,707.3529411764705,121.07843137254918,218.25980392156873,2
f887a525-273.jpg,1647.3039215686276,729.656862745098,82.84313725490222,168.8725490196078,1
f887a525-273.jpg,1672.794117647059,517.7696078431372,89.21568627450966,215.07352941176472,1
f887a525-273.jpg,1736.5196078431375,517.7696078431372,76.47058823529392,199.1421568627451,1
f887a525-273.jpg,1803.4313725490201,540.0735294117648,39.82843137254889,184.8039215686275,1
f887a525-273.jpg,1733.3333333333337,721.6911764705883,55.759803921568505,129.04411764705875,1
f887a525-273.jpg,1798.6519607843138,710.5392156862742,60.53921568627459,97.18137254901971,1
f887a525-273.jpg,1828.9216238994998,541.6666666666665,81.24994472795137,149.75490196078422,1
3c1426f7-227.jpg,103.55392156862746,433.33333333333326,133.8235294117647,101.96078431372548,0
3c1426f7-227.jpg,108.33333333333336,543.2598039215686,173.65196078431376,132.23039215686285,0
3c1426f7-227.jpg,223.03921568627445,439.7058823529412,208.7009803921569,176.8382352941175,0
3c1426f7-227.jpg,280.3922989908698,599.0196078431375,270.83319120520844,240.56420787051073,2
3c1426f7-227.jpg,423.7745098039216,468.38235294117646,181.61764705882354,203.92156862745097,0
3c1426f7-227.jpg,524.1421568627451,656.3725490196078,194.3627450980393,235.78431372549022,1
3c1426f7-227.jpg,602.2058823529412,449.2647058823529,221.4460784313726,246.93627450980398,0
3c1426f7-227.jpg,815.686274509804,395.09803921568624,275.6127450980393,342.5249702578585,1
3c1426f7-227.jpg,707.3529411764705,653.1862745098039,262.8676470588236,280.39215686274514,1
3c1426f7-227.jpg,904.9019607843138,661.1519607843137,278.79901960784326,318.62745098039215,0
3c1426f7-227.jpg,1097.6715686274513,457.2303921568627,237.37745098039213,256.49509803921575,0
3c1426f7-227.jpg,1331.8627450980393,388.7254901960785,254.90196078431381,318.6274509803921,1
3c1426f7-227.jpg,1562.8676470588236,417.40196078431325,245.3431372549019,288.3579966219009,1
3c1426f7-227.jpg,1172.5490196078433,685.0490196078432,151.34803921568633,180.0245098039216,0
3c1426f7-227.jpg,1330.2696078431372,677.0833333333334,135.41666666666686,135.41666666666663,0
3c1426f7-227.jpg,1470.4656862745096,681.8627450980392,152.94117647058812,162.5,0
3c1426f7-227.jpg,1632.9656862745103,696.2009803921568,124.26462692228361,143.38235294117655,0
3c1426f7-227.jpg,1808.2107843137255,530.5147058823529,95.58823529411768,121.07843137254909,0
3c1426f7-227.jpg,1765.1960784313728,653.1862745098039,138.60294117647072,178.4313725490196,0
940c127d-163.jpg,798.1617647058827,489.09313725490193,105.14713778359867,234.19117647058823,1
940c127d-163.jpg,881.0049019607847,457.23039215686265,114.7058428729066,240.56372549019594,1
940c127d-163.jpg,848.7144117325918,649.9798172024598,75.80742349926336,163.50626316174447,1
940c127d-163.jpg,916.3465478585863,680.4514389735131,36.41730406784319,71.34818756148854,1
940c127d-163.jpg,975.2082099082385,479.59450534495346,130.96663757359522,219.80059716808782,1
940c127d-163.jpg,953.8880596055601,691.7807631192276,65.99094141305187,80.20437494817055,0
940c127d-163.jpg,1096.0223949567487,509.03661766769955,27.919244443983615,189.34323959283324,0
e957f889-55.jpg,223.03921568627453,312.2549019607843,103.55392156862749,278.79901960784315,0
e957f889-55.jpg,313.84803921568624,342.5245098039216,164.09313725490202,286.7647058823529,0
e957f889-55.jpg,261.2745098039216,599.0196078431372,54.166666666666714,181.6176470588235,0
e957f889-55.jpg,328.18627450980404,616.5441176470587,116.29901960784309,178.4313725490197,1
e957f889-55.jpg,477.9411764705883,339.33823529411774,227.8186274509803,310.6617647058823,1
e957f889-55.jpg,449.26470588235304,632.4754901960785,113.11274509803923,218.25980392156862,1
e957f889-55.jpg,573.529411764706,584.6813725490196,211.88725490196077,294.7303921568629,0
e957f889-55.jpg,715.3186274509806,369.60784313725486,280.392156862745,326.59313725490193,1
e957f889-55.jpg,982.9656862745095,428.5540969796509,277.20588235294133,288.35766772623134,1
e957f889-55.jpg,807.7205882352943,605.3921568627451,246.93627450980387,238.97058823529414,0
e957f889-55.jpg,1062.6225490196082,656.3725490196077,262.8676470588235,215.07352941176472,0
e957f889-55.jpg,1255.3921568627445,388.7256217543461,240.56372549019605,312.2547704025168,1
e957f889-55.jpg,1472.058823529412,415.8088235294117,269.2401960784315,253.30882352941177,1
e957f889-55.jpg,1333.4558823529414,646.8137254901961,377.57352941176464,219.8529411764704,0
e2b30393-88.jpg,43.014705882352956,976.593137254902,317.0343137254902,280.392156862745,1
e2b30393-88.jpg,180.0245098039216,586.2745098039217,235.78431372549022,178.4313725490196,0
e2b30393-88.jpg,78.06372549019608,739.2155766426201,313.8480392156862,309.06873708287037,1
e2b30393-88.jpg,272.4263867494489,414.2155985689976,253.308907368198,227.8187151564921,0
e2b30393-88.jpg,401.47058823529426,246.93627450980392,208.70098039215685,205.51470588235296,0
e2b30393-88.jpg,1366.9117647058827,253.3088235294118,205.51470588235276,208.70098039215688,0
e2b30393-88.jpg,536.8872549019609,152.9411764705882,207.10784313725492,175.2450980392157,1
e2b30393-88.jpg,708.9460784313727,81.24999999999999,258.0882352941177,181.61764705882356,1
e2b30393-88.jpg,992.5245098039217,79.65686274509804,253.30882352941185,186.3970588235294,1
e2b30393-88.jpg,1253.7990196078433,129.0441176470588,170.4656862745101,202.32843137254903,1
e2b30393-88.jpg,1468.8726223785466,418.99509803921535,245.34313725490205,218.25980392156856,0
e2b30393-88.jpg,1561.2745098039215,589.4607843137255,248.5294117647058,211.88725490196086,0
e2b30393-88.jpg,1607.4754901960791,750.3676470588233,301.10294117647044,313.84803921568624,1
e2b30393-88.jpg,1639.3381828948752,1013.2352941176471,281.9853465168879,250.1227463570088,1
4591b6b9-243.jpg,81.25000000000001,492.2794117647059,141.7892156862745,181.6176470588236,0
4591b6b9-243.jpg,103.55392156862747,677.0833333333334,162.50000000000003,152.9413957343678,0
4591b6b9-243.jpg,195.95588235294122,495.4656862745098,172.05882352941177,246.93627450980387,0
4591b6b9-243.jpg,318.6274509803923,430.14705882352933,200.73529411764713,305.8825064258223,0
4591b6b9-243.jpg,237.37745098039215,685.049019607843,149.75490196078437,165.68627450980387,0
4591b6b9-243.jpg,334.5588235294118,670.7107843137255,172.05882352941182,245.34313725490188,0
4591b6b9-243.jpg,426.9607843137256,681.8627450980393,234.19117647058826,310.66176470588226,0
4591b6b9-243.jpg,506.6176470588236,433.3333333333333,227.8186274509804,269.2401960784314,0
4591b6b9-243.jpg,716.9117647058823,372.7941176470588,315.4411764705883,336.1519607843137,0
4591b6b9-243.jpg,638.8480392156868,675.4901960784314,200.73529411764724,242.15695045060966,0
4591b6b9-243.jpg,836.3970588235295,662.7450980392157,187.9901960784312,264.4607843137256,0
4591b6b9-243.jpg,1013.2352941176472,374.3872549019608,301.10294117647044,332.9656862745098,0
4591b6b9-243.jpg,1018.0147058823524,678.6764705882352,194.36281616210212,248.52941176470583,0
4591b6b9-243.jpg,1213.9705882352941,646.8137254901961,176.83823529411768,237.37745098039215,0
4591b6b9-243.jpg,1301.5931372549023,401.4705882352941,232.59803921568619,272.42647058823536,1
4591b6b9-243.jpg,1508.7009803921567,398.2843137254902,192.7696078431373,302.69607843137254,1
4591b6b9-243.jpg,1675.980392156863,458.82352941176475,151.34803921568619,251.71568627450966,1
4591b6b9-243.jpg,1387.6225490196082,634.0686274509804,203.9215686274511,301.1029411764706,0
4591b6b9-243.jpg,1556.4950980392155,649.9999999999997,156.12745098039227,216.66671051942294,0
4591b6b9-243.jpg,1664.8284313725492,667.5245098039215,148.16176470588232,176.83823529411774,0
4591b6b9-243.jpg,1773.1617647058827,651.5931372549021,125.85784313725468,140.1960784313724,0
4591b6b9-243.jpg,1816.1764705882354,463.60294117647067,100.36764705882376,184.8039215686274,0
873bc351-213.jpg,91.71951236688756,358.76911408251925,63.11178251780186,163.22012720121168,1
873bc351-213.jpg,137.42114798322677,351.15217481312914,77.2575592337142,205.6573602735263,1
873bc351-213.jpg,207.0617355890765,365.2979191705672,144.72184611840737,212.186464881799,1
873bc351-213.jpg,141.77368470859247,537.2231198225107,97.93207632072699,142.54557775572476,0
873bc351-213.jpg,221.20740983648835,543.7519249105568,136.01684277770255,192.5999447855754,1
873bc351-213.jpg,314.7870195418769,355.504711538495,179.54213992133282,214.3624337242579,1
873bc351-213.jpg,312.61075117919404,558.9858034493388,161.0438588385289,206.74549445486807,1
873bc351-213.jpg,482.3596834684541,333.74202791166687,220.8912388123064,256.799666796573,2
873bc351-213.jpg,456.24446311626036,547.0163274545832,161.04385883852893,224.15564135633062,1
873bc351-213.jpg,616.2001877734473,530.6943147344618,176.2777373773085,241.5658781138604,1
873bc351-213.jpg,703.2509222807606,306.5386733781316,284.00302133010825,315.5589125890092,1
873bc351-213.jpg,970.9319308907478,311.97934428483876,280.738618786084,288.35555805547386,1
873bc351-213.jpg,794.6541935134393,587.2772921642155,175.18960319596715,189.33534755340554,0
873bc351-213.jpg,968.7556625280649,572.043413625436,176.27773737730877,206.74549445486807,0
873bc351-213.jpg,1145.0333999053737,521.9892412837311,164.30826138255298,238.30138571376895,0
873bc351-213.jpg,1245.1417445887814,315.24362702077366,213.2742995429164,257.8879207860028,1
873bc351-213.jpg,1307.9466606668623,533.9587172784865,184.98281082804027,233.94884898840337,1
873bc351-213.jpg,1445.0515675158802,311.97934428483876,175.18960319596744,235.03698316974481,1
873bc351-213.jpg,1465.7261169613669,525.2536438277551,186.07094500938132,218.71497044962365,1
873bc351-213.jpg,1593.037816178312,327.2132228236184,128.39983339828677,202.39295772950246,1
873bc351-213.jpg,1608.271694717092,514.3723020143411,136.01677266767638,173.0133348332842,0
873bc351-213.jpg,1711.6444419445259,284.7759897513033,146.89811448108998,196.9522868227955,5
873bc351-213.jpg,1711.644441944526,477.37573984873313,136.0167726676761,188.2472133720642,2
03fde12b-182.jpg,125.85784313725493,535.2941176470588,60.53921568627454,213.48039215686273,0
03fde12b-182.jpg,186.39705882352948,532.1078431372548,50.980392156862706,231.00490196078437,0
03fde12b-182.jpg,219.8529411764706,517.7696078431371,191.17647058823533,278.7990196078432,0
03fde12b-182.jpg,411.02941176470597,497.05882352941165,258.0882352941177,294.73039215686265,0
03fde12b-182.jpg,657.96568627451,568.7500000000001,207.10784313725497,213.48039215686273,0
03fde12b-182.jpg,855.5147058823532,463.6029411764707,248.52941176470594,262.8676470588235,0
03fde12b-182.jpg,1093.8859510602117,476.9619934912117,186.39714000438886,230.54383105805994,1
03fde12b-182.jpg,1248.3993697480603,552.992405861423,137.34526105586554,143.06798026652666,0
03fde12b-182.jpg,1363.6712852770902,517.8385592816478,206.83542289960684,146.33810552976144,1
03fde12b-182.jpg,1279.4654503474908,627.3877556000159,232.99653440678742,148.79069947718742,3
03fde12b-182.jpg,231.3904128820084,773.7258611297782,49.051878948523395,62.13238000146311,0
03fde12b-182.jpg,280.44229183053176,790.8940187617615,69.49016184374145,83.38819421248971,0
03fde12b-182.jpg,375.27592446434363,770.4557358665434,110.36672763417762,101.37388316028151,0
03fde12b-182.jpg,542.0523128893232,749.1999216555166,114.45438421322145,114.45438421322116,0
03fde12b-182.jpg,696.5657315771708,698.5129800753753,174.95170158306667,183.12714976154052,0
03fde12b-182.jpg,871.5174331602374,672.3519779694966,220.73345526835527,176.58695549356443,0
03fde12b-182.jpg,1094.7034823760202,675.6221032327312,191.30232789924136,129.1699478977784,0
03fde12b-182.jpg,1568.343465252994,449.9834600695238,127.5348852661608,139.7978550032917,2
03fde12b-182.jpg,1512.7513357779976,579.1534079673021,178.22182684630135,106.27928483741178,2
85afd91b-195.jpg,82.84313725490195,3.186274509803946,280.39215686274514,172.05882352941177,4
85afd91b-195.jpg,223.03921568627456,552.8186274509803,227.81862745098047,269.2401960784314,1
85afd91b-195.jpg,375.98039215686276,731.2500000000001,205.51470588235296,254.90196078431376,0
85afd91b-195.jpg,516.1764705882354,892.156862745098,195.9558823529413,216.6666666666667,0
85afd91b-195.jpg,651.5931372549021,1018.014705882353,181.61764705882348,172.05882352941177,0
85afd91b-195.jpg,806.1274509803923,1089.7058823529414,149.7549019607844,151.34803921568627,1
85afd91b-195.jpg,957.4754901960786,1075.3676470588234,148.16176470588232,170.46568627450995,0
85afd91b-195.jpg,1104.044117647059,1045.0980392156864,165.68627450980387,189.5833333333333,0
85afd91b-195.jpg,1233.088235294118,989.3382352941175,178.4313725490196,191.17647058823545,0
85afd91b-195.jpg,1366.9117647058827,855.514705882353,199.14215686274503,219.85294117647052,0
85afd91b-195.jpg,1451.3480707997142,677.0833333333334,229.4117331218547,242.15686274509812,3
85afd91b-195.jpg,1503.9215686274513,391.9117647058824,331.37254901960773,344.11764705882354,0
85afd91b-195.jpg,1561.2745098039218,95.58823529411767,310.6617647058823,331.3725490196079,2
85afd91b-195.jpg,1637.7450980392157,3.186274509803919,297.91666666666686,111.51960784313728,1
834e844f-215.jpg,158.82282274826832,494.34247277373225,182.55474282008802,116.00769371325782,2
834e844f-215.jpg,194.79420064385218,406.2125969295518,72.84204023855722,78.23774692289486,2
834e844f-215.jpg,270.3340942245782,380.1333479552537,158.27406274056884,151.07978716145206,2
834e844f-215.jpg,318.8954543836154,527.6159973271458,185.25259616225608,162.77075726863012,1
834e844f-215.jpg,427.7088725177576,376.53621016569514,144.78479602972484,199.64114732049023,1
834e844f-215.jpg,565.2993929683639,396.3204680082648,188.84980972234763,202.3390006626585,2
834e844f-215.jpg,499.65157482384427,540.2059795906002,169.96481404171266,190.64830284659368,1
834e844f-215.jpg,751.4512735780121,403.514743587383,215.82826737350288,197.842578425711,1
834e844f-215.jpg,653.429268812544,556.3930996436126,204.13756955743753,205.03699015038507,1
834e844f-215.jpg,960.9845498197881,390.025476876539,230.21681853173632,232.0153874265158,2
834e844f-215.jpg,1190.3020839041346,372.9390723761367,240.10894745302195,276.08032534860587,1
834e844f-215.jpg,853.9697005804259,563.5873752227311,177.1590361357505,209.53327624177564,1
834e844f-215.jpg,1031.1287367161763,566.2852285649,179.85688947791914,202.3390006626589,1
834e844f-215.jpg,1429.8536603549956,374.73764127091584,194.24544063615286,250.90036082169718,1
834e844f-215.jpg,1205.0325485075969,601.3573220130942,154.67692495101062,187.05116505703592,1
834e844f-215.jpg,1358.8101890112175,604.0551753552629,137.59052045060827,159.17334718795857,1
834e844f-215.jpg,1500.8971316987738,609.4508820396005,106.11556479197247,141.1876582401666,1
834e844f-215.jpg,1624.9983854385384,382.8312012974223,105.21628034458274,223.0225429526197,1
834e844f-215.jpg,1598.0198520168503,579.7744952757438,106.1155647919719,176.25975168836086,1
834e844f-215.jpg,1690.6461500979783,584.2709175126919,77.33846247550531,148.38193381928323,1
834e844f-215.jpg,1729.3153813357312,368.44265013918863,72.84204023855722,203.2382851100487,1
137dcfeb-184.jpg,440.2330907517673,261.12070386377405,243.3464450056106,254.22771327703882,2
137dcfeb-184.jpg,401.65378795875336,115.7064087208765,214.65919759189666,187.9504495044256,3
137dcfeb-184.jpg,523.3269736905658,479.7367530241849,198.83179131783967,170.1446174461116,1
137dcfeb-184.jpg,576.7445385046951,638.9998244385491,211.69149027632517,175.09088612508913,2
137dcfeb-184.jpg,769.6409838305761,912.0227868843639,167.17697876972608,173.1122561224973,2
137dcfeb-184.jpg,1390.8666800873089,677.5793314498961,202.78864288635418,176.07989479888283,2
137dcfeb-184.jpg,661.8167785885636,786.3927495840372,159.26327563269737,181.02595925952554,0
137dcfeb-184.jpg,895.2710211309027,987.2029666861337,193.88572685719708,171.13383033824027,0
137dcfeb-184.jpg,1093.1135995566146,985.4303003031192,181.02601319031467,184.98281082803987,1
137dcfeb-184.jpg,1219.776461692823,904.808368550146,161.3732771662583,157.46453866406674,1
137dcfeb-184.jpg,1353.2304944151003,818.2587107737972,161.3732328862244,179.79993421925334,1
137dcfeb-184.jpg,1395.6677847149865,523.431489445332,206.6023701404456,171.42416088605833,1
137dcfeb-184.jpg,1492.9865208972606,116.3689054520535,217.77010666307092,225.58749510738622,4
137dcfeb-184.jpg,1403.6449857240527,286.117957781843,250.15638317055405,252.94830855211998,3
91819bd3-51.jpg,114.70564131643052,380.75980392156845,293.1374959384715,345.7107843137252,1
91819bd3-51.jpg,218.25980392156865,708.9460784313725,108.33333333333336,84.43627450980398,0
91819bd3-51.jpg,345.7107843137256,677.0833333333334,113.11274509803916,149.75490196078428,0
91819bd3-51.jpg,403.06372549019585,423.7745098039214,293.13708722438844,326.5931372549018,0
91819bd3-51.jpg,702.5735294117648,471.5686274509804,275.6127450980392,285.1715686274511,0
91819bd3-51.jpg,462.0098039215686,710.5392156862745,156.12745098039213,183.2107843137256,0
91819bd3-51.jpg,629.2892156862746,656.3725490196078,194.36274509803923,238.9705882352942,0
91819bd3-51.jpg,830.0245098039217,640.4411764705882,269.2401960784315,275.6127450980392,0
91819bd3-51.jpg,982.9656862745097,446.078431372549,277.20588235294133,278.7990196078432,0
91819bd3-51.jpg,1092.892156862745,642.0343137254903,275.61274509803934,245.343137254902,0
91819bd3-51.jpg,1253.7990196078438,477.9411764705883,250.1225490196079,219.85294117647052,0
91819bd3-51.jpg,1390.8088235294117,638.8480392156862,229.41176470588232,167.27941176470597,0
91819bd3-51.jpg,1481.6176470588236,449.2647058823529,232.59803921568647,202.3284313725491,0
91819bd3-51.jpg,1695.0980392156864,431.7401960784314,211.88725490196077,140.1960784313725,0
91819bd3-51.jpg,1626.5931372549019,536.8872549019608,286.76470588235304,176.83823529411774,3
91819bd3-51.jpg,1865.563725490196,462.0098039215686,100.36764705882348,82.84313725490199,0
27da6333-278.jpg,184.80392156862746,31.86274509803923,313.84803921568636,286.76470588235287,1
27da6333-278.jpg,264.46078431372547,293.1372549019608,305.8823529411766,326.59313725490193,2
27da6333-278.jpg,289.9509803921569,583.0882352941178,270.8333333333335,259.6813725490196,1
27da6333-278.jpg,374.3872549019608,787.0098039215684,221.4460784313726,235.78431372549022,0
27da6333-278.jpg,484.31372549019613,975.0,192.7696078431373,175.24509803921552,0
27da6333-278.jpg,659.5588235294118,984.5588235294116,180.02450980392155,168.8725490196078,1
27da6333-278.jpg,753.5539215686275,1064.2156862745098,194.36274509803923,144.97549019607848,1
27da6333-278.jpg,1033.9460784313728,979.7794117647059,197.5490196078431,173.65196078431376,0
27da6333-278.jpg,1212.3774509803925,986.1519607843138,197.54901960784295,199.14215686274505,1
27da6333-278.jpg,1349.3872549019604,836.3970588235292,234.19121595062327,254.90196078431376,4
27da6333-278.jpg,1411.5196078431372,645.220588235294,266.05392156862763,235.78431372549034,1
27da6333-278.jpg,1448.1616857458127,387.1323529411764,317.0343926855595,321.8137254901958,2
27da6333-278.jpg,1575.6127450980396,95.58823529411767,317.03431372549005,344.1176470588236,3
27da6333-278.jpg,898.5294117647061,1025.9803921568628,165.68627450980387,170.46568627450978,1
745d312c-272.jpg,27.08333333333332,66.91176470588232,312.2549019607843,310.6617647058824,2
745d312c-272.jpg,50.98039215686273,355.269607843137,369.6079773693729,393.5049019607843,2
745d312c-272.jpg,258.0882352941177,651.593137254902,245.34313725490202,258.0882352941175,2
745d312c-272.jpg,407.8430898788604,828.4313286962637,243.75,277.2058823529412,1
745d312c-272.jpg,614.9509803921569,1010.0490196078433,216.6666666666667,200.73529411764704,0
745d312c-272.jpg,839.5833333333333,1072.1813725490194,192.7696078431373,176.83823529411774,0
745d312c-272.jpg,1038.7254901960782,1064.2156862745098,191.17647058823536,176.83823529411774,0
745d312c-272.jpg,1233.0882352941176,990.9313725490197,203.9215686274511,221.4460784313727,0
745d312c-272.jpg,1406.7401960784316,815.6862745098039,242.15686274509807,266.0539215686276,2
745d312c-272.jpg,1548.529411764706,642.0343137254903,253.3088235294116,264.4607843137253,2
745d312c-272.jpg,1636.152008160355,342.5246194358112,315.4411764705887,372.7941176470588,2
745d312c-272.jpg,1648.8970588235295,71.69117647058822,323.40686274509807,267.64705882352945,3
5b4153f1-222.jpg,65.3186274509804,375.9803921568629,35.04901960784315,129.0441176470588,3
5b4153f1-222.jpg,71.69117647058826,387.13235294117646,78.06372549019609,281.9852941176471,3
5b4153f1-222.jpg,138.6029411764706,391.91176470588226,87.62254901960785,275.6127450980392,3
5b4153f1-222.jpg,215.07352941176472,332.9656862745098,124.26470588235297,304.28921568627453,2
5b4153f1-222.jpg,296.32352941176475,368.0147058823529,211.88725490196077,261.2745098039216,1
5b4153f1-222.jpg,111.51960784313727,664.3382352941176,47.79411764705884,135.4166666666667,1
5b4153f1-222.jpg,149.75482300071496,664.3382352941173,78.06380445026545,277.20588235294105,1
5b4153f1-222.jpg,210.29411764705884,627.6960784313726,87.62254901960787,231.00490196078425,1
5b4153f1-222.jpg,450.85784313725503,380.7598039215686,240.56372549019613,278.7990196078431,3
5b4153f1-222.jpg,286.7647058823529,622.9166666666667,125.8578431372549,321.813725490196,2
5b4153f1-222.jpg,387.1323529411765,619.7303921568626,175.2450980392157,283.57873834184056,2
5b4153f1-222.jpg,525.7352941176471,656.3725490196078,156.12745098039227,224.6323529411767,2
5b4153f1-222.jpg,673.8970588235296,363.2352941176471,264.4607843137255,312.2549019607844,1
5b4153f1-222.jpg,659.5588235294118,656.3725490196077,152.94117647058826,262.86764705882365,3
5b4153f1-222.jpg,812.4999999999997,634.0686274509802,143.38239242121122,274.0197174750269,3
5b4153f1-222.jpg,952.6960784313718,629.2892156862752,211.88745230213397,334.5593936152375,3
5b4153f1-222.jpg,943.137254901961,387.1323529411764,207.10784313725483,259.68137254901967,2
5b4153f1-222.jpg,1145.4656862745098,358.4558823529412,232.59803921568633,291.5441176470588,2
5b4153f1-222.jpg,1127.9411764705887,653.1859894668904,187.99019607843155,278.7993046507561,3
5b4153f1-222.jpg,1371.6911764705885,380.7598039215686,146.5686274509804,315.44117647058823,3
5b4153f1-222.jpg,1306.3725490196082,657.96568627451,168.87265956370513,264.46078431372536,3
5b4153f1-222.jpg,1523.0392156862747,380.7598039215686,129.04411764705912,278.7990196078431,3
5b4153f1-222.jpg,1475.2450980392157,645.2205882352944,202.32843137254918,226.25926830665992,3
5b4153f1-222.jpg,1642.5245098039218,374.3872549019608,108.33333333333314,242.156862745098,3
5b4153f1-222.jpg,1746.0784313725492,361.6421568627452,122.67156862745082,199.1421568627451,3
5b4153f1-222.jpg,1680.7597565455274,544.8529411764708,151.3480865917272,234.19117647058806,3
5b4153f1-222.jpg,1836.1297596671143,457.02395606658,86.18022716223976,157.99708313077295,3
3e695421-170.jpg,297.91666666666674,442.89215686274514,119.4852941176471,132.23039215686265,2
3e695421-170.jpg,420.5882352941177,457.2303921568627,175.24509803921575,170.46568627450978,2
3e695421-170.jpg,307.47549019607845,570.343137254902,122.67156862745097,76.47058823529413,1
3e695421-170.jpg,417.4019607843136,605.3921568627451,227.8186274509803,164.093488076949,2
3e695421-170.jpg,581.4950980392157,506.6176470588235,164.09319252695053,184.80392156862752,1
3e695421-170.jpg,721.6911764705884,501.8382352941176,187.99019607843135,202.32843137254903,1
3e695421-170.jpg,638.8480392156866,669.1176470588236,160.90686274509807,146.56875900924814,1
3e695421-170.jpg,787.0098039215688,669.1176470588234,202.32843137254903,178.4313725490197,1
3e695421-170.jpg,900.1225490196081,505.02450980392166,202.3284313725489,234.19117647058818,1
3e695421-170.jpg,1094.4852941176473,503.4313725490196,219.85294117647044,221.4460784313726,1
3e695421-170.jpg,1009.4487232381999,704.0163122410773,152.87835605623115,134.89266710843953,0
3e695421-170.jpg,1170.4206393209374,668.9442187928832,160.9719160827379,154.6769249510105,0
3e695421-170.jpg,1307.1118753241522,481.8928185753415,232.01538742651513,239.20989816613658,1
3e695421-170.jpg,1525.637996039821,507.97230271014416,222.1233119903139,182.55482945816917,1
3e695421-170.jpg,1350.277528798853,713.9084411623622,104.3169958971931,53.05794329528026,1
3e695421-170.jpg,1479.7744892229525,682.4336587798887,136.691236003218,84.53251527098413,1
3e695421-170.jpg,1749.998923625692,609.5914452651698,73.74132468594667,51.25921350120714,1
3e695421-170.jpg,1725.7182435461727,648.2606765029225,74.64060913333697,58.4534890803239,1
3e695421-170.jpg,1620.5019632015903,680.634916608948,98.02200476546602,71.04347134377801,1
005ba0eb-58.jpg,315.44117647058835,583.0882352941176,189.58333333333337,133.82352941176472,0
005ba0eb-58.jpg,420.5882352941177,368.014705882353,277.20588235294116,291.5441176470588,3
005ba0eb-58.jpg,713.7254901960787,412.62254901960785,207.10784313725483,261.27450980392166,2
005ba0eb-58.jpg,512.990196078431,643.6274509803923,266.0539215686275,156.12795528708497,0
005ba0eb-58.jpg,791.7892156862746,645.2205882352946,256.4950980392156,237.37777987606083,0
005ba0eb-58.jpg,925.6127450980393,407.8431372549019,243.74999999999986,285.17156862745094,1
005ba0eb-58.jpg,1062.622549019608,610.1715686274509,223.0392156862746,240.56372549019602,1
005ba0eb-58.jpg,1167.7696078431375,374.3872549019608,270.83333333333326,277.2058823529412,1
005ba0eb-58.jpg,1288.8479972962934,587.8676470588236,208.70102231155,264.4609816511269,1
005ba0eb-58.jpg,1432.2303921568628,344.11764705882354,227.8186274509801,288.35784313725486,1
005ba0eb-58.jpg,1500.7352312385576,594.2401960784313,164.0932001339915,246.93627450980387,1
005ba0eb-58.jpg,1666.4215267080574,579.9019607843134,135.41670858606005,227.8186274509803,0
005ba0eb-58.jpg,1653.6764705882351,315.4411764705882,186.39705882352956,281.985294117647,1
005ba0eb-58.jpg,1846.4460784313728,326.59313725490193,119.48529411764696,288.3578431372549,1
005ba0eb-58.jpg,1808.210731914484,589.4607843137254,138.60299357571168,194.36274509803914,0
005ba0eb-58.jpg,1959.558823529412,340.93137254901967,31.862745098039227,219.8529411764706,0
005ba0eb-58.jpg,339.3382352941177,482.7205882352942,82.843137254902,79.6568627450981,0
2ad7a994-114.jpg,16.297147586854493,897.4604546046949,280.3109384938967,143.41489876431922,3
2ad7a994-114.jpg,6.518859034741781,625.2980899042261,356.9075321521125,277.05150897652754,3
2ad7a994-114.jpg,97.78288552112674,460.6968992769955,304.75665987417835,203.7143448356807,2
2ad7a994-114.jpg,200.45491531831019,270.5326499417841,280.3109384938965,239.56806952676055,0
2ad7a994-114.jpg,365.05610594553985,105.93145931455399,250.97607283755852,267.273220424413,0
2ad7a994-114.jpg,562.251591746479,30.964580415023477,221.64120718122115,215.12234814647888,0
2ad7a994-114.jpg,775.7442251342724,4.889144276056344,224.9006366985914,177.6389086967136,0
2ad7a994-114.jpg,1038.1283012826293,4.889144276056326,224.90063669859168,154.82290207511736,0
2ad7a994-114.jpg,1253.2506494291085,8.148573793427222,210.2332038704226,215.12234814647888,0
2ad7a994-114.jpg,1406.4438367455405,76.59659365821597,250.9760728375588,254.23550235492982,0
2ad7a994-114.jpg,1512.7152871530516,218.38177766384973,270.5326499417839,264.01379090704233,1
2ad7a994-114.jpg,1571.3850184657274,389.5018273258215,298.2378008394366,236.30864000938962,1
2ad7a994-114.jpg,1590.9415955699544,560.6218769877935,381.35325353239375,314.53494842629084,2
2ad7a994-114.jpg,293.34865656338025,1231.5519801352114,164.60119062723007,65.18859034741784,0
2ad7a994-114.jpg,464.468706225352,1207.1062587549297,203.71434483568063,84.74516745164323,0
2ad7a994-114.jpg,671.4424805784039,1179.401107857277,233.04921049201866,118.96917738403747,0
2ad7a994-114.jpg,907.7511205877938,1150.0662422009398,247.71664332018707,143.41489876431905,0
2ad7a994-114.jpg,1197.840347633803,1137.0285241314555,249.3463580788729,156.45261683380275,0
2ad7a994-114.jpg,190.6766267661972,1270.6651343436622,97.78288552112674,21.186291862910508,0
2ad7a994-114.jpg,9.778288552112672,1226.662835859155,172.7497644206573,70.07773462347421,3
2ad7a994-114.jpg,1437.7484082535218,1119.101661785916,206.97377435305128,174.37947917934247,0
2ad7a994-114.jpg,1644.7221826065727,1096.285655164319,190.67662676619705,197.19548580093894,0
2ad7a994-114.jpg,1801.1747994403754,1117.47194702723,177.6389086967137,171.12004966197188,0
2ad7a994-114.jpg,1902.2171144788736,1132.139379855399,91.26402648638532,153.19318731643196,0
2ad7a994-114.jpg,1781.3426950643836,1046.7847876751327,217.40065375782046,130.06339690135584,3
a867644f-151.jpg,301.2557665632716,525.6137852952198,150.36035960354045,150.36035960354045,0
a867644f-151.jpg,310.15868259242893,629.4811389687179,135.52222015240153,163.22012720121168,0
a867644f-151.jpg,442.71321013765476,482.0880776776733,255.2169261691673,235.43300869048755,1
a867644f-151.jpg,441.72399724552645,651.2438225955462,205.75628156273964,192.89651396506855,0
a867644f-151.jpg,659.3508335138094,637.3948421057468,118.70558137501969,195.86415264145398,0
a867644f-151.jpg,710.7899039044934,508.7970980562564,207.7346877358005,207.73477541977482,0
a867644f-151.jpg,910.6109081144625,479.12071129239956,150.3603596035403,222.57296880170372,0
a867644f-151.jpg,783.0024450298781,691.8015511728171,56.38513485132776,96.94286342859843,0
a867644f-151.jpg,841.3660056654629,693.7799769570742,56.38513485132762,97.93207632072702,0
7cbe7261-76.jpg,38.23529411764707,434.92647058823525,242.1568627450981,200.7352941176471,1
7cbe7261-76.jpg,87.6225490196078,614.9509803921567,304.2892156862744,130.6376495767639,1
7cbe7261-76.jpg,288.357843137255,511.3970588235294,172.05882352941177,156.12745098039213,1
7cbe7261-76.jpg,371.2009803921568,632.4754901960786,229.41176470588235,192.76976132778276,1
7cbe7261-76.jpg,438.11274509803934,433.33333333333326,243.75000000000009,283.5784313725491,1
7cbe7261-76.jpg,594.2401960784315,664.3382352941176,270.8333333333334,210.29411764705887,1
7cbe7261-76.jpg,678.6764705882354,439.7058823529412,272.42647058823536,296.32352941176464,1
7cbe7261-76.jpg,881.0049019607844,678.6764705882355,219.85294117647064,187.9903934158327,0
7cbe7261-76.jpg,1135.9068627450981,678.676470588235,162.4999790403037,159.31372549019605,0
7cbe7261-76.jpg,1366.9117647058827,721.6911764705883,105.14705882352928,100.36764705882352,0
7cbe7261-76.jpg,955.8823529411767,457.2303921568627,256.49509803921575,289.9509803921568,1
7cbe7261-76.jpg,1204.411764705883,414.2156862745096,267.6469435451978,347.30392156862746,1
7cbe7261-76.jpg,1484.8039215686274,375.9803921568627,258.08808857624166,347.30392156862735,1
7cbe7261-76.jpg,1502.3284313725492,688.2352941176472,124.26470588235276,129.04411764705875,0
7cbe7261-76.jpg,1739.7058823529417,388.7254901960785,146.5686274509804,318.6274509803921,1
7cbe7261-76.jpg,1669.6078431372553,673.8970588235295,89.21568627450966,116.29901960784304,0
7cbe7261-76.jpg,1863.9705882352946,396.69117647058835,103.55392156862735,274.01960784313735,1
7cbe7261-76.jpg,1792.2794117647063,685.0490196078432,68.50490196078425,93.99509803921563,0
d1bf28ca-279.jpg,189.58333333333334,527.3284313725491,76.47058823529413,130.63725490196074,0
d1bf28ca-279.jpg,223.03921568627453,476.3480392156863,90.80882352941181,141.7892156862745,1
d1bf28ca-279.jpg,262.8676549548305,630.8822433092867,141.78917620623986,97.1813725490196,1
d1bf28ca-279.jpg,326.59313725490205,426.96078431372547,98.77450980392155,192.76960784313727,1
d1bf28ca-279.jpg,288.357843137255,438.1127450980392,66.91176470588235,192.76960784313727,1
d1bf28ca-279.jpg,406.2500000000001,383.9460784313725,165.68627450980395,258.0882352941177,1
d1bf28ca-279.jpg,374.3872549019608,629.2892156862745,62.13235294117645,122.67156862745108,1
d1bf28ca-279.jpg,431.7401960784314,611.7647058823528,165.68627450980395,167.27941176470586,1
d1bf28ca-279.jpg,571.936274509804,415.8088235294117,197.5490196078431,258.08823529411774,1
d1bf28ca-279.jpg,621.3235294117649,656.3725490196077,98.77450980392148,43.014705882352985,0
d1bf28ca-279.jpg,775.8578431372549,388.7254901960784,245.34313725490193,296.3235294117647,1
d1bf28ca-279.jpg,1019.607843137255,360.0490196078432,246.93627450980372,299.50980392156856,1
d1bf28ca-279.jpg,1070.5882352941176,657.9656862745097,117.89215686274517,70.09803921568636,1
d1bf28ca-279.jpg,1247.4264705882354,616.5441176470588,71.6911764705884,58.9460784313727,0
d1bf28ca-279.jpg,1269.7303921568628,399.87745098039215,197.54901960784323,229.41176470588232,1
d1bf28ca-279.jpg,1328.6764705882354,632.4754901960785,127.45098039215691,97.18137254901963,1
d1bf28ca-279.jpg,1430.6372549019611,454.0441176470587,151.34803921568619,238.97058823529414,1
d1bf28ca-279.jpg,1566.0539215686279,426.96078431372547,160.90686274509807,221.4460784313725,1
d1bf28ca-279.jpg,1464.093137254902,603.7990196078431,191.1765416522973,238.97058823529395,1
d1bf28ca-279.jpg,1645.7107843137258,618.1372549019608,47.79411764705884,82.84313725490199,1
d1bf28ca-279.jpg,1696.6911764705883,546.4460784313726,105.14705882352928,164.09313725490188,1
d1bf28ca-279.jpg,1663.235294117647,689.8284313725491,95.58823529411768,144.97549019607848,1
d1bf28ca-279.jpg,1771.5686274509808,589.4607843137255,76.47058823529392,111.51960784313725,1
d1bf28ca-279.jpg,1757.2303921568628,696.2009803921566,58.946078431372655,109.92647058823536,1
d2b3cd3c-263.jpg,750.3676470588235,500.2450980392157,43.0147058823529,210.2941176470587,1
d2b3cd3c-263.jpg,798.1617647058825,477.9411764705883,210.29411764705884,277.2058823529412,1
d2b3cd3c-263.jpg,755.1470588235295,699.3872549019608,117.89215686274503,180.0245098039217,1
d2b3cd3c-263.jpg,860.2941176470589,694.6078431372549,184.8039215686275,258.0882352941176,2
d2b3cd3c-263.jpg,1003.6764705882355,476.3480392156862,92.40196078431367,283.5784313725491,1
d2b3cd3c-263.jpg,1068.9950980392157,482.72058823529414,105.14705882352956,301.10294117647055,1
381372b6-181.jpg,406.930109241468,593.2029638102107,172.1230432303688,117.71633416329799,3
381372b6-181.jpg,390.11349007528264,453.7239460200843,118.70554705542673,152.33878538779757,1
381372b6-181.jpg,496.94848242516673,517.033571116312,187.95044950442565,147.39272092715476,1
381372b6-181.jpg,549.37676570798,657.5018017985678,267.08748087471,124.64112392842004,3
381372b6-181.jpg,675.9960159004357,563.526577046354,152.3388442213858,145.41429514289766,0
381372b6-181.jpg,807.5613305535336,556.6018961976757,177.06910769101148,169.1555951577618,0
381372b6-181.jpg,782.8310082503193,689.1566143466804,184.98281082804,132.55452754522642,0
381372b6-181.jpg,972.7598835390019,526.9257000375973,208.7239202391254,215.64841048402522,0
381372b6-181.jpg,953.9648385885599,672.339995180496,200.8102171020965,197.84280987315566,0
381372b6-181.jpg,1174.9964479647847,508.1306550871548,212.68077180763967,246.31401014001017,0
381372b6-181.jpg,1158.1798287985994,672.3399951804951,193.88572685719666,204.76706867061108,0
381372b6-181.jpg,1389.6556455566808,472.5189909705268,251.2600598922558,278.9580355802527,0
381372b6-181.jpg,1367.8929619298533,698.0595303758377,127.60846308458385,135.5221662216121,0
381372b6-181.jpg,1638.9372943730773,434.9289010696418,226.5297522974393,283.90410004089546,0
381372b6-181.jpg,1576.6168821689782,691.1350401309377,98.92128921285575,115.73790837904087,0
381372b6-181.jpg,1833.8122341224025,477.46505543116956,76.1693926938986,216.63762337615373,0
381372b6-181.jpg,1706.2037710378193,703.9948077286087,93.97522475221251,100.89971499711264,0
381372b6-181.jpg,1843.7043630436885,677.2860596411379,58.363560635584975,62.320412204099036,0
381372b6-181.jpg,1906.0247752477874,367.6624244049,88.0399473994413,274.01197111961,1
381372b6-181.jpg,1886.2405174052162,607.0519443000105,49.46064460642788,82.1046700466701,0
9d5b0d56-95.jpg,760.0897738548296,365.4708520179369,248.8788360106414,293.7219730941702,0
9d5b0d56-95.jpg,1004.4843049327354,367.713004484305,262.33183856502234,293.72197309417055,0
9d5b0d56-95.jpg,564.7359454855194,403.0664395229984,199.3185689948893,239.18228279386705,1
9d5b0d56-95.jpg,1257.9216354344114,391.99318568994846,201.53299042120523,236.9676320272571,1
9d5b0d56-95.jpg,451.78875638841566,396.4224872231687,152.81090289608173,256.899488926746,1
9d5b0d56-95.jpg,387.56388415672905,440.71550255536624,104.08858603066442,179.3867120954003,1
9d5b0d56-95.jpg,1461.669505962521,345.4855195911413,152.81090289608187,303.4071550255537,1
9d5b0d56-95.jpg,1607.8364565587733,411.9250425894377,106.3031858327646,197.1039182282793,1
9d5b0d56-95.jpg,1691.9931856899489,429.64224872231694,86.37137989778523,177.17206132879042,1
9d5b0d56-95.jpg,356.55877342419086,436.2862010221465,64.22487223168652,170.5281090289608,1
9d5b0d56-95.jpg,307.83645655877336,425.212947189097,64.22487223168655,181.6013628620102,1
9d5b0d56-95.jpg,1773.9352640545144,445.14480408858594,62.010221465076825,141.73764906303248,1
9d5b0d56-95.jpg,1189.2673342582314,615.6729131175468,166.09893490701543,221.46507666098802,3
9d5b0d56-95.jpg,1034.2419080068144,655.5366269165246,150.59625212947182,168.3134582623511,0
9d5b0d56-95.jpg,870.3577512776832,640.0340715502555,155.0255536626915,163.8841567291313,0
9d5b0d56-95.jpg,710.9028960817716,640.0340715502556,152.81090289608173,177.1720613287906,1
9d5b0d56-95.jpg,569.1652470187394,628.9608177172062,150.59625212947182,208.1771720613288,1
9d5b0d56-95.jpg,456.2180579216354,635.6047700170355,132.87879117404333,210.39191194484806,1
9d5b0d56-95.jpg,369.8466780238502,628.9608177172053,132.87881665629843,172.74275979557072,1
9d5b0d56-95.jpg,298.97785349233385,615.6729131175467,104.08858603066444,155.02559327020737,1
9d5b0d56-95.jpg,1353.1514400228523,591.3117546848381,155.0257320384767,276.83134582623484,1
9d5b0d56-95.jpg,1497.1039182282793,640.0340715502562,168.31335633333086,174.95745016969587,1
9d5b0d56-95.jpg,1612.2657580919938,611.2436115843273,157.24020442930174,157.2402737424533,3
9d5b0d56-95.jpg,1742.930153321976,597.9557069846678,112.94718909710411,117.37649063032357,0
4b32eec6-37.jpg,912.8676470588238,441.2990196078431,98.77450980392155,264.4607843137254,1
4b32eec6-37.jpg,611.764705882353,493.87254901960773,149.75490196078434,267.64705882352945,1
4b32eec6-37.jpg,637.2549019607845,743.9950980392153,87.62254901960787,95.58823529411781,0
4b32eec6-37.jpg,740.8088235294117,696.2009803921568,90.80882352941188,184.8039215686276,1
4b32eec6-37.jpg,822.0588235294118,704.1666666666666,23.89705882352942,97.18137254901971,0
4b32eec6-37.jpg,764.7058823529413,439.7058823529412,194.36274509803923,291.5441176470588,2
5b6ca6fe-112.jpg,136.48293963254594,994.7506561679792,325.4593175853018,275.5905511811022,5
5b6ca6fe-112.jpg,165.66521927133036,729.7937084431794,338.06479704962504,313.8211064245523,5
5b6ca6fe-112.jpg,1501.6574704846116,1021.1975578116633,323.2492083343028,261.29311007022784,5
5b6ca6fe-112.jpg,1484.148138366508,769.3325496511854,321.90233663291025,296.31177430644465,5
5b6ca6fe-112.jpg,1461.2513194428254,598.2798435742834,289.57741579948015,188.56203819500973,3
5b6ca6fe-112.jpg,1415.457681595464,398.9428317681294,263.98685347300966,207.41824201451067,2
5b6ca6fe-112.jpg,258.4948900989413,561.6454994808521,266.6805968758002,188.56203819501025,4
5b6ca6fe-112.jpg,342.00093558530267,374.43033298723446,261.2931100702282,211.4588571186899,3
5b6ca6fe-112.jpg,453.79128680091594,203.37762691033245,202.03075520893955,206.07137031311814,0
5b6ca6fe-112.jpg,627.5377362806042,113.13722291700606,165.66521927133044,169.70583437550908,0
5b6ca6fe-112.jpg,778.3873668366126,55.22173975711015,237.04941944515568,193.94952500058193,1
5b6ca6fe-112.jpg,1015.4367862817668,47.14050954875256,247.82439305629862,189.9089098964028,1
5b6ca6fe-112.jpg,1233.6300019074208,121.21845312536371,180.48080798665265,167.01209097272314,1
5b6ca6fe-112.jpg,1365.6234286439296,218.19321562565443,203.3776269103327,199.33701180615338,0
bb1ba13f-62.jpg,15.931372549019606,22.303921568627462,342.5245098039216,218.25980392156868,3
bb1ba13f-62.jpg,86.02941176470586,181.61764705882354,339.3382352941177,325.0,3
bb1ba13f-62.jpg,187.99019607843135,454.0441176470588,325.0,237.3774509803922,0
bb1ba13f-62.jpg,302.6960784313726,637.2549019607843,321.81372549019613,254.90196078431376,0
bb1ba13f-62.jpg,436.51960784313724,865.0735294117648,270.83333333333326,235.78431372549022,0
bb1ba13f-62.jpg,651.5931372549022,984.5588235294117,232.59806017538287,221.4460784313727,1
bb1ba13f-62.jpg,869.8529411764707,1024.3872549019607,266.05392156862735,266.05392156862746,2
bb1ba13f-62.jpg,1140.6862745098042,1032.3529411764707,286.76470588235304,219.85294117647072,2
bb1ba13f-62.jpg,1373.2843137254902,970.2205882352943,235.78431372549034,224.63235294117632,1
bb1ba13f-62.jpg,1499.1421568627454,801.3480392156863,259.6813725490196,234.19117647058818,0
bb1ba13f-62.jpg,1674.3872549019611,137.00980392156865,291.54411764705856,293.1372549019608,2
bb1ba13f-62.jpg,1640.93137254902,404.65686274509807,293.1372549019608,223.03921568627445,0
bb1ba13f-62.jpg,1559.68137254902,584.6813725490196,307.47549019607874,250.12254901960785,0
bb1ba13f-62.jpg,1661.6421568627452,1.5931372549019642,321.81372549019613,160.90686274509804,0
9f786cc0-185.jpg,184.80392156862743,474.7549019607842,101.96078431372551,178.4313725490196,1
9f786cc0-185.jpg,275.61272930602524,557.5980392156858,58.94613370342113,130.63769342951994,1
9f786cc0-185.jpg,317.0343137254902,516.1764705882352,129.0441176470588,200.7352941176471,1
9f786cc0-185.jpg,447.16868961120065,513.1799730825502,119.98352984191222,180.436769877645,0
9f786cc0-185.jpg,444.86131403731764,708.8454217478223,85.83437134844502,162.43924040135823,2
9f786cc0-185.jpg,232.59803921568633,657.9656862745097,200.7352941176471,146.56884671475973,1
9f786cc0-185.jpg,377.48595414151185,745.763430929949,68.29831012535888,92.29502295531704,1
9f786cc0-185.jpg,562.9989434201235,513.1799730825502,229.35317092622654,256.118688701005,1
9f786cc0-185.jpg,531.1571605005392,667.7741365327058,152.28682218415247,198.89577446870825,0
9f786cc0-185.jpg,726.3611340510349,729.6118019127688,109.83107731682736,144.9031860398481,0
9f786cc0-185.jpg,768.597031583962,429.2990912325451,297.28409961827305,371.60514354941984,1
9f786cc0-185.jpg,896.9697023161356,711.2276216278902,143.72829475164653,148.64205741976778,1
9f786cc0-185.jpg,1046.2259831136714,463.6953045126571,282.5426624455379,319.3964523140461,1
9f786cc0-185.jpg,1049.9113233802768,729.6543229609191,152.32739768637373,115.47399502031573,0
9f786cc0-185.jpg,1258.7472718212732,697.1004839392346,133.28647297557694,157.85540808628238,0
9f786cc0-185.jpg,1319.5553862202676,494.4067101009394,225.41997964072203,238.31872974881745,1
9f786cc0-185.jpg,1527.1628879057268,509.7622607308588,120.38778204245624,113.63146859766627,0
9f786cc0-185.jpg,1395.104861685688,587.7687226965953,183.03856657475563,218.66352248527843,1
9f786cc0-185.jpg,1548.6607061275972,625.2363487404212,137.5860366199501,138.20025999771798,0
9f786cc0-185.jpg,1614.3826075487345,456.9391432320889,155.39851457521166,232.1764367961665,1
9f786cc0-185.jpg,1748.7824101740998,557.6719039894995,104.41820862793362,91.51928328737785,1
9f786cc0-185.jpg,1783.793371025792,434.2128782546866,62.650784532298765,128.37268595343585,1
6e187bea-59.jpg,144.97549019607843,462.0098039215686,93.99509803921573,135.41666666666663,0
6e187bea-59.jpg,189.58333333333334,603.7990196078432,106.74019607843142,148.16176470588246,0
6e187bea-59.jpg,235.7843137254903,468.3823529411765,93.99509803921572,199.14215686274505,0
6e187bea-59.jpg,321.81372549019613,489.09313725490205,114.70588235294116,187.99019607843138,0
6e187bea-59.jpg,285.17156862745105,648.406862745098,135.41666666666663,133.82352941176472,0
6e187bea-59.jpg,430.1470588235294,441.2990196078431,180.02450980392163,274.01960784313735,0
6e187bea-59.jpg,605.3921568627452,474.7549019607842,186.39705882352942,232.59803921568624,0
6e187bea-59.jpg,388.7254901960786,686.6421568627451,152.9411764705882,137.00980392156853,0
6e187bea-59.jpg,541.6666666666666,672.3039215686275,138.60294117647058,200.73529411764704,0
6e187bea-59.jpg,681.8627450980393,675.4901960784314,137.0098039215685,175.24509803921552,0
6e187bea-59.jpg,788.6029411764707,439.7058823529412,240.56372549019613,275.6127450980392,0
6e187bea-59.jpg,1025.9803921568628,447.671568627451,240.563725490196,274.01960784313724,0
6e187bea-59.jpg,847.5490196078432,699.3872549019608,143.38235294117652,148.16176470588246,0
6e187bea-59.jpg,1008.4558823529414,702.5735294117646,113.11274509803937,137.00980392156882,0
6e187bea-59.jpg,1150.245098039216,665.9313725490196,133.82352941176464,189.58333333333346,0
6e187bea-59.jpg,1253.7990196078433,460.41666666666674,173.65196078431396,226.2254901960784,0
6e187bea-59.jpg,1414.7058823529412,444.4852941176471,149.75490196078454,240.56372549019602,0
6e187bea-59.jpg,1282.4754901960787,677.0833333333337,146.5686274509801,197.54901960784312,0
6e187bea-59.jpg,1406.7401960784314,673.8970588235296,137.0098039215688,156.12745098039204,0
6e187bea-59.jpg,1534.1911764705885,457.23039215686276,106.7401960784315,213.48039215686285,0
6e187bea-59.jpg,1532.5980392156866,678.6764705882355,70.09803921568619,114.70588235294113,0
6e187bea-59.jpg,1613.8480392156866,466.78921568627453,65.31862745098039,181.6176470588235,0
6e187bea-59.jpg,1594.730392156863,648.4068627450979,74.87745098039227,103.55392156862759,0
1726933b-15.jpg,250.12261189869756,645.2205005297823,219.8528782973807,213.48047986237447,0
1726933b-15.jpg,356.86264029955635,817.2794117647059,205.5148106808359,216.66686400406834,0
1726933b-15.jpg,551.2254901960785,955.8823529411766,178.4313725490196,170.46568627450978,0
1726933b-15.jpg,716.9117647058824,1051.4705882352941,141.78921568627445,122.67156862745081,0
1726933b-15.jpg,1043.5049019607845,1067.4019607843138,170.46568627450966,119.48529411764702,0
1726933b-15.jpg,1185.294117647059,976.593137254902,159.31372549019585,187.99019607843147,0
1726933b-15.jpg,1311.1519607843134,842.7695639903817,200.73529411764696,219.85298502922623,1
1726933b-15.jpg,1468.872549019608,745.5882352941176,205.51470588235304,234.19117647058818,1
1726933b-15.jpg,1497.5489567287534,479.53437950462427,321.81378836928644,323.40679696596453,1
1726933b-15.jpg,1631.372402301732,232.5980392156861,325.0001467178768,304.2892156862743,1
1726933b-15.jpg,65.31862745098039,78.06372549019608,315.4411764705883,294.73039215686276,3
1726933b-15.jpg,127.45098039215682,345.7107843137254,336.15208654249335,325.0000000000002,2
1726933b-15.jpg,1792.279411764706,82.84313725490196,151.34803921568619,144.97549019607845,0
8e0bfd48-4.jpg,818.3856502242153,1008.968609865471,237.6681614349775,264.5739910313901,1
8e0bfd48-4.jpg,1060.5381165919284,1000.0000000000002,242.15246636771298,230.94170403587455,0
8e0bfd48-4.jpg,618.8340807174887,988.7892376681617,195.06726457399105,208.52017937219713,0
8e0bfd48-4.jpg,1253.3632286995512,908.0717488789237,213.00448430493276,210.762331838565,0
8e0bfd48-4.jpg,1401.3452914798204,753.3632286995517,213.00448430493276,242.15246636771306,2
8e0bfd48-4.jpg,437.219730941704,845.291479820628,217.4887892376682,233.18385650224218,2
8e0bfd48-4.jpg,307.1749486466515,659.192825112107,266.8160827434834,206.27802690582877,2
8e0bfd48-4.jpg,224.21528038914607,488.7892376681615,255.60534741354434,197.30941704035902,2
8e0bfd48-4.jpg,125.56053811659187,201.79372197309416,311.65919282511186,311.65919282511186,2
8e0bfd48-4.jpg,42.60089686098653,8.968609865470862,226.457399103139,269.05829596412565,0
8e0bfd48-4.jpg,1438.6029411764703,557.5980392156863,261.27450980392183,210.29411764705887,2
8e0bfd48-4.jpg,1478.4313725490197,379.16666666666663,254.9019607843141,186.39705882352945,2
8e0bfd48-4.jpg,1452.9411764705885,86.02949947021767,323.40686274509807,296.32344170625305,2
8e0bfd48-4.jpg,1632.96568627451,3.1862745098039373,146.5686274509804,113.11274509803921,1
44ea1618-6.jpg,962.2549019607844,387.13235294117646,313.84803921568647,328.18627450980404,1
44ea1618-6.jpg,489.0932525332331,433.33333333333286,199.14204158441356,237.3774509803923,0
44ea1618-6.jpg,334.55888640850145,385.5392156862746,156.12738810130242,253.30882352941177,0
44ea1618-6.jpg,530.5146115637181,651.5931591812797,172.05889688834998,195.95597005845303,0
44ea1618-6.jpg,718.5049019607845,697.7941176470588,186.39705882352942,137.00980392156873,0
44ea1618-6.jpg,912.8676470588236,694.6078431372549,157.7205882352942,141.7892156862746,0
44ea1618-6.jpg,1084.9264705882354,700.9803921568628,164.09316869444675,138.60294117647072,0
44ea1618-6.jpg,1279.2891423273384,393.50472654976073,250.12262237854642,274.0197832541604,0
44ea1618-6.jpg,1255.392156862745,651.593137254902,181.6177099379135,151.34803921568616,0
44ea1618-6.jpg,1513.4803921568628,388.7254901960785,149.75477620260506,226.22549019607848,0
44ea1618-6.jpg,305.88224814269336,597.4259224287872,219.85304597495292,221.44693356011274,1
44ea1618-6.jpg,1444.9754901960785,618.1372549019608,144.97549019607845,178.4313725490197,0
44ea1618-6.jpg,197.5490720070846,361.642156862745,146.568575051739,229.41176470588226,0
44ea1618-6.jpg,114.70588235294119,498.65196078431376,172.05882352941182,181.6176470588235,1
44ea1618-6.jpg,79.65686274509807,312.2549019607843,133.82352941176472,203.92156862745094,0
44ea1618-6.jpg,23.897058823529417,369.60784313725486,101.9607843137255,138.6029411764706,0
44ea1618-6.jpg,1650.4901960784316,360.04901960784315,170.46568627450995,191.17647058823522,0
44ea1618-6.jpg,1588.357843137255,549.6323529411761,149.75506963835664,216.6666666666664,0
44ea1618-6.jpg,1720.5882352941182,548.0392156862742,121.0785780904247,203.9215686274511,0
44ea1618-6.jpg,1782.7205882352944,380.7598039215686,105.14705882352956,156.12745098039213,0
44ea1618-6.jpg,1856.0049019607845,339.3382352941177,117.89215686274503,207.10784313725486,0
44ea1618-6.jpg,686.6421568627452,403.0637254901961,275.6127450980392,302.6960784313724,1
1f0c7ba1-68.jpg,721.6911764705882,473.1617647058824,278.79901960784326,317.03431372549016,0
1f0c7ba1-68.jpg,989.3382352941179,395.0980392156862,277.20588235294105,340.9313725490196,0
1f0c7ba1-68.jpg,508.2107843137256,501.8382352941176,219.85294117647058,275.6127450980392,0
1f0c7ba1-68.jpg,363.2352941176471,508.2107843137256,162.5,267.6470588235294,0
1f0c7ba1-68.jpg,291.5441176470589,563.9705882352941,92.40196078431374,184.8039215686274,0
1f0c7ba1-68.jpg,238.97058823529414,563.9705882352941,65.31862745098039,157.72058823529412,0
1f0c7ba1-68.jpg,165.68627450980395,552.8186274509803,89.21568627450985,162.5000000000001,0
1f0c7ba1-68.jpg,84.43627450980394,484.3137254901961,81.25000000000001,165.68627450980387,0
1f0c7ba1-68.jpg,159.3137254901961,705.7598039215686,121.07843137254908,100.36764705882369,1
1f0c7ba1-68.jpg,259.6813725490196,750.3676470588234,81.25000000000007,98.77450980392152,0
1f0c7ba1-68.jpg,332.96568627450984,758.3333333333334,129.04411764705884,135.41666666666663,0
1f0c7ba1-68.jpg,471.5686274509805,755.1470588235295,140.1960784313725,165.68627450980398,0
1f0c7ba1-68.jpg,640.4411764705882,755.1470588235296,146.56862745098053,170.46568627450978,0
1f0c7ba1-68.jpg,826.8382352941176,763.1127450980392,162.50000000000014,165.68627450980398,0
1f0c7ba1-68.jpg,1011.6421568627452,729.656862745098,144.97549019607845,194.36274509803926,0
1f0c7ba1-68.jpg,1174.1421568627452,710.5392156862745,154.53431372549005,172.05882352941182,0
1f0c7ba1-68.jpg,1258.5784313725492,436.5196078431373,197.5490196078431,272.42647058823525,0
1f0c7ba1-68.jpg,1454.5343137254902,418.9950980392157,183.2107843137254,291.54411764705867,1
1f0c7ba1-68.jpg,1346.2008651138256,626.1029411764703,170.4658015528397,304.28921568627425,1
1f0c7ba1-68.jpg,1516.666666666667,708.9460784313726,146.5686274509804,184.8039215686275,0
1f0c7ba1-68.jpg,1609.0686274509808,473.1617647058824,100.36764705882348,232.59803921568616,0
1f0c7ba1-68.jpg,1617.0343137254904,697.7941176470588,86.02941176470608,138.60294117647072,0
1f0c7ba1-68.jpg,1687.1323529411766,517.7696078431372,81.25,176.83823529411762,0
1f0c7ba1-68.jpg,1687.1323529411766,689.8284313725488,127.45098039215691,137.00980392156862,0
1f0c7ba1-68.jpg,1741.2990196078433,500.24509803921563,105.14705882352928,178.4313725490196,0
1f0c7ba1-68.jpg,1833.7009803921574,466.7892156862744,117.89215686274503,159.3137254901961,0
1f0c7ba1-68.jpg,1793.8725490196082,640.4411764705882,119.48529411764696,101.9607843137254,0
f08afd15-36.jpg,978.1862745098042,326.59313725490193,345.7107843137255,361.6421568627452,0
f08afd15-36.jpg,640.441176470588,353.6762951772118,339.3382352941176,363.23546952867065,1
f08afd15-36.jpg,439.70578803430647,406.2499999999997,223.03931000490957,293.13725490196066,1
f08afd15-36.jpg,406.25,656.3725490196077,202.32843137254903,119.4852941176471,0
f08afd15-36.jpg,643.6274509803925,672.3039215686279,108.33333333333329,109.92660214650269,0
f08afd15-36.jpg,812.5000000000001,662.7450980392157,164.09313725490193,207.1078431372549,0
f08afd15-36.jpg,995.7107843137255,653.1862745098039,173.65196078431367,178.4313725490196,0
f08afd15-36.jpg,1215.5637254901962,648.4068627450979,108.33333333333329,141.7892156862745,0
f08afd15-36.jpg,251.71568627450986,597.4264705882352,183.2107843137255,151.34803921568627,0
f08afd15-36.jpg,167.2794117647059,568.75,105.14705882352942,106.74019607843147,0
f08afd15-36.jpg,157.72058823529417,374.3872549019608,125.85784313725493,178.4313725490196,0
f08afd15-36.jpg,78.0637254901961,355.26960784313724,97.18137254901961,160.90686274509807,0
f08afd15-36.jpg,55.75980392156863,512.9901960784314,108.33333333333339,79.65686274509801,1
f08afd15-36.jpg,1325.490196078432,369.60760194709763,218.25980392156896,302.69631962153017,1
f08afd15-36.jpg,1327.0833333333333,640.4411764705882,259.6813725490196,227.8186274509803,1
f08afd15-36.jpg,1543.7500000000002,535.2941176470587,202.3284313725489,281.98529411764713,0
f08afd15-36.jpg,1731.740196078432,411.0295213965957,164.09303245641908,234.1910668386985,0
f08afd15-36.jpg,1696.6911764705883,616.5441176470588,181.61764705882348,108.33333333333346,0
f08afd15-36.jpg,1846.4460784313726,551.2254901960783,113.11274509803923,101.96078431372548,0
f08afd15-36.jpg,1892.6470588235295,425.36764705882354,92.40196078431381,127.45098039215688,0
f08afd15-36.jpg,258.0882352941177,323.40686274509807,178.4313725490196,293.1372549019607,1
f08afd15-36.jpg,1548.529411764706,315.4411764705883,216.66666666666657,310.6617647058824,1
31921a82-125.jpg,170.6477186509352,402.12336189276937,212.35504343342885,152.74656819077,3
31921a82-125.jpg,173.13140394317094,530.0335150912686,247.12683373594967,122.9419840356147,2
31921a82-125.jpg,375.5517552604557,439.3781775856285,247.12668657754298,196.21152449560006,2
31921a82-125.jpg,611.5018580229338,477.87529961529594,245.88482431030425,194.9696818494821,2
31921a82-125.jpg,387.9701817216377,614.4783770972157,300.52586149726744,165.166128118087,2
31921a82-125.jpg,659.9337212215487,629.3804888506378,253.33589980813503,186.27665452368603,2
31921a82-125.jpg,882.223554876726,408.3323947992033,257.0613198303253,291.8331248801774,1
31921a82-125.jpg,1013.9769389820597,624.4131182661647,209.87140719399386,265.7546611570397,1
31921a82-125.jpg,1151.8214727011932,453.0388331018382,229.74082085796465,260.7869556848448,1
31921a82-125.jpg,1238.7504579294744,593.3670521132069,187.51823956386443,248.36878682960153,1
31921a82-125.jpg,1384.0460475253162,430.6855366687393,250.8522145158984,296.8005212252449,0
31921a82-125.jpg,1632.4145767489788,434.4111934100635,214.83881702071014,290.5911791916838,1
31921a82-125.jpg,1427.5105401394587,681.5378799876067,152.74667490423406,155.23033076478862,0
31921a82-125.jpg,1585.2245561964826,702.6492049716184,122.94244158683419,121.70057931959424,0
31921a82-125.jpg,1875.8157353881688,388.4630155036865,73.26871612097989,275.6890674382646,2
31921a82-125.jpg,1841.0441412968546,461.73173162466634,52.15743037921189,224.77351894741398,0
31921a82-125.jpg,1783.919379575413,693.9563064487905,81.96163426492971,150.2629601803152,2
31921a82-125.jpg,1715.6179849861048,706.3747329099732,72.02692252766259,111.76583815064767,0
3cc802ee-202.jpg,845.9558823529413,235.78431372549022,313.8480392156862,141.78921568627456,0
3cc802ee-202.jpg,793.3822660851002,337.7450980392155,347.30400842470385,168.87254901960762,0
3cc802ee-202.jpg,712.1323529411767,981.3725490196077,305.8823529411764,213.48039215686273,1
3cc802ee-202.jpg,979.7794117647059,987.7450980392155,229.41176470588232,200.73529411764721,0
3cc802ee-202.jpg,708.9460784313727,680.2696078431371,353.67647058823536,304.28921568627453,1
3cc802ee-202.jpg,785.4166666666665,509.8038119367377,313.84803921568624,213.48050178875226,1
3cc802ee-202.jpg,1043.5049019607845,434.92647058823525,211.88725490196077,100.36764705882352,0
3cc802ee-202.jpg,1016.4215686274512,490.6862745098039,234.19117647058826,141.7892156862745,0
3cc802ee-202.jpg,1014.8284313725488,613.3578431372549,232.59807869572126,165.68627450980387,0
3cc802ee-202.jpg,979.7794117647057,758.3331359959319,285.1715686274511,229.41196204328364,1
100f6601-144.jpg,79.22956082234816,347.8061586762485,121.57639505498257,185.7796598592991,2
100f6601-144.jpg,199.4399289666006,435.23188096297764,94.25585684037969,256.81305921726636,2
100f6601-144.jpg,267.7412745031076,480.31076901707223,144.79896045355983,237.68868246704437,1
100f6601-144.jpg,392.0497233795505,472.1148342459175,218.56419780065747,288.23145147083403,1
100f6601-144.jpg,606.5159483641827,506.2652803209448,184.413632948569,236.32265555631432,1
100f6601-144.jpg,747.2167201693879,450.25809197104917,277.30337654528614,316.9183282993524,1
100f6601-144.jpg,408.4420463083122,705.7052092875454,198.0739020558706,209.89705354866746,2
100f6601-144.jpg,611.9800236322537,719.3654783948468,158.45915401954593,127.0405026979029,2
100f6601-144.jpg,770.4391776517994,735.7578013236084,142.0667987159345,76.4880579607691,2
100f6601-144.jpg,942.5585684037974,711.1693169304658,92.88982992964947,76.49750700088792,2
100f6601-144.jpg,1023.1541561368756,439.3299616951678,259.5451130387269,297.79386653917055,1
100f6601-144.jpg,1036.8144252441768,726.1956129484975,118.84434123352236,72.39942626869755,2
100f6601-144.jpg,1176.1491701386515,712.535343841196,117.47831432279185,56.00710333993571,2
100f6601-144.jpg,1284.0652960863326,448.89215007027883,196.70787514514018,273.20538214602817,1
100f6601-144.jpg,1289.5294361041026,701.6071285553547,184.4136329485687,139.33474489447437,2
100f6601-144.jpg,1474.0796393688959,440.695988605898,204.9040366095207,258.17908612799647,1
100f6601-144.jpg,1632.538761013592,452.9902308024692,120.2103681442523,244.51881702069525,0
100f6601-144.jpg,1494.570043029848,670.1885096085616,152.99501400177576,137.96871798374428,2
100f6601-144.jpg,1665.3234068711154,585.494841143293,120.21036814425229,150.26327188350166,2
100f6601-144.jpg,1756.8472098900334,519.9255494282459,79.22964715528063,110.6481797691414,2
100f6601-144.jpg,1800.560071033399,340.97602412259783,49.176968786285045,165.28925619834698,2
100f6601-144.jpg,1759.5792637114944,379.22503265292136,49.17696878628502,113.37997856072208,2
48aa0fe4-183.jpg,391.9117647058824,930.392156862745,240.56372549019613,242.15686274509818,4
48aa0fe4-183.jpg,438.11274509803934,667.5245098039215,262.86764705882354,278.7990196078432,4
48aa0fe4-183.jpg,545.8623132301185,532.845583948593,225.14584346135143,181.69664560038896,1
48aa0fe4-183.jpg,656.4602714216592,385.38163969320493,176.43007616269657,184.3299303192351,1
48aa0fe4-183.jpg,771.0081566914699,270.83375442339457,156.6804407713498,172.4801490844271,1
48aa0fe4-183.jpg,921.7148320522358,248.0990514212794,129.5868888688409,120.68397283968383,0
48aa0fe4-183.jpg,1048.334082244691,253.0449797363661,141.45741906038842,121.67332187736851,1
48aa0fe4-183.jpg,1170.9964906742307,273.8184777001771,154.31713763006763,158.2741444279025,1
48aa0fe4-183.jpg,1269.917770081487,369.7722371530918,195.86415264145415,182.01517215165418,1
48aa0fe4-183.jpg,1346.087162775386,514.1973194038608,204.76706867061125,168.16619166185447,2
48aa0fe4-183.jpg,1385.6556784605289,653.6764324958765,244.33558435575313,274.01187581772103,3
48aa0fe4-183.jpg,1451.9329422331416,891.0874313048405,261.1522035219389,251.26007460065318,5
0a339b03-239.jpg,189.58333333333334,506.61764705882354,148.16176470588232,92.40196078431374,1
0a339b03-239.jpg,218.25980392156862,602.2058823529412,175.24509803921575,95.58823529411754,1
0a339b03-239.jpg,342.5245098039216,525.7352941176471,178.4313725490196,124.2647058823529,2
0a339b03-239.jpg,517.7696078431374,503.43137254901956,172.05882352941188,191.17647058823528,1
0a339b03-239.jpg,364.8284313725492,638.8480392156862,243.75000000000003,170.46597131742308,2
0a339b03-239.jpg,680.2696078431372,503.43137254901956,189.58333333333343,199.14215686274505,1
0a339b03-239.jpg,605.3921568627452,664.3382352941176,176.83823529411768,159.31372549019602,1
0a339b03-239.jpg,787.0098039215687,657.9656862745097,189.5833333333333,213.48039215686273,1
0a339b03-239.jpg,866.6666666666672,474.7549019607845,216.66666666666663,261.274729067701,1
0a339b03-239.jpg,963.8480392156865,675.4901960784314,210.29411764705884,232.59803921568607,0
0a339b03-239.jpg,1083.3333333333342,468.3823529411764,219.85296486449107,250.12274635700945,1
0a339b03-239.jpg,1300.0,438.1127450980392,237.37745098039227,277.2058823529412,1
0a339b03-239.jpg,1535.7843137254904,420.5882352941176,205.51470588235304,289.9509803921568,1
0a339b03-239.jpg,1185.2941176470592,656.3725490196075,149.75496512883964,183.21078431372564,0
0a339b03-239.jpg,1335.0490196078435,672.3039215686275,135.41666666666657,159.31372549019602,1
0a339b03-239.jpg,1460.9068627450984,691.4215686274509,154.53431372549005,187.99019607843147,1
0a339b03-239.jpg,1609.0686274509806,707.3529411764705,86.02938018067813,154.53431372549025,1
0a339b03-239.jpg,1715.8088235294117,446.078431372549,108.33333333333343,242.15686274509812,1
0a339b03-239.jpg,1814.5833333333335,446.0784313725491,93.99509803921575,232.59803921568636,1
0a339b03-239.jpg,1683.9460784313724,675.4901960784314,119.48529411764724,194.36274509803906,1
0a339b03-239.jpg,1792.279411764706,694.6078431372549,30.269607843137294,143.3823529411766,1
500188bc-70.jpg,106.74019607843135,428.5539215686275,184.80392156862746,285.171568627451,0
500188bc-70.jpg,27.083333333333336,458.82352941176475,116.29901960784314,207.10784313725478,0
500188bc-70.jpg,82.84306389596397,673.8970588235292,151.34811257462445,187.99019607843124,2
500188bc-70.jpg,238.97058823529414,715.3186274509804,114.70588235294113,175.24509803921552,0
500188bc-70.jpg,254.90196078431381,404.6568627450981,293.1372549019608,355.2696078431373,1
500188bc-70.jpg,533.700980392157,409.4362745098039,329.77941176470586,350.4901960784315,0
500188bc-70.jpg,377.5735294117648,726.4705882352941,152.94117647058826,160.9068627450981,0
500188bc-70.jpg,528.9215581476028,740.8090427931912,172.05882352941174,172.05882352941177,0
500188bc-70.jpg,704.1666666666669,670.7107843137258,189.5833333333333,227.8186274509802,0
500188bc-70.jpg,861.8872549019609,415.8088235294118,278.7990196078434,312.25490196078437,1
500188bc-70.jpg,1139.0931372549023,434.92647058823525,238.97058823529406,237.3774509803922,0
500188bc-70.jpg,903.3088235294111,670.7107843137254,231.0049019607843,200.73555723418224,0
500188bc-70.jpg,1126.3480392156869,650.0000000000003,205.51470588235296,238.97069786718387,0
500188bc-70.jpg,1373.2843137254904,404.65686274509807,238.9705882352942,229.41176470588232,1
500188bc-70.jpg,1574.0196078431377,444.4852941176471,191.17647058823508,200.73529411764704,1
500188bc-70.jpg,1725.3676470588236,468.3823529411765,189.58333333333343,173.65196078431376,1
500188bc-70.jpg,1548.5294117647054,616.5441176470591,202.32849425163892,253.3092839833485,1
500188bc-70.jpg,1338.2352941176473,611.764705882353,223.03921568627453,269.24028378394297,1
c09975ec-268.jpg,573.5294117647059,329.7794117647059,216.6666666666667,337.74509803921563,1
c09975ec-268.jpg,565.5637254901962,646.813725490196,122.6715686274509,352.08333333333337,0
c09975ec-268.jpg,669.1176470588236,650.0,129.04411764705884,321.813725490196,1
c09975ec-268.jpg,782.2303921568629,313.8480392156863,208.7009803921569,412.6225490196079,1
c09975ec-268.jpg,782.2303921568629,638.8480392156862,90.80882352941174,277.2058823529412,1
c09975ec-268.jpg,986.1519607843139,261.2745098039216,116.29901960784309,401.4705882352941,1
6a015f5d-41.jpg,125.8578431372549,27.08333333333331,353.67647058823536,380.7598039215686,1
6a015f5d-41.jpg,219.85276301904966,371.2009803921569,293.1374330593817,272.42647058823536,0
6a015f5d-41.jpg,356.86274509803934,599.0196078431372,246.93627450980392,293.1372549019608,0
6a015f5d-41.jpg,473.161680867096,855.514705882352,223.0392995250609,264.4610255038829,1
6a015f5d-41.jpg,694.6078431372548,852.3281244032577,189.5833333333332,240.56403245948752,0
6a015f5d-41.jpg,822.0588235294118,997.3039215686276,175.24509803921575,210.29411764705875,0
6a015f5d-41.jpg,994.1176470588235,1024.3872549019607,160.9068627450982,200.73529411764704,0
6a015f5d-41.jpg,1121.5686274509806,868.2598039215686,173.65196078431353,245.343137254902,0
6a015f5d-41.jpg,1304.7794117647059,810.906862745098,199.14215686274503,266.05392156862746,0
6a015f5d-41.jpg,1371.6911764705885,571.9362745098039,248.5294117647058,304.2892156862746,0
6a015f5d-41.jpg,1464.093137254902,374.3872549019608,283.5784313725489,254.90196078431376,1
6a015f5d-41.jpg,1502.3282217755839,38.235294117647065,348.8972684204944,371.2009803921568,1
f99e85d7-159.jpg,107.84318516036456,443.24785335814096,39.17283052829081,190.42348173474682,0
f99e85d7-159.jpg,142.66347896328972,429.1021090007025,83.78633196328865,224.1556413563307,1
f99e85d7-159.jpg,209.0396640251158,433.4546457260682,136.01677266767638,214.362433724258,2
f99e85d7-159.jpg,327.6462897913297,388.84114429107024,255.71153261523156,257.8878009779144,2
f99e85d7-159.jpg,563.7714071424157,398.634351923143,269.85727697267015,248.09459334584176,2
f99e85d7-159.jpg,822.747342301666,455.2170298326725,225.24373778611974,216.539061511207,2
f99e85d7-159.jpg,176.39563858487344,642.3764085436192,77.25752687524017,120.78289412889671,2
f99e85d7-159.jpg,237.33115273999246,632.5832009115463,102.28461304609266,159.9557246571874,2
f99e85d7-159.jpg,329.8225581540124,644.552676906302,137.10490684901777,191.51161591608823,1
f99e85d7-159.jpg,460.3986599149812,639.1120059995942,152.3387853877975,201.3049283802398,1
f99e85d7-159.jpg,605.1205060333892,638.0238718182536,176.2777373773087,214.362433724258,1
f99e85d7-159.jpg,782.4863775920387,627.1425300048386,177.36590391712434,231.77258062572022,2
f99e85d7-159.jpg,958.764114969347,635.8476034555699,200.21668936681962,238.3015504498924,2
f99e85d7-159.jpg,1052.3436545647094,424.74957227533696,217.6268362682822,263.3284718846215,1
f99e85d7-159.jpg,1153.540133429459,639.1120059995945,174.10139890460042,183.89467664669812,0
f99e85d7-159.jpg,1255.8247464755532,486.77322061179734,181.71840828401585,195.86415264145387,1
f99e85d7-159.jpg,1417.9567394954238,494.3901598811871,140.369309393042,162.13199301987015,1
f99e85d7-159.jpg,1298.2619795478683,642.3764085436189,165.39639556389432,114.25408904084821,0
f99e85d7-159.jpg,1458.2176502742661,592.3222362019133,186.07099894016892,113.1659548595065,2
f99e85d7-159.jpg,1537.6514994429788,463.92240280362773,173.01333483328392,145.80998029974916,2
cd35e202-111.jpg,1377.9527559055107,669.2913385826772,259.84251968503924,191.60104986876632,3
cd35e202-111.jpg,78.74015748031496,427.8215223097113,110.23622047244093,238.8451443569553,0
cd35e202-111.jpg,165.35433070866142,409.4488188976378,94.4881889763779,254.59317585301827,0
cd35e202-111.jpg,152.2309711286089,661.4173228346455,65.61679790026251,186.3517060367455,0
cd35e202-111.jpg,215.22309711286093,648.2939632545931,78.74015748031496,167.9790026246721,0
cd35e202-111.jpg,239.91058217169552,367.3590883688096,238.4272691956807,295.7932287014084,0
cd35e202-111.jpg,290.1057967392073,663.152317070218,96.80505666591546,181.0613096899529,0
cd35e202-111.jpg,360.020559886813,652.3961996628941,168.5125060480751,211.53697567737066,0
cd35e202-111.jpg,469.37442019460616,361.98102966514745,259.9395040103287,304.75665987417835,0
cd35e202-111.jpg,517.7769485275641,659.5669446011099,138.03684006065717,172.09787851718303,0
cd35e202-111.jpg,725.728551735827,426.5177341090913,188.23205462816887,225.87846555380278,0
cd35e202-111.jpg,657.6064748227752,645.2254547246781,163.1344473444132,218.70772061558662,0
cd35e202-111.jpg,913.960606363994,412.17624423265875,231.2565242574669,267.11024894854415,0
cd35e202-111.jpg,1141.6317581523526,494.63981102214285,202.57354450460085,204.36623073915487,0
cd35e202-111.jpg,822.5336084017421,605.7863575644899,200.78085827004733,286.8297975286383,0
cd35e202-111.jpg,1021.5217804372347,634.4693373173533,206.15891697370927,233.0492104920184,0
cd35e202-111.jpg,1224.0953249418346,677.4938069466486,152.3783299370904,168.51250604807487,0
cd35e202-111.jpg,1324.4857540768598,523.3227907750068,175.6832509862909,186.439368393615,0
cd35e202-111.jpg,1492.998260124931,492.8471247875875,215.12234814647752,193.6101133318291,3
cd35e202-111.jpg,1686.6083734567655,462.371458800171,168.51250604807518,182.8539959245069,2
cd35e202-111.jpg,1629.2424139510317,645.2254547246768,202.5735445045999,148.79295746798215,2
b1ac5999-271.jpg,50.98039215686273,1000.4901960784316,321.81372549019613,253.30882352941177,1
b1ac5999-271.jpg,92.4019607843137,787.0098039215684,375.9803921568628,315.44117647058823,1
b1ac5999-271.jpg,168.87248585155228,594.2399987410301,281.9853572857026,219.8531385138719,2
b1ac5999-271.jpg,242.15686274509798,387.1325941313338,313.84803921568613,251.7154450843521,2
b1ac5999-271.jpg,366.421568627451,210.29411764705884,258.0882352941177,213.4803921568628,1
b1ac5999-271.jpg,567.1568627450981,154.53431372549025,219.85294117647064,213.48039215686273,1
b1ac5999-271.jpg,724.8774509803923,101.96078431372547,259.6813725490196,215.0735294117647,1
b1ac5999-271.jpg,986.151960784314,124.26470588235293,262.8676470588236,207.1078431372549,1
b1ac5999-271.jpg,1202.8186274509806,211.88725490196083,203.9215686274511,180.02450980392152,2
b1ac5999-271.jpg,1354.166666666667,286.7647058823529,226.22549019607845,232.59803921568633,1
b1ac5999-271.jpg,1425.8578431372548,431.7401960784314,294.7303921568627,261.2745098039215,1
b1ac5999-271.jpg,1526.2254901960785,627.6960784313726,283.5784313725492,251.71568627450995,1
b1ac5999-271.jpg,1607.4754901960787,1051.4705882352937,339.3381721260621,227.8186274509802,1
b1ac5999-271.jpg,1570.8333333333337,793.3823529411764,361.642156862745,321.813725490196,1
fa52a2ab-147.jpg,72.72727272727272,443.63636363636357,43.63636363636364,214.5454545454545,1
fa52a2ab-147.jpg,105.45454545454541,492.7272727272727,76.36367945456098,219.99999999999977,0
fa52a2ab-147.jpg,159.99998563635847,452.7272727272725,176.3636507272779,294.54545454545456,1
fa52a2ab-147.jpg,316.3636363636364,501.81818181818176,161.81818181818187,245.45454545454544,1
fa52a2ab-147.jpg,229.09090909090912,718.1818181818181,169.0909090909091,194.54545454545448,2
fa52a2ab-147.jpg,385.4545454545454,736.3636363636361,147.27272727272728,99.99999999999991,2
fa52a2ab-147.jpg,538.1818181818182,759.9999999999999,110.90909090909086,63.63636363636361,2
fa52a2ab-147.jpg,667.2727272727271,734.5454545454546,100.0,76.36363636363626,2
fa52a2ab-147.jpg,430.909090909091,456.36363636363654,269.0908372727013,309.09090909090907,1
fa52a2ab-147.jpg,692.7272727272729,445.4545454545453,258.18173199996886,305.4545454545453,1
fa52a2ab-147.jpg,944.0468379858803,472.40223302544877,214.59339489647732,278.03839860500074,1
fa52a2ab-147.jpg,1153.0421443198402,474.26826254628656,240.7177418508489,265.90920671954746,1
fa52a2ab-147.jpg,1360.171421132962,504.1247348797105,159.5455240317287,248.18192627157796,1
fa52a2ab-147.jpg,764.9080039853426,742.9765135470938,115.69383029201376,65.31103322936261,2
fa52a2ab-147.jpg,898.3291147253262,738.3114397449965,111.96177125033586,56.913900385587425,2
fa52a2ab-147.jpg,1025.2191221423734,681.3975393594092,190.33501112557104,186.60295208389297,2
fa52a2ab-147.jpg,1281.7981812577234,702.856878849056,196.86611444850695,158.61279958604214,2
fa52a2ab-147.jpg,1481.2437932067767,494.79458727551577,107.29669744823838,211.79435061521883,2
fa52a2ab-147.jpg,1557.7510035611729,455.6079673378984,133.42111073998353,203.39721777144362,1
fa52a2ab-147.jpg,1691.1721143011564,413.62230311902226,125.95699265662802,181.9378782817958,1
fa52a2ab-147.jpg,1486.8418817692902,638.4788603801129,203.397217771443,157.67999772309278,1
fa52a2ab-147.jpg,1802.2008707910732,485.4644396713212,99.83257936488286,128.75603693788642,2
fa52a2ab-147.jpg,1672.5118190927674,569.4357681090731,139.9522140629199,132.48809597956412,2
3c6f6940-104.jpg,310.0511073253834,569.1652470187394,186.03066439522996,205.96252129471893,0
3c6f6940-104.jpg,400.85178875638843,777.3424190800682,68.65417376490633,121.80579216354337,0
3c6f6940-104.jpg,482.7938671209541,498.29642248722325,214.8211243611584,245.82623509369674,0
3c6f6940-104.jpg,469.50596252129486,750.7666098807501,110.732538330494,128.4497939727669,0
3c6f6940-104.jpg,566.9505962521295,677.6831345826234,152.81090289608173,186.0307040027454,0
3c6f6940-104.jpg,710.9028960817718,518.228279386712,181.60136286201023,208.1771720613288,0
3c6f6940-104.jpg,715.3319937569522,697.6149914821123,150.596455987511,150.5962521294718,0
3c6f6940-104.jpg,903.5775127768313,560.3066439522997,197.10391822827944,186.03066439523002,0
3c6f6940-104.jpg,868.1431005110733,699.8296422487223,174.95741056218066,212.60647359454853,0
3c6f6940-104.jpg,1448.381601362862,540.3747870528109,179.38671209540018,128.44974446337298,2
3c6f6940-104.jpg,1038.6712095400337,688.756388415673,174.95728315090577,166.09886690701404,0
3c6f6940-104.jpg,1111.7546848381598,533.7308347529812,166.09880749574103,181.6013628620102,0
3c6f6940-104.jpg,1280.0680921360015,578.0238104776638,163.8842076936412,130.6644348374984,0
3c6f6940-104.jpg,1184.8381601362864,713.1175468483821,126.23509369676344,104.08864544193708,0
3c6f6940-104.jpg,1313.2878026706378,677.6831543863809,259.1141906578656,157.2400757048767,1
453f45eb-80.jpg,20.710784313725487,500.2450980392158,143.38235294117652,127.45098039215677,0
453f45eb-80.jpg,3.186274509803938,635.6617647058823,254.90196078431376,223.0392156862744,2
453f45eb-80.jpg,172.05882352941177,409.43627450980387,258.0882352941176,246.93627450980387,0
453f45eb-80.jpg,425.3676470588236,360.0490196078432,278.79901960784315,355.2696078431373,0
453f45eb-80.jpg,264.4607843137254,640.4411764705883,253.3088235294118,264.46078431372547,0
453f45eb-80.jpg,528.9215686274508,662.7450980392157,277.20588235294133,299.50980392156885,0
453f45eb-80.jpg,710.53912136764,342.5245098039215,280.39225118137983,393.504901960784,0
453f45eb-80.jpg,839.5833333333335,613.3578431372547,227.81862745098053,348.89705882352956,0
453f45eb-80.jpg,1000.4900912799486,390.31862745098044,274.01971264162097,317.0343137254903,0
453f45eb-80.jpg,1091.2990196078433,661.1519607843137,195.95588235294116,264.4607843137256,0
453f45eb-80.jpg,1282.4753644378989,396.6911764705882,281.9854198758267,320.22058823529414,0
453f45eb-80.jpg,1559.68137254902,339.3382352941176,289.9509803921572,337.7450980392157,0
453f45eb-80.jpg,1304.779411764706,675.4901960784316,156.12745098039227,229.41176470588226,0
453f45eb-80.jpg,1464.093137254902,675.4901960784314,149.75490196078425,205.51470588235296,0
453f45eb-80.jpg,1613.8480392156864,685.0490196078432,119.48529411764724,170.46568627450984,0
453f45eb-80.jpg,1744.4852941176473,664.3382352941178,79.65686274509807,178.4313725490196,0
453f45eb-80.jpg,1822.5490196078433,320.2205882352939,74.87747194008867,309.06862745098033,0
453f45eb-80.jpg,1891.0539215686274,280.3921568627452,47.79411764705884,320.22058823529414,0
86ec4e76-44.jpg,567.1568627450979,387.13235294117646,331.37254901960796,305.8823529411764,0
86ec4e76-44.jpg,387.1323529411766,471.5686274509804,234.19117647058832,243.7500000000001,0
86ec4e76-44.jpg,164.093137254902,449.2647058823528,238.97058823529412,187.99019607843138,1
86ec4e76-44.jpg,11.151960784313728,412.6225490196077,181.61764705882354,162.49999999999994,1
86ec4e76-44.jpg,7.965686274509803,543.2598039215686,199.1424083791041,152.94117647058826,0
86ec4e76-44.jpg,164.093137254902,618.1372549019607,261.27450980392155,129.04411764705875,0
86ec4e76-44.jpg,411.0294117647059,649.9999999999999,240.56372549019613,202.32843137254903,0
86ec4e76-44.jpg,664.3382352941176,629.2892156862746,259.68137254901956,218.26000125897042,0
86ec4e76-44.jpg,876.2254901960787,516.1764705882352,264.4607843137255,258.0882352941176,0
86ec4e76-44.jpg,1123.1617647058813,438.11246005512595,363.2352941176469,364.8287164154618,0
86ec4e76-44.jpg,1472.0588235294117,415.8088235294117,266.05392156862735,361.64215686274514,0
86ec4e76-44.jpg,1706.2499999999993,438.11274509803934,130.63717106317537,307.4754901960785,0
86ec4e76-44.jpg,1811.3970588235295,371.20098039215685,105.14702738398431,309.06862745098033,0
86ec4e76-44.jpg,1373.2843137254906,720.0980392156863,129.04411764705884,127.45098039215688,0
308f0530-211.jpg,180.02450980392163,970.2205882352941,259.6813725490196,258.0882352941175,1
308f0530-211.jpg,235.78431372549025,747.1813725490196,275.6127450980392,288.357843137255,1
308f0530-211.jpg,336.15196078431376,592.6470588235295,248.52941176470586,194.36274509803914,1
308f0530-211.jpg,417.4019607843138,420.5882352941176,231.00490196078425,194.36274509803926,0
308f0530-211.jpg,538.4803526768283,254.90196078431376,151.34807869572114,180.02450980392146,0
308f0530-211.jpg,671.004318455289,183.94637636213133,192.93739053085875,161.05374797621027,0
308f0530-211.jpg,836.1456442486513,111.18616801704688,218.28086132092935,195.3899844782848,0
308f0530-211.jpg,1054.4265055695807,112.00369933285556,215.82826737350274,190.48479658343254,0
308f0530-211.jpg,1224.4730354653948,192.12163326172427,180.67436811902618,173.31675146843767,0
308f0530-211.jpg,1356.0955611029992,304.1235585479056,180.67442079372796,193.75492184666732,0
308f0530-211.jpg,1373.263718734983,474.9876035519287,247.71198869004309,207.65295421541575,1
308f0530-211.jpg,1430.9982041971284,654.844493029848,250.9821139532778,188.03220263600628,1
308f0530-211.jpg,1424.4579536706583,828.9786632971058,285.3184292172446,275.5080534275399,1
308f0530-211.jpg,1519.2915863044664,1028.4563043544326,269.78533421687786,239.53712559991106,1
1a972cce-219.jpg,68.50490196078432,361.6421568627452,78.06372549019608,256.49509803921563,1
1a972cce-219.jpg,140.19607843137257,366.421568627451,103.55392156862746,305.8823529411765,2
1a972cce-219.jpg,203.92156862745097,396.6911764705883,113.11274509803923,291.5441176470589,3
1a972cce-219.jpg,326.59313725490193,368.0147058823529,113.11274509803923,305.8823529411765,3
1a972cce-219.jpg,449.264705882353,323.40686274509807,152.9411764705882,312.2549019607843,1
1a972cce-219.jpg,108.33333333333337,629.2892156862745,86.02941176470591,192.76960784313727,1
1a972cce-219.jpg,195.9558823529412,659.5588235294117,122.67156862745101,248.5294117647058,2
1a972cce-219.jpg,309.0686274509804,659.5588235294117,117.89215686274517,307.4754901960785,1
1a972cce-219.jpg,417.4019607843138,619.7303921568628,124.2647058823529,270.83333333333326,2
1a972cce-219.jpg,532.1078431372549,614.9509803921568,149.7549019607844,350.4901960784314,2
1a972cce-219.jpg,599.0196078431374,355.2696078431371,199.14215686274508,251.71568627450992,1
1a972cce-219.jpg,756.7401960784315,358.4558823529412,270.83333333333326,293.1372549019608,1
1a972cce-219.jpg,678.6764705882355,621.3235294117646,173.65196078431367,277.20588235294105,3
1a972cce-219.jpg,857.1078431372549,646.8137254901961,140.19616528744854,251.71599324380065,3
1a972cce-219.jpg,995.7107843137246,635.6617647058828,156.1275299404617,275.61296436181874,3
1a972cce-219.jpg,1029.166666666667,348.89705882352945,250.1225490196079,299.5098039215686,1
1a972cce-219.jpg,1132.7205882352944,626.1029411764705,143.38237662919735,277.2058823529411,2
1a972cce-219.jpg,1277.6960784313724,368.014705882353,197.54904329586412,250.12254901960793,3
1a972cce-219.jpg,1467.279411764706,332.9656862745098,191.17647058823536,305.8823529411765,2
1a972cce-219.jpg,1274.5097407535131,606.9852941176473,187.99025924648694,305.88235294117635,3
1a972cce-219.jpg,1433.8235294117649,600.612745098039,130.63742861411342,281.985294117647,2
1a972cce-219.jpg,1648.8970588235295,374.3872549019608,117.89215686274531,304.2892156862746,2
1a972cce-219.jpg,1769.9754901960787,387.13235294117646,86.0294117647058,269.2401960784313,3
1a972cce-219.jpg,1526.2254901960782,661.1519607843136,180.02450980392183,259.6813725490198,3
1a972cce-219.jpg,1854.4117647058827,369.60784313725486,31.862745098039227,203.92156862745097,3
1a972cce-219.jpg,1704.656862745098,661.1519607843137,125.85784313725526,170.46568627450984,2
1a972cce-219.jpg,1832.1078431372546,565.5637254901961,57.35294117647072,180.02450980392152,2
1a972cce-219.jpg,1881.495098039216,323.40686274509807,58.94607843137237,229.41176470588232,2
cd09abfe-106.jpg,781.7717206132878,75.29812606473591,210.39182282793874,197.10391822827935,0
cd09abfe-106.jpg,1007.6660988074957,35.4344122657581,199.31856899488935,212.60647359454856,0
cd09abfe-106.jpg,657.7512776831337,138.65806594045853,132.87904599659268,155.89048601865574,0
cd09abfe-106.jpg,548.2077643663089,144.04674380757743,128.5554154880073,156.89289954719183,1
cd09abfe-106.jpg,461.12183774540057,155.1052741721372,118.18804327123267,132.70236437471735,1
cd09abfe-106.jpg,423.7992977650114,182.75160008353666,90.54171735983324,111.9676199411677,1
cd09abfe-106.jpg,352.61000854315785,195.19244674366644,98.83561513325304,78.79202884748841,1
cd09abfe-106.jpg,339.4113449351323,254.78568238429935,200.36107954605575,172.02718950924023,1
cd09abfe-106.jpg,365.0501219292578,379.4405887075358,232.6047428305594,240.01253718821988,1
cd09abfe-106.jpg,442.091183248934,576.4879186213208,213.34447750064004,146.6743282816899,1
cd09abfe-106.jpg,492.4641848810295,707.3764513871105,205.936683142979,161.48991699701227,1
cd09abfe-106.jpg,585.8023937875594,845.1614264396075,149.63744602475458,145.19276941015787,0
cd09abfe-106.jpg,683.5852793086859,957.7599006760563,151.11900489628667,140.74809279556123,0
cd09abfe-106.jpg,816.9255777465863,1011.0960200512162,183.71330006999557,158.5267992539479,0
cd09abfe-106.jpg,1025.8253786326297,1008.1329023081519,176.30550571233456,170.3792702262056,0
cd09abfe-106.jpg,1185.8337367581098,938.4996353461374,149.63744602475487,155.5636815108834,0
cd09abfe-106.jpg,1265.8379158208497,825.9011611096887,158.5267992539481,148.15588715322224,0
cd09abfe-106.jpg,1288.0612988938312,689.5977449287236,205.9366831429785,148.15588715322045,1
cd09abfe-106.jpg,1345.8420948835899,545.8865343900983,183.71330006999585,148.15588715322232,1
cd09abfe-106.jpg,1347.3236537551186,353.28388109090935,237.04941944515474,205.9366831429783,1
cd09abfe-106.jpg,1379.9179489288313,260.75436138967126,213.34447750064015,114.08003310798118,1
cd09abfe-106.jpg,1205.0940020880287,81.48573793427227,145.19276941015818,182.23174119846345,0
cd09abfe-106.jpg,1339.9158593974612,134.82185730943235,100.74600326419073,154.08212263935118,0
cd09abfe-106.jpg,1422.8831562032658,151.11900489628675,85.93041454886901,131.85873956636783,0
cd09abfe-106.jpg,1474.737716706894,180.75018232693125,71.11482583354672,105.1906798787878,0
cd09abfe-106.jpg,1526.5922772105212,205.93668314297898,54.81767824669248,63.707031475885636,0
842753fe-148.jpg,1623.6363636363635,1174.5454545454543,236.36363636363654,120.00000000000013,5
842753fe-148.jpg,1545.4545454545455,905.4545454545455,285.4545454545456,307.27272727272737,4
842753fe-148.jpg,1408.841847798226,765.2892408036039,313.02645212073116,306.8685547019623,1
842753fe-148.jpg,1470.4208219859106,565.1575746936281,294.5527598644256,216.552725893358,3
842753fe-148.jpg,1366.7628821033074,375.28907094826667,332.5264200739927,244.26326427781612,1
842753fe-148.jpg,1332.8944463000792,176.18348688753557,249.39484546012275,250.42139588380104,1
842753fe-148.jpg,1173.815429648561,145.3940849526813,216.55272589335794,199.1054989017429,1
842753fe-148.jpg,1007.5521993418117,51.31570537433546,254.5263779950231,234.00020836193664,1
842753fe-148.jpg,760.2100512178216,60.55253021274105,256.5789942521424,229.8949647058378,1
842753fe-148.jpg,571.3677988457131,94.42109375444996,198.07903363705265,192.94745245474556,1
842753fe-148.jpg,369.1835002628148,170.36849525259453,280.18433255396576,247.34221298720036,1
842753fe-148.jpg,289.13083381882456,361.26331523441723,312.0001358842695,246.31589675073909,1
842753fe-148.jpg,262.73695653412165,565.5002462902382,295.5790761008868,215.5264096568967,1
842753fe-148.jpg,206.2895635287439,737.9213740157556,318.158033303038,305.8422384655011,4
842753fe-148.jpg,118.02636719306247,971.9214759289576,336.6317255593434,270.947486425813,5
842753fe-148.jpg,106.73688859198691,1233.289444630008,266.8422214799673,59.526341714762125,5
38d34004-173.jpg,219.7715203656403,521.7663619670086,80.26671100667471,164.99268373594234,0
38d34004-173.jpg,239.37877479736477,451.22456779525425,127.02139452234712,237.15164615608424,1
38d34004-173.jpg,308.2946377828935,377.57918480091456,232.4221261472735,277.6903890887483,0
38d34004-173.jpg,290.05220346319453,645.1348881564968,152.02028599748994,92.56353742098018,0
38d34004-173.jpg,468.42267236691623,619.4603509658098,69.59150870107322,104.04944019383758,0
38d34004-173.jpg,533.2846476644675,424.1987391734782,221.61180809327402,233.0977718628178,0
38d34004-173.jpg,727.8706271359656,349.20206474804996,258.7723090535052,293.2302405462695,0
38d34004-173.jpg,527.2038496192791,618.109059534721,181.74875106028728,170.26272031718838,1
38d34004-173.jpg,740.707795270977,629.5950552968251,137.15617066981176,78.37490300315035,0
38d34004-173.jpg,982.5890618962043,389.7408076807139,256.74535851216086,279.041680519837,0
38d34004-173.jpg,920.4296560661198,630.2706824145203,131.75091453115783,72.29409156325077,0
38d34004-173.jpg,1082.5846277967755,651.2156995963965,130.39962310006928,81.07748586532796,0
38d34004-173.jpg,1228.5240722162662,607.9743738015547,171.61404188637658,109.45460591819283,0
38d34004-173.jpg,1443.9435761069585,354.6072304724051,206.74757221319808,269.5826405022154,0
38d34004-173.jpg,1235.956205225354,366.09320763665994,222.96308612965177,261.4748919156826,1
38d34004-173.jpg,1397.9996674499398,589.7319394818562,170.93839282215538,206.07194324104177,0
38d34004-173.jpg,1622.989714166968,583.6511280419572,145.26376521716725,172.2896574638219,3
38d34004-173.jpg,1612.1793592775134,397.8485562672471,114.1840890915495,217.5579204052965,0
38d34004-173.jpg,1550.6955991629743,589.7319394818562,116.21106307363675,192.55902893015372,0
38d34004-173.jpg,1710.1479880314525,450.54892207970977,97.29298303839357,137.83172597105747,0
38d34004-173.jpg,1804.0627424921242,439.06294491545503,67.56457155443968,104.04944019383767,0
38d34004-173.jpg,1718.9313823335297,560.0035279979026,114.18412592700321,93.91475446067169,3
aeb8502b-223.jpg,581.4950980392157,183.2107843137255,176.83823529411768,173.65196078431376,5
aeb8502b-223.jpg,763.1127450980392,127.45098039215688,250.12254901960802,184.80392156862743,5
aeb8502b-223.jpg,1014.8284313725488,141.78901834887307,275.6127450980393,180.02470714132306,5
aeb8502b-223.jpg,371.20098039215696,256.4950980392157,240.56372549019605,218.25980392156856,4
aeb8502b-223.jpg,272.42647058823536,412.62254901960785,275.6127450980392,232.59803921568633,3
aeb8502b-223.jpg,173.65196078431373,562.3774509803923,297.91666666666674,205.5147058823529,4
aeb8502b-223.jpg,135.41666666666669,732.8431372549022,342.52450980392166,299.50980392156856,4
aeb8502b-223.jpg,86.02941176470591,922.4264705882352,301.1029411764706,285.171568627451,3
aeb8502b-223.jpg,71.69117647058823,1150.2450980392157,320.22058823529414,144.97549019607868,4
aeb8502b-223.jpg,1252.2058823529412,205.51470588235293,181.61764705882348,144.97549019607845,5
aeb8502b-223.jpg,1344.607843137255,286.7647058823529,250.12254901960802,200.73529411764707,5
aeb8502b-223.jpg,1438.6029411764707,441.29901960784304,274.0196078431373,227.8186274509804,4
aeb8502b-223.jpg,1558.088235294118,575.1225490196077,262.8676470588235,231.00490196078448,4
aeb8502b-223.jpg,1554.90192130428,728.0637254901959,364.8285261246313,350.49019607843104,5
aeb8502b-223.jpg,1645.7107369376843,941.5441176470587,312.2549493368258,299.50980392156885,5
d911e2d0-47.jpg,58.94613083061401,31.86274509803921,363.23524171840575,350.4901960784314,1
d911e2d0-47.jpg,167.27934888561614,352.08333333333337,277.20594523203096,272.4265144409914,1
d911e2d0-47.jpg,288.3578431372549,563.9705663089161,281.98545131537156,281.98531604402484,1
d911e2d0-47.jpg,420.5882352941176,788.6029411764704,229.41176470588232,235.78431372549022,0
d911e2d0-47.jpg,645.2205882352941,845.9558823529413,208.7009803921569,202.32843137254903,0
d911e2d0-47.jpg,782.2303921568634,1003.6764705882348,187.99030087691386,160.9068627450981,0
d911e2d0-47.jpg,954.2892156862747,947.9166008875329,178.43137254901964,173.652026563448,0
d911e2d0-47.jpg,1065.808823529412,791.7892156862747,205.51470588235304,227.81862745098056,0
d911e2d0-47.jpg,1266.5441176470588,745.5882352941175,237.37756625872348,267.6470588235294,0
d911e2d0-47.jpg,1370.0980392156864,552.8186274509803,278.7990196078431,280.39215686274514,1
d911e2d0-47.jpg,1470.465602435724,344.11764705882354,297.91675050545365,246.93627450980387,1
d911e2d0-47.jpg,1585.1714428692717,43.014705882352935,353.67659634641484,371.2009803921568,3
999706d9-108.jpg,561.6797900262467,459.3175853018372,509.1863517060369,194.2257217847769,0
999706d9-108.jpg,658.792650918635,343.8320209973753,375.3280839895014,118.11023622047247,0
999706d9-108.jpg,614.1732283464568,223.09711286089245,435.695538057743,123.35958005249364,0
999706d9-108.jpg,1018.3727034120735,314.96062992125985,388.4514435695539,110.23622047244093,0
999706d9-108.jpg,1020.9973753280841,438.3202099737533,364.82939632545936,104.98687664041988,0
999706d9-108.jpg,580.0524934383194,653.5433070866134,485.5643044619413,182.1176996858869,0
999706d9-108.jpg,748.031496062992,144.35695538057743,309.71128608923874,102.36220472440945,0
999706d9-108.jpg,729.6587926509186,34.120734908136484,262.46719160105005,83.98950131233595,0
999706d9-108.jpg,992.1259842519686,49.86876640419947,149.60629921259837,57.74278215223097,0
999706d9-108.jpg,1049.8687664041997,94.48818897637793,217.8477690288713,89.23884514435699,0
999706d9-108.jpg,1049.8687664041984,170.60367454068214,267.7165354330704,50.87028067171585,0
999706d9-108.jpg,1028.05103899898,208.60479321091208,303.0461328134094,106.40286441004149,0
999706d9-108.jpg,749.2485968106412,95.62789079889758,312.47423472315745,76.77168697939702,0
999706d9-108.jpg,1049.5317576892503,549.0377351161068,305.20112753563745,99.26444439265849,0
999706d9-108.jpg,1040.6424044600574,651.26529725183,342.2400993239435,111.11691536491671,0
999706d9-108.jpg,1008.0481092863484,766.8268892313433,349.64789368160467,99.264444392659,0
999706d9-108.jpg,625.8059204310346,839.4232739364223,404.465571928297,106.67223875031976,0
999706d9-108.jpg,1001.108524436376,870.2062122706784,315.57203963636357,91.85665003499773,0
999706d9-108.jpg,629.2372476817874,945.7657147188218,410.391807414425,125.93250408023789,0
999706d9-108.jpg,983.3298179779894,967.9890977918051,364.46348239692725,99.264444392659,0
999706d9-108.jpg,697.3889557722681,1055.401071212203,352.61101142466464,102.22756213572042,0
999706d9-108.jpg,1039.629055096214,1061.327306698335,250.38344928894574,57.78079598975694,0
999706d9-108.jpg,998.7380302419258,1115.8422322685456,254.23550235492831,74.96687889953212,0
999706d9-108.jpg,708.6488031959152,1174.5119635812207,278.6812237352112,74.96687889953077,0
999706d9-108.jpg,731.4648098175114,1137.0285241314552,272.16236470047124,58.66973131267603,0
999706d9-108.jpg,979.1814531376991,1174.511963581221,156.45261683380312,47.261728001878126,0
2bfaa34c-259.jpg,58.94607843137256,908.0882352941175,309.0686274509804,321.8137254901962,1
2bfaa34c-259.jpg,164.093137254902,737.6225490196077,275.6127450980392,210.29411764705875,1
2bfaa34c-259.jpg,259.68137254901956,565.5637254901961,269.2401960784314,219.85294117647052,1
2bfaa34c-259.jpg,398.28431372549016,391.91176470588226,213.48039215686276,216.66666666666669,0
2bfaa34c-259.jpg,540.0735294117648,289.95098039215685,199.14215686274503,152.94117647058826,0
2bfaa34c-259.jpg,736.029411764706,211.88725490196083,245.34313725490193,160.906862745098,0
2bfaa34c-259.jpg,1019.607843137255,200.73529411764707,261.27450980392143,178.4313725490196,0
2bfaa34c-259.jpg,1274.5098039215686,281.98481173733234,210.2941176470587,141.78969806658932,0
2bfaa34c-259.jpg,1417.8921568627454,385.5392156862746,223.0392156862746,208.70098039215688,0
2bfaa34c-259.jpg,1481.6176470588234,546.4460784313725,274.0196078431376,221.4460784313726,1
2bfaa34c-259.jpg,1583.5784313725494,724.8774509803922,251.7156862745097,197.54901960784304,1
2bfaa34c-259.jpg,1597.9166666666667,865.0735294117648,309.0686274509804,315.44117647058823,2
d683bbb2-188.jpg,96.98309470331654,411.1454973300275,31.65481254811379,142.44665646651202,0
d683bbb2-188.jpg,119.7349225830863,396.3073039480993,37.59015854007236,166.18776587759734,0
d683bbb2-188.jpg,133.77785167779106,405.4342956506023,147.9664117042235,249.98891475142779,1
d683bbb2-188.jpg,256.74537190687187,360.84167842467144,214.85524712882025,351.33577208308725,1
d683bbb2-188.jpg,460.7903780012773,433.13553751480487,295.9327229481149,322.2832387877956,1
d683bbb2-188.jpg,754.696264263093,510.1593815599827,247.2862347775967,240.5298747338057,1
d683bbb2-188.jpg,238.50291414642882,654.0719189709412,50.67342866582994,88.50958873631632,0
d683bbb2-188.jpg,342.5524347085319,667.584833281829,64.86190162664118,95.2660458917604,0
d683bbb2-188.jpg,437.8184236727709,649.3423989621303,108.10331448710386,143.91253741095701,0
d683bbb2-188.jpg,593.8925839635264,651.3693361087637,149.99334885085656,166.8846126254871,0
d683bbb2-188.jpg,749.9667442542834,671.6387075750956,166.88449173946665,175.66788604154362,0
d683bbb2-188.jpg,932.3910874512713,618.262696047088,227.69260613846285,225.66566899182925,0
d683bbb2-188.jpg,1012.1172818855105,557.454581648092,166.20884602392252,107.4276687715595,0
d683bbb2-188.jpg,1177.6504821938881,546.6442501993816,214.17969182757474,212.82840039648588,1
d683bbb2-188.jpg,1149.2733621410237,677.7195190149952,179.04611461926606,162.15497173065592,1
d683bbb2-188.jpg,1349.9401396577102,575.6970159677909,144.58818312650152,141.88560026432376,0
d683bbb2-188.jpg,1331.022059622467,699.3401819124158,152.02028599748985,87.15829730522759,0
d683bbb2-188.jpg,1487.7718656287675,518.9427758620614,202.01806894777548,150.668994566401,1
d683bbb2-188.jpg,1452.6382884204577,639.2077132289645,224.990023276285,113.50858249963031,1
36cf3e90-180.jpg,712.1323529411766,433.3331579223097,203.92156862745074,258.08841070514114,0
36cf3e90-180.jpg,743.9950980392157,680.2696078431372,92.40196078431381,151.34803921568627,0
36cf3e90-180.jpg,914.4607843137259,430.14705882352933,197.54904329586392,243.75000000000003,0
36cf3e90-180.jpg,826.8382352941177,629.2892156862745,197.5490196078431,219.85294117647052,0
36cf3e90-180.jpg,1002.633831242077,649.5306865773117,80.26671100667485,150.87168828106448,0
36cf3e90-180.jpg,1061.3474439228853,659.9356305966955,34.18767320654666,119.65685622291315,0
36cf3e90-180.jpg,1094.0486707704158,629.4640088256424,57.22723262561062,97.36054760994791,0
36cf3e90-180.jpg,1079.1844908132575,390.1502963798167,165.73589402304137,292.08164282984393,1
36cf3e90-180.jpg,1214.4487630652463,445.8910679122298,64.65929497759902,228.90876842644272,0
52e40dc5-120.jpg,485.45454545454555,190.90909090909082,43.6363636363636,30.909090909090917,0
52e40dc5-120.jpg,527.2727272727273,181.81818181818178,34.545454545454604,39.99999999999998,0
52e40dc5-120.jpg,561.8181818181818,180.0,45.45454545454547,54.54545454545454,0
52e40dc5-120.jpg,607.2727272727271,178.18181818181816,72.72727272727273,74.54545454545453,0
52e40dc5-120.jpg,678.1818181818184,159.99999999999997,109.09090909090892,138.18181818181816,2
52e40dc5-120.jpg,767.2727272727273,165.45454545454547,127.27272727272734,159.99999999999994,0
52e40dc5-120.jpg,885.4545454545454,169.09090909090904,119.99999999999986,150.90909090909085,0
52e40dc5-120.jpg,1010.909090909091,170.90909090909088,105.45454545454547,180.0,0
52e40dc5-120.jpg,1112.727272727273,180.0,119.99999999999986,172.72727272727266,0
52e40dc5-120.jpg,1207.2727272727275,192.7272727272727,134.54545454545453,125.45454545454544,0
52e40dc5-120.jpg,1327.2727272727275,209.09090909090904,123.63633490908104,112.72727272727266,0
52e40dc5-120.jpg,1430.909090909091,225.45454545454544,101.81818181818187,74.54545454545453,0
52e40dc5-120.jpg,1505.4545454545453,239.99999999999997,90.90909090909122,52.727272727272734,0
52e40dc5-120.jpg,1552.7272727272727,245.45454545454544,60.0,41.81818181818181,0
52e40dc5-120.jpg,1603.6363636363635,258.1818181818182,87.27272727272748,36.36363636363635,0
52e40dc5-120.jpg,1674.5454545454547,285.4545454545454,58.18181818181813,12.727272727272743,0
52e40dc5-120.jpg,459.99999999999994,341.8183326825239,218.1818181818182,96.36348549929423,4
52e40dc5-120.jpg,464.6528676197026,414.5276013565201,217.3062176784632,111.45706003508268,3
52e40dc5-120.jpg,491.0037951505388,470.67070411447213,231.9475343034901,201.15798234643765,4
52e40dc5-120.jpg,530.0038364597764,609.223353457268,186.7896198991878,134.44753342518027,1
52e40dc5-120.jpg,582.3460293825174,688.2497036647964,170.3684952525946,153.94743546921208,1
52e40dc5-120.jpg,655.2144821712777,760.0918402170955,102.63162364614132,186.78955503597714,0
52e40dc5-120.jpg,753.7408165478714,798.0653706481918,135.47376753661058,162.1581356788802,0
52e40dc5-120.jpg,863.5566781729448,845.2760878433924,113.92110224721662,145.7369055775208,0
52e40dc5-120.jpg,978.5040966566238,843.2235405294576,114.94741848367825,150.86840160084006,0
52e40dc5-120.jpg,1074.9778228839955,801.1444896755517,136.50005944936822,177.55270890782455,0
52e40dc5-120.jpg,1176.8943783579475,842.1971604237589,140.60543790583029,185.76321750976953,0
52e40dc5-120.jpg,1260.0259935113213,760.0917550581071,160.10533288798018,181.65805901265867,1
52e40dc5-120.jpg,1317.499702753161,688.2497249545432,198.0790336370527,160.10531159823353,1
52e40dc5-120.jpg,1364.7101928750765,562.0128065800426,241.1843723237412,198.07903363705304,2
52e40dc5-120.jpg,1487.8681980057552,450.1443368057484,220.6579908392041,195.0000849276686,5
52e40dc5-120.jpg,1647.9735308937352,396.7758925097549,99.55267493675734,115.97373472013963,1
e2811a20-201.jpg,29.404895632317782,567.1502364506864,112.96791443850267,143.3823529411765,1
e2811a20-201.jpg,135.13127709399342,575.840076022879,123.10612520975367,179.59001782531203,1
e2811a20-201.jpg,226.37459260201476,597.5646749533602,97.03654188948306,153.52049910873436,1
e2811a20-201.jpg,268.375483867612,513.5628924221659,114.41622103386808,225.93582887700538,1
e2811a20-201.jpg,75.7507066840112,698.9461366289396,101.38146167557927,85.45024859112654,1
e2811a20-201.jpg,151.0626496430131,735.1538015130751,163.65864527629233,114.41636056536399,1
e2811a20-201.jpg,292.99669598882406,735.1538015130749,73.86363636363637,97.03654188948303,1
e2811a20-201.jpg,350.9289598034409,445.49248243999125,181.0383244206775,280.9714795008911,0
e2811a20-201.jpg,530.5189776287527,467.21708137047256,198.4180035650625,240.4188948306596,0
e2811a20-201.jpg,698.5225426911417,429.56110989097175,249.10859801727682,272.28146053106116,0
e2811a20-201.jpg,356.72218618490234,696.0495234382089,140.48573975044576,179.59013742373705,1
e2811a20-201.jpg,500.104539126079,674.3249245077274,160.76203208556151,176.69340463458104,0
e2811a20-201.jpg,668.1081041884677,685.9113772706505,146.27896613190728,152.07219251336915,0
e2811a20-201.jpg,807.1455373435479,661.2901651494388,169.45187165775366,175.24509803921563,0
e2811a20-201.jpg,950.5278902847243,436.80264286779874,247.66042780748649,272.2816399286987,0
e2811a20-201.jpg,970.8041826198402,685.9113772706509,157.8654188948306,157.86541889483053,0
e2811a20-201.jpg,1138.8077476822286,680.1181508891889,127.45098039215691,170.90017825311944,0
e2811a20-201.jpg,1190.9467851153838,474.4586143472998,157.86541889483047,225.93582887700526,0
e2811a20-201.jpg,1342.9930681652204,426.966528630464,150.42576210880497,280.413241322392,1
e2811a20-201.jpg,1270.2327810582435,655.0577657410976,147.97316816137922,225.6386431632075,0
e2811a20-201.jpg,1468.0753594839528,516.0774420536143,71.94272742786848,201.11270368894563,1
e2811a20-201.jpg,1512.2220505376226,549.5961022330853,89.11091342315055,168.4115748252833,1
e2811a20-201.jpg,1584.9823376446022,537.3332562646418,76.84794368602013,156.9660126352748,1
e2811a20-201.jpg,1571.084305275854,694.2992688999167,55.592129474993044,70.30769315955014,0
e2811a20-201.jpg,1473.7980786946143,722.0953336374129,113.63685289741241,89.11098093334418,0
e2811a20-201.jpg,1405.1254481666838,702.4745820580039,92.38103868638547,147.1556368455702,1
90e6305a-46.jpg,154.5343137254902,970.2205882352941,307.47549019607845,323.406862745098,3
90e6305a-46.jpg,157.72058823529417,759.9264705882354,291.5441176470589,219.8529411764704,0
90e6305a-46.jpg,259.6813725490196,570.343137254902,283.5784313725491,232.59803921568624,0
90e6305a-46.jpg,355.26946112526133,323.40686274509767,243.7501467178763,246.93627450980387,0
90e6305a-46.jpg,544.8529411764704,187.99008644654168,223.0392156862745,210.29422727894857,0
90e6305a-46.jpg,750.3676470588233,46.20078305475538,258.08840297168996,280.3923542001463,0
90e6305a-46.jpg,1021.2009803921569,68.50490196078432,264.4607843137257,238.97058823529414,0
90e6305a-46.jpg,1229.9019607843125,245.34291799112248,221.4460784313726,192.76982710691658,0
90e6305a-46.jpg,1456.127450980392,267.6470588235294,221.44607843137265,208.70098039215688,0
90e6305a-46.jpg,1414.705882352941,530.5147058823529,293.13725490196106,242.15686274509812,1
90e6305a-46.jpg,1518.2597200827822,736.0294117647059,277.2059661917274,227.8186274509803,1
90e6305a-46.jpg,1524.6322900620864,944.7303921568625,315.4412393496776,278.7990196078429,2
e039ac13-1.jpg,859.8452278589849,634.5657781599307,192.7520967332812,254.78686505562374,0
e039ac13-1.jpg,1056.5709312445604,577.893820713664,168.84247171453424,308.0939947780679,0
e039ac13-1.jpg,1239.3385552654481,574.4125326370757,203.65535248041795,257.6153176675371,0
e039ac13-1.jpg,654.4821583986075,576.1531766753701,201.91470844212347,255.8748249562516,0
e039ac13-1.jpg,502.2421524663677,578.4753363228701,139.01345291479814,224.2152466367712,1
e039ac13-1.jpg,500.0,352.0179372197311,248.8789237668162,264.57399103139016,1
e039ac13-1.jpg,1060.5381165919284,293.72197309417027,311.65924007843665,320.6278026905826,1
e039ac13-1.jpg,1378.9237668161438,329.5964125560538,201.7937219730939,273.5426008968611,1
e039ac13-1.jpg,1448.4304595211677,578.4753363228697,156.95071989906373,242.15246636771283,2
e039ac13-1.jpg,1587.4439461883405,298.206278026906,165.9192825112109,275.7847533632287,2
e039ac13-1.jpg,1614.3497757847533,571.7488789237668,136.77130044843068,219.73094170403596,2
e039ac13-1.jpg,325.1121616271182,271.30044843049325,170.40353344014648,311.6591928251121,2
e039ac13-1.jpg,284.7533902305995,567.2645739910313,210.76230483666512,206.2780269058295,2
e039ac13-1.jpg,190.5829596412556,264.57399103139016,141.2556053811659,266.8161434977578,2
e039ac13-1.jpg,1760.0896860986547,304.932735426009,89.68609865470825,246.63677130044846,2
e039ac13-1.jpg,186.0986682094702,544.8430493273542,118.83408071748875,127.80269058295968,1
e039ac13-1.jpg,94.17040358744394,468.6098654708521,116.59192825112108,147.98206278026908,2
e039ac13-1.jpg,118.83408071748879,280.2690582959641,96.41255605381168,154.70852017937224,2
e039ac13-1.jpg,11.21076233183857,385.6502242152467,105.38116591928251,127.80269058295964,1
e039ac13-1.jpg,49.3273542600897,262.3318385650224,85.20179372197308,139.01345291479814,1
e039ac13-1.jpg,0.0,217.48878923766821,56.05381165919283,73.99103139013454,1
e039ac13-1.jpg,1755.6053811659194,549.3273542600897,85.20179372197305,177.13004484304935,2
e039ac13-1.jpg,746.6367713004485,311.65919282511214,313.90134529147986,316.14349775784757,3
e039ac13-1.jpg,1854.2600896860986,322.8699551569506,40.35876464604373,201.7937219730942,2
e039ac13-1.jpg,1847.5336322869955,544.8430493273544,65.0224215246638,123.31838565022426,2
e039ac13-1.jpg,1901.3452914798231,488.7892376681614,51.56950672645768,89.68609865470863,1
e039ac13-1.jpg,1939.4618834080716,293.72197309417044,26.905829596412616,125.56053811659187,1
e039ac13-1.jpg,1896.8609595451853,309.41704035874426,38.116618930151304,127.8026905829596,1
82136b73-252.jpg,138.6029411764706,544.8529411764705,140.19607843137257,186.3970588235294,0
82136b73-252.jpg,168.87254901960785,700.9803921568629,141.7892156862746,111.51960784313725,0
82136b73-252.jpg,250.1225490196079,563.9705882352941,183.2107843137255,186.3970588235294,0
82136b73-252.jpg,294.7303921568627,736.029411764706,213.48039215686282,133.82352941176464,0
82136b73-252.jpg,398.28431372549016,551.2254901960783,176.83823529411768,223.0392156862745,0
82136b73-252.jpg,525.7352941176473,527.328431372549,243.75,266.05392156862746,0
82136b73-252.jpg,506.6176470588236,751.9607843137255,151.34803921568633,170.46568627450966,0
82136b73-252.jpg,653.1862745098042,713.7254901960785,203.92156862745097,246.93627450980398,0
82136b73-252.jpg,731.2500315840277,506.6176470588235,275.6127529940463,368.0147058823531,0
82136b73-252.jpg,890.563725490196,739.2156862745097,165.686274509804,186.39705882352948,0
82136b73-252.jpg,963.8480392156865,442.89215686274514,293.13725490196066,336.1519607843137,1
82136b73-252.jpg,1212.3774509803927,348.8970588235294,366.42156862745094,383.94607843137265,1
82136b73-252.jpg,1110.416619290625,715.3186274509803,176.83828267015934,167.27941176470569,0
82136b73-252.jpg,1330.2696078431372,739.2156862745097,121.07843137254918,57.35294117647071,0
82136b73-252.jpg,1507.107843137255,696.2009803921568,144.97549019607874,122.67156862745091,0
82136b73-252.jpg,1709.4362745098044,721.6911764705883,100.36764705882348,111.51960784313725,1
82136b73-252.jpg,1566.0539215686279,348.896883412506,345.7107685217113,383.94625384239635,1
82136b73-252.jpg,1832.1078431372553,729.6568627450979,111.5196078431373,124.26470588235298,0
82136b73-252.jpg,1865.5637254901962,455.6372549019608,127.45098039215691,305.8823529411765,0
b32acfa7-258.jpg,7.96568627450981,391.9117647058825,86.02941176470588,293.1372549019608,0
b32acfa7-258.jpg,0.0,672.3039215686274,122.671568627451,130.63725490196074,0
b32acfa7-258.jpg,248.52941176470588,736.0294117647059,151.3480392156863,76.47058823529413,0
b32acfa7-258.jpg,638.8480392156862,750.3676470588234,149.7549019607844,81.25,1
b32acfa7-258.jpg,79.65686274509801,371.2008926866452,353.6764705882353,382.35302888198237,0
b32acfa7-258.jpg,471.5686274509804,371.20098039215685,353.6764705882353,391.9117647058824,0
b32acfa7-258.jpg,822.0588235294118,399.8774509803923,256.49509803921563,309.06862745098033,0
b32acfa7-258.jpg,850.7352941176471,672.3039215686275,248.52941176470594,197.54901960784304,0
b32acfa7-258.jpg,1076.9607843137258,390.31862745098044,248.5294117647058,364.8284313725491,0
b32acfa7-258.jpg,1096.0783839965084,635.6616989267479,250.1225490196079,307.47562175434683,0
b32acfa7-258.jpg,1307.9656862745098,446.07843137254895,191.17647058823536,258.0882352941176,1
b32acfa7-258.jpg,1358.9460784313728,657.9656862745097,157.7205882352942,208.70098039215677,0
b32acfa7-258.jpg,1489.7465067258038,498.6755005238458,158.0229235529461,193.20117155236548,0
b32acfa7-258.jpg,1624.3172649458047,463.4972525244266,186.50055288580944,170.30739110829902,0
b32acfa7-258.jpg,1503.1477440589147,620.9617911884934,202.69367315078694,175.89136295808336,1
b32acfa7-258.jpg,1782.7882782258089,448.4208605246757,108.88505333153546,120.05275110912874,1
3a073fb2-283.jpg,181.61764705882354,1148.6519607843136,183.21078431372547,140.1960784313725,0
3a073fb2-283.jpg,168.87254901960782,957.4754901960785,297.9166666666668,229.41176470588226,2
3a073fb2-283.jpg,246.93627450980398,766.2990196078432,278.79901960784315,243.7500000000001,2
3a073fb2-283.jpg,329.7794117647059,602.2058823529413,245.34313725490193,202.32843137254903,1
3a073fb2-283.jpg,350.49019607843144,409.4362745098039,264.46078431372547,226.22549019607848,2
3a073fb2-283.jpg,497.05880773739773,288.3576677262314,184.8039373606414,203.92174403847451,1
3a073fb2-283.jpg,613.3578431372549,186.3970588235294,181.61764705882348,176.83823529411768,1
3a073fb2-283.jpg,787.0098039215687,149.7549019607843,246.936274509804,180.02450980392157,1
3a073fb2-283.jpg,1005.2696078431371,186.39686148612796,253.30882352941185,213.48058949426448,1
3a073fb2-283.jpg,1236.2745098039215,238.97058823529414,207.10784313725526,173.65196078431367,1
3a073fb2-283.jpg,1392.4019607843134,283.5782778879035,211.88720752591894,211.8874083866064,1
3a073fb2-283.jpg,1390.6448584488096,472.981882452071,277.47421624206,196.9522868227956,1
3a073fb2-283.jpg,1436.3464940651486,650.3477540107211,260.064069340597,169.74893228926018,1
3a073fb2-283.jpg,1458.1091776919773,786.3645266783975,286.1792896927909,261.1522035219386,1
3a073fb2-283.jpg,1474.4311904120982,1003.9913629466797,299.23689986888775,214.3624337242582,2
1d2efdc8-14.jpg,637.2549019607844,97.18137254901958,116.29901960784309,117.89215686274508,0
1d2efdc8-14.jpg,779.0441176470589,43.01470588235295,184.8039215686275,167.27941176470586,0
1d2efdc8-14.jpg,998.8970588235295,20.710784313725508,187.9902275179762,189.58333333333331,0
1d2efdc8-14.jpg,1186.887171063175,60.53921568627451,194.36280797712908,215.07352941176472,0
1d2efdc8-14.jpg,434.92647058823536,157.72058823529414,200.7352941176471,183.2107843137255,0
1d2efdc8-14.jpg,339.3382352941176,302.69607843137265,195.95588235294122,170.4656862745098,0
1d2efdc8-14.jpg,238.97058823529412,425.3676470588235,232.59803921568627,183.2107843137255,0
1d2efdc8-14.jpg,1317.5245098039218,183.210586976324,183.2107843137257,189.5835306707347,1
1d2efdc8-14.jpg,1378.063725490196,340.93137254901956,186.39705882352956,186.3970588235294,0
1d2efdc8-14.jpg,117.89215686274513,1073.7745098039215,274.0196078431373,223.0392156862745,0
1d2efdc8-14.jpg,1408.333207575153,511.39705882352933,278.7992396846582,294.7306114206423,3
1d2efdc8-14.jpg,137.0098353611135,822.0588235294117,275.6127136584944,256.49509803921575,1
1d2efdc8-14.jpg,1516.666666666666,742.4019607843134,259.68137254901956,281.985754571584,1
1d2efdc8-14.jpg,156.12741954084734,568.7499999999999,277.20591379248623,281.985294117647,3
ad247d69-56.jpg,157.72058823529403,141.78899642249507,253.3088235294118,184.80414083240694,3
ad247d69-56.jpg,197.54901960784315,312.2549019607842,237.37751385948192,203.92170018571846,1
ad247d69-56.jpg,248.52941176470594,500.2450980392158,197.54901960784312,162.49999999999991,2
ad247d69-56.jpg,313.84803921568624,619.7303921568626,183.21078431372547,181.6176470588236,0
ad247d69-56.jpg,383.9460784313727,779.0441176470587,180.02458316285959,180.02450980392166,1
ad247d69-56.jpg,508.2107843137256,881.0049019607843,167.2794117647058,157.72058823529403,1
ad247d69-56.jpg,669.1176470588236,911.2745098039215,184.8039215686275,157.72058823529403,1
ad247d69-56.jpg,858.7009803921569,904.9019607843137,170.46568627450995,168.8725490196078,1
ad247d69-56.jpg,1019.6078431372553,866.6666666666665,149.7549019607841,162.5,1
ad247d69-56.jpg,1123.1617647058824,755.1470588235295,138.60294117647072,192.76960784313707,1
ad247d69-56.jpg,1148.6519607843138,603.7990196078431,203.9215686274511,207.1078431372549,1
ad247d69-56.jpg,1210.7842508464003,484.313725490196,186.3971217026193,180.0245098039214,1
ad247d69-56.jpg,1210.7843137254904,312.25490196078437,232.59803921568647,211.8872549019608,1
ad247d69-56.jpg,1261.7647058823532,149.75490196078434,224.63235294117638,199.14215686274508,3
ad247d69-56.jpg,1296.8137254901962,15.931372549019633,143.38235294117652,149.7549019607843,0
5c2f8957-162.jpg,422.2930767218488,526.5924445166577,97.93207632072694,149.37114671141185,1
5c2f8957-162.jpg,441.08810206109507,665.0822494146554,76.16941230509538,82.10467004667007,0
5c2f8957-162.jpg,490.54876627871914,672.9959525516838,83.09388293879863,116.72712127116966,0
5c2f8957-162.jpg,475.7105728967907,502.8513351055722,83.0938829387987,166.1877658775974,1
5c2f8957-162.jpg,528.1388561796042,438.55249711721615,147.3927209271548,233.45424254233922,1
5c2f8957-162.jpg,558.8044558355895,644.3087786799558,90.01837318369873,159.26327563269737,1
5c2f8957-162.jpg,667.617873969731,426.68194241167333,158.2740186153769,246.31401014001017,1
5c2f8957-162.jpg,638.9306755840073,631.4490110822845,146.4035325490221,200.81021710209666,1
5c2f8957-162.jpg,825.8919367102992,453.7238643327506,203.7778557784828,229.16421714021897,0
5c2f8957-162.jpg,793.2479112700573,658.1577591697554,118.70554705542659,112.77026970265537,0
5c2f8957-162.jpg,903.0505422963269,667.0606751989125,135.5221662216121,120.68397283968369,0
5c2f8957-162.jpg,1029.6697924887822,469.16600400383027,202.78864288635393,220.64656771403915,0
5c2f8957-162.jpg,1036.594282733682,682.8880814729694,118.70554705542688,84.0830958309272,0
5c2f8957-162.jpg,1164.2027458182667,650.2440560327271,114.74873961210288,112.77037861910007,0
5c2f8957-162.jpg,1230.4800095908786,458.23256942104524,152.33878538779757,210.80653156212418,0
5c2f8957-162.jpg,1281.9190799815633,623.535307945256,133.54374043735532,202.78864288635395,1
5c2f8957-162.jpg,1389.743285223576,439.5417100093447,118.70554705542702,201.7994299942254,1
5c2f8957-162.jpg,1399.6354141448617,505.81897378195794,148.38193381928363,161.24170141695458,1
5c2f8957-162.jpg,1535.1575803664741,514.7218898111148,61.331199311970295,144.42508225076924,1
5c2f8957-162.jpg,1410.5167363470812,666.07147592134,146.40360118820954,182.01530829720969,0
618cea62-118.jpg,461.9422572178478,409.4488188976378,286.0892388451444,296.58792650918633,2
618cea62-118.jpg,732.2834645669291,433.07086614173244,359.580052493438,333.33333333333337,0
618cea62-118.jpg,1137.5947636352143,408.419095995076,335.23232586159594,351.3665019725809,0
618cea62-118.jpg,1471.0344032622584,363.6019401312263,250.9760728375588,304.7566598741784,1
618cea62-118.jpg,270.69562141765255,399.45566482230623,206.15891697370893,254.56144530666646,0
618cea62-118.jpg,120.10997771511738,392.2849198840902,166.7198198135211,190.02474086272304,1
618cea62-118.jpg,14.341489876431925,338.5043328474705,125.48803641877934,175.683250986291,0
618cea62-118.jpg,143.41489876431922,564.3827984012732,138.03684006065725,111.1465465423474,0
618cea62-118.jpg,23.30492104920187,501.63878019188354,105.76848783868536,69.91476314760581,0
618cea62-118.jpg,245.59801413389653,623.5414441415538,161.34176110985854,166.71981981352087,0
618cea62-118.jpg,412.31783394741774,650.4317376598648,175.68325098629109,234.8418967265727,0
618cea62-118.jpg,591.5864574028168,693.4562072891605,227.67115178835672,227.67115178835658,0
618cea62-118.jpg,813.879550487511,750.8221667948877,234.8418967265724,207.95160320826315,0
618cea62-118.jpg,1089.9532306088265,679.1147174127287,233.04921049201894,272.4883076522065,0
618cea62-118.jpg,1323.0024411008449,666.5659137708507,213.3296619119247,225.87846555380307,0
618cea62-118.jpg,1700.621398829483,340.29701908202446,200.78085827004685,261.73219024488253,0
618cea62-118.jpg,1881.6827085194363,315.19941179826867,111.14654654234783,202.57354450460087,0
618cea62-118.jpg,1869.1339048775583,498.05340772277555,112.9392327769014,136.24415382610326,0
618cea62-118.jpg,1725.719006113235,562.5901121667184,188.23205462816867,186.43936839361595,0
618cea62-118.jpg,1532.1088927814026,630.7121890797692,215.12234814648178,233.0492104920186,0
304a768a-10.jpg,995.7108471928154,503.4313725490194,226.22542731698948,318.6275167595261,0
304a768a-10.jpg,721.6911764705883,482.72058823529414,235.7843137254902,294.73039215686276,0
304a768a-10.jpg,482.720588235294,446.07823403514766,232.59803921568627,302.6962757687738,2
304a768a-10.jpg,347.3040054074138,512.9901960784316,140.19599459258632,208.70098039215696,1
304a768a-10.jpg,272.42653346732516,530.5147058823528,84.43621163071418,157.7205882352942,1
304a768a-10.jpg,156.12749289978535,532.1078431372547,124.26466396295983,176.8382352941176,1
304a768a-10.jpg,54.166740025604696,516.1764705882351,100.36757369988557,168.87254901960785,1
304a768a-10.jpg,73.28431372549016,678.676470588235,121.07843137254908,127.45111195042463,0
304a768a-10.jpg,181.61764705882354,681.8627450980396,132.23039215686273,149.7550554454297,0
304a768a-10.jpg,317.03431372549034,681.8627450980393,156.12745098039218,184.80414083240697,0
304a768a-10.jpg,477.94117647058846,691.4215686274512,149.75490196078434,130.63725490196074,0
304a768a-10.jpg,629.2892156862744,648.4068627450979,129.04411764705884,197.54901960784323,0
304a768a-10.jpg,798.1617647058823,739.2156862745101,152.94117647058826,92.4020923425812,0
304a768a-10.jpg,1191.666666666667,605.3921568627451,103.55392156862733,203.92159055382885,0
304a768a-10.jpg,1255.3921568627452,501.8382352941176,133.82352941176464,229.41176470588238,0
304a768a-10.jpg,1397.1813725490201,439.7058823529412,226.22549019607817,256.49509803921563,2
304a768a-10.jpg,1331.862745098039,565.563725490196,156.12745098039233,250.12276828338747,2
304a768a-10.jpg,1492.7696078431377,635.6617647058822,189.58333333333337,205.51492514613273,0
304a768a-10.jpg,1628.1862745098042,430.14705882352933,105.14705882352956,229.41176470588238,0
304a768a-10.jpg,1736.5196078431375,433.33333333333326,87.62254901960773,183.2107843137255,0
304a768a-10.jpg,1828.921568627451,428.55392156862746,82.84313725490222,151.34803921568627,1
304a768a-10.jpg,1781.1274509803918,583.0882352941176,143.38235294117652,144.9757752389916,1
304a768a-10.jpg,1683.9460260321318,602.2058823529405,121.07854665087956,170.4656862745096,0
304a768a-10.jpg,1875.122549019609,540.0735294117648,113.11274509803938,111.5200682970739,0
3907e93b-236.jpg,218.25980392156868,39.828431372548984,317.0343137254903,254.90196078431376,4
3907e93b-236.jpg,274.01960784313707,283.5782559615256,313.84814975978355,293.1374303129841,3
3907e93b-236.jpg,360.0490196078432,543.2598039215684,248.52941176470594,223.0392156862745,1
3907e93b-236.jpg,433.3333333333334,734.4362745098039,208.70098039215677,226.22549019607857,0
3907e93b-236.jpg,571.936274509804,900.1225490196075,164.09313725490193,181.61764705882368,0
3907e93b-236.jpg,718.5049019607844,976.5931372549021,180.0245098039217,167.2794117647058,0
3907e93b-236.jpg,887.3774509803923,997.3039215686275,165.686274509804,180.02450980392152,0
3907e93b-236.jpg,1048.2843137254902,1003.6764705882354,181.61764705882362,165.68627450980398,0
3907e93b-236.jpg,1132.7205882352941,903.3088235294118,167.2794117647058,151.34803921568627,0
3907e93b-236.jpg,1296.813725490196,903.3088235294117,175.24509803921575,186.39705882352948,0
3907e93b-236.jpg,1333.455913936969,708.9461222841283,227.81862745098064,242.156862745098,1
3907e93b-236.jpg,1387.6225490196064,560.7844452837577,248.52946703675494,218.2598258479464,0
3907e93b-236.jpg,1446.568540594904,30.269607843137237,313.84812607176184,278.7990196078431,3
3907e93b-236.jpg,1421.0784313725499,296.3232443688513,312.2549019607846,312.25566938401244,0
f0daeb4d-28.jpg,27.08333333333335,360.04901960784315,127.45098039215685,313.8480392156863,3
f0daeb4d-28.jpg,152.94117647058826,458.82352941176464,143.38235294117655,259.6813725490196,3
f0daeb4d-28.jpg,119.48529411764707,672.3039215686275,52.573529411764696,100.36764705882352,0
f0daeb4d-28.jpg,159.31372549019613,715.3186274509804,122.67156862745101,164.093137254902,2
f0daeb4d-28.jpg,275.61274509803917,428.5539215686275,280.3921568627451,374.3872549019608,3
f0daeb4d-28.jpg,294.73039215686254,783.8235294117646,114.70588235294117,129.04429305808253,2
f0daeb4d-28.jpg,436.51960784313735,772.6715686274509,172.05882352941182,137.00980392156853,1
f0daeb4d-28.jpg,632.4754901960787,802.9411764705883,143.38235294117646,130.6374303129845,1
f0daeb4d-28.jpg,559.1911764705883,439.7058823529412,323.40686274509807,377.57352941176464,3
f0daeb4d-28.jpg,884.1911764705882,436.5196078431373,294.7303921568627,312.25490196078425,3
f0daeb4d-28.jpg,1048.28431372549,634.06862745098,259.681487827351,353.67647058823485,3
f0daeb4d-28.jpg,822.058708251081,689.8284313725486,218.25991919990037,258.0884326315193,1
f0daeb4d-28.jpg,1288.848039215687,675.4901960784316,253.30872921077673,253.30882352941177,3
f0daeb4d-28.jpg,1430.6372549019611,481.12745098039215,250.12254901960773,238.97058823529414,2
f0daeb4d-28.jpg,1653.6764705882354,528.9215686274509,245.34313725490193,186.39705882352948,1
f0daeb4d-28.jpg,1905.3921568627454,536.8872549019608,86.0294117647058,151.34803921568636,0
f0daeb4d-28.jpg,1833.7009803921571,688.2352941176472,154.53431372549005,111.51960784313725,3
f0daeb4d-28.jpg,1550.122465180822,675.4901960784312,269.24027991721795,167.27941176470569,1
f0daeb4d-28.jpg,1215.563725490196,525.7352941176472,232.59803921568604,172.05882352941165,0
2b975f8c-52.jpg,726.4705882352941,82.84313725490196,269.2401960784314,205.51470588235293,1
2b975f8c-52.jpg,552.8186274509807,210.29392030965735,226.22549019607848,231.00509929818574,1
2b975f8c-52.jpg,1010.0490196078433,31.86274509803921,248.5294117647058,229.41176470588238,0
2b975f8c-52.jpg,395.09803921568636,329.7794117647059,207.10784313725492,238.97058823529414,0
2b975f8c-52.jpg,297.91666666666663,551.2254901960785,275.6127450980391,231.00529663558723,1
2b975f8c-52.jpg,205.51470588235298,751.9607843137255,305.8823529411765,223.0392156862744,1
2b975f8c-52.jpg,172.05882352941177,955.8823529411766,340.9313725490196,328.186274509804,3
2b975f8c-52.jpg,1201.225490196078,170.4653135260848,229.4117647058823,205.51507863077802,1
2b975f8c-52.jpg,1403.5539215686276,286.76470588235287,229.41176470588232,216.66666666666669,0
2b975f8c-52.jpg,1484.803827249993,490.68627450980335,256.49519235785027,227.8186274509804,0
2b975f8c-52.jpg,1532.5980392156866,715.3186274509804,293.1372549019608,211.88725490196074,0
2b975f8c-52.jpg,1529.4116494275506,917.6470588235292,345.71089959205665,325.00024119015706,3
b57361a1-225.jpg,41.42156862745099,348.8970588235294,52.57352941176471,116.29901960784312,0
b57361a1-225.jpg,86.02941176470587,398.2843137254904,70.09808659172792,156.12745098039218,0
b57361a1-225.jpg,54.166666666666686,508.21078431372547,113.11274509803923,82.84313725490199,0
b57361a1-225.jpg,146.56862745098042,382.3529411764706,82.84313725490195,211.88725490196074,0
b57361a1-225.jpg,133.82352941176472,576.7156862745096,143.38235294117644,168.87279020976538,0
b57361a1-225.jpg,221.4460784313726,368.0147058823529,117.8921568627451,264.46078431372547,0
b57361a1-225.jpg,229.41176470588235,626.1029411764707,130.63725490196083,173.65196078431376,0
b57361a1-225.jpg,326.59313725490205,313.84803921568624,208.7009803921569,339.3382352941176,0
b57361a1-225.jpg,321.81372549019613,618.1372549019608,183.21078431372555,227.81862745098047,0
b57361a1-225.jpg,450.85784313725503,603.7990196078432,231.0049019607844,297.91666666666663,0
b57361a1-225.jpg,536.8872549019608,375.9803921568627,235.78431372549028,274.01960784313724,0
b57361a1-225.jpg,766.299019607843,326.5931372549018,278.79892485576,331.3725490196076,1
b57361a1-225.jpg,627.6960784313726,626.1029411764706,213.4803921568627,165.6862745098038,0
b57361a1-225.jpg,842.7696078431375,643.6274509803922,160.90686274509807,106.74019607843128,0
b57361a1-225.jpg,1043.5049019607845,302.6960784313725,293.1372233179329,356.8627450980391,0
b57361a1-225.jpg,1013.2352941176472,632.4754901960785,170.4656862745098,183.2107843137255,0
b57361a1-225.jpg,1194.8529411764707,587.8676470588234,199.1421568627453,208.70098039215696,0
b57361a1-225.jpg,1330.2696078431372,326.59313725490193,235.78431372549034,286.7647058823529,0
b57361a1-225.jpg,1401.9607843137258,573.5294117647057,203.9215686274511,324.9999999999999,0
b57361a1-225.jpg,1545.3431372549023,299.5098039215686,211.8872549019605,293.1372549019608,1
b57361a1-225.jpg,1715.8088235294117,344.11764705882354,162.5,254.90196078431367,0
b57361a1-225.jpg,1586.7647058823532,583.0882352941176,172.05882352941188,285.1715686274509,1
f11eea49-190.jpg,31.862745098039213,724.8771440111009,395.0980392156864,411.0297187339971,4
f11eea49-190.jpg,81.25000000000001,1153.4313725490194,191.17647058823533,116.29901960784323,0
f11eea49-190.jpg,197.54901960784315,557.5980392156862,305.8823529411765,216.66666666666663,1
f11eea49-190.jpg,313.8479760476308,366.421568627451,267.64712199158504,254.90196078431376,1
f11eea49-190.jpg,450.8577483851717,194.36243812874798,256.49519279129885,232.5983461849773,1
f11eea49-190.jpg,657.96568627451,127.4509803921569,208.7009803921569,203.92156862745094,0
f11eea49-190.jpg,863.4803921568628,95.58823529411765,203.9215686274511,205.51470588235296,0
f11eea49-190.jpg,1057.8431372549016,108.33333333333327,207.10776417718597,202.32843137254903,0
f11eea49-190.jpg,1228.308823529412,157.72034704513675,211.88725490196072,200.73553530780447,0
f11eea49-190.jpg,1378.0637254901967,246.93590176137897,248.5294117647057,235.78468647391514,0
f11eea49-190.jpg,1432.230392156863,468.3823529411765,283.5784313725489,251.71568627450984,0
f11eea49-190.jpg,1454.5343137254902,716.9117647058824,339.3382352941177,232.59803921568616,0
f11eea49-190.jpg,1481.6176470588234,935.1715686274509,379.16666666666686,345.71078431372547,4
97714bbb-86.jpg,6.372549019607841,487.5,41.42156862745099,164.093137254902,0
97714bbb-86.jpg,54.16666666666671,385.5392156862744,242.1568627450981,358.4558823529411,0
97714bbb-86.jpg,301.10294117647055,369.60784313725486,309.0686274509804,360.04901960784315,0
97714bbb-86.jpg,211.8872549019608,694.6078431372549,144.9754901960785,106.74019607843147,0
97714bbb-86.jpg,360.04901960784315,713.7254901960785,172.05882352941182,189.5833333333333,0
97714bbb-86.jpg,600.6127450980393,447.671568627451,254.90196078431376,253.30882352941177,0
97714bbb-86.jpg,541.6666666666669,627.6960784313726,215.07352941176478,302.69607843137254,0
97714bbb-86.jpg,769.4852941176468,638.8480392156862,254.90196078431364,296.32352941176475,0
97714bbb-86.jpg,845.9558823529414,363.235294117647,267.64695402504634,339.3382352941176,0
97714bbb-86.jpg,1107.230392156863,462.0098039215686,272.4263448300557,251.7156862745098,0
97714bbb-86.jpg,1013.2352941176472,627.6960784313726,259.6813725490196,275.6127450980392,0
97714bbb-86.jpg,1256.985294117647,659.5588235294117,219.85294117647086,159.31372549019602,0
97714bbb-86.jpg,1489.5833333333333,589.4607843137255,315.4411764705883,173.6520923425812,4
97714bbb-86.jpg,1652.0833333333335,482.7205882352941,207.1078431372547,148.16176470588238,6
97714bbb-86.jpg,1378.0637254901962,519.3627450980392,210.29411764705912,162.5,0
97714bbb-86.jpg,1844.8529411764707,520.9558823529412,106.7401960784315,92.40196078431364,2
97714bbb-86.jpg,1797.058823529412,592.6470588235293,176.8382352941174,87.62270250425368,1
1628e530-248.jpg,105.14705882352942,1057.8431372549019,270.83333333333337,226.22549019607848,2
1628e530-248.jpg,143.38235294117646,849.1421568627451,331.3725490196079,310.6617647058825,3
1628e530-248.jpg,305.8823529411765,751.9607843137255,289.95098039215696,205.5147058823529,1
1628e530-248.jpg,259.68137254901956,517.7696078431372,280.39215686274514,245.343137254902,1
1628e530-248.jpg,401.47053296324566,329.7794117647059,234.1912317426371,248.52941176470586,0
1628e530-248.jpg,562.3774509803923,235.78431372549022,243.75,219.85294117647055,0
1628e530-248.jpg,756.7401960784315,154.5343137254902,264.4607843137254,232.59803921568624,0
1628e530-248.jpg,1029.1666666666667,180.02450980392157,277.20588235294116,207.10784313725486,0
1628e530-248.jpg,1228.3088235294113,297.916535108399,240.56372549019605,199.14228842101278,0
1628e530-248.jpg,1386.0294117647065,404.6567092604525,234.19117647058806,253.30897701405706,0
1628e530-248.jpg,1432.230392156863,627.6960784313726,299.5098039215685,231.00490196078425,0
1628e530-248.jpg,1368.5049019607845,812.5,296.32352941176464,227.81862745098047,0
1628e530-248.jpg,1497.5490196078435,941.5441176470588,309.0686274509804,312.2549019607845,2
a80c67ea-5.jpg,630.8822481426938,962.2549019607843,191.17657538671793,240.56372549019594,0
a80c67ea-5.jpg,830.0245098039215,995.7107843137255,167.27941176470608,218.25980392156873,0
a80c67ea-5.jpg,998.8970588235294,998.8970588235295,165.686274509804,218.25980392156853,0
a80c67ea-5.jpg,1158.2107843137258,951.1029411764707,205.51470588235304,218.25980392156873,0
a80c67ea-5.jpg,1566.0539215686279,127.45098039215688,345.7107843137257,356.8627450980392,2
a80c67ea-5.jpg,54.16666666666672,4.7793679119500085,329.7794117647059,181.61769091157936,3
a80c67ea-5.jpg,1655.3127812404255,3.1863183625598035,294.68721875957414,135.41662281391078,4
a80c67ea-5.jpg,97.18124679084015,162.49999999999997,358.45600811112115,358.4558823529411,2
a80c67ea-5.jpg,186.39705882352948,490.68627450980387,291.5441176470589,248.52941176470586,2
a80c67ea-5.jpg,293.13725490196083,708.9460784313726,251.71568627450986,258.08823529411774,2
a80c67ea-5.jpg,450.85784313725503,903.3088235294118,216.6666666666667,234.19117647058823,2
a80c67ea-5.jpg,1335.0490196078433,861.8871233436934,183.21078431372547,231.00503351905124,2
a80c67ea-5.jpg,1454.5343137254902,672.3039215686275,259.6813725490196,267.6470588235293,2
a80c67ea-5.jpg,1518.2598039215688,465.1960784313725,272.42647058823536,232.59803921568624,2
8070dcce-150.jpg,109.71957278325281,407.7436770762121,86.18022716223979,110.1191791517509,0
8070dcce-150.jpg,278.48918430930564,581.3010790001672,106.52833635332418,73.01380356800864,0
8070dcce-150.jpg,404.74711731701694,613.879900763629,41.11323749827761,38.176577676972016,0
8070dcce-150.jpg,400.97141183248084,449.4269507705185,164.45297286503046,213.5371212920747,0
8070dcce-150.jpg,435.37228402491775,621.4313117327005,122.9201896632177,109.49545905153538,0
8070dcce-150.jpg,203.0814855423459,429.28873386677213,143.63371193706632,146.0276071360174,0
8070dcce-150.jpg,358.68467347416777,510.6811706311096,65.83211797115545,105.33138875384853,0
8070dcce-150.jpg,313.200664694098,512.0058074374415,77.61812097017554,89.63935578740563,0
8070dcce-150.jpg,566.9686580243435,455.2789514267636,184.88123670805848,208.83594844099622,0
8070dcce-150.jpg,560.2122008688996,632.7895076016104,125.91579244236556,149.8705041753032,0
8070dcce-150.jpg,695.3413439777796,583.6516373801995,153.55584444190896,205.76483155215806,0
8070dcce-150.jpg,753.0782958241501,416.5827940917238,243.23250325977088,243.84676550943055,0
8070dcce-150.jpg,847.0545182863858,616.2054764018843,144.9566927991424,138.81448337548565,0
8070dcce-150.jpg,996.9250224616885,558.4684788917265,157.8554202632928,219.2778050380212,0
8070dcce-150.jpg,1016.5801705502529,396.9276290960236,246.91771566777246,256.13124997191863,0
8070dcce-150.jpg,1156.623100681274,602.6925620909963,143.11406528537415,164.61186524172632,0
8070dcce-150.jpg,1262.2695216573075,452.2077415486785,172.59676915270572,203.92216141885507,1
8070dcce-150.jpg,1430.56672716564,435.0095799604315,170.75409901940304,228.4910965295606,0
8070dcce-150.jpg,1302.194041212204,625.4188270683984,143.11404701985907,162.7693050048061,0
8070dcce-150.jpg,1442.236971343224,623.5761569350959,111.17444050870021,135.74336648664772,0
8070dcce-150.jpg,1549.1118390747938,490.28968395951875,97.66151706505383,158.46963146405017,0
8070dcce-150.jpg,1547.2691689414908,649.3735388013365,41.76718968819955,56.50855075462253,0
8070dcce-150.jpg,1653.5780149390534,470.6345358709544,92.74773004291262,105.0321975982658,0
8070dcce-150.jpg,1739.5692878265218,441.7660371158756,54.665880621319616,63.87923128783412,0
8070dcce-150.jpg,1595.2267818741182,562.1538867868751,103.18952137645795,122.23029155797016,0
79675aa9-103.jpg,799.4889267461668,502.725724020443,181.60136286201023,177.1720613287903,0
79675aa9-103.jpg,1009.8807495741056,471.72061328790465,188.24531516183995,174.9574105621806,0
79675aa9-103.jpg,1198.1260647359445,507.1549562405108,132.8790459965925,157.24027374245347,0
79675aa9-103.jpg,684.3270868824529,555.87734241908,124.02044293015337,141.7376490630324,0
79675aa9-103.jpg,586.8824531516183,555.87734241908,106.30323679727425,150.5962521294719,0
79675aa9-103.jpg,498.29642248722314,569.1652470187395,121.80579216354353,126.23509369676317,1
79675aa9-103.jpg,471.72061328790454,602.3850085178876,77.51262393781626,97.4445941233194,1
79675aa9-103.jpg,396.4224872231686,595.741056218058,97.44463373083477,95.22998296422476,1
79675aa9-103.jpg,343.27086882453153,584.6678023850085,84.1567291311754,99.65928449744456,2
79675aa9-103.jpg,1308.85860306644,564.7359454855196,101.8739352640543,137.30834752981258,0
79675aa9-103.jpg,1390.800681431005,573.5945485519592,93.01533219761495,130.6643952299829,0
79675aa9-103.jpg,1450.5962521294716,611.2436115843273,70.86882453151617,93.01533219761495,0
79675aa9-103.jpg,1499.3185689948893,613.458262350937,88.58603066439542,88.58603066439515,1
79675aa9-103.jpg,1401.87380785278,702.0442930153321,112.94731650837927,97.44463373083482,1
79675aa9-103.jpg,905.7921635434412,604.5996592844974,112.94718909710397,130.66439522998306,0
79675aa9-103.jpg,792.8449744463372,664.3952299829643,97.44463373083477,104.08858603066446,1
79675aa9-103.jpg,690.9710391822827,688.7563884156727,84.15672913117547,81.94207836456565,1
79675aa9-103.jpg,589.0971039182282,699.8296422487223,104.08858603066442,99.65928449744474,0
79675aa9-103.jpg,535.9454855195911,708.6882453151618,90.80068143100519,79.72742759795574,0
79675aa9-103.jpg,442.93015332197615,688.7563884156729,99.6592844974446,93.01533219761514,1
79675aa9-103.jpg,374.27597955706983,677.6831345826233,99.65928449744467,73.08347529812615,1
79675aa9-103.jpg,1025.3833049403747,635.6047700170359,108.5178875638843,108.51788756388417,0
79675aa9-103.jpg,1144.9744463373083,631.1754684838157,90.8006814310049,119.59114139693358,0
79675aa9-103.jpg,1242.4190800681422,653.3219761499145,93.01548509114497,148.38160136286217,0
79675aa9-103.jpg,1331.0051107325382,697.6149914821124,86.37137989778552,115.16183986371387,0
79675aa9-103.jpg,1501.5332197614994,688.7563884156727,97.44463373083448,86.37137989778546,1
6926f4aa-2.jpg,2.2421524663677124,401.3452914798207,67.2645739910314,280.26905829596427,1
6926f4aa-2.jpg,49.32735426008969,356.5022421524663,237.6681614349776,334.0807174887893,3
6926f4aa-2.jpg,298.2062780269058,365.4708520179373,251.1210762331839,320.62780269058305,1
6926f4aa-2.jpg,560.5381165919282,430.4932735426009,266.8161434977578,293.72197309417044,1
6926f4aa-2.jpg,838.5650224215246,405.82959641255616,291.4798206278027,334.0807174887892,2
6926f4aa-2.jpg,65.02245527703856,692.8251121076233,87.44391243596596,159.1928251121076,0
6926f4aa-2.jpg,139.01345291479822,699.5515695067264,82.95964125560536,188.34080717488806,0
6926f4aa-2.jpg,228.69955156950672,688.3408071748878,109.86547085201792,257.8475336322871,0
6926f4aa-2.jpg,347.5336322869955,661.4349775784755,150.2242152466367,269.05829596412565,0
6926f4aa-2.jpg,495.51569506726446,679.372197309417,192.82513235904818,255.60538116591914,0
6926f4aa-2.jpg,701.7937219730933,670.4035874439461,248.87892376681592,286.99551569506724,1
6926f4aa-2.jpg,955.8646835928496,692.8251121076233,266.10841057755437,290.41835860585155,2
6926f4aa-2.jpg,1145.7399103139014,455.1569506726458,246.63677130044846,291.47982062780284,2
6926f4aa-2.jpg,1230.9416635330244,706.2780269058297,235.4260494714597,251.12107623318406,2
6926f4aa-2.jpg,1401.3452914798206,504.4843049327355,210.76233183856516,230.94170403587438,2
6926f4aa-2.jpg,1475.3362486147307,730.9417040358738,331.83863927764577,204.0358744394617,2
6926f4aa-2.jpg,1616.5919282511209,508.9686098654708,291.479820627803,219.73094170403596,2
6926f4aa-2.jpg,1822.8699214045755,665.9192825112109,165.91931626358578,210.7623318385649,1
0673003e-105.jpg,445.14480408858606,640.0340715502555,73.08347529812607,93.01533219761505,0
0673003e-105.jpg,400.8517887563885,679.8977853492332,70.86882453151624,186.03066439523002,0
0673003e-105.jpg,420.78364565587736,706.4735648429153,177.1720613287905,214.82115406679534,0
0673003e-105.jpg,504.9403747870529,555.87734241908,28.790459965928434,137.30834752981258,0
0673003e-105.jpg,531.5161839863714,595.7410562180579,46.50766609880755,152.8109028960817,0
0673003e-105.jpg,575.8091993185689,584.6678023850085,84.15672913117547,161.6695059625213,0
0673003e-105.jpg,657.7512776831344,575.809199318569,124.02044293015337,126.23509369676309,0
0673003e-105.jpg,604.5995063909677,686.5417277471838,212.60662648807786,203.7478804299878,0
0673003e-105.jpg,786.2010221465076,553.6626916524701,141.73764906303234,192.6746166950597,0
0673003e-105.jpg,934.5826235093697,555.87734241908,163.88415672913126,155.0255536626917,0
0673003e-105.jpg,832.7085353517857,651.1073253833049,179.38686498892966,183.81601362862003,0
0673003e-105.jpg,1102.8960817717204,520.442930153322,186.0306643952299,163.8841567291312,0
0673003e-105.jpg,1014.3100511073253,648.8926746166953,194.88926746166948,179.38674180103698,0
0673003e-105.jpg,1271.2095400340716,547.0187393526405,168.31345826235093,128.44974446337307,0
0673003e-105.jpg,1430.6643952299833,562.521215503879,254.68483816013642,121.80587137857397,1
0673003e-105.jpg,1510.3918228279385,697.6149914821126,248.04088586030673,126.23509369676326,2
0673003e-105.jpg,1211.4139693356049,668.8245315161838,179.38658468412567,155.02555366269172,1
0673003e-105.jpg,1375.2977693131672,671.039182282793,150.59660888104077,119.59114139693358,1
f07e5340-266.jpg,141.7892156862745,89.21568627450984,321.81372549019613,234.19117647058823,0
f07e5340-266.jpg,180.02450980392166,313.8480392156864,331.37265166769805,296.3235294117647,2
f07e5340-266.jpg,281.9852941176474,554.4117647058822,280.39224371882113,223.0392156862745,1
f07e5340-266.jpg,339.3382352941177,705.7598039215686,254.90196078431381,218.25980392156873,1
f07e5340-266.jpg,471.56862745098,852.3284313725494,176.83823529411748,164.09340037143684,1
f07e5340-266.jpg,638.8480392156863,895.343137254902,175.24509803921575,148.16176470588246,1
f07e5340-266.jpg,777.4509803921572,928.7990196078432,160.90686274509792,127.45098039215677,0
f07e5340-266.jpg,944.7303921568628,931.985294117647,173.65196078431367,116.29901960784323,0
f07e5340-266.jpg,1115.1960784313728,895.343137254902,178.4313725490196,148.16176470588246,0
f07e5340-266.jpg,1277.6960784313724,855.514705882353,172.05882352941188,184.8039215686275,1
f07e5340-266.jpg,1368.5049019607848,721.6911764705882,248.5294117647058,250.1225490196078,1
f07e5340-266.jpg,1400.367615474796,565.5637254901961,274.0196394271645,219.8529411764705,0
f07e5340-266.jpg,1470.4656704824959,323.40686274509795,336.15197657632785,313.84803921568613,2
f07e5340-266.jpg,1577.205842872906,79.65686274509804,299.5098434016035,281.9852941176471,1
df3ae704-48.jpg,49.38725490196078,391.9117647058823,103.55392156862746,151.3480392156863,0
df3ae704-48.jpg,41.42156862745098,519.3627450980392,111.51960784313727,89.21568627450976,0
df3ae704-48.jpg,137.00980392156862,383.94607843137254,114.7058823529412,231.0049019607843,0
df3ae704-48.jpg,261.27450980392155,382.3529411764706,223.03921568627456,302.69607843137254,0
df3ae704-48.jpg,211.88734922059518,608.5784313725486,165.68618019116937,195.95610161672082,0
df3ae704-48.jpg,379.1666666666668,614.9509803921568,152.94117647058823,229.4119620432838,0
df3ae704-48.jpg,487.5000000000001,423.77450980392166,258.08823529411774,299.5098039215686,0
df3ae704-48.jpg,686.6421568627452,364.8282778879035,313.8480392156864,382.3530946611163,1
df3ae704-48.jpg,1000.4901960784316,374.38725490196066,352.0833333333333,361.64215686274514,1
df3ae704-48.jpg,549.6323319814799,691.421612480207,208.70098039215685,215.07352941176467,0
df3ae704-48.jpg,761.5196078431377,681.8627450980392,192.7696078431374,178.43152603366514,0
df3ae704-48.jpg,952.6960784313725,621.3235294117645,189.58339621242317,272.42647058823513,0
df3ae704-48.jpg,1167.7696078431375,691.4215686274509,165.686274509804,167.2794117647058,0
df3ae704-48.jpg,1343.0147058823527,407.84313725490193,227.8186274509804,299.50980392156856,0
df3ae704-48.jpg,1567.6470588235295,356.8627450980392,205.51470588235304,274.01960784313724,0
df3ae704-48.jpg,1368.5049019607848,673.8970588235295,205.51470588235304,186.39705882352928,0
df3ae704-48.jpg,1558.0882352941176,579.9019607843137,208.7009803921569,216.66695170957996,0
df3ae704-48.jpg,1757.2303921568625,361.642156862745,137.0098039215688,229.41176470588238,0
df3ae704-48.jpg,1734.9264705882354,563.9705882352941,154.53431372549034,113.11274509803924,0
df3ae704-48.jpg,1856.0049019607848,358.4558823529412,121.07843137254889,159.31372549019608,0
df3ae704-48.jpg,1836.8872549019611,520.9558823529412,124.26470588235304,71.69117647058815,0
0b700680-102.jpg,932.3679727427598,538.160136286201,205.96252129471907,194.8892674616695,0
0b700680-102.jpg,1160.4770017035776,504.94037478705275,197.10391822827958,197.10391822827933,0
0b700680-102.jpg,1036.456558773424,637.8194207836455,124.0204429301532,166.09888671077178,0
0b700680-102.jpg,797.274275979557,600.1703577512777,143.95229982964239,150.5962521294718,0
0b700680-102.jpg,688.7565158269476,602.3850085178876,128.44961705209832,161.6695059625212,1
0b700680-102.jpg,595.7410562180579,611.243611584327,115.16183986371381,135.0936967632028,1
0b700680-102.jpg,555.87734241908,640.0340715502555,90.80068143100526,101.87393526405455,1
0b700680-102.jpg,476.14991482112436,628.9608177172062,110.732538330494,101.87393526405455,1
0b700680-102.jpg,411.92504258943785,620.1022146507667,90.80068143100512,104.08858603066437,2
0b700680-102.jpg,910.2214650766612,708.6882453151618,121.80579216354346,108.51788756388426,1
0b700680-102.jpg,799.4889267461668,726.4054514480408,104.08858603066449,101.87393526405465,1
0b700680-102.jpg,1355.366269165247,547.0187393526405,132.8790459965927,172.7427597955707,0
0b700680-102.jpg,1470.5281090289607,602.3850085178876,106.30323679727411,148.381601362862,0
0b700680-102.jpg,1162.6916524701874,690.9710391822828,126.23509369676314,110.73253833049417,0
0b700680-102.jpg,1297.7853492333902,688.7563884156727,99.65928449744467,108.51788756388426,0
0b700680-102.jpg,1397.4446337308348,713.1175468483816,97.44463373083477,155.02555366269158,0
0b700680-102.jpg,688.756388415673,741.90800681431,121.80579216354346,108.51788756388407,0
0b700680-102.jpg,642.2487223168652,744.1226575809201,77.51277683134589,84.15672913117555,0
0b700680-102.jpg,449.57410562180576,721.9761499148212,101.87393526405448,68.65424307805841,1
0b700680-102.jpg,524.8722316865416,737.4787052810901,135.09369676320264,88.58605046815313,1
0b700680-102.jpg,1483.8160136286199,737.4787052810902,79.7274275979558,97.44463373083485,0
0b700680-102.jpg,1556.8994889267472,746.3373083475296,124.02044293015315,104.08865534381633,1
0b700680-102.jpg,1561.328790459966,609.0289608177172,79.7274275979558,104.08858603066437,0
0b700680-102.jpg,1612.2657580919931,631.1754684838161,68.65417376490626,95.22998296422486,0
0b700680-102.jpg,1654.344122657581,644.4633730834752,79.7274275979558,84.15672913117547,1
0b700680-102.jpg,1654.3441226575808,719.7614991482112,104.08858603066446,104.0886256381798,1
ff319412-220.jpg,778.6930821271021,439.35276657285016,153.4270166445614,229.59631226303708,3
ff319412-220.jpg,775.428679583078,650.4507977530842,163.22018113200212,263.32847188462114,2
ff319412-220.jpg,894.0353053492925,409.9731436766331,97.93207632072722,243.74205662047603,2
ff319412-220.jpg,988.7029791259953,425.20702221541285,92.49140541401985,249.18272752718326,2
ff319412-220.jpg,932.120001696239,648.2745293904001,97.93213025151745,247.0062495003445,2
ff319412-220.jpg,1001.7605893020926,674.389749742596,107.72528395279949,206.74549445486807,2
25f69e77-229.jpg,92.40196078431373,952.6960784313724,336.15196078431376,277.2058823529412,1
25f69e77-229.jpg,191.17647058823528,661.1519607843136,348.8970588235294,326.5931372549019,3
25f69e77-229.jpg,283.5784313725491,474.7549019607842,302.69607843137254,232.59803921568624,1
25f69e77-229.jpg,353.67647058823525,293.13725490196083,266.0539215686275,237.37745098039207,0
25f69e77-229.jpg,471.56862745098005,127.45098039215684,197.5490196078431,235.78455491564756,0
25f69e77-229.jpg,637.2549019607845,173.65196078431367,195.95588235294116,194.3627450980392,0
25f69e77-229.jpg,822.058823529412,180.0245098039216,175.2450980392158,165.68636221531568,0
25f69e77-229.jpg,995.710784313726,157.7205882352941,168.8726200836699,175.2450980392156,0
25f69e77-229.jpg,1156.6176470588227,170.46586168553335,197.54909856791326,186.3967957069942,0
25f69e77-229.jpg,1346.200980392158,159.31372549019613,197.54905908787705,254.9019607843135,0
25f69e77-229.jpg,1440.1960784313728,293.1372549019608,245.34313725490222,242.15686274509798,1
25f69e77-229.jpg,1467.2793801806781,476.3480392156864,262.86767864285207,237.3774509803922,0
25f69e77-229.jpg,1472.0587682573635,656.3725490196077,347.3039768406762,331.3725490196075,3
25f69e77-229.jpg,1596.3235294117649,938.357843137255,307.47549019607845,262.8676470588235,2
25f69e77-229.jpg,1714.2156862745096,1155.0245098039215,210.29411764705884,127.45098039215696,3
024be0a0-237.jpg,289.95098039215685,495.4656862745098,86.02941176470591,173.65196078431376,1
024be0a0-237.jpg,363.2352941176471,498.6519607843137,114.70588235294123,173.65196078431376,1
024be0a0-237.jpg,288.357843137255,648.406862745098,109.92647058823525,98.77450980392152,1
024be0a0-237.jpg,395.0980392156863,657.9656862745096,89.2156862745098,122.671568627451,1
024be0a0-237.jpg,463.60294117647067,485.90686274509807,157.7205882352942,223.0392156862745,1
024be0a0-237.jpg,468.38235294117635,672.3039215686275,122.67156862745104,146.56862745098027,1
024be0a0-237.jpg,603.7990196078432,458.8235294117648,173.65196078431381,245.34313725490188,1
024be0a0-237.jpg,759.9264705882354,444.4852941176471,237.37745098039227,261.27450980392143,1
024be0a0-237.jpg,992.5245098039214,426.96078431372547,243.74999999999986,281.985294117647,1
024be0a0-237.jpg,589.4607843137256,680.2696078431376,146.56862745098059,173.65213619533716,0
024be0a0-237.jpg,739.2156862745097,686.6421568627451,130.63725490196092,122.671568627451,0
024be0a0-237.jpg,874.6323529411766,689.8284313725491,129.04411764705898,121.078431372549,1
024be0a0-237.jpg,1002.0833333333335,685.0490196078432,146.5686274509804,173.65196078431364,1
024be0a0-237.jpg,1158.2107843137258,677.0833333333333,133.82352941176464,181.61764705882342,1
024be0a0-237.jpg,1231.495098039216,438.1127450980392,175.2450980392156,246.93627450980387,1
024be0a0-237.jpg,1288.8480392156864,632.4754901960783,167.2794117647058,232.59803921568636,0
024be0a0-237.jpg,1408.3333333333337,425.3676470588235,140.19607843137265,246.93627450980398,1
024be0a0-237.jpg,1451.3480392156866,645.220588235294,122.67156862745111,205.5147058823529,1
024be0a0-237.jpg,1532.5980392156866,469.9754901960784,135.41666666666657,194.36274509803926,1
024be0a0-237.jpg,1556.495098039216,651.593137254902,98.77450980392183,138.60294117647052,1
024be0a0-237.jpg,1647.3039215686276,487.5,73.28431372549005,159.3137254901961,1
024be0a0-237.jpg,1720.5882352941176,485.90686274509795,87.62254901960802,140.1960784313726,1
024be0a0-237.jpg,1661.6421568627452,614.9509803921568,124.26470588235304,173.65196078431364,1
6a4794c8-126.jpg,72.72727272727272,396.36363636363626,72.72727272727272,281.81818181818176,2
6a4794c8-126.jpg,109.09090909090907,436.3636363636363,105.45454545454545,258.1818181818182,0
6a4794c8-126.jpg,172.3043275838986,401.7691480040231,249.39470762580333,312.00013588426873,1
6a4794c8-126.jpg,411.4360106794075,422.29547273325187,273.00006214342784,294.55275986442484,0
6a4794c8-126.jpg,211.30431213782768,705.5588178658427,93.39480994959291,144.71052547181716,2
6a4794c8-126.jpg,303.67280585095966,704.532437760141,83.13161515337451,110.84215353783267,0
6a4794c8-126.jpg,387.83073724079566,688.1113779767584,146.76322181398206,142.65795686813632,0
6a4794c8-126.jpg,684.4361295781439,426.4007376790981,237.07905062258618,268.8948539528901,1
6a4794c8-126.jpg,697.7782406521421,636.7955661536878,197.05271740059132,217.5790421298195,1
6a4794c8-126.jpg,536.6465915277005,616.2692414244596,158.05270041505764,215.52640965689662,1
6a4794c8-126.jpg,920.4888153168596,368.92687940902897,263.7632403389777,309.94765243957386,2
6a4794c8-126.jpg,900.9888554715021,622.427138843228,214.5000934204353,259.65800782473724,2
6a4794c8-126.jpg,1182.0259595402529,457.1902247729399,264.78954846753885,203.21061481935942,2
6a4794c8-126.jpg,1440.6576511285298,418.19020778740696,239.13168309550912,210.39482847458947,2
6a4794c8-126.jpg,1157.3943698651794,620.3745063703052,261.71064029766046,175.50007643490156,2
6a4794c8-126.jpg,1675.6840692781932,450.0060111177107,170.3684952525947,102.63162364614135,2
6a4794c8-126.jpg,1658.2366932583436,517.7428827241623,295.57907610088586,161.1322026578657,2
6a4794c8-126.jpg,1396.526052960687,587.532386803539,312.00013588426884,169.3428177085447,2
6f9a3e84-218.jpg,122.67156862745094,50.98039215686273,321.81372549019613,281.985294117647,3
6f9a3e84-218.jpg,186.39701144748778,312.25490196078437,307.4755375721202,281.98544760229237,3
6f9a3e84-218.jpg,267.63414993793793,560.0162258969634,242.65399794223984,202.39295772950194,1
6f9a3e84-218.jpg,359.0374966737222,705.8262061967137,235.0369831697448,215.45056790559946,0
6f9a3e84-218.jpg,501.58307442944704,840.7548446830486,198.04042100413682,217.6268362682823,0
6f9a3e84-218.jpg,623.4541027396832,985.4766908014543,179.54213992133228,158.86784506803767,0
6f9a3e84-218.jpg,781.2335590341896,1030.0901922364542,157.77945629450485,132.75237012365236,0
6f9a3e84-218.jpg,936.8366930352216,1043.200333203427,158.86764440663404,125.13543085426218,0
6f9a3e84-218.jpg,1093.5280690791749,1014.9088444885499,168.66079810791845,157.7794562945045,0
6f9a3e84-218.jpg,1223.0159881210914,924.5937074372127,205.65740881123676,224.15564135633053,0
6f9a3e84-218.jpg,1361.2090776891619,795.105739857585,215.45056790559926,228.50817808169634,0
6f9a3e84-218.jpg,1451.5803726039287,642.7669544697874,238.30138571376892,228.50817808169634,2
6f9a3e84-218.jpg,1492.9293798125589,415.3469105694314,315.5590042713477,305.7657049569361,1
6f9a3e84-218.jpg,1613.7123278722454,218.71497044962325,281.8267907189776,268.76914279132797,6
7b8ac2eb-230.jpg,822.0588235294119,340.9313725490196,262.8676470588235,318.62745098039215,1
7b8ac2eb-230.jpg,801.3480392156864,622.9166666666667,288.357843137255,369.6078431372548,0
7b8ac2eb-230.jpg,1064.21568627451,363.2352941176471,90.80882352941188,262.8676470588236,0
7b8ac2eb-230.jpg,1150.245098039216,323.406862745098,66.91176470588246,266.05392156862746,0
5b7fd5c5-261.jpg,149.75490196078434,505.02450980392166,108.33333333333334,148.1617647058823,0
5b7fd5c5-261.jpg,157.72058823529417,642.0343137254903,86.02941176470588,108.33333333333327,0
5b7fd5c5-261.jpg,218.2598039215685,685.0490196078434,159.31372549019608,106.74037148945469,1
5b7fd5c5-261.jpg,231.00490196078434,562.3774509803922,106.74019607843135,116.29901960784312,1
5b7fd5c5-261.jpg,286.7647058823528,485.9068627450984,141.78921568627442,219.8533139248952,1
5b7fd5c5-261.jpg,345.7107843137256,678.6764705882355,92.40196078431374,121.078431372549,1
5b7fd5c5-261.jpg,390.31862745098044,404.6568627450981,203.92156862745102,283.57843137254906,1
5b7fd5c5-261.jpg,584.6813725490194,388.72549019607834,218.2598039215688,274.01960784313724,1
5b7fd5c5-261.jpg,556.0049651288399,643.6274509803924,197.5489564397877,210.29411764705875,2
5b7fd5c5-261.jpg,406.25000000000006,665.9313725490196,176.8382352941176,159.3137254901961,2
5b7fd5c5-261.jpg,736.0294117647064,626.1029411764704,165.68632188584508,194.36274509803906,2
5b7fd5c5-261.jpg,787.0098039215686,345.71078431372547,297.9166587706599,323.406862745098,1
5b7fd5c5-261.jpg,904.9019607843138,630.8823529411769,181.6176944348652,191.17647058823536,1
5b7fd5c5-261.jpg,1073.7745098039213,364.82825596152554,293.137254901961,302.69625384239606,1
5b7fd5c5-261.jpg,1089.7058823529412,653.1862745098039,156.12745098039227,170.46568627450978,1
5b7fd5c5-261.jpg,1260.171568627451,621.3235294117648,151.34803921568619,181.6176470588235,1
5b7fd5c5-261.jpg,1346.2009803921571,406.24999999999983,215.07357678780662,242.15686274509784,1
5b7fd5c5-261.jpg,1559.6813725490194,323.40686274509807,156.12745098039227,157.72058823529417,1
5b7fd5c5-261.jpg,1402.2443688219087,608.288770053476,198.8129962728894,230.41241289904397,2
5b7fd5c5-261.jpg,1572.0912331874902,591.1724193809756,160.63036784961895,208.02949278885112,1
5b7fd5c5-261.jpg,1643.1899205963375,435.8086209690487,160.63036784961923,211.97941986712053,2
5b7fd5c5-261.jpg,1757.7323658467153,612.7154971692447,131.29552931888128,116.90697816064753,3
5b7fd5c5-261.jpg,1696.581023424223,651.3847284069972,87.23059139679066,97.12272031807639,1
5b7fd5c5-261.jpg,1794.6030281896885,447.24715884955907,119.60483150281647,160.07263163534802,1
69a6f8ed-216.jpg,181.08575839847842,515.8042225043469,45.701635616339225,165.39639556389454,1
69a6f8ed-216.jpg,221.34672310811067,471.190721069349,132.75237012365218,231.77258062572074,2
69a6f8ed-216.jpg,357.363495775787,467.92631852532475,204.56922609218532,276.38608206071854,1
69a6f8ed-216.jpg,236.58060164689036,687.7294231562898,55.49484324841199,121.87102831023813,1
69a6f8ed-216.jpg,268.13649290579133,669.231142073486,93.5795395953613,165.39639556389443,1
69a6f8ed-216.jpg,356.27536159444554,716.0209118711665,127.31169921694507,132.75237012365218,1
69a6f8ed-216.jpg,481.4107924487078,714.9327776898252,113.16595485950664,156.69132211316298,0
69a6f8ed-216.jpg,554.3157825985825,483.16019706410464,242.65392243913467,257.8878009779144,1
69a6f8ed-216.jpg,596.7530156708974,727.990387865922,147.98624866243188,150.16251702511488,1
69a6f8ed-216.jpg,803.4985101257655,501.65847814690864,214.3624337242582,224.1556413563307,1
69a6f8ed-216.jpg,744.7392643333293,656.1735318973889,166.48452974523607,220.8912388123066,1
69a6f8ed-216.jpg,926.4576726173449,669.231142073486,183.89467664669837,213.27429954291628,1
69a6f8ed-216.jpg,1009.1558703992922,482.07206288276325,221.9793729936481,223.06750717498917,1
69a6f8ed-216.jpg,1112.528617626725,665.9667395294613,208.92176281755076,205.65746510560498,2
69a6f8ed-216.jpg,1221.3420357608675,488.6008679708115,173.0133348332845,208.92176281755107,1
69a6f8ed-216.jpg,1421.5587251276872,448.33990326117953,286.1792896927909,184.98281082803985,3
69a6f8ed-216.jpg,1308.39277026818,640.9396533586086,156.6913221131629,179.54234958548986,0
69a6f8ed-216.jpg,1434.616335303782,619.1769697317807,248.0945933458411,177.36608122280654,4
69a6f8ed-216.jpg,1665.3007817481616,549.5363821259301,103.37280655130434,157.77945629450446,2
7d15dca6-276.jpg,11.151960784313728,372.7941176470588,78.06372549019609,360.04901960784315,1
7d15dca6-276.jpg,87.62254901960783,347.30392156862735,250.1225490196078,337.7450980392157,1
7d15dca6-276.jpg,7.965686274509803,664.3382352941178,111.51960784313728,197.54901960784312,1
7d15dca6-276.jpg,116.29901960784314,618.1372549019607,197.54901960784315,281.985294117647,1
7d15dca6-276.jpg,315.44117647058835,382.35294117647055,286.7647058823529,375.98039215686276,1
7d15dca6-276.jpg,342.5245098039216,728.0637254901961,78.06372549019606,76.47058823529413,0
7d15dca6-276.jpg,477.9411764705883,732.843137254902,127.45098039215682,135.41666666666654,0
7d15dca6-276.jpg,594.2401960784315,334.5588235294117,294.7303921568627,412.62254901960773,1
7d15dca6-276.jpg,600.6127450980393,721.6911764705883,176.83823529411774,197.54901960784323,0
7d15dca6-276.jpg,787.0098039215687,672.3039215686275,133.82352941176464,133.82352941176472,0
7d15dca6-276.jpg,876.2254744040648,377.5735951908985,250.1225490196079,324.99999999999994,1
7d15dca6-276.jpg,914.4607843137255,651.5931372549016,246.93627450980395,315.44137380799,1
7d15dca6-276.jpg,1121.5686274509806,431.74019607843127,256.49509803921546,350.4901960784314,1
7d15dca6-276.jpg,1151.8382352941178,700.9803921568628,215.07352941176478,246.9362745098038,1
7d15dca6-276.jpg,1346.2009803921571,481.12745098039227,180.02450980392126,275.6127450980392,1
7d15dca6-276.jpg,1338.2352941176473,688.2352941176471,180.02450980392155,235.78431372549016,1
7d15dca6-276.jpg,1497.5490196078438,489.09313725490193,146.5686274509804,237.37745098039215,1
7d15dca6-276.jpg,1524.6323529411768,702.5735294117646,159.31372549019585,159.3137254901961,1
7d15dca6-276.jpg,1621.8137254901962,511.3970588235294,151.34803921568619,203.92156862745108,2
7d15dca6-276.jpg,1760.416666666667,471.56862745098044,154.53431372549034,207.10784313725495,1
7d15dca6-276.jpg,1671.200980392157,657.9656862745097,168.87254901960802,148.16176470588246,1
8ebd65e0-42.jpg,267.64711122277083,324.9998684417324,274.01955544389585,302.6962099896404,1
8ebd65e0-42.jpg,532.1078431372546,455.6369698590477,216.66666666666666,250.12283406252092,0
8ebd65e0-42.jpg,721.69110311165,375.98019481946136,323.40693610403616,353.67666792563625,0
8ebd65e0-42.jpg,1051.4705882352932,356.8625696870158,326.59313725490176,356.8629205090625,0
8ebd65e0-42.jpg,121.07843137254903,433.33333333333326,148.16176470588238,168.87254901960796,0
8ebd65e0-42.jpg,6.372549019607835,477.9411764705883,160.90686274509807,207.1078431372549,0
8ebd65e0-42.jpg,152.94117647058823,611.7647058823529,148.16176470588238,98.77450980392152,0
8ebd65e0-42.jpg,280.39215686274514,605.3921568627451,156.12745098039213,178.43137254901953,0
8ebd65e0-42.jpg,442.8921568627452,543.2598039215687,173.65196078431367,237.37745098039215,0
8ebd65e0-42.jpg,1003.6763343502075,646.8137254901959,181.61778329685208,140.1960784313724,0
8ebd65e0-42.jpg,1363.7254901960785,409.4362745098039,237.37745098039198,293.1372549019608,0
8ebd65e0-42.jpg,834.8038901290824,707.3529411764704,119.48532555719204,73.28431372549024,0
8ebd65e0-42.jpg,1604.2892156862752,363.2352941176469,181.61754226034034,293.13725490196066,0
8ebd65e0-42.jpg,1763.6029411764714,396.6911764705883,117.89215686274503,213.48039215686273,0
8ebd65e0-42.jpg,1862.3774509803925,388.7254901960784,101.9607843137257,159.31372549019608,0
8ebd65e0-42.jpg,1808.2107843137255,552.8186274509803,78.06372549019613,66.91176470588236,0
8ebd65e0-42.jpg,1709.4362745098042,614.9509803921568,108.33333333333314,63.72549019607848,0
8ebd65e0-42.jpg,1570.8333333333335,592.6470588235293,132.230392156863,132.23039215686285,0
8ebd65e0-42.jpg,1393.9950980392155,678.6764705882354,149.75490196078425,65.31882478838165,0
8ebd65e0-42.jpg,696.2009803921569,685.049019607843,58.946078431372655,62.1323529411764,0
8ebd65e0-42.jpg,238.97064063453578,438.1132494047315,116.29888336981513,218.2594092467647,0
bc030429-65.jpg,737.6225490196077,495.4656862745098,143.38235294117652,227.81862745098047,1
bc030429-65.jpg,783.8235294117646,713.7254901960785,62.13235294117652,103.55392156862739,0
bc030429-65.jpg,849.1421254231999,669.1176470588234,46.20118998912306,124.26470588235293,0
bc030429-65.jpg,888.970588235294,508.21078431372547,93.9950980392156,197.54901960784304,0
bc030429-65.jpg,975.0000000000002,485.90686274509807,52.57352941176464,223.0392156862745,0
bc030429-65.jpg,1006.8627450980395,484.3137254901961,62.13235294117638,180.02450980392152,0
c2e348a2-157.jpg,896.9363297818526,500.2450980392155,133.8234741397164,172.05882352941174,2
c2e348a2-157.jpg,1002.0833649173612,490.6864060680718,101.96075272969765,178.43124099075186,2
c2e348a2-157.jpg,916.0539215686272,656.3725490196083,70.09806290370734,152.94117647058835,2
c2e348a2-157.jpg,990.931348860999,669.1175155005552,33.455890248947966,115.51059366505098,2
45813cc2-57.jpg,116.29901960784316,952.6960784313725,309.0686274509804,286.764705882353,3
45813cc2-57.jpg,187.9901960784314,681.8627450980391,266.05392156862746,283.578431372549,2
45813cc2-57.jpg,176.83823529411765,485.90686274509795,218.25980392156868,199.1421568627451,1
45813cc2-57.jpg,277.2058823529412,313.84803921568624,207.10784313725495,213.48039215686273,1
45813cc2-57.jpg,401.4705882352943,180.02450980392157,181.61764705882348,191.17647058823522,1
45813cc2-57.jpg,517.7696078431374,116.29901960784314,173.65196078431381,168.87254901960785,0
45813cc2-57.jpg,689.8284313725492,87.62254901960785,140.19607843137237,167.2794117647059,0
45813cc2-57.jpg,812.5000000000001,133.8235294117647,156.12745098039213,141.7892156862745,0
45813cc2-57.jpg,935.171568627451,68.50490196078428,162.50000000000014,172.0588235294118,0
45813cc2-57.jpg,1070.5882352941178,113.11274509803923,172.05882352941188,178.43137254901958,0
45813cc2-57.jpg,1151.8382352941182,234.1910668386985,203.92156862745105,218.25991355345838,1
45813cc2-57.jpg,1260.171568627451,385.5392156862744,207.10784313725497,223.0392156862745,1
45813cc2-57.jpg,1299.9999999999998,565.5637254901961,285.1715686274511,299.5098039215686,2
45813cc2-57.jpg,1409.9264705882356,823.6519607843137,280.392156862745,297.91666666666686,3
45813cc2-57.jpg,1503.9215686274515,1213.9701277813572,192.81278124042578,84.35560252373465,0
58fa6cff-198.jpg,6.372549019607841,447.6715686274509,74.87745098039215,215.07352941176467,0
58fa6cff-198.jpg,6.372525331587033,651.593137254902,76.47061192331493,113.11274509803924,0
58fa6cff-198.jpg,84.43627450980392,452.4509803921569,124.26470588235298,215.07352941176467,0
58fa6cff-198.jpg,74.87745098039218,672.3039215686274,143.3823529411765,132.23039215686273,0
58fa6cff-198.jpg,192.7696078431373,436.519344726602,267.64705882352945,299.5100670381036,1
58fa6cff-198.jpg,455.6372549019611,438.1126135397716,278.79898012780825,293.1373864602285,1
58fa6cff-198.jpg,710.7638775691229,457.86201192901837,246.5711165061606,231.0108866987815,0
58fa6cff-198.jpg,665.2798687890518,654.1614182430093,112.51307435070203,81.3924367643376,0
58fa6cff-198.jpg,789.7624191345094,611.0713046618895,222.63225350245307,196.29940631399072,0
58fa6cff-198.jpg,956.1381354616112,450.68032633216535,231.0108155101388,242.98036269353696,0
58fa6cff-198.jpg,1173.9825985661614,457.8620119290186,177.1481853985133,235.7986770966839,1
58fa6cff-198.jpg,1021.9702534327669,605.0865666645117,196.29940631399037,228.6169914998305,0
58fa6cff-198.jpg,1209.891026550428,621.8438330571694,160.39097832972374,171.16350672500408,1
58fa6cff-198.jpg,1346.6379312839429,467.6898298108168,140.46674426168067,177.6272586166226,0
58fa6cff-198.jpg,1354.0700341549311,584.3738448853342,246.7458153168142,170.1953807796115,3
58fa6cff-198.jpg,1472.9836800907458,418.63795086229334,202.89640837798345,182.08652033921564,0
58fa6cff-198.jpg,1584.4652231555715,515.9984984722414,173.16799689402956,140.46674426168062,0
58fa6cff-198.jpg,1690.7442942107061,428.2996845945783,96.61733732284915,82.49634186797127,0
c94855ad-205.jpg,320.5146576863415,673.8908252106136,296.9028520499109,292.5579322638146,4
c94855ad-205.jpg,403.0681336221703,560.9229107721109,253.4536541889482,168.00356506238856,2
c94855ad-205.jpg,439.2757769717415,390.0227325189916,241.86722296058917,189.72816399286978,4
c94855ad-205.jpg,216.23658282003134,852.0325364405602,315.7308377896613,247.66042780748657,3
c94855ad-205.jpg,177.13230474516487,1038.864087242699,308.4893048128343,136.14081996434933,3
c94855ad-205.jpg,495.7597054782405,187.25966963633698,205.6595867892067,192.62491671509665,1
c94855ad-205.jpg,660.8667075972149,127.87923875785077,195.5213903743318,170.9001782531194,0
c94855ad-205.jpg,830.318579254969,90.22326727834992,212.90106951871664,163.65846587865465,0
c94855ad-205.jpg,1051.9094452767495,82.98173430152283,221.59095216003806,154.96880570409976,0
c94855ad-205.jpg,1218.4647468129012,139.46545232392387,199.8663101604274,168.00380425923896,0
c94855ad-205.jpg,1345.9157272050581,211.88074222605314,205.65953654188937,212.9013485817085,0
c94855ad-205.jpg,1357.5021799679816,429.12701059385785,240.41889483065916,178.14171122994645,2
c94855ad-205.jpg,1398.0547646382133,585.544122893323,228.8324420677361,169.45187165775397,2
c94855ad-205.jpg,1398.5585615858388,700.5369873700957,293.7962289621814,290.82859028579537,2
c94855ad-205.jpg,1522.2101731019077,878.5953079532356,250.2708617085247,246.3140101400101,3
c94855ad-205.jpg,1565.7355403555644,1069.5133961340464,234.4434554344673,169.15540455398326,2
c8459c6b-257.jpg,144.97549019607845,460.4166666666667,90.80882352941178,111.51960784313717,0
c8459c6b-257.jpg,192.76955257108872,611.7648155142425,162.50000000000003,98.77450980392152,0
c8459c6b-257.jpg,231.00490196078434,500.2450980392157,176.83823529411768,138.60294117647052,0
c8459c6b-257.jpg,393.50490196078437,520.9558823529412,183.21078431372547,176.8382352941175,0
c8459c6b-257.jpg,344.11764705882354,648.4068627450981,245.34313725490193,189.58353067073443,0
c8459c6b-257.jpg,552.8186274509804,474.75490196078437,210.29411764705878,251.71568627450984,0
c8459c6b-257.jpg,589.4607843137254,681.8627450980391,200.7352941176472,219.85294117647052,0
c8459c6b-257.jpg,755.1470588235296,458.8235294117648,246.93627450980387,321.813725490196,0
c8459c6b-257.jpg,804.5343137254904,708.9460784313726,231.00490196078425,184.8039215686275,0
c8459c6b-257.jpg,1006.8627450980397,474.7549019607843,259.68137254901944,293.1372549019609,1
c8459c6b-257.jpg,1073.7745098039206,693.014705882353,195.95600868905308,180.02450980392166,1
c8459c6b-257.jpg,1266.5441176470601,455.6370356381808,326.59303460681133,352.0835525971128,1
c8459c6b-257.jpg,1360.539215686275,793.3823529411766,159.31372549019613,62.13235294117649,0
c8459c6b-257.jpg,1634.5588235294113,423.7744001720318,294.73039215686265,366.4216782593408,0
c8459c6b-257.jpg,1741.2990196078435,787.0098039215686,124.26470588235276,60.539215686274694,1
c8459c6b-257.jpg,1930.8823529411768,442.892156862745,63.725490196078454,262.8676470588234,0
c8459c6b-257.jpg,1934.068627450981,707.3529411764705,58.94607843137237,111.51960784313725,0
642c620f-12.jpg,28.67647058823529,532.1078431372547,167.27943272440243,129.04411764705875,2
642c620f-12.jpg,6.372549019607835,650.0000000000003,178.43144590795768,183.2107843137255,1
642c620f-12.jpg,199.14215686274503,490.6861429515362,344.1176470588235,205.51483744062008,1
642c620f-12.jpg,176.83823529411757,667.5245098039215,344.11764705882365,181.6176470588235,1
642c620f-12.jpg,535.2941176470589,508.21060890270184,221.44607843137254,168.87272443063142,1
642c620f-12.jpg,511.3970588235293,664.3382352941176,243.75000000000003,234.19141766074583,0
642c620f-12.jpg,721.6911764705883,477.9411764705882,259.68137254901944,240.56372549019613,0
642c620f-12.jpg,984.5588235294119,406.24999999999994,267.64705882352956,336.1519607843137,2
642c620f-12.jpg,1258.5784313725487,428.5539215686275,246.93627450980387,331.3725490196079,1
642c620f-12.jpg,755.1470588235294,635.6617647058822,238.97058823529406,210.29411764705887,0
642c620f-12.jpg,989.3382352941178,635.6617647058823,231.00490196078425,231.00490196078417,2
642c620f-12.jpg,1218.7500000000005,584.6813725490196,159.31372549019585,240.56372549019602,0
642c620f-12.jpg,1715.8088235294117,436.51960784313724,84.43627450980415,243.75,0
642c620f-12.jpg,1502.3284313725496,439.70588235294093,211.88729682135417,364.8284313725488,1
642c620f-12.jpg,1805.024509803922,361.642156862745,116.29901960784309,288.35784313725486,1
642c620f-12.jpg,1781.1274509803925,627.6960784313725,97.18137254901961,132.23039215686285,0
642c620f-12.jpg,1720.588203854573,675.4901960784316,57.35297261601529,84.4362745098039,0
1283b80b-164.jpg,329.34783704773685,491.58053059435207,110.61188897293749,153.77764050362023,0
1283b80b-164.jpg,434.5640193363383,422.3356281453551,149.2812182666728,241.00823190041166,1
1283b80b-164.jpg,578.4495309186728,460.10557493571724,197.8425605973514,212.23112958394424,0
1283b80b-164.jpg,370.7148235716769,613.8832154393391,53.957066843375756,74.6406091333363,0
1283b80b-164.jpg,426.4704593098318,612.9839309919493,133.09409821366017,137.5905204506082,1
1283b80b-164.jpg,570.3559708921672,659.7467222562085,97.12272031807636,53.05778239598601,0
1283b80b-164.jpg,670.1765579236805,648.955247003187,120.50408475057515,98.92152437336226,0
1283b80b-164.jpg,778.9899626865534,488.88267725218515,196.0440095309319,204.13756955743818,0
1283b80b-164.jpg,791.5799449500063,689.4231090200641,102.51842700241357,41.36727023295314,0
1283b80b-164.jpg,946.2568699010183,663.3438600457669,82.73416915984271,63.84919576466143,0
1283b80b-164.jpg,976.8325411122645,483.4869705678476,147.48264937189376,196.94329397832144,0
1283b80b-164.jpg,1037.9838835347564,586.0053975702615,141.18765824016631,208.63404130186123,2
1283b80b-164.jpg,1129.7108525975877,457.4076225785974,146.58340503831474,215.82868818703784,0
1283b80b-164.jpg,1161.1858528271316,639.9624644136372,53.95706684337554,103.41771144980353,0
1283b80b-164.jpg,1261.9057109347664,506.8683661999772,107.01484923936192,154.6769249510105,0
1283b80b-164.jpg,1352.7334401211156,518.559064016042,78.23774692289476,126.79910708193287,0
1283b80b-164.jpg,1223.2364796970105,658.847437808817,135.79204515472253,148.3819338192828,0
1283b80b-164.jpg,1424.6761959122832,514.9619262264835,43.16565347470089,65.64776465944058,0
1283b80b-164.jpg,1263.704302114988,505.96939117430435,35.07208453401114,128.59742843933566,0
caf12a43-66.jpg,208.70098039215685,645.2205882352946,310.66176470588215,152.941483439879,3
caf12a43-66.jpg,100.36764705882355,635.6617647058824,133.8235294117647,89.21568627450985,0
caf12a43-66.jpg,65.3186274509804,442.89215686274514,194.36274509803923,173.65196078431364,0
caf12a43-66.jpg,259.68137254901956,519.3627450980392,259.6813725490196,156.12745098039224,0
caf12a43-66.jpg,514.5833333333334,552.8186274509803,172.05882352941174,149.75490196078428,0
caf12a43-66.jpg,489.09313725490193,696.2009803921568,189.58333333333334,137.00980392156862,0
caf12a43-66.jpg,677.0833333333335,524.1421568627452,205.5147058823529,199.1421568627451,0
caf12a43-66.jpg,667.5245098039218,710.5392156862742,207.10784313725483,167.27941176470605,0
caf12a43-66.jpg,881.0049019607845,484.3137254901961,250.12254901960802,264.4607843137254,1
caf12a43-66.jpg,882.5980392156863,696.2009803921568,221.4460784313726,202.32867256270646,0
caf12a43-66.jpg,1140.686274509804,477.9411764705883,219.85294117647044,266.0539215686274,0
caf12a43-66.jpg,1110.4166666666667,673.8970588235295,168.87254901960787,223.0392156862745,0
caf12a43-66.jpg,1357.3529411764707,441.2990196078431,235.78431372549005,305.8823529411764,0
caf12a43-66.jpg,1293.6274509803923,686.6421568627451,124.26470588235304,200.7352941176471,0
caf12a43-66.jpg,1452.9411764705883,699.3872549019608,109.92647058823536,165.68627450980398,0
caf12a43-66.jpg,1607.4754901960787,372.7941176470588,207.1078431372547,307.4754901960784,0
caf12a43-66.jpg,1779.5343137254904,409.43627450980387,66.91176470588232,231.00490196078437,0
caf12a43-66.jpg,1835.294117647059,385.53921568627453,70.09803921568647,258.08823529411774,0
caf12a43-66.jpg,1588.357843137255,661.1519607843137,55.759803921568505,151.34803921568636,0
caf12a43-66.jpg,1653.6764705882354,662.7450980392157,76.47058823529449,172.05882352941182,0
3902c87a-245.jpg,14.338235294117652,414.2156862745098,189.58333333333334,285.171568627451,0
3902c87a-245.jpg,7.965686274509803,669.1176470588236,157.72058823529414,328.186274509804,1
3902c87a-245.jpg,149.75490196078434,675.4901960784314,184.8039215686275,245.343137254902,0
3902c87a-245.jpg,178.43137254901964,352.08333333333337,320.2205882352942,350.4901960784314,0
3902c87a-245.jpg,321.81372549019613,656.3725490196077,191.17647058823528,277.2058823529412,0
3902c87a-245.jpg,490.686274509804,353.67647058823536,323.4068627450981,355.26960784313724,0
3902c87a-245.jpg,514.5833333333334,681.8627450980392,210.29411764705884,245.343137254902,0
3902c87a-245.jpg,740.8088235294118,650.0,191.1764705882355,238.9705882352942,0
3902c87a-245.jpg,812.5,385.5392156862744,272.4264705882352,285.1715686274511,0
3902c87a-245.jpg,1067.401960784314,368.0147058823529,238.97058823529406,318.62745098039215,1
3902c87a-245.jpg,931.9852941176472,622.9166666666667,243.74999999999986,317.03431372549005,0
3902c87a-245.jpg,1124.7549019607845,626.1029411764707,213.4803921568627,234.19117647058818,0
3902c87a-245.jpg,1288.8480392156864,426.9607843137256,200.73529411764696,264.46078431372547,1
3902c87a-245.jpg,1301.5931372549023,653.1862745098039,195.95588235294116,176.83823529411762,0
3902c87a-245.jpg,1454.5343137254902,608.5784313725491,207.10784313725497,162.5,1
3902c87a-245.jpg,1472.058823529412,404.65686274509807,210.29411764705884,216.66666666666669,1
3902c87a-245.jpg,1671.2009803921574,399.87745098039215,95.58823529411796,111.5196078431372,0
f9a8221b-194.jpg,1401.9607843137262,457.2303921568627,256.49509803921575,216.6666666666667,6
f9a8221b-194.jpg,1508.7009803921565,1078.5539215686276,336.1519607843138,215.07352941176472,4
f9a8221b-194.jpg,1500.7352941176475,802.9411764705883,301.10294117647044,337.7450980392157,3
f9a8221b-194.jpg,1483.2107843137258,637.2549019607842,243.75,199.14215686274522,3
f9a8221b-194.jpg,143.38247138128057,986.1519607843139,331.3724700595383,297.91666666666674,3
f9a8221b-194.jpg,235.78431372549022,659.5588235294117,256.4950980392157,194.36274509803926,2
f9a8221b-194.jpg,312.2549019607843,457.2303921568627,253.30882352941185,216.6666666666667,1
f9a8221b-194.jpg,417.4019607843138,278.7990196078431,197.5490196078431,210.29411764705887,0
f9a8221b-194.jpg,571.936274509804,180.02450980392157,175.24509803921575,191.17647058823522,0
f9a8221b-194.jpg,723.6604127165951,123.20196929237464,234.71324076868441,209.53327624177578,1
f9a8221b-194.jpg,962.8700757222276,113.30984037108908,250.90036082169732,212.23112958394455,0
f9a8221b-194.jpg,1204.7775920700217,169.96446351178352,172.66254704245264,168.16648870670178,2
f9a8221b-194.jpg,1324.3824235728425,271.58390311165743,214.928938355215,223.02254295261935,0
5ab17248-134.jpg,76.36363636363637,556.3636363636363,101.81818181818184,110.90909090909093,2
5ab17248-134.jpg,163.63636363636363,469.090909090909,219.99999999999997,221.8181818181817,1
5ab17248-134.jpg,72.72727272727272,667.2727272727271,59.99999999999999,39.99999999999995,0
5ab17248-134.jpg,101.81818181818184,650.9090909090908,258.1818181818182,112.72727272727266,1
5ab17248-134.jpg,374.54545454545456,503.63636363636346,169.09090909090898,156.36363636363643,0
5ab17248-134.jpg,249.0909090909091,650.9090909090908,239.99999999999997,201.81818181818184,1
5ab17248-134.jpg,474.5454545454546,576.3634854992941,200.0,247.27287813706963,0
5ab17248-134.jpg,605.4545454545455,505.4545454545454,141.81818181818187,105.45454545454547,0
5ab17248-134.jpg,678.1818181818182,532.7272727272726,205.45454545454533,252.72727272727272,4
5ab17248-134.jpg,1238.1818181818182,540.0001131482564,198.18181818181796,245.4544323062891,4
5ab17248-134.jpg,880.0000000000001,558.1818181818181,187.27268418180284,192.72727272727266,0
5ab17248-134.jpg,1069.0908516363431,569.0909090909083,170.90914836365684,174.54545454545425,0
5ab17248-134.jpg,1374.5454545454543,498.181818181818,152.7272727272731,107.2727272727273,0
5ab17248-134.jpg,1541.8180525454081,452.7272727272725,178.1819474545921,232.7272727272728,0
5ab17248-134.jpg,1449.0909090909092,572.7272727272726,189.09090909090907,247.27272727272725,0
5ab17248-134.jpg,1663.6363636363635,521.8181818181819,212.7272727272731,178.18181818181807,0
5ab17248-134.jpg,1618.1818181818182,658.1818181818181,201.81818181818187,203.63636363636357,1
5ab17248-134.jpg,1870.9090909090899,607.2734815944375,72.72727272727276,70.90833658738057,0
5ab17248-134.jpg,1790.9090909090908,690.9090909090907,114.54545454545467,69.09090909090916,1
9426ba08-43.jpg,740.8088235294117,460.41666666666663,70.09803921568647,259.6813725490196,1
9426ba08-43.jpg,756.7401331993415,716.9117647058822,57.353004055560284,87.62254901960786,0
9426ba08-43.jpg,817.2794536840994,535.2941176470589,62.13239486056963,207.10784313725495,0
9426ba08-43.jpg,853.9215686274513,670.7107843137255,63.72549019607832,105.14705882352929,0
9426ba08-43.jpg,1018.0147058823532,428.5539215686275,81.25,231.00490196078425,0
9426ba08-43.jpg,863.4803921568628,414.21568627450984,211.88725490196077,289.9509803921569,0
9426ba08-43.jpg,909.6813725490197,669.1176470588234,52.57352941176464,87.62254901960796,0
15b3a4f0-282.jpg,4.77941176470588,576.7156862745097,71.69117647058825,245.343137254902,1
15b3a4f0-282.jpg,80.52192941926444,512.3418027828691,240.47765407645187,306.8538391382781,2
15b3a4f0-282.jpg,311.20637586364364,475.34524061726114,285.09115551144976,320.9995834957162,2
15b3a4f0-282.jpg,577.7992502922879,481.873806089131,230.68444644437864,282.91512676494426,1
15b3a4f0-282.jpg,782.3684763844735,537.3687391936102,221.97937299364744,266.5930241887558,1
15b3a4f0-282.jpg,974.9682264819044,479.69777734262686,225.2437755376721,257.8878009779143,1
15b3a4f0-282.jpg,431.9892699925402,774.5821404861491,122.95916249157955,75.08125851255734,1
15b3a4f0-282.jpg,307.9419733196191,781.1109455741977,84.87446614462992,36.996756853753276,0
15b3a4f0-282.jpg,590.8568604683861,743.0262492272482,122.95916249157948,56.582977429753484,0
15b3a4f0-282.jpg,727.961767317404,749.5550543152966,163.22012720121165,82.69819778194719,1
15b3a4f0-282.jpg,900.9751021506886,670.1212590773738,237.21325153242773,272.03354533535276,1
15b3a4f0-282.jpg,1126.2188776883606,588.5111954767681,133.84050430499343,180.6302741026742,2
15b3a4f0-282.jpg,1120.7782067816534,757.1719935846866,88.13886868865438,126.22356503560377,2
15b3a4f0-282.jpg,1238.296698366526,602.6569398342064,181.7184082840157,163.22012720121168,2
15b3a4f0-282.jpg,1191.5069285688448,749.5550543152967,215.4505679055994,151.2506512064562,2
15b3a4f0-282.jpg,1394.9880204796896,590.6874638394509,166.48452974523593,150.16251702511468,2
15b3a4f0-282.jpg,1368.8728001274953,714.7347605123715,184.98281082804,141.45744357438343,2
414e441d-281.jpg,358.79196495979545,690.0257483946084,173.11225612249729,123.65161151606948,5
414e441d-281.jpg,345.93219736212416,565.3849239864104,149.37114671141202,139.47901779012633,2
414e441d-281.jpg,457.7132541726511,548.5683048202251,202.7886428863539,165.1985529854687,2
414e441d-281.jpg,500.2494085341789,715.745283589951,245.3247972478819,142.44665646651194,1
414e441d-281.jpg,642.6960650006911,566.3741368785389,130.5761017609693,161.24170141695458,1
414e441d-281.jpg,746.5634186741893,521.8595567327541,174.10146901462582,224.551326513182,1
414e441d-281.jpg,716.8870319103327,731.5726898640078,147.3927209271548,160.25248852482596,1
414e441d-281.jpg,896.9237782777308,487.23710550825456,237.4110548884601,277.96882268812396,1
414e441d-281.jpg,851.4199852398164,719.7021351584651,231.47581675808198,214.6591975918966,1
414e441d-281.jpg,1130.378020820069,514.9350664878541,233.45424254233905,276.97960979599554,1
414e441d-281.jpg,1083.8850148900267,699.917877315894,193.88572685719694,153.32799827992625,1
414e441d-281.jpg,1361.9576845770841,479.32340237122594,279.9473220143649,315.558912589009,2
414e441d-281.jpg,1630.0343783439203,428.8735448726698,259.1737777376815,335.3431704315804,2
414e441d-281.jpg,1897.1218592186303,495.150808645283,94.96443764434161,219.6052620525394,2
414e441d-281.jpg,1613.2177150525436,740.475605893165,151.34961662086266,117.71633416329806,1
414e441d-281.jpg,1473.7387413876083,787.9578247153355,124.64082440819794,25.719535195342367,1
414e441d-281.jpg,1780.3947379474612,749.3785219223219,67.26647666474179,61.331199311970444,1
414e441d-281.jpg,1855.5749177492312,683.1012581497085,95.95365053647015,122.66239862394089,1
414e441d-281.jpg,1948.5608707757265,728.6050511876222,47.48227765576061,67.2664766647418,1
3bd5f73c-34.jpg,802.9411764705889,38.2352064121353,215.07352941176472,224.63244064668822,2
3bd5f73c-34.jpg,1027.5735294117644,39.828431372549005,224.63235294117666,224.6323529411765,2
3bd5f73c-34.jpg,1244.240196078432,121.07812440325785,199.14215686274545,165.68658147909503,2
3bd5f73c-34.jpg,608.5784313725487,103.55376808398191,200.73529411764696,195.9560358375867,1
3bd5f73c-34.jpg,450.857843137255,197.54901960784315,218.25980392156865,207.10784313725492,2
3bd5f73c-34.jpg,347.30392156862746,385.5392156862744,274.0196078431374,197.54901960784312,2
3bd5f73c-34.jpg,289.95098039215696,581.4950980392158,272.42647058823536,197.54901960784304,2
3bd5f73c-34.jpg,235.78431372549022,753.5539215686275,307.4754901960785,294.73039215686276,1
3bd5f73c-34.jpg,231.00490196078434,1013.2352941176471,227.8186274509804,253.30882352941177,1
3bd5f73c-34.jpg,1374.8774509803923,227.8186274509804,208.7009803921569,205.5147058823529,0
3bd5f73c-34.jpg,1443.3823529411768,415.80882352941165,280.39215686274474,197.54901960784312,2
3bd5f73c-34.jpg,1527.8186274509806,589.4607843137255,261.27450980392155,191.17647058823528,2
3bd5f73c-34.jpg,1650.4901960784318,971.8137254901959,297.91666666666686,272.4264705882354,4
3bd5f73c-34.jpg,1537.3774509803923,763.1127450980392,294.7303921568627,302.69607843137254,3
446b990b-140.jpg,254.54545454545456,430.9090909090908,172.72727272727272,174.54545454545453,0
446b990b-140.jpg,214.54545454545453,558.1818181818181,50.9090909090909,85.45454545454535,0
446b990b-140.jpg,274.54545454545456,599.9999999999999,107.27272727272734,143.6363636363636,0
446b990b-140.jpg,387.27272727272714,387.2727272727271,245.45443054541323,298.1818181818181,0
446b990b-140.jpg,618.181818181818,381.81780465732646,294.5454545454545,309.0912862517639,1
446b990b-140.jpg,867.2727272727268,461.8181818181818,219.99989945450992,269.09090909090884,1
446b990b-140.jpg,414.5454545454545,679.9999999999999,109.09090909090914,81.81818181818181,0
446b990b-140.jpg,532.727272727273,665.4545454545453,141.81818181818178,127.27250097621389,0
446b990b-140.jpg,674.5454545454545,669.090909090909,176.3636363636364,196.36363636363618,0
446b990b-140.jpg,841.8181818181818,685.4545454545454,109.09090909090907,118.18181818181813,0
446b990b-140.jpg,1085.4545454545455,470.90909090909076,209.09090909090892,292.72727272727263,1
446b990b-140.jpg,1267.2727272727273,507.2727272727272,161.81818181818173,212.72727272727275,1
446b990b-140.jpg,970.909090909091,649.090909090909,150.90909090909093,181.8181818181819,0
446b990b-140.jpg,1128.1681383922594,684.1284672260824,212.89714513862862,244.28019299288556,0
446b990b-140.jpg,1420.7956357849143,488.1953675379954,212.89700442298738,150.1305569038596,4
446b990b-140.jpg,1337.6725025839073,682.4320767525934,86.51591414798673,103.47981888288628,0
446b990b-140.jpg,1416.5546596011893,602.7017244985664,161.15709498154445,154.3715330875843,1
446b990b-140.jpg,1576.8635593459876,493.28443338947204,119.59552838104078,170.48734815473202,4
cbdcf4fe-16.jpg,1472.058823529412,258.0882352941176,231.00490196078454,310.6617647058824,1
cbdcf4fe-16.jpg,1682.3529411764705,274.01960784313746,144.97541683714044,288.357843137255,1
cbdcf4fe-16.jpg,278.7990300876915,358.4558823529412,208.7009699123086,288.357843137255,2
cbdcf4fe-16.jpg,151.3480392156863,348.8970588235294,144.9754901960785,277.2058823529412,2
cbdcf4fe-16.jpg,73.28435564488336,329.77941176470586,113.11270317864613,227.8186274509803,2
cbdcf4fe-16.jpg,22.303921568627455,320.2205882352941,66.91176470588238,124.26470588235298,2
cbdcf4fe-16.jpg,63.72549019607841,497.0588235294119,74.87745098039214,73.2844014310019,1
cbdcf4fe-16.jpg,101.9607843137255,551.2254901960785,108.33333333333326,170.46597131742283,2
cbdcf4fe-16.jpg,189.58336477287818,597.426470588235,144.97545875653353,184.80416275878486,2
cbdcf4fe-16.jpg,274.0196078431373,602.2058823529412,176.83823529411768,253.30882352941177,2
cbdcf4fe-16.jpg,454.04411764705884,632.4754901960785,197.54901960784323,277.2060358375869,2
cbdcf4fe-16.jpg,1427.4509803921576,557.5980392156862,165.68616971132064,312.25490196078425,2
cbdcf4fe-16.jpg,1570.8333333333335,552.8186274509803,176.83823529411768,227.8186274509804,2
cbdcf4fe-16.jpg,1696.6911764705874,552.8186274509806,113.11267173910115,148.16196204328375,1
cbdcf4fe-16.jpg,1800.245098039216,489.0931372549019,106.74022751797573,144.9754901960784,6
cbdcf4fe-16.jpg,1808.2107843137253,326.59313725490193,82.8431791742957,184.80392156862743,2
cbdcf4fe-16.jpg,1887.8676470588239,301.1029411764705,70.0981125746238,151.34803921568627,2
cbdcf4fe-16.jpg,1894.2401960784312,417.40196078431376,71.69117647058812,90.80882352941175,1
cbdcf4fe-16.jpg,471.5686274509805,388.7254901960784,215.07352941176472,264.46078431372547,4
cbdcf4fe-16.jpg,640.4411764705881,645.220588235294,202.3284523322457,259.68143832815326,4
cbdcf4fe-16.jpg,841.1764705882359,675.4901960784314,187.99010175979674,248.5294117647058,4
cbdcf4fe-16.jpg,1032.352941176471,667.5245098039215,191.17647058823522,223.0392156862745,4
cbdcf4fe-16.jpg,1229.9019607843138,622.9166666666667,191.17647058823536,250.1225490196078,4
cbdcf4fe-16.jpg,1295.2205882352944,329.77941176470586,203.9215686274511,313.84803921568636,4
cbdcf4fe-16.jpg,990.9313725490198,350.49019607843144,299.5098039215687,340.9313725490196,4
cbdcf4fe-16.jpg,686.642156862745,348.8969272652617,299.5098039215686,340.93150410728725,4
1acfb1d2-64.jpg,715.3186274509806,79.65686274509804,237.37745098039213,211.88725490196074,2
1acfb1d2-64.jpg,947.9166666666667,116.29901960784314,240.56372549019628,186.39705882352945,2
1acfb1d2-64.jpg,1180.5147058823518,176.83797217758232,194.36274509803906,162.50026311653525,2
1acfb1d2-64.jpg,559.1911764705883,194.36274509803926,219.85294117647072,178.43137254901958,2
1acfb1d2-64.jpg,360.0490196078432,485.90686274509807,226.22549019607845,187.99019607843147,1
1acfb1d2-64.jpg,317.0343137254902,669.1176470588236,258.0882352941176,184.8039215686275,1
1acfb1d2-64.jpg,234.19117647058826,826.8382352941176,328.18627450980404,309.0686274509804,2
1acfb1d2-64.jpg,152.9411764705883,1062.6225490196077,291.54411764705884,231.00490196078448,2
1acfb1d2-64.jpg,412.6225490196079,274.0196078431373,224.63235294117652,221.4460784313725,1
1acfb1d2-64.jpg,1309.558823529412,285.171568627451,203.9215686274511,199.1421568627451,1
1acfb1d2-64.jpg,1374.877450980392,487.4999999999997,237.37754529902693,187.99019607843127,1
1acfb1d2-64.jpg,1433.8235294117649,653.1862745098039,232.59803921568619,195.95588235294113,1
1acfb1d2-64.jpg,1462.4999999999998,807.720588235294,301.102941176471,310.6617647058824,3
1acfb1d2-64.jpg,1562.8676470588239,1025.9803921568625,288.357843137255,258.08823529411774,2
05d52c36-8.jpg,1357.3529411764707,294.73039215686276,299.5098039215685,391.9117647058824,1
05d52c36-8.jpg,1019.607843137255,348.8969272652619,348.89705882352956,388.7256217543463,1
05d52c36-8.jpg,712.1324682195078,407.84307147576806,305.8822376628455,302.6961442105062,0
05d52c36-8.jpg,422.18137254901967,395.0980392156863,293.13725490196083,304.28921568627453,1
05d52c36-8.jpg,146.56862745098042,407.84313725490193,278.79901960784315,272.4264705882353,0
05d52c36-8.jpg,7.965686274509803,444.48529411764713,151.3480392156863,173.65196078431364,1
05d52c36-8.jpg,6.372549019607835,616.5441176470588,208.70098039215688,170.46568627450978,1
05d52c36-8.jpg,178.43137254901976,622.9166666666665,270.8333333333335,238.97087327820734,2
05d52c36-8.jpg,374.38725490196066,685.049019607843,310.66176470588243,245.3434442241933,2
05d52c36-8.jpg,680.269524004351,665.9313725490198,267.64714266231607,285.17187559674215,1
05d52c36-8.jpg,957.4754901960786,678.6764705882355,226.22549019607845,197.54901960784312,0
05d52c36-8.jpg,1183.7008651138258,662.7450980392159,200.73551419446005,211.8872549019607,0
05d52c36-8.jpg,1386.0294117647065,680.2696078431372,160.90687322494634,168.8725490196078,0
05d52c36-8.jpg,1663.235294117647,291.54411764705884,195.95588235294116,344.11764705882354,1
05d52c36-8.jpg,1865.5637254901962,331.37254901960785,39.828431372549176,192.7696078431373,0
05d52c36-8.jpg,1908.5783999330038,281.9852941176471,43.01473732189791,205.51470588235304,0
05d52c36-8.jpg,1556.495087559368,632.4754901960785,143.3823634210249,160.9068627450981,0
05d52c36-8.jpg,1701.4705882352944,621.3235294117648,81.25,157.72058823529403,0
05d52c36-8.jpg,1779.5343137254904,576.7156862745097,68.5049438801773,176.83823529411774,0
789284b8-137.jpg,9.09092345455062,907.2720860992737,359.9999999999998,378.1823839231003,3
789284b8-137.jpg,165.45454545454544,752.7272727272725,318.1818181818182,203.63636363636365,4
789284b8-137.jpg,230.90890418175087,410.9090909090908,310.90927763643094,323.63636363636346,5
789284b8-137.jpg,430.909090909091,274.5454545454545,172.72727272727272,187.27272727272722,0
789284b8-137.jpg,594.5455407273039,205.4545454545452,189.09082290905988,194.54545454545445,5
789284b8-137.jpg,1518.1815739999117,732.7272727272737,400.0002441819062,398.1818181818185,5
789284b8-137.jpg,1472.7272727272723,479.99988685174264,303.6362199999484,358.18193133007424,4
789284b8-137.jpg,770.909090909091,169.0909090909091,245.45454545454547,190.90909090909088,5
789284b8-137.jpg,1007.2727272727269,185.45405514543359,232.72712909085752,172.72776303638454,5
789284b8-137.jpg,1234.5454545454538,250.9087891804066,201.81818181818156,174.54575627413868,5
789284b8-137.jpg,1414.5454545454545,358.1818181818181,196.36363636363626,172.72727272727272,0
9aa4cf36-22.jpg,982.9656862745097,355.2696078431373,391.91176470588243,352.0833333333333,0
9aa4cf36-22.jpg,611.764705882353,383.94607843137254,368.014705882353,312.2549019607843,0
9aa4cf36-22.jpg,329.77941176470597,471.56862745098044,289.95098039215685,207.10784313725495,2
9aa4cf36-22.jpg,100.3676470588236,425.3676470588235,231.00490196078434,138.6029411764706,1
9aa4cf36-22.jpg,12.74509803921567,543.2598039215685,332.9656862745099,192.76960784313727,1
9aa4cf36-22.jpg,344.11764705882354,648.406862745098,277.20588235294133,219.85294117647052,1
9aa4cf36-22.jpg,616.5441176470589,659.5588235294117,283.5784313725492,250.1225490196078,2
9aa4cf36-22.jpg,917.6470588235295,665.9313725490196,291.54411764705884,296.3235294117649,0
9aa4cf36-22.jpg,1381.25,326.59313725490193,334.5588235294119,296.32352941176475,0
9aa4cf36-22.jpg,1715.8088235294117,307.4754901960784,218.2598039215688,305.8823529411764,1
9aa4cf36-22.jpg,1213.9705882352941,613.3578431372549,243.75000000000028,350.4901960784314,0
9aa4cf36-22.jpg,1452.941176470589,597.4264705882354,237.377450980392,347.3042285379183,0
9aa4cf36-22.jpg,1677.5735294117646,568.7499999999997,143.38235294117652,329.7796748812416,0
99903448-158.jpg,374.3872549019608,482.72058823529414,148.16176470588232,122.671568627451,2
99903448-158.jpg,433.33319910121537,606.9852941176473,178.43150678113798,113.11274509803931,2
99903448-158.jpg,520.9136173479319,526.545808824397,111.48154306482596,143.43958541007603,1
99903448-158.jpg,619.0173752449787,511.68160308242034,153.84452942945978,179.85688947791908,1
99903448-158.jpg,605.6395900771996,658.0940296408917,165.73589402304108,107.76549162933166,0
99903448-158.jpg,766.9162223776477,509.45197222112387,192.49146435859942,214.04456268446563,1
99903448-158.jpg,731.9853388840023,674.4446559570662,171.68157631983178,153.10131914236095,0
99903448-158.jpg,954.205185258189,508.7087619340249,196.95079606855694,206.6122654659513,2
99903448-158.jpg,908.126176926427,681.1335485409556,158.3038132533263,173.9112071811281,1
99903448-158.jpg,1075.348491523666,673.7014456699674,166.47910431013983,198.43714665539008,1
99903448-158.jpg,1144.8091517862722,463.3971151586579,233.4542425423389,241.3679456793675,2
99903448-158.jpg,1379.2526072207397,465.37554094291477,213.66998469976807,229.49739097382502,2
99903448-158.jpg,1228.8922476171988,693.8837190246112,158.2740627405687,168.1661916618544,1
99903448-158.jpg,1384.1986716813828,685.9700158875836,144.42509695916615,176.08003094443868,1
99903448-158.jpg,1598.3795657958067,499.99791048008086,126.61925019245469,190.91816986814482,1
99903448-158.jpg,1714.117474174848,463.3970470858798,98.9212696016598,224.55139458596037,1
99903448-158.jpg,1525.1778117782935,677.0670998584259,122.66239862394116,173.1122561224972,1
99903448-158.jpg,1638.9372943730773,683.0023772111971,95.95365053646958,163.22012720121168,1
99903448-158.jpg,1724.9988159882614,677.0670998584256,57.374347743456724,100.89971499711264,1
99903448-158.jpg,1796.2221442215177,497.03035349102873,42.536154361527565,151.34957249566907,1
cb7648a4-27.jpg,431.7402379978246,401.47058823529414,302.6960365119793,334.55882352941165,3
cb7648a4-27.jpg,3.186274509803924,535.2941176470588,168.87254901960782,173.65196078431376,3
cb7648a4-27.jpg,11.151960784313728,696.2009803921568,87.62254901960785,92.40196078431364,3
cb7648a4-27.jpg,834.8039215686276,457.23039215686276,264.4607843137254,286.76470588235287,3
cb7648a4-27.jpg,1105.6372549019611,401.47058823529414,345.7107843137255,382.35294117647055,3
cb7648a4-27.jpg,109.92647058823529,626.1029411764706,299.5098039215687,215.07352941176467,2
cb7648a4-27.jpg,411.02941176470597,608.5784313725491,237.37745098039213,246.93627450980398,2
cb7648a4-27.jpg,662.7450770795191,602.2060358375868,264.46080527342195,340.9312409907519,3
cb7648a4-27.jpg,941.5441910059969,677.0833333333337,207.10776977831688,248.52941176470594,3
cb7648a4-27.jpg,1448.1617647058824,361.642156862745,270.8333333333337,391.9117647058824,3
cb7648a4-27.jpg,1709.4362745098058,310.66176470588226,165.68635834858895,317.03431372549005,3
cb7648a4-27.jpg,1860.7843137254904,312.2549019607843,92.40196078431381,223.03921568627445,2
cb7648a4-27.jpg,1690.3186274509774,610.1715686274509,160.9068627450982,224.63261605771174,1
cb7648a4-27.jpg,1833.7009803921571,568.75,65.3186274509801,178.43137254901953,1
cb7648a4-27.jpg,1193.259803921568,775.8578431372547,159.31372549019605,119.48544760229272,1
cb7648a4-27.jpg,1374.8774509803923,723.2843137254903,170.46568627450995,141.7892156862745,1
cb7648a4-27.jpg,1567.6470064242883,721.6911764705883,127.45103279139802,138.6029411764705,1
4d17374f-174.jpg,773.1568781009586,395.611711085443,143.5140171771188,269.9116836817371,0
4d17374f-174.jpg,765.25702394442,629.9740510627561,77.68189920596328,192.2297844757739,1
4d17374f-174.jpg,848.2054925880763,635.2406205004485,59.248997532797524,113.23124291038714,0
4d17374f-174.jpg,895.4721858747552,468.13620377064757,124.3188116601695,237.15164615608424,0
4d17374f-174.jpg,1004.9267817469132,437.0563520728104,141.88559356696803,274.3123092938204,0
4d17374f-174.jpg,904.9312258923766,645.1553812432795,37.160571282463714,101.34685733165975,0
4d17374f-174.jpg,931.2814087986084,686.3697698914884,31.079709612397878,104.72508590938193,0
4d17374f-174.jpg,1046.5713698728887,714.0132508169087,59.35280784730683,37.59019881733006,0
7d226e1d-72.jpg,41.421568627451,25.49019607843137,325.00000000000006,302.69607843137254,4
7d226e1d-72.jpg,137.00980392156865,313.8480392156861,317.0344290038213,323.40686274509784,4
7d226e1d-72.jpg,267.64705882352945,606.9852941176472,256.4950980392157,192.76960784313727,2
7d226e1d-72.jpg,369.6078431372549,780.6372549019607,216.6666666666667,216.6666666666667,1
7d226e1d-72.jpg,532.107843137255,927.2058823529413,184.8039215686275,184.8039215686273,0
7d226e1d-72.jpg,681.8627450980392,1024.387254901961,176.83823529411754,152.94117647058826,0
7d226e1d-72.jpg,850.7352941176472,1043.5049019607845,156.12745098039227,164.09313725490182,0
7d226e1d-72.jpg,1003.6764705882355,1045.0980392156864,151.34803921568633,160.90686274509818,0
7d226e1d-72.jpg,1156.6176470588234,1013.2352941176471,167.27941176470594,172.05882352941177,0
7d226e1d-72.jpg,1280.8823529411761,935.1715686274509,191.17647058823536,175.24509803921552,0
7d226e1d-72.jpg,1398.774509803922,782.2303921568629,210.29411764705884,234.19117647058823,1
7d226e1d-72.jpg,1457.7205882352944,587.8676470588234,264.4607843137254,223.0392156862745,1
7d226e1d-72.jpg,1526.2253958774438,301.1029411764706,309.06872176961485,329.77941176470586,0
7d226e1d-72.jpg,1601.1028258981391,15.931372549019551,332.96580155284107,318.627450980392,1
8b148305-247.jpg,143.38228187711405,20.710565049946112,234.19117647058832,313.84832425859935,3
8b148305-247.jpg,184.80392156862737,296.3235294117647,328.18627450980404,302.69607843137254,3
8b148305-247.jpg,264.46078431372536,581.4950980392157,256.4950980392156,223.0395445819435,1
8b148305-247.jpg,368.01472167436697,726.4705882352941,242.1568469530845,251.71568627450964,0
8b148305-247.jpg,489.0931372549019,911.2745098039211,197.5490196078431,223.03941302367616,0
8b148305-247.jpg,667.5245098039218,1013.235294117647,180.02450980392155,143.3823529411765,0
8b148305-247.jpg,826.8382352941177,1045.0980392156862,164.09313725490208,140.1960784313725,0
8b148305-247.jpg,995.7107843137258,1046.6911764705883,165.686274509804,124.26470588235298,0
8b148305-247.jpg,1143.8725490196082,998.8970588235297,178.4313725490196,173.65196078431376,0
8b148305-247.jpg,1299.9999999999998,947.9166666666666,197.54901960784338,223.0392156862747,1
8b148305-247.jpg,1357.3529411764707,753.5539215686275,246.93627450980387,258.0882352941175,1
8b148305-247.jpg,1427.4509803921571,587.8676470588234,256.49509803921546,227.8186274509804,0
8b148305-247.jpg,1500.7352941176475,318.6274509803921,296.3235294117649,332.96568627450984,1
8b148305-247.jpg,1621.8137254901956,52.57368289641027,203.92156862745068,294.7302386722171,2
fb42774b-207.jpg,758.6972285912419,427.01395481706123,233.0456976178901,280.44482255712205,1
fb42774b-207.jpg,994.3762109279784,415.1641735822533,242.26219413385195,294.92788851077614,1
fb42774b-207.jpg,596.7502183821998,484.946218631678,180.38000324096578,217.24598930481284,1
fb42774b-207.jpg,285.99309835368337,500.3409801995152,90.01837318369863,160.25248852482608,2
fb42774b-207.jpg,363.1517039397107,502.3194059837723,118.70554705542673,179.0475334752685,2
fb42774b-207.jpg,468.0082705053377,479.56750946481543,140.46823068225487,229.4973909738251,1
fb42774b-207.jpg,289.94994992219756,643.7768495581557,103.86735367349839,111.78105681052676,2
fb42774b-207.jpg,398.7633680563387,675.4316621062694,71.22332823325614,103.86735367349834,2
fb42774b-207.jpg,476.9111865344946,678.3993007826551,100.89971499711268,142.44665646651194,1
fb42774b-207.jpg,581.7676942665327,664.5503202928558,155.3064828977733,189.9288752886827,0
fb42774b-207.jpg,735.0957513800475,684.3345781354265,143.43586935864082,132.55452754522642,1
fb42774b-207.jpg,882.4884723072024,689.2806425960692,117.7163341632982,122.66239862394089,1
fb42774b-207.jpg,1003.2191137901365,685.9703960679041,151.24329342461394,183.1270147411541,1
fb42774b-207.jpg,1151.1922819515157,674.5249576465817,138.16279237167421,176.58676421468437,1
fb42774b-207.jpg,1228.0402256375353,439.89347000947765,179.03939057731134,255.06977053232114,1
fb42774b-207.jpg,1405.4445211680245,428.4478628126724,140.61531743679998,241.98943825486307,1
fb42774b-207.jpg,1523.1690306444832,469.3245411200981,149.60823079299632,196.2075720525875,1
fb42774b-207.jpg,1290.990136954806,632.0133292245273,172.49910763564029,233.81408008998287,0
fb42774b-207.jpg,1456.1314627481693,652.4516121197463,120.9946347396911,200.29517237313723,1
fb42774b-207.jpg,1565.6806590665385,657.3568000145987,95.65116394962047,138.16279237167421,1
fb42774b-207.jpg,1658.2719099919534,629.5607352771021,132.4400731610129,152.06082474042248,1
fb42774b-207.jpg,1722.8568839408424,491.3979429054279,82.57066289668131,126.71735395035203,1
fb42774b-207.jpg,1653.3667220971013,501.20831869513256,63.7674426330804,143.06798026652666,1
3a08245d-69.jpg,568.7499056813655,181.6174935741779,219.85303549510508,202.32858485719453,0
3a08245d-69.jpg,101.96078431372551,1112.0098039215684,302.6960784313726,183.21078431372567,2
3a08245d-69.jpg,140.19607843137257,892.1568627450979,355.2696078431373,278.7990196078432,3
3a08245d-69.jpg,245.343137254902,720.0980392156864,232.59803921568636,176.83823529411762,1
3a08245d-69.jpg,310.6617647058825,516.1764705882352,281.98529411764713,213.48039215686273,3
3a08245d-69.jpg,441.2989169597531,328.18627450980375,208.70108304024697,223.0394349500538,0
3a08245d-69.jpg,779.0441176470584,106.7400206674079,256.4950980392156,207.1080185482785,0
3a08245d-69.jpg,1040.3186274509803,119.4851844857574,234.19117647058826,202.32854100443862,0
3a08245d-69.jpg,1228.3088235294117,218.25980392156865,218.2598039215688,200.7352941176471,0
3a08245d-69.jpg,1363.7254901960794,372.7941176470588,215.07345834770143,248.52941176470594,0
3a08245d-69.jpg,1446.5686274509806,634.0686274509804,245.34313725490193,203.92156862745108,1
3a08245d-69.jpg,1487.9901960784314,785.4166666666666,318.62745098039227,347.3039215686276,3
3a08245d-69.jpg,1553.308823529412,1053.063725490196,318.62745098039227,243.75,3
54d5b78d-250.jpg,562.3774509803923,446.078431372549,192.7696078431373,262.8676470588235,0
54d5b78d-250.jpg,586.2745098039215,669.1176470588234,50.98039215686278,87.62254901960796,0
54d5b78d-250.jpg,697.7941176470588,578.3088235294117,78.06372549019613,154.53431372549025,0
54d5b78d-250.jpg,755.1470588235296,426.9607843137256,180.02450980392155,223.0392156862745,0
54d5b78d-250.jpg,927.2058823529413,407.8431372549019,127.45101197618428,229.41176470588226,1
54d5b78d-250.jpg,884.1911764705885,594.2401960784312,119.48534938969563,121.07843137254902,0
54d5b78d-250.jpg,785.4166666666666,618.1372549019608,39.82843137254903,66.91176470588236,0
54d5b78d-250.jpg,837.9901960784312,638.848039215686,33.45591393696919,81.25000000000009,0
54d5b78d-250.jpg,1045.0980392156864,449.2647058823529,46.20098039215705,223.0392156862746,0
23d7d71d-121.jpg,7.2727272727272645,378.18227077484437,330.909090909091,279.999547406974,0
23d7d71d-121.jpg,338.1818181818179,319.9993965426316,363.63623436358967,347.27333073009515,0
23d7d71d-121.jpg,692.7272727272729,314.5454545454545,307.27261236359504,310.9090909090909,0
23d7d71d-121.jpg,5.454545454545455,650.9090909090908,30.909090909090907,158.18181818181816,0
23d7d71d-121.jpg,36.36363636363636,654.5454545454546,130.9090190908832,227.2727272727272,0
23d7d71d-121.jpg,158.18181818181822,634.5454545454546,221.81816745454037,307.2727272727271,0
23d7d71d-121.jpg,392.72727272727275,656.3636363636361,234.5453539999637,283.63636363636357,0
23d7d71d-121.jpg,620.0000000000003,621.8181818181814,256.36349272722083,278.18181818181796,0
23d7d71d-121.jpg,1005.4545454545436,327.272651840556,289.09065054536296,287.27280270489825,0
23d7d71d-121.jpg,900.0,592.7272727272725,265.4544305454134,292.72727272727246,0
23d7d71d-121.jpg,1301.818181818181,356.36348549929426,249.09075109085208,223.6365145007055,0
23d7d71d-121.jpg,1165.4545454545455,558.1818181818184,252.72721527270647,252.72727272727266,0
23d7d71d-121.jpg,1549.090909090909,354.5454545454545,200.0,198.18181818181816,0
23d7d71d-121.jpg,1389.0909090909101,543.6362504881072,227.27261236359465,229.0910222391656,0
23d7d71d-121.jpg,1741.8181818181818,316.3636363636363,196.36363636363654,156.36363636363637,1
23d7d71d-121.jpg,1859.9999999999998,323.63636363636374,129.09090909090907,205.4545454545454,0
23d7d71d-121.jpg,1581.8181818181815,474.5454545454546,316.3635645454284,183.63677851330436,0
787a9884-160.jpg,156.12745098039218,949.5098039215684,337.74509803921575,321.8137254901962,2
787a9884-160.jpg,203.92156862745094,748.7745098039215,302.69607843137265,211.88725490196094,1
787a9884-160.jpg,301.1029411764706,557.5980392156862,267.64705882352945,216.66666666666663,1
787a9884-160.jpg,401.47058823529426,342.5245098039215,219.85294117647064,235.7843137254902,1
787a9884-160.jpg,575.122549019608,224.63235294117644,218.25980392156865,235.7843137254903,1
787a9884-160.jpg,774.264705882353,151.34803921568633,237.37745098039213,251.71568627450984,1
787a9884-160.jpg,1027.5735294117649,167.27941176470586,258.08823529411785,246.93627450980387,1
787a9884-160.jpg,1242.6470588235295,251.7153793052186,216.66654822656298,232.59834618497743,1
787a9884-160.jpg,1389.2156862745092,383.94585916759337,221.44601526331653,235.7845329892696,1
787a9884-160.jpg,1441.7892156862752,605.3921568627452,264.4607843137257,219.85294117647052,1
787a9884-160.jpg,1491.1764705882356,809.3137254901957,281.985238845598,199.14215686274505,1
787a9884-160.jpg,1511.8872549019611,989.3382352941176,318.62745098039255,301.1029411764707,2
e3229c3b-19.jpg,753.5539215686275,36.6421568627451,238.9705882352942,243.75,2
e3229c3b-19.jpg,997.3039215686275,33.45588235294118,246.93627450980387,238.97058823529414,2
e3229c3b-19.jpg,573.5294117647061,121.07823403514759,203.92156862745122,192.76980518053855,2
e3229c3b-19.jpg,409.4362745098039,253.30882352941174,229.4117647058824,237.37745098039215,1
e3229c3b-19.jpg,312.25490196078437,423.77442209840984,259.68137254901956,211.88734260747262,1
e3229c3b-19.jpg,240.5637254901961,618.1372549019608,275.6127450980392,213.48039215686273,2
e3229c3b-19.jpg,192.76960784313727,807.7205882352941,301.10294117647067,301.1029411764706,5
e3229c3b-19.jpg,140.19607843137257,1041.9117647058827,296.3235294117647,246.9362745098038,6
e3229c3b-19.jpg,1215.5636311715618,138.6029411764705,199.14211494335137,194.36274509803897,2
e3229c3b-19.jpg,1363.725490196079,258.0882352941176,229.41176470588204,234.19117647058823,2
e3229c3b-19.jpg,1430.6372549019613,439.7058823529412,275.6127450980392,226.2254901960783,3
e3229c3b-19.jpg,1510.2941176470592,640.4411764705882,267.6471112227705,205.51470588235293,2
e3229c3b-19.jpg,1534.1911764705887,826.8382352941176,305.8823529411765,317.03431372549016,5
e3229c3b-19.jpg,1594.730392156863,1072.1813725490194,267.6470588235293,226.22549019607848,6
3325a022-38.jpg,619.7303921568628,414.2156862745097,250.12254901960796,278.7990196078431,1
3325a022-38.jpg,882.5980392156864,468.3823529411765,248.52941176470608,288.357843137255,1
3325a022-38.jpg,417.4019607843138,482.72058823529414,218.25980392156865,213.48039215686273,1
3325a022-38.jpg,227.8186274509804,449.2647058823529,189.58333333333337,180.0245098039216,0
3325a022-38.jpg,309.0686274509804,613.3578431372555,248.5294117647059,159.31403245948675,0
3325a022-38.jpg,98.77452028376993,591.054053126895,262.8676470588235,127.45126543507007,0
3325a022-38.jpg,528.9215686274507,629.2892156862745,223.0392156862745,213.4806552733979,0
3325a022-38.jpg,28.67647058823529,426.96078431372547,199.14215686274514,162.5,0
3325a022-38.jpg,1134.3137254901956,423.77437824565374,315.4411764705882,315.44130802885593,1
3325a022-38.jpg,766.2990196078432,589.4607843137255,226.22549019607845,245.343137254902,0
3325a022-38.jpg,1035.5392156862747,670.7107843137258,151.34803921568633,149.75490196078417,0
3325a022-38.jpg,1210.7842194068558,715.3186274509806,165.68636882843836,175.24509803921546,0
3325a022-38.jpg,1398.7745098039218,673.8970588235295,114.70588235294116,173.65196078431376,0
3325a022-38.jpg,1510.2941176470592,696.2009803921568,74.87745098039198,108.33333333333336,0
3325a022-38.jpg,1570.8333333333333,697.7941176470588,189.58333333333343,168.8725490196078,0
3325a022-38.jpg,1693.5049019607848,430.1470588235294,87.6226118986975,278.7990196078431,1
3325a022-38.jpg,1763.6029411764712,385.5392156862744,114.70588235294088,264.46078431372547,1
3325a022-38.jpg,1448.1617647058824,399.8774509803923,248.52941176470608,309.06862745098033,1
b50321c3-177.jpg,239.9889287063094,928.6475148145247,289.6613190730838,228.83244206773625,4
b50321c3-177.jpg,300.81780571165683,743.2641111431844,288.2130124777184,210.00461579255204,3
b50321c3-177.jpg,389.1645080289475,620.1582100016908,220.14260249554363,181.03832442067733,2
b50321c3-177.jpg,393.50942781504375,447.8097251532059,241.86720142602496,194.07308377896615,2
b50321c3-177.jpg,461.2069310995272,311.86758469523267,209.5853009618728,161.2766323004481,1
b50321c3-177.jpg,625.4563750800064,256.8700234499184,188.77544239146928,130.80501052939556,1
b50321c3-177.jpg,818.6910791940691,232.34408397565682,216.27419354576233,144.92600598427364,0
b50321c3-177.jpg,1033.4788521656337,204.84530335299982,224.44950670384955,164.99268373594234,0
b50321c3-177.jpg,1218.538213653244,265.04524454865157,206.61245981347702,141.9532568952323,1
b50321c3-177.jpg,1407.3136265763503,293.2873275177617,214.78777297156455,195.46430550699478,1
b50321c3-177.jpg,1427.7280789338936,472.40100670858203,249.71865646521024,206.61245981347727,2
b50321c3-177.jpg,1446.3083361113645,668.6085225026757,254.177918187803,159.04700143915142,2
b50321c3-177.jpg,1420.295976062905,807.588846190159,294.31127369114023,232.62481986193683,3
b50321c3-177.jpg,1506.5083693663707,964.4062167680138,294.31127369114023,214.04456268446563,4
6c17749f-186.jpg,648.7481186962208,451.8907736382785,174.13417026725796,152.06082474042265,0
6c17749f-186.jpg,626.6747731693848,567.1626891673083,58.04476394142031,192.93739053085844,0
6c17749f-186.jpg,686.3545592234206,574.5204710095866,117.72461077395901,188.03220263600616,1
6c17749f-186.jpg,804.0790686998782,454.3433675857048,174.95170158306664,222.3685178999726,2
6c17749f-186.jpg,963.4976752825784,411.83173916365064,177.40424690769305,299.21646158599236,2
6c17749f-186.jpg,787.7284423837036,588.4185033783352,66.22006899570732,145.52057421395253,1
70efe99b-152.jpg,137.00980392156865,468.3823529411765,210.29411764705884,149.75490196078428,0
70efe99b-152.jpg,350.4901960784314,476.3480392156863,191.17647058823528,197.54901960784323,0
70efe99b-152.jpg,261.2745098039217,622.9166666666666,154.53431372549022,111.51960784313717,0
70efe99b-152.jpg,398.2843137254903,653.1862745098038,186.39705882352945,152.9415492190131,1
70efe99b-152.jpg,514.5833333333334,581.4950980392155,100.36766285083745,133.82352941176472,0
70efe99b-152.jpg,570.3431372549022,516.1764705882352,165.68627450980387,200.7352941176471,0
70efe99b-152.jpg,594.2401960784316,694.6078431372549,121.07843137254903,86.02941176470588,0
70efe99b-152.jpg,681.8627450980392,471.5686274509804,258.08823529411757,294.73039215686276,0
70efe99b-152.jpg,664.3382352941176,742.4019607843137,195.95588235294116,135.41666666666683,0
70efe99b-152.jpg,844.362745098039,693.0147058823533,197.54901960784304,226.22564368072406,0
70efe99b-152.jpg,939.9509803921569,474.75490196078414,259.6813725490196,280.3921568627452,0
70efe99b-152.jpg,1220.3431372549028,420.58792832482663,313.84792867158916,328.1865814790948,0
70efe99b-152.jpg,1075.3676470588236,626.1029411764703,208.70105145621923,299.5098039215682,0
70efe99b-152.jpg,1285.6617647058827,716.9117647058824,205.51470588235304,180.0245098039216,0
70efe99b-152.jpg,1497.5490196078433,632.4754901960783,202.32843137254918,283.5784313725491,0
70efe99b-152.jpg,1551.71568627451,407.8431372549019,332.96568627450995,334.5588235294117,0
70efe99b-152.jpg,1693.5049019607845,702.5735294117645,170.46571785853772,208.70098039215685,0
70efe99b-152.jpg,1870.3430188147984,533.700980392157,117.89227530284855,232.59803921568616,0
70efe99b-152.jpg,1860.7843137254904,734.4362745098038,127.45098039215691,127.45098039215688,0
d64f7147-149.jpg,210.9469327059659,0.0,292.68956020317154,276.36423982100456,6
d64f7147-149.jpg,249.09090909090892,270.9090909090908,285.45454545454527,247.27314214966808,3
d64f7147-149.jpg,305.4545454545452,503.636363636364,307.27272727272714,296.3645415496882,1
d64f7147-149.jpg,554.5454545454546,905.4545454545454,172.7272727272728,169.09090909090918,6
d64f7147-149.jpg,1340.0,585.4545454545454,287.2727272727272,276.3636363636362,6
d64f7147-149.jpg,1538.1818181818176,90.90931720560401,290.90909090909093,279.9997737034869,5
d64f7147-149.jpg,438.18181818181813,750.9090909090907,229.09090909090898,230.9090909090908,1
d64f7147-149.jpg,593.2933615232876,1067.7754251758743,178.8253410410364,167.64927243785138,1
d64f7147-149.jpg,716.2357834890016,1070.2591104681123,142.81190430360553,149.02111753419706,0
d64f7147-149.jpg,826.7597789935312,1118.6909736667267,134.11900578077734,140.32821901136882,0
d64f7147-149.jpg,962.1206274204238,1112.4817604361322,126.66799895687106,146.53768984790005,0
d64f7147-149.jpg,1080.0956788016663,1083.9193795754138,160.1977013492619,150.26296018031567,0
d64f7147-149.jpg,1168.2665066760662,1006.9251355160789,168.8905998720898,187.51823956386454,0
d64f7147-149.jpg,1292.4507712878953,980.8462853840306,219.80614836294055,186.2765514813087,2
d64f7147-149.jpg,1231.6004816281004,785.8771445070197,249.61037186978004,198.69482337892947,1
d64f7147-149.jpg,1397.706316632619,346.26484778113803,329.08830122135214,260.78695568484505,3
42d89c9a-196.jpg,79.65686274509807,383.94607843137254,33.455882352941174,117.89215686274508,0
42d89c9a-196.jpg,114.70588235294117,387.13235294117646,76.47058823529414,175.24509803921578,0
42d89c9a-196.jpg,187.9901960784314,438.1127450980392,70.09805500770018,176.8382352941176,0
42d89c9a-196.jpg,237.224221004361,379.9776866516032,124.3675434322899,216.24723878430802,1
42d89c9a-196.jpg,525.1821172755242,376.1348890663835,211.33184513655516,224.821111847399,0
42d89c9a-196.jpg,93.525582528518,534.4089518069526,87.23059139679084,82.73416915984286,2
42d89c9a-196.jpg,160.97191608273775,580.272458623822,124.10125373976427,103.41771144980353,0
42d89c9a-196.jpg,267.98676532209976,575.7760363868739,62.05062686988217,128.5976759767123,0
42d89c9a-196.jpg,285.07316982250205,560.4882007812507,180.75617392530887,196.04400953093202,0
42d89c9a-196.jpg,438.85081032612305,549.6967874125756,312.9509876915795,216.7275518208926,3
42d89c9a-196.jpg,342.80972726524385,343.93648018755175,189.3432395928331,264.9790109047156,1
42d89c9a-196.jpg,723.0246957012354,355.4513467764228,296.763867638567,307.5552810072419,0
42d89c9a-196.jpg,1002.7021588394009,354.5520623290334,287.7710231646712,292.26754441656846,0
42d89c9a-196.jpg,1274.286061951058,375.23560461899456,207.7346449477361,233.81395632129542,0
42d89c9a-196.jpg,1271.5882086088895,595.5602942294452,182.5547428200879,138.48980489799783,0
42d89c9a-196.jpg,1455.0422358763672,587.4667342029387,159.17334718795843,189.74901839920477,0
42d89c9a-196.jpg,1467.632218139822,370.73918238204703,188.8496849238238,253.59821416386657,0
42d89c9a-196.jpg,1634.890514359824,410.3076980671883,125.000538187154,232.91467187390538,1
42d89c9a-196.jpg,1599.8184209116296,605.4524231507306,100.71985810763493,141.18765824016668,0
42d89c9a-196.jpg,1734.7110880200694,430.991240357149,89.92844473895957,192.44687174137354,1
42d89c9a-196.jpg,1791.2268668809027,417.3805857330549,112.18460040218787,173.0993155526973,1
42d89c9a-196.jpg,1705.0712541462838,598.0942406795659,118.78369454349325,123.85992080603555,1
42d89c9a-196.jpg,1806.0881567708782,528.549940882735,101.52454034631617,117.26087556966779,0
42d89c9a-196.jpg,1881.2163054565065,399.6137938141562,74.62052605937373,110.66173252342523,0
0f593e7b-175.jpg,366.4215686274511,498.6519607843136,132.23039215686276,119.48529411764702,0
0f593e7b-175.jpg,369.6078431372549,603.7990196078432,133.82352941176478,82.84313725490199,0
0f593e7b-175.jpg,474.9658718289208,369.4357659944174,238.40023836379382,250.2708617085247,0
0f593e7b-175.jpg,518.4912390825763,603.8792622725521,116.7271212711696,65.2882550988184,0
0f593e7b-175.jpg,690.6142823129449,602.8900085367562,106.83499234988389,65.28805088048456,0
0f593e7b-175.jpg,706.441688587002,379.3278949157026,244.3355843557532,264.1198421983244,0
0f593e7b-175.jpg,946.8204213742409,362.51127574951715,220.59447494466795,244.3355843557532,0
0f593e7b-175.jpg,839.9854290243568,567.2783444201283,125.63003730032676,134.53295332948352,0
0f593e7b-175.jpg,975.5075952459691,564.3107057437426,163.22012720121137,135.5221662216121,0
0f593e7b-175.jpg,1147.6306384763388,355.5867855046172,227.51890635597826,257.1953519534244,0
0f593e7b-175.jpg,1345.1410654108965,408.0150687874308,151.34957249566895,205.7562815627396,1
0f593e7b-175.jpg,1142.3524225245424,574.2028346650279,189.9288752886831,191.90730107293987,0
0f593e7b-175.jpg,1321.939526668244,576.7203370680714,133.09409821366017,178.95760503052963,0
0f593e7b-175.jpg,1453.2350559871252,473.302625618268,102.51842700241383,131.29552931888097,0
0f593e7b-175.jpg,1425.3572514893126,576.7203989524136,196.04397833130278,174.4613808234817,3
0f593e7b-175.jpg,1535.969225146968,452.6190833283072,153.77764050362117,137.5905204506082,1
0f593e7b-175.jpg,1591.724860885123,540.7489591724874,178.05832058314024,108.81341813414114,3
0f593e7b-175.jpg,1685.250443413641,430.13697214356733,110.61198702892028,125.00053818715384,0
6559da65-217.jpg,84.4362745098039,952.6960784313726,312.2549019607843,250.12254901960796,2
6559da65-217.jpg,160.9068627450981,737.6225490196077,294.73039215686276,296.32352941176475,4
6559da65-217.jpg,337.74509803921563,487.5,269.24019607843144,226.22549019607848,1
6559da65-217.jpg,450.857843137255,324.99999999999994,227.8186274509804,223.0392156862745,0
6559da65-217.jpg,605.9205083200453,226.22309630087943,214.25362030612396,197.49635391346618,1
6559da65-217.jpg,792.6443338382314,167.57266392657738,242.9803626935373,196.29940631399057,1
6559da65-217.jpg,1029.639958534391,166.37571632710183,242.98036269353736,184.32999621368438,0
6559da65-217.jpg,1248.681369238417,226.22284919669525,221.4353059029773,201.08744381607707,1
6559da65-217.jpg,1393.512028774959,347.1148038479103,215.45056790559954,227.42004390035498,1
6559da65-217.jpg,1449.4041042412455,515.8844153739632,266.9193146830486,215.45056790559934,2
6559da65-217.jpg,1514.0392746129257,673.8814985047361,268.1162622825238,196.2994063139904,1
6559da65-217.jpg,1523.61485540873,834.3873838040101,287.2674238741328,276.4948954788524,3
6559da65-217.jpg,1651.6881892287452,1007.944785727965,236.99568402002836,262.1315242851458,3
cbfb0c55-113.jpg,196.8503937007874,333.3333333333333,351.70603674540695,314.96062992125974,6
cbfb0c55-113.jpg,142.03374305598106,40.06128195772723,325.69806597319933,313.45377777871784,5
cbfb0c55-113.jpg,369.7775034733316,608.1962541816542,230.19261805624623,233.86590451459048,3
cbfb0c55-113.jpg,428.5500868068414,805.3292941128013,219.17275868121297,220.39718750066086,2
cbfb0c55-113.jpg,568.1349722239269,958.382896543816,189.7864670144584,213.05061458397253,1
cbfb0c55-113.jpg,730.9840052105264,1012.2577645995327,161.62460416715177,200.80632638949112,0
cbfb0c55-113.jpg,888.9353229193339,1024.5020527940142,149.38031597267027,188.56203819501005,0
cbfb0c55-113.jpg,1027.2957795169712,1051.4409496520318,168.9711770838403,188.56203819501025,1
cbfb0c55-113.jpg,1148.514232642335,1007.3615121518997,165.29789062549617,198.357468750595,0
cbfb0c55-113.jpg,1527.3704756930263,17.14200347227365,303.65834722313275,308.5560625009255,5
cbfb0c55-113.jpg,1461.2513194428268,291.41405902865165,318.35149305650924,345.28892708436865,3
cbfb0c55-113.jpg,1424.5184548593843,587.7258333350968,249.78347916741598,214.27504340342082,1
cbfb0c55-113.jpg,1259.2205642338886,936.6880468778105,188.56203819501047,197.13303993114698,1
cbfb0c55-113.jpg,1364.5214427064266,779.9611579884513,243.66133507017565,224.07047395900565,1
61bc85f1-85.jpg,119.48529411764707,420.58823529411774,256.4950980392157,195.95588235294113,1
61bc85f1-85.jpg,180.02450980392163,589.4607843137255,340.93137254901933,200.73575457158375,3
61bc85f1-85.jpg,371.20098039215685,436.5196078431373,213.4803921568627,235.78431372549022,1
61bc85f1-85.jpg,4.779411764705893,485.9068627450973,215.0740324444826,168.8727463570092,4
61bc85f1-85.jpg,579.9019607843138,481.12745098039215,250.1225490196078,235.78431372549016,0
61bc85f1-85.jpg,519.3627450980391,637.2549019607842,219.85294117647058,180.0245098039216,0
61bc85f1-85.jpg,713.7254901960786,710.5392156862745,238.97058823529403,203.9217659648524,0
61bc85f1-85.jpg,822.0588235294116,511.39692726526187,245.34313725490205,219.85307273473788,0
61bc85f1-85.jpg,1064.21568627451,395.0980392156863,261.27450980392155,286.764705882353,0
61bc85f1-85.jpg,962.2549019607844,634.0686274509803,253.30882352941185,329.77982836588666,0
61bc85f1-85.jpg,1215.5637359700443,632.4754244169443,253.3090121666808,329.77978451313066,0
61bc85f1-85.jpg,1328.6764705882351,334.5588235294117,320.2205882352942,366.421568627451,0
61bc85f1-85.jpg,1652.0833333333337,355.26960784313724,278.7990196078431,293.1372549019608,0
61bc85f1-85.jpg,1612.2549019607845,603.7990196078432,183.2107843137254,164.093137254902,0
61bc85f1-85.jpg,1451.3480392156869,669.1176470588234,140.19607843137265,189.5833333333333,0
512fcc4a-100.jpg,223.67972742759792,383.1346222310248,276.8315496842744,256.899449319231,2
512fcc4a-100.jpg,84.1567291311755,35.434412265758084,380.9201866794488,374.2759795570698,3
512fcc4a-100.jpg,1552.469652266173,15.50255536626914,389.779070050692,380.9199318568995,3
512fcc4a-100.jpg,1463.8839273888382,345.48551959114167,323.33924126533765,343.27105696022886,2
512fcc4a-100.jpg,329.9829642248722,615.6729131175468,232.53833049403747,241.39693356047692,1
512fcc4a-100.jpg,485.00851788756387,795.0596252129471,219.25042589437828,210.39182282793882,1
512fcc4a-100.jpg,640.034071550255,888.0749574105625,192.6744892837852,170.52810902896093,1
512fcc4a-100.jpg,828.2793867120954,910.2214650766608,163.8841822113862,181.6013628620103,1
512fcc4a-100.jpg,992.1635434412267,916.8654173764904,183.81601362862,155.0255536626917,1
512fcc4a-100.jpg,1171.5502555366268,859.2844974446336,190.46009333972432,203.74787052810893,1
512fcc4a-100.jpg,1355.3662691652453,770.6985063877537,197.103918228279,232.53829088652225,1
512fcc4a-100.jpg,1525.894378194208,657.7512776831344,210.3918228279386,201.533249467136,1
e0a09bed-254.jpg,213.48039215686276,52.57352941176472,224.63235294117652,133.8235294117647,0
e0a09bed-254.jpg,248.52941176470594,137.00980392156862,304.2893499183924,286.76470588235287,1
e0a09bed-254.jpg,309.06862745098044,383.9460784313725,288.3579142013174,304.28921568627453,3
e0a09bed-254.jpg,404.6568627450981,632.4754901960783,218.2598039215687,203.92156862745108,0
e0a09bed-254.jpg,466.7892156862746,810.9068627450979,210.29411764705884,195.95588235294125,0
e0a09bed-254.jpg,610.171568627451,869.8529411764705,192.76960784313738,172.05882352941194,0
e0a09bed-254.jpg,689.8284313725493,990.9313725490196,180.02450980392155,109.92647058823545,0
e0a09bed-254.jpg,809.3137254901962,1062.6225490196077,141.7892156862746,98.7745098039217,0
e0a09bed-254.jpg,951.1029411764707,1054.6568627450981,148.16176470588232,108.33333333333346,0
e0a09bed-254.jpg,1088.1127450980396,1037.1323529411764,157.72058823529434,105.14705882352929,0
e0a09bed-254.jpg,1166.1764705882354,888.9705882352943,184.80392156862735,215.07352941176455,0
e0a09bed-254.jpg,1301.593137254902,831.6176470588236,197.5490196078431,218.25980392156873,0
e0a09bed-254.jpg,1374.8774509803923,664.3382352941178,219.85294117647072,224.63235294117658,0
e0a09bed-254.jpg,1400.3676470588232,428.5540750532731,304.28921568627413,302.6960565049945,3
e0a09bed-254.jpg,1460.9068627450974,181.61777861709115,302.6960784313726,280.39202530447756,1
964f351f-210.jpg,106.74019607843138,493.87254901960785,90.80882352941177,221.4460784313727,1
964f351f-210.jpg,200.73529411764713,415.8088235294117,219.85294117647058,264.46078431372547,1
964f351f-210.jpg,398.2843137254901,388.7254901960785,250.1225490196079,291.5441176470588,1
964f351f-210.jpg,224.63235294117652,664.3382352941178,78.06372549019606,180.0245098039216,1
964f351f-210.jpg,293.13725490196083,669.1176470588236,113.11274509803926,148.16176470588238,1
964f351f-210.jpg,388.72549019607857,667.5245098039215,103.55392156862742,137.00980392156873,1
964f351f-210.jpg,458.82352941176475,646.8137254901961,160.90686274509807,216.66666666666663,2
964f351f-210.jpg,610.171568627451,634.0686274509804,170.46578892259987,219.8529411764706,1
964f351f-210.jpg,648.4068627450981,417.4019607843138,215.07352941176478,245.34313725490188,1
964f351f-210.jpg,773.1458490452083,630.7304772110422,212.18616536157526,270.94541115401114,0
964f351f-210.jpg,867.8135228219099,410.9273725800762,215.45051936788963,264.41660606596247,0
964f351f-210.jpg,1081.0878223648233,467.5101403456736,208.92171967292043,230.6846561085342,1
964f351f-210.jpg,982.0676118627592,636.1711481177491,198.04042100413696,252.44713007120734,1
964f351f-210.jpg,1180.108032866896,681.8727837340886,198.04042100413696,179.54213992133268,1
964f351f-210.jpg,1288.9214510010356,531.7102667089729,173.01326472325906,179.54213992133268,1
964f351f-210.jpg,1379.2365880523741,681.8727837340889,276.38608206071837,194.77601846011237,2
964f351f-210.jpg,1458.6703832902972,519.7407907142182,247.00645916450043,186.0709450093813,2
964f351f-210.jpg,1704.0275026751362,568.7068288745818,137.1049068490177,100.10834468340981,2
964f351f-210.jpg,1656.1495986961138,700.3710648168926,158.86759047584576,99.02021050206837,1
c195bcab-20.jpg,36.642156862745104,0.0,325.00000000000006,301.1029411764706,6
c195bcab-20.jpg,160.90686274509815,270.83333333333337,302.6961308306139,331.37254901960773,6
c195bcab-20.jpg,662.7450980392158,1005.2696078431375,191.17647058823536,191.17647058823528,1
c195bcab-20.jpg,834.8039215686277,1029.1668201513123,162.50000000000003,176.83808180947227,1
c195bcab-20.jpg,1003.6764705882355,1018.0147716614867,151.3480392156863,178.4313067698858,1
c195bcab-20.jpg,1151.8382352941176,976.5931372549022,176.83823529411754,184.8039215686275,1
c195bcab-20.jpg,1446.5686274509806,454.0441176470588,269.2401960784312,234.19117647058835,2
c195bcab-20.jpg,1473.6519817440105,167.27932405919407,321.81372549019613,302.69607843137254,6
c195bcab-20.jpg,1497.5490196078435,1.5931372549019551,313.8480392156862,167.2794117647059,6
c195bcab-20.jpg,277.2058823529412,536.8872549019608,224.63235294117655,237.37745098039215,2
c195bcab-20.jpg,340.9313725490197,720.0980392156864,235.7843137254902,240.56372549019613,2
c195bcab-20.jpg,498.65196078431376,900.1225490196078,205.5147058823529,226.22549019607848,2
c195bcab-20.jpg,1307.9656862745096,852.3284313725491,192.7696078431373,218.25980392156853,2
c195bcab-20.jpg,1422.6715686274506,664.3382352941176,219.85294117647072,227.8186274509804,2
3c160c9c-50.jpg,39.82843137254907,578.3088235294117,277.20588235294133,183.21128862041823,3
3c160c9c-50.jpg,15.931372549019606,465.1960784313725,226.22549019607845,137.00980392156873,0
3c160c9c-50.jpg,243.7499999999998,487.4994737669295,216.66666666666666,200.7358203507175,0
3c160c9c-50.jpg,450.857843137255,477.9411764705883,256.49509803921563,235.78431372549022,0
3c160c9c-50.jpg,312.25490196078437,661.1519607843137,211.88725490196072,162.5,0
3c160c9c-50.jpg,519.3627450980396,659.558823529412,251.71582251253733,289.95098039215685,0
3c160c9c-50.jpg,713.7254901960786,433.33333333333326,323.40686274509807,329.7794117647059,0
3c160c9c-50.jpg,790.1960784313726,643.6274509803919,270.8334066922714,307.47549019607806,0
3c160c9c-50.jpg,1057.8431372549019,434.9264705882352,315.4411764705884,325.00000000000006,0
3c160c9c-50.jpg,1065.8088235294117,670.7107843137253,237.37755577887523,294.73039215686265,0
3c160c9c-50.jpg,1306.3725490196082,648.406862745098,183.2107843137254,240.5637254901962,0
3c160c9c-50.jpg,1346.2009803921574,390.31862745098033,275.6127450980392,368.014705882353,1
3c160c9c-50.jpg,1626.593137254902,484.3137254901961,353.67647058823565,245.34313725490188,0
3c160c9c-50.jpg,1507.107843137255,630.8824187203103,164.09313725490193,216.66666666666663,0
990e0567-54.jpg,751.9607843137255,398.2843137254903,219.85294117647058,246.93627450980387,0
990e0567-54.jpg,573.529411764706,418.9950980392157,180.02450980392155,229.41176470588226,0
990e0567-54.jpg,466.78934144445407,434.9264705882349,129.04399188887922,218.25980392156853,0
990e0567-54.jpg,383.94607843137265,466.78921568627453,105.14705882352942,192.76960784313727,0
990e0567-54.jpg,334.5588235294118,463.6029411764707,66.91176470588239,181.6176470588235,0
990e0567-54.jpg,294.73039215686276,417.40196078431376,47.794117647058876,181.6176470588235,0
990e0567-54.jpg,358.4558823529412,650.0,81.25,132.23039215686273,0
990e0567-54.jpg,447.67156862745105,646.8137254901961,117.89215686274517,152.94117647058826,0
990e0567-54.jpg,567.1568627450982,643.6274509803922,129.04411764705878,173.65196078431364,1
990e0567-54.jpg,675.4901960784313,638.8480392156864,151.3480392156863,183.21087201923746,0
990e0567-54.jpg,831.6175946595823,632.4754901960785,138.60299357571236,184.8039215686275,0
990e0567-54.jpg,968.6274509803922,415.8088235294117,221.4460784313725,250.1225490196078,0
990e0567-54.jpg,967.0343137254904,645.2205882352943,100.36764705882362,114.70588235294125,0
990e0567-54.jpg,1067.401960784314,622.9166666666667,157.72058823529406,200.73529411764693,0
990e0567-54.jpg,1186.8872549019604,411.02941176470586,156.12745098039213,235.78431372549022,1
990e0567-54.jpg,1221.9362745098042,614.9509803921568,137.0098039215685,187.99019607843138,0
990e0567-54.jpg,1339.8284313725492,412.6225490196077,125.85770689922745,221.44607843137248,0
990e0567-54.jpg,1452.9411764705883,428.55392156862746,111.5196078431373,200.73529411764704,0
990e0567-54.jpg,1354.166666666667,622.9166666666667,98.77450980392155,125.8578431372548,0
990e0567-54.jpg,1452.9411764705885,622.9166666666667,86.0294117647058,101.96078431372548,0
990e0567-54.jpg,1550.1225490196082,395.0980392156863,58.946078431372655,207.10784313725495,1
990e0567-54.jpg,1601.1029411764703,369.607843137255,79.65681034585675,192.7696078431373,1
990e0567-54.jpg,1680.7598039215688,403.0637254901961,54.16666666666657,119.48529411764702,0
990e0567-54.jpg,1615.4411764705883,549.6323529411765,100.36764705882348,73.28431372549024,0
990e0567-54.jpg,1537.3774509803916,599.0196078431371,106.74019607843147,89.21579590639969,0
25848956-23.jpg,1290.4411764705883,484.3137254901961,258.0882352941177,186.39705882352948,3
25848956-23.jpg,1322.303921568628,622.9166666666667,291.54411764705884,199.14237612652437,3
25848956-23.jpg,58.94607843137255,455.6372549019608,49.3872549019608,144.97549019607848,0
25848956-23.jpg,76.47058823529413,606.9852941176471,105.14705882352942,235.78431372549016,1
25848956-23.jpg,86.02941176470587,347.30392156862746,184.8039215686275,289.95098039215685,0
25848956-23.jpg,264.46083671296697,337.7450980392157,328.18622211056265,310.6617647058822,0
25848956-23.jpg,181.6176470588235,629.2892156862742,159.31372549019605,286.7648155142426,0
25848956-23.jpg,591.0539215686275,353.67647058823536,388.7254901960784,288.357843137255,0
25848956-23.jpg,342.5245098039216,606.9852941176472,210.29411764705884,339.3382352941176,0
25848956-23.jpg,549.6323529411765,616.5441176470588,240.56372549019613,325.0,0
25848956-23.jpg,794.9754901960783,618.1372549019603,281.9852207587091,326.59335651868145,0
25848956-23.jpg,979.7794117647059,363.235294117647,361.64215686274514,309.0686274509804,0
25848956-23.jpg,1080.1470588235295,626.1029411764707,237.37745098039196,194.36261353977156,3
25848956-23.jpg,1808.2107843137255,347.30392156862746,183.2107843137254,160.90686274509807,4
25848956-23.jpg,1542.156862745098,425.36764705882354,259.6813725490196,164.093137254902,2
25848956-23.jpg,1589.9509803921567,492.279411764706,326.5931372549022,207.10801854827835,1
f9687157-53.jpg,149.7549019607843,116.2990196078431,259.6813725490196,262.8676470588236,2
f9687157-53.jpg,238.97058823529417,345.7107843137256,264.46078431372547,336.15196078431376,3
f9687157-53.jpg,377.5735294117648,645.2205882352941,195.95588235294116,219.8529411764706,0
f9687157-53.jpg,471.5685331323458,818.8725490196077,223.03931000490934,250.1225490196078,0
f9687157-53.jpg,645.2205882352941,982.9656862745097,189.58333333333343,199.14215686274522,0
f9687157-53.jpg,783.8235294117648,1057.8431372549023,180.0245098039217,172.05882352941177,0
f9687157-53.jpg,951.1029411764707,1084.9264705882351,146.56862745098053,162.5,0
f9687157-53.jpg,1094.485294117647,1061.0294117647059,137.00980392156865,164.093137254902,0
f9687157-53.jpg,1237.8676470588236,1027.5735294117649,157.72058823529406,175.24509803921575,0
f9687157-53.jpg,1336.6421568627454,892.1568627450982,203.92156862745082,210.29411764705875,0
f9687157-53.jpg,1424.2647058823534,723.2843137254903,227.8186274509804,229.41176470588226,0
f9687157-53.jpg,1481.6176470588232,524.1421568627451,211.88725490196106,218.25980392156853,1
f9687157-53.jpg,1511.887254901961,227.8186274509804,266.05392156862763,323.406862745098,4
f9687157-53.jpg,1546.9362745098042,1.593137254901973,238.9705882352942,235.7843137254902,3
a78fc3a5-274.jpg,813.8928777567318,503.2122243107004,178.34519232185727,271.70710508095044,1
a78fc3a5-274.jpg,994.6319652775401,498.42443391279824,102.93749355489737,259.7376290861948,4
a78fc3a5-274.jpg,852.1952009399494,691.1329974283623,160.39097832972422,233.40489721301884,1
a78fc3a5-274.jpg,1016.1769924061657,736.6170226820453,73.01380356800863,137.64897393968872,1
a78fc3a5-274.jpg,1093.9786160340113,491.2427483159449,101.74054595542188,250.16204829039052,1
03e5a7c5-115.jpg,806.0135692332414,441.17924569401424,174.37947917934298,244.45721380281682,0
03e5a7c5-115.jpg,670.747244262349,480.29239990246487,172.74976442065736,218.3817776638497,0
03e5a7c5-115.jpg,545.2592078435697,467.2546818329814,145.04461352300459,224.90063669859154,1
03e5a7c5-115.jpg,980.3930484125838,463.99525231561057,182.52805297276979,229.78978097464787,0
03e5a7c5-115.jpg,1161.2913866266683,459.1061080395543,162.97147586854464,233.04921049201872,0
03e5a7c5-115.jpg,1306.336000149673,485.1815441785213,145.04461352300467,213.49263338779335,0
03e5a7c5-115.jpg,770.1598445421613,670.9690266686622,120.59889214272289,158.08233159248815,0
03e5a7c5-115.jpg,659.339240951551,693.7850332902583,128.74746593615095,195.5657710422533,0
03e5a7c5-115.jpg,876.0913038567151,680.7473152207754,114.08003310798148,149.9337577990606,0
03e5a7c5-115.jpg,985.2821926886401,688.8958890142021,123.8583216600936,145.0446135230047,0
03e5a7c5-115.jpg,1110.7702291074195,654.6718790818076,117.33946262535213,182.52805297276998,0
03e5a7c5-115.jpg,1224.8502622154015,682.3770299794602,123.85832166009322,190.67662676619736,0
03e5a7c5-115.jpg,574.5940734999077,684.0067447381455,102.67202979718327,130.37718069483586,0
03e5a7c5-115.jpg,519.1837717046025,693.7850332902583,70.07773462347441,81.48573793427217,0
03e5a7c5-115.jpg,359.4717253534287,514.5164098348594,66.81830510610325,79.85602317558686,0
03e5a7c5-115.jpg,369.2500139055415,633.4855872188969,101.04231503849773,86.37488221032864,3
03e5a7c5-115.jpg,423.03060094216124,532.4432721803992,37.48343944976526,118.96917738403747,0
03e5a7c5-115.jpg,460.51404039192647,524.294698386972,58.66973131267606,146.6743282816901,0
03e5a7c5-115.jpg,517.5540569459171,537.3324164564556,34.22400993239443,130.37718069483566,0
03e5a7c5-115.jpg,471.9220437027245,687.2661742555172,63.5588755887324,60.29944607136102,0
03e5a7c5-115.jpg,1431.2295492187804,556.8889935606811,74.96687889952995,140.15546924694834,0
03e5a7c5-115.jpg,1496.4181395661974,561.7781378367374,91.2640264863851,136.89603972957744,1
03e5a7c5-115.jpg,1351.373526043193,693.785033290259,97.78288552112657,164.60119062722987,0
03e5a7c5-115.jpg,1444.2672672882634,687.2661742555167,86.37488221032903,127.11775117746467,0
03e5a7c5-115.jpg,1568.1255889483566,553.6295640433103,86.37488221032896,138.52575448826275,0
03e5a7c5-115.jpg,1641.462753089202,527.5541279043429,76.59659365821625,123.85832166009392,0
03e5a7c5-115.jpg,1605.6090283981218,657.9313085991791,101.04231503849768,79.85602317558636,0
03e5a7c5-115.jpg,1530.6421494985916,688.8958890142027,101.04231503849803,96.15317076244102,0
af4f53cc-116.jpg,966.0646288485165,145.72511335883132,183.39180179487332,143.9527046346855,0
af4f53cc-116.jpg,1145.512520927371,126.00556477873747,179.44789207885435,167.61616293079805,0
af4f53cc-116.jpg,818.1680144978121,163.47270708091588,141.98074977667602,134.0929303446385,0
af4f53cc-116.jpg,694.6214936365899,209.03077411545993,172.39957777829503,176.4401928824738,0
af4f53cc-116.jpg,648.827855789231,354.49291786589646,203.37762691033248,172.39957777829494,1
af4f53cc-116.jpg,568.0155537056553,468.97701248429547,223.58070243122626,157.58398906297285,1
af4f53cc-116.jpg,516.834429052724,574.0330051929438,241.09003454933438,195.29639670197483,1
af4f53cc-116.jpg,460.2658175942207,692.557714915522,237.04941944515576,161.62460416715166,1
af4f53cc-116.jpg,448.1439722816844,827.2448850548145,208.765113715904,90.2404039933264,3
af4f53cc-116.jpg,426.5940250593975,959.2383117913212,211.4588571186893,142.76840034765033,0
af4f53cc-116.jpg,480.4688931151148,971.3601571038585,215.49947222286875,121.2184531253637,0
af4f53cc-116.jpg,530.303146066653,984.8288741177876,214.15260052147588,129.2996833337215,0
af4f53cc-116.jpg,594.9529877335139,1000.9913345345028,218.1932156256545,145.46214375043664,0
af4f53cc-116.jpg,644.7872406850523,1034.6631270693263,119.87158142397092,200.6838835075463,0
af4f53cc-116.jpg,756.5775919006655,1052.1724591874345,156.23711736157972,204.72449861172515,0
af4f53cc-116.jpg,903.3866073524949,1046.7849723818626,193.94952500058167,206.0713703131181,0
af4f53cc-116.jpg,1082.520543637752,1061.6005610971847,185.86829479222357,200.68388350754708,0
af4f53cc-116.jpg,1230.9362585046367,1025.2381729158424,173.74644947968804,245.13064965351307,0
af4f53cc-116.jpg,1404.8333532289098,1024.6285441978634,141.27088340166432,193.21228201716366,0
af4f53cc-116.jpg,1279.4236397547825,191.52458975361844,172.3995777782947,161.624604167151,0
af4f53cc-116.jpg,1415.4576815954683,256.1744314204791,179.13393628525967,164.31834756993743,0
af4f53cc-116.jpg,1414.1108098940754,419.1459072890236,211.45885711869,153.54337395879412,1
af4f53cc-116.jpg,1473.6885507238023,527.239167626658,212.87670951777557,155.85616232551442,3
af4f53cc-116.jpg,1501.0584133760883,642.8008099363077,234.9246544321167,193.1095864911251,3
af4f53cc-116.jpg,1576.325535669873,753.0405345080131,230.36301065673598,187.78766875318067,3
af4f53cc-116.jpg,1380.9351272910478,1008.4925859293422,208.3150657424043,153.57534043782496,0
af4f53cc-116.jpg,1455.4419756222792,991.7665587529472,206.0342438547045,123.9246558978477,0
af4f53cc-116.jpg,1505.620057151469,986.4446410150028,205.27396989214114,101.11643702094334,0
af4f53cc-116.jpg,1583.9282752955062,977.321353464241,169.5410936516569,73.74657436865732,0
25e14a52-265.jpg,60.53921568627452,919.2401960784316,372.7941176470589,366.421568627451,1
25e14a52-265.jpg,173.65196078431367,721.6911764705882,321.81372549019613,254.90196078431376,1
25e14a52-265.jpg,270.83333333333337,505.02450980392166,309.0686274509804,254.90196078431376,1
25e14a52-265.jpg,546.4460784313725,221.4460784313726,253.3088235294118,221.44607843137257,1
25e14a52-265.jpg,758.3333333333334,124.26470588235293,280.392156862745,259.6813725490196,1
25e14a52-265.jpg,1038.7254901960782,138.60294117647055,275.6127450980392,248.52941176470586,1
25e14a52-265.jpg,1269.7303921568619,246.93607717240246,256.4950980392156,183.21098165112713,1
25e14a52-265.jpg,1433.8235294117649,372.7941176470589,250.12254901960773,234.19117647058832,1
25e14a52-265.jpg,1451.3480392156866,581.4950980392157,312.25490196078454,258.08823529411774,2
25e14a52-265.jpg,1535.7843137254904,820.4656862745097,301.1029411764707,234.19117647058823,1
25e14a52-265.jpg,1559.6813725490197,1024.387254901961,339.3382352941177,272.42647058823525,2
ba17712f-87.jpg,79.65686274509804,404.65686274509807,87.62254901960785,183.21078431372544,0
ba17712f-87.jpg,95.58823529411767,575.1225490196077,73.28431372549016,58.9460784313726,0
ba17712f-87.jpg,156.12745098039215,454.0441176470588,87.62259093900104,195.95588235294125,1
ba17712f-87.jpg,240.56372549019608,455.6372549019608,103.55392156862746,229.41176470588238,0
ba17712f-87.jpg,140.1960784313726,630.8823529411766,133.8235294117647,100.36764705882352,0
ba17712f-87.jpg,261.2745098039216,691.4215686274509,95.58823529411771,76.47058823529413,0
ba17712f-87.jpg,324.99999999999994,497.05882352941165,160.90686274509807,213.48039215686268,0
ba17712f-87.jpg,312.25490196078437,646.8137254901961,170.46568627450984,202.32843137254892,0
ba17712f-87.jpg,474.7549019607843,377.57352941176475,205.51470588235296,281.985294117647,0
ba17712f-87.jpg,446.0784313725491,635.6617647058827,197.5490196078433,272.42658022012466,0
ba17712f-87.jpg,691.4215686274513,347.3037680839819,325.0,363.235447602292,0
ba17712f-87.jpg,643.6274509803924,640.4411764705883,208.70098039215677,296.32352941176475,0
ba17712f-87.jpg,852.328431372549,638.8480392156864,159.31372549019613,264.46078431372547,0
ba17712f-87.jpg,1021.2009803921569,348.89705882352933,318.62745098039227,348.8970588235294,0
ba17712f-87.jpg,1014.8284313725491,661.1519607843136,215.07352941176478,248.52941176470586,0
ba17712f-87.jpg,1341.421568627451,390.3186274509804,200.73529411764696,270.83333333333326,0
ba17712f-87.jpg,1223.529411764707,594.240196078431,231.00490196078445,293.1374303129843,0
ba17712f-87.jpg,1456.127450980392,587.8676470588236,186.39705882352956,280.392156862745,0
ba17712f-87.jpg,1554.901960784314,321.8137254901961,215.07346653267487,315.4411764705881,0
ba17712f-87.jpg,1742.8921568627452,404.65686274509807,168.87254901960802,226.22549019607843,0
ba17712f-87.jpg,1645.7107843137258,597.4264705882354,159.31372549019613,210.29411764705887,0
ba17712f-87.jpg,1777.9411764705883,610.1715686274509,109.92647058823536,100.36764705882341,0
ba17712f-87.jpg,1895.8333333333335,442.89215686274514,81.25,151.34803921568627,0
ba17712f-87.jpg,1905.3921568627452,589.4607843137254,79.65686274509807,57.35294117647062,0
c636df10-156.jpg,787.0098039215687,403.0637254901961,302.69607843137254,312.25490196078437,2
c636df10-156.jpg,560.7843137254903,474.7549019607842,242.15686274509807,245.3431372549021,2
c636df10-156.jpg,375.9803921568627,462.0098039215685,200.7352941176471,274.01960784313724,1
c636df10-156.jpg,259.6813725490196,469.9754901960784,141.7892156862746,238.97058823529414,1
c636df10-156.jpg,178.43137254901964,498.6519607843137,114.70588235294116,165.68627450980387,0
c636df10-156.jpg,119.48529411764707,465.1960784313725,79.65686274509802,162.5,0
c636df10-156.jpg,1083.3333333333335,411.02930213281616,305.88235294117663,302.6961880632624,2
c636df10-156.jpg,1374.8774509803918,469.97533671143316,223.03916831023312,253.30897701405706,2
c636df10-156.jpg,1725.3676470588236,495.4656862745098,144.97549019607845,213.48039215686273,0
c636df10-156.jpg,1586.764705882353,433.33333333333326,192.7696078431373,297.91666666666674,1
c636df10-156.jpg,1835.294117647059,514.5833333333333,81.25000000000028,167.27941176470597,0
c636df10-156.jpg,1905.3921568627452,477.94117647058835,35.04901960784309,105.14705882352938,0
c636df10-156.jpg,716.9117489138683,689.8283217406589,197.54901960784304,240.56403245948775,1
c636df10-156.jpg,919.2401960784315,697.7941176470588,195.95588235294116,226.22549019607848,1
c636df10-156.jpg,1118.3823529411773,700.980392156863,199.14220423878632,226.22549019607854,1
c636df10-156.jpg,144.9754901960784,657.96568627451,151.3480392156863,73.28466454753718,1
c636df10-156.jpg,275.61274509803917,685.0490196078432,144.97549019607837,108.33346489160103,1
c636df10-156.jpg,369.60783524124804,712.1324406466882,186.39705882352942,154.53431372549025,1
c636df10-156.jpg,536.8872549019608,699.3872549019608,191.17647058823528,200.73529411764704,1
c636df10-156.jpg,1309.5588235294108,699.3872549019604,187.9902039744384,234.19130802885562,1
c636df10-156.jpg,1492.7696078431372,685.0490196078432,165.68627450980415,250.12254901960785,1
c636df10-156.jpg,1648.89705882353,705.7598039215686,129.04411764705884,152.94117647058826,1
c636df10-156.jpg,1738.1127450980393,694.6078431372549,97.18137254901961,82.84313725490199,0
a1df39ae-119.jpg,49.86876640419954,65.61679790026243,372.7034120734908,254.59317585301838,4
a1df39ae-119.jpg,125.98425196850394,299.21259842519686,304.4619422572179,215.2230971128608,2
a1df39ae-119.jpg,238.8451443569554,461.94225721784767,312.3359580052493,244.09448818897636,1
a1df39ae-119.jpg,374.5454545454546,672.7272727272726,252.72727272727275,243.63636363636363,1
a1df39ae-119.jpg,530.9090909090912,854.5454545454539,274.5453827272465,194.5454545454544,1
a1df39ae-119.jpg,763.6363636363636,939.9999999999999,290.90909090909065,234.5454545454545,0
a1df39ae-119.jpg,1081.8181818181815,919.9999999999998,294.54545454545485,236.36363636363626,0
a1df39ae-119.jpg,1329.0909090909092,830.909090909091,265.4545454545453,207.27272727272705,2
a1df39ae-119.jpg,1456.3636363636363,667.2727272727271,283.63636363636374,239.99999999999986,2
a1df39ae-119.jpg,1567.2727272727273,456.36374951189276,316.363636363636,241.81806866992528,2
a1df39ae-119.jpg,1658.493272317465,299.1598934499009,308.7220818250114,200.80595587733063,3
a1df39ae-119.jpg,1677.6175411515221,31.41867562009979,307.3561628304466,304.6239444195149,4
9d58e82c-249.jpg,194.3627450980393,551.2254901960783,71.69117647058823,133.82352941176472,0
9d58e82c-249.jpg,246.93627450980398,579.9019607843138,82.84313725490198,121.078431372549,0
9d58e82c-249.jpg,294.7303921568627,560.7843137254903,98.77450980392165,138.60294117647052,0
9d58e82c-249.jpg,345.7107843137255,543.2598039215686,152.94117647058826,181.6176470588236,0
9d58e82c-249.jpg,468.3823529411764,516.1764705882354,168.87262008367043,272.42647058823525,0
9d58e82c-249.jpg,235.78431372549022,681.8627450980392,58.94607843137251,57.35294117647052,0
9d58e82c-249.jpg,285.17156862745094,699.3872549019608,109.92647058823529,97.18137254901971,0
9d58e82c-249.jpg,372.7941176470589,716.9117647058824,86.0294117647058,113.11274509803916,0
9d58e82c-249.jpg,449.2647058823531,680.2696078431372,127.45098039215682,184.8039215686275,0
9d58e82c-249.jpg,595.8333333333335,710.5392156862745,98.77450980392155,125.85784313725507,0
9d58e82c-249.jpg,614.9509803921567,484.3137254901961,170.46568627450972,231.00507737180772,0
9d58e82c-249.jpg,767.8921568627452,415.8088235294116,238.97058823529414,272.42658022012523,1
9d58e82c-249.jpg,1008.455882352941,403.06372549019625,251.7157652345795,289.9509803921566,1
9d58e82c-249.jpg,729.6568627450982,678.6764705882355,114.7058823529413,130.63725490196074,0
9d58e82c-249.jpg,885.7843137254904,673.8970588235292,87.62254901960773,71.69117647058815,0
9d58e82c-249.jpg,1005.2696078431374,673.8970588235295,106.74019607843135,90.80882352941175,0
9d58e82c-249.jpg,1158.2107843137258,681.8627450980392,93.99509803921575,73.28431372549024,1
9d58e82c-249.jpg,1241.0539215686283,487.49999999999994,137.0097249614992,221.44607843137248,1
9d58e82c-249.jpg,1274.5098039215688,670.7107843137255,90.80882352941188,116.29901960784294,0
9d58e82c-249.jpg,1362.4270807380267,484.6778914853651,159.7902117262504,253.43470790070424,0
9d58e82c-249.jpg,1363.1702910251256,642.9816826374179,164.24947344884373,172.4247866069308,0
9d58e82c-249.jpg,1493.2320912674222,488.3939429208592,125.60253851970401,205.8692495263786,0
9d58e82c-249.jpg,1509.5827175835973,689.0607204375459,78.03708014537818,83.23955215507003,0
9d58e82c-249.jpg,1580.9309051450855,516.6359338306152,90.67165502605832,152.3581088552622,0
9d58e82c-249.jpg,1641.8741486871907,498.05567665314425,89.18523445186082,147.1556368455702,0
9d58e82c-249.jpg,1579.4444845708879,641.4952620632204,117.42722536161665,110.73833277772718,0
9d58e82c-249.jpg,1657.481564716266,602.8483271340808,76.5506595711804,73.57781842278501,0
9d58e82c-249.jpg,1723.6272802680628,472.78652689178375,36.41730406784319,90.67165502605837,0
dad6d960-145.jpg,456.36363636363626,505.4545454545453,210.90896163631723,209.09090909090918,0
dad6d960-145.jpg,648.1980416091908,501.53544690626234,243.2368993939476,261.71081061563467,1
dad6d960-145.jpg,449.09269173567657,681.1409586049833,211.42179334314727,244.26326427781507,2
dad6d960-145.jpg,635.8822467716541,697.5620183883684,92.3685180368359,131.36847826706048,2
dad6d960-145.jpg,730.303340526105,745.7988815020552,87.23688009922014,66.71055536999187,2
dad6d960-145.jpg,820.6191693347075,734.5094029009771,49.263325292370936,50.28949558660893,2
dad6d960-145.jpg,859.6191863202429,545.6672153920799,104.68425611906426,202.18429858289835,1
dad6d960-145.jpg,943.777117710079,504.6145659336235,135.47374321290633,267.86853771642865,1
dad6d960-145.jpg,855.5139213743959,743.7462490291315,62.60537150315912,60.55265795122322,2
55030f8b-29.jpg,528.9215686274507,124.26455239770739,199.14215686274514,227.8187809356261,2
55030f8b-29.jpg,721.6911764705881,63.725358637810814,234.19117647058818,219.8530727347379,1
55030f8b-29.jpg,960.661764705882,63.72535863781079,261.27450980392166,200.7354256759147,1
55030f8b-29.jpg,409.436274509804,348.89705882352945,164.09313725490202,178.4313725490196,0
55030f8b-29.jpg,283.578431372549,484.3137254901961,267.6470588235294,210.29411764705875,3
55030f8b-29.jpg,211.8872549019608,650.0,267.64705882352945,259.6813725490195,0
55030f8b-29.jpg,125.85784313725496,850.735294117647,325.00000000000006,317.0343137254902,4
55030f8b-29.jpg,106.74019607843141,1096.0784313725492,315.4411764705883,197.54906346059877,3
55030f8b-29.jpg,1225.1225490196075,133.82326629522942,175.24509803921575,186.3973219400649,1
55030f8b-29.jpg,1419.4852941176473,270.8333333333333,200.73529411764696,237.37745098039215,2
55030f8b-29.jpg,1575.6127450980393,815.6862745098039,293.1372549019605,347.3039215686276,4
55030f8b-29.jpg,1628.1862745098042,1089.7058823529412,321.81372549019613,205.51470588235296,3
bf1a84f5-25.jpg,78.0637254901961,4.779411764705865,398.2843137254903,305.8823529411765,5
bf1a84f5-25.jpg,200.7354198758266,280.3916964088082,340.9312467908404,352.08379378727045,0
bf1a84f5-25.jpg,344.11764705882365,581.4950980392158,262.86759465958204,280.39241997928025,2
bf1a84f5-25.jpg,481.12736714160604,812.4999999999995,178.43145638780612,207.1078869900106,2
bf1a84f5-25.jpg,592.6470588235296,992.5245098039213,205.5147058823529,195.95588235294125,0
bf1a84f5-25.jpg,777.4509803921566,1018.0147058823536,194.36281845697755,183.2107843137256,0
bf1a84f5-25.jpg,975.0000000000001,1011.6421568627451,186.39705882352942,202.3284313725492,2
bf1a84f5-25.jpg,1148.6519607843138,989.3382352941175,205.51470588235304,189.58333333333346,2
bf1a84f5-25.jpg,1296.8137254901956,831.6174058686659,181.6176470588234,205.51494707251024,0
bf1a84f5-25.jpg,1360.539215686274,608.5784313725491,261.27450980392183,304.28921568627453,1
bf1a84f5-25.jpg,1421.0782322554317,309.06862745098033,340.93157166613787,352.0833333333331,1
bf1a84f5-25.jpg,1529.4115970283096,1.5931372549019551,375.98055983443487,358.4558823529411,4
6c829228-168.jpg,92.40196078431372,471.56862745098033,58.94607843137257,167.27941176470586,2
6c829228-168.jpg,140.1960784313726,484.31372549019585,97.18143571707513,167.27941176470577,2
6c829228-168.jpg,223.03921568627453,522.5490196078432,111.51967890719979,175.24509803921578,2
6c829228-168.jpg,296.32352941176475,476.3480392156863,135.41666666666663,197.54901960784323,1
6c829228-168.jpg,425.3676470588236,460.41666666666674,149.7549572328329,224.63235294117632,1
6c829228-168.jpg,549.6323529411764,425.3676470588235,210.29411764705884,237.37745098039215,1
6c829228-168.jpg,750.3676470588234,414.21551086348603,240.5637254901961,246.93644992082713,1
6c829228-168.jpg,984.5588235294117,398.2841163880887,254.9019449923,261.2747071413231,1
6c829228-168.jpg,1231.4950980392155,434.92647058823525,184.8039215686275,216.6666666666667,1
6c829228-168.jpg,1397.18137254902,430.1470588235294,137.0098039215685,237.37745098039215,1
6c829228-168.jpg,1497.549019607843,471.56862745098044,121.07843137254889,194.36274509803914,1
6c829228-168.jpg,1583.5784313725492,497.0588235294118,84.43627450980387,165.68627450980387,1
6c829228-168.jpg,1656.8627450980393,455.6372549019611,97.18137254901961,175.24509803921597,2
6c829228-168.jpg,100.36764705882354,640.4411764705883,74.87745098039217,68.50490196078427,1
6c829228-168.jpg,151.34803921568627,640.4411764705882,154.5343137254902,154.53437950462398,1
6c829228-168.jpg,289.9509803921569,665.9313725490196,105.14705882352945,152.94117647058826,1
6c829228-168.jpg,387.1323450451697,653.1862745098036,157.72059613130097,170.4656862745096,1
6c829228-168.jpg,536.8872233179329,637.2549019607842,138.60294117647064,162.50006577913405,1
6c829228-168.jpg,673.8970588235298,614.950980392157,152.94117647058823,159.3138789748415,1
6c829228-168.jpg,839.5833333333334,648.406862745098,132.2303921568627,78.06372549019612,1
6c829228-168.jpg,978.186274509804,648.4068627450982,162.50000000000014,92.4020923425812,1
6c829228-168.jpg,1132.7205882352941,629.2892156862742,160.90686274509807,129.04429305808245,1
6c829228-168.jpg,1287.254901960784,638.8480392156864,137.00980392156873,127.45113387680236,1
6c829228-168.jpg,1411.5196078431372,634.0686274509804,135.41666666666686,160.9068627450981,1
6c829228-168.jpg,1529.4117647058827,659.5588235294117,70.09803921568619,113.11274509803924,1
6c829228-168.jpg,1588.357843137255,627.6960784313724,124.26463481829015,140.1960784313726,1
6c829228-168.jpg,1693.5049019607845,627.6960784313725,55.759803921568505,65.31862745098037,1
ec98b5a9-206.jpg,180.02450980392163,908.0880379567157,301.10294117647055,237.37764831779452,5
ec98b5a9-206.jpg,250.12254901960796,673.8970588235295,304.2892156862745,264.46078431372547,3
ec98b5a9-206.jpg,359.841729376023,553.3297779530383,255.39678305864527,176.25975168836086,1
ec98b5a9-206.jpg,414.69808066678814,383.36501739640477,223.0225429526198,199.64114732049026,2
ec98b5a9-206.jpg,539.6986188539421,274.55159926226366,154.67692495101048,207.73470734699657,0
ec98b5a9-206.jpg,681.7855615414968,220.5945324188878,176.2597516883603,189.74912979102322,0
ec98b5a9-206.jpg,822.073935334275,169.33531891768095,159.17334718795857,180.75617392530873,0
ec98b5a9-206.jpg,982.1465669696233,166.63746557551227,153.7776405036209,184.35331171486706,0
ec98b5a9-206.jpg,1107.147105156777,192.71671454981043,179.85688947791942,189.74901839920472,0
ec98b5a9-206.jpg,1269.0183056869041,207.10526570804396,174.4611827935816,187.05116505703597,0
ec98b5a9-206.jpg,1293.2989857664234,333.0050883425874,224.82111184739892,210.43256068916534,0
ec98b5a9-206.jpg,1293.2989857664236,471.4948932405852,255.39678305864498,205.93613845221736,1
ec98b5a9-206.jpg,1347.2560526097993,613.5818359281413,313.85027213896905,275.1810409012163,2
ec98b5a9-206.jpg,1439.8823506909275,843.7986544598779,301.2602898755148,267.08748087470985,4
ec98b5a9-206.jpg,1644.782643281109,1035.6103724674585,125.89982263454374,106.11556479197239,1
ec98b5a9-206.jpg,235.3754362406246,1249.6400709461823,160.09878575150898,49.41484745916269,2
ec98b5a9-206.jpg,483.577943720153,1257.7336309726888,79.16318548644547,41.3212874326563,0
ec98b5a9-206.jpg,569.0099662221646,1192.985150760638,144.8109501458858,106.96905209209679,0
ec98b5a9-206.jpg,718.2911844888368,1175.898709129629,149.28121826667282,118.70558418603177,0
ec98b5a9-206.jpg,868.4716872028972,1173.2007196419042,156.47549384578906,125.00071146331396,0
ec98b5a9-206.jpg,1028.544318838248,1174.999461812846,155.57620939840007,119.60483150281611,0
ec98b5a9-206.jpg,1182.3219593418667,1174.0999669586874,162.77048497751633,115.10861967263303,0
ec98b5a9-206.jpg,1349.588866556334,1211.8701241558194,136.69123600321825,85.43202250201153,0
ec98b5a9-206.jpg,1472.7908358487084,1247.8415020514033,73.74132468594695,46.762791264258865,0
bf27a3f3-122.jpg,1089.090909090909,296.3636363636363,400.0,372.72727272727275,2
bf27a3f3-122.jpg,16.36360763635329,349.09075822656695,180.00010054549068,125.45469631888741,0
bf27a3f3-122.jpg,7.272727272727278,405.4545454545455,109.0909090909091,123.63636363636363,0
bf27a3f3-122.jpg,190.90909090909093,356.36363636363643,252.72728709091425,207.27272727272722,0
bf27a3f3-122.jpg,107.27272727272721,470.90909090909076,301.8181818181818,220.00056574128283,0
bf27a3f3-122.jpg,443.6363636363637,376.3636363636364,278.1818181818182,243.63636363636363,1
bf27a3f3-122.jpg,396.3636363636364,554.5454545454545,240.0,229.09090909090904,1
bf27a3f3-122.jpg,729.090909090909,350.9090909090908,352.7272727272727,296.3636363636364,0
bf27a3f3-122.jpg,630.9090909090907,563.6363636363639,274.5454545454546,316.3640512405769,0
bf27a3f3-122.jpg,905.4545454545455,607.2727272727268,319.9999138181507,356.3639380923209,0
bf27a3f3-122.jpg,1481.8181818181815,254.5450396685135,447.2728278182179,434.5458694223954,0
bf27a3f3-122.jpg,1227.2727272727268,612.7272727272726,312.72717218178195,332.7272727272728,0
bf27a3f3-122.jpg,1538.1818181818176,647.2727272727275,292.72727272727275,290.90927948951855,0
bf27a3f3-122.jpg,1861.8180669090493,536.3636363636361,130.90920581822184,370.9090909090907,0
bf27a3f3-122.jpg,1943.6363636363637,341.81818181818176,47.272727272727195,178.1818181818182,0
9c1ab3a0-179.jpg,213.03965329460297,343.16685584544956,59.35277352771333,112.41055592369952,0
9c1ab3a0-179.jpg,217.53607553155086,487.0523674277841,128.59767597671194,114.20933522524777,1
9c1ab3a0-179.jpg,276.88884905926386,537.4122964816014,178.05832058313956,143.8857591197105,1
9c1ab3a0-179.jpg,264.2988667958096,402.51962937316245,80.93565820723475,130.3962448714911,0
9c1ab3a0-179.jpg,334.4430536921985,452.8795584269802,76.43917802811558,119.6048315028163,0
9c1ab3a0-179.jpg,385.7022671934049,425.9010250052917,125.00060058641529,187.05116505703566,0
9c1ab3a0-179.jpg,402.7886716938077,582.376518851082,126.79910708193304,139.38908934538733,0
9c1ab3a0-179.jpg,483.72427195887144,396.22463824143574,138.48980489799771,232.01538742651567,0
9c1ab3a0-179.jpg,504.407814248832,581.4772344036926,150.18050271406247,197.842578425711,0
9c1ab3a0-179.jpg,615.9190857251419,395.3253537940461,187.05116505703586,258.9939208482036,0
9c1ab3a0-179.jpg,649.192610278557,630.9378790101202,162.7704849775168,173.56189834619204,0
9c1ab3a0-179.jpg,786.7831307291632,379.13823374103237,247.30316063287927,297.66315208595523,0
9c1ab3a0-179.jpg,822.7545086247488,654.3192746422496,143.8855115823354,125.00053818715372,0
9c1ab3a0-179.jpg,1017.8992337082913,625.5421723257828,140.28837379277718,136.6912360032184,0
9c1ab3a0-179.jpg,1033.1870693139128,354.8575536615132,252.69884503176655,303.95814321768245,0
9c1ab3a0-179.jpg,1279.5910078986637,426.8003094526821,153.7776405036209,231.1161029791262,0
9c1ab3a0-179.jpg,1194.1589853966507,641.7292923787949,157.37477829317936,142.08701694876873,0
9c1ab3a0-179.jpg,1363.2244615058944,525.7215986655367,164.5690538722954,215.82836638845342,0
9c1ab3a0-179.jpg,1433.368648402282,317.08749547933263,176.25975168836052,282.3754278721509,1
9c1ab3a0-179.jpg,1606.1134120433562,336.8718647137224,121.40340039759536,226.61968074217802,1
9c1ab3a0-179.jpg,1766.1860436787042,335.07329581894317,74.64060913333697,121.40340039759548,2
9c1ab3a0-179.jpg,1598.01985201685,537.4122964816022,148.38193381928335,110.6119870289203,2
9c1ab3a0-179.jpg,1502.6957005935533,546.4051409554982,142.0869426875558,147.48264937189364,0
9c1ab3a0-179.jpg,1702.3368479140433,395.3253537940461,60.25205797510296,119.60483150281617,0
9c1ab3a0-179.jpg,1705.933958961061,453.77884287436945,105.21630708712162,123.20196929237439,2
2f7babeb-117.jpg,548.3410726604213,499.8630377128594,87.93625157854666,75.69196338406532,4
2f7babeb-117.jpg,547.8297740158448,569.832553504116,114.24101616280758,114.24101616280758,4
2f7babeb-117.jpg,625.2020985988372,478.4397405738699,191.0940633996055,140.72416081873115,2
2f7babeb-117.jpg,659.9936807938751,605.1434130453474,218.61576274791867,116.31812554758703,1
2f7babeb-117.jpg,812.6612205750805,466.49636161139466,162.53380935890362,166.6880281284602,1
2f7babeb-117.jpg,865.3247763492956,605.859557060238,170.00334022089552,153.81254591414364,1
2f7babeb-117.jpg,968.5410900548385,465.2020315203292,168.99141557672365,176.07488808592785,1
2f7babeb-117.jpg,1116.2820881039502,407.5223268025253,190.2418331043358,243.87383924545188,0
2f7babeb-117.jpg,1028.2446440609867,596.7522352626895,184.17028523930364,189.22990846016364,1
2f7babeb-117.jpg,1184.081039263474,609.9072556369251,186.1941345276477,228.69496958287166,0
2f7babeb-117.jpg,1307.5358458524574,404.48655287000935,177.08681273009987,236.79036673624765,0
2f7babeb-117.jpg,1457.300693189915,373.1168889006773,187.20605917181854,234.7665174479034,0
2f7babeb-117.jpg,1357.1201534168858,634.1934470970529,82.97782082210375,121.43095730063976,1
2f7babeb-117.jpg,1435.0383510181312,568.4183452258732,126.49058052149823,195.3014563251956,0
2f7babeb-117.jpg,1534.2069661469902,601.8118584835489,108.27593692639964,154.82447055831562,0
2f7babeb-117.jpg,1620.2205609016053,372.1049642565055,114.34748479143572,239.8261406687634,0
2f7babeb-117.jpg,1714.3295528096014,377.1645874773653,107.26401228223128,209.46840134360377,1
2f7babeb-117.jpg,1773.0211821715777,384.24805998656944,41.488910411051066,205.42070276691558,0
2f7babeb-117.jpg,1623.2563348341212,611.93110492527,47.560458276083615,139.6456008957353,0
2f7babeb-117.jpg,1672.840642398549,604.8476324160657,49.584307564428315,143.6932994724238,0
e559ff0b-260.jpg,33.45588235294117,38.235294117647065,310.6617647058824,261.2745098039216,1
e559ff0b-260.jpg,97.18137254901971,274.01960784313746,339.3384247982841,339.3382352941176,2
e559ff0b-260.jpg,223.03921568627453,576.7156862745097,235.7843137254902,234.19117647058823,1
e559ff0b-260.jpg,321.81372549019613,777.450980392157,216.6666666666667,211.8872549019607,1
e559ff0b-260.jpg,512.9901960784314,936.7647058823529,189.58324647725726,162.50000000000003,0
e559ff0b-260.jpg,707.3529411764706,1032.3529411764705,175.24509803921575,121.078431372549,0
e559ff0b-260.jpg,1019.607843137255,1016.4215686274509,191.17647058823522,111.51960784313725,0
e559ff0b-260.jpg,1186.8873022780026,922.4266240728805,197.54900381582934,175.24494455457005,1
e559ff0b-260.jpg,1355.8245646458847,763.1556859725924,215.45056790559926,242.65392243913465,1
e559ff0b-260.jpg,1482.048086536856,596.6711562273567,232.86075795169253,253.5352642525485,1
e559ff0b-260.jpg,1515.78024615844,303.9630614465167,338.4097735418085,340.58599875986096,3
e559ff0b-260.jpg,1625.6818416185545,28.291488714876685,320.9995834957161,298.1487656875466,4
b1176d69-231.jpg,62.13235294117646,418.9950980392158,148.16176470588235,167.27941176470586,0
b1176d69-231.jpg,207.10784313725492,544.8529411764706,127.45098039215691,160.90686274509792,0
b1176d69-231.jpg,250.12254901960796,691.4215686274509,122.67156862745101,98.77450980392152,0
b1176d69-231.jpg,288.357843137255,522.5490196078431,144.9754901960785,191.17647058823533,0
b1176d69-231.jpg,342.5245098039218,514.5833333333333,215.07363995586175,192.7696078431373,0
b1176d69-231.jpg,417.4019607843138,345.71078431372547,211.88725490196077,275.6127450980392,1
b1176d69-231.jpg,352.0833333333333,702.5735294117646,109.92647058823529,133.82352941176484,0
b1176d69-231.jpg,431.74019607843144,643.6274509803922,146.5686274509804,243.75,1
b1176d69-231.jpg,538.480344780821,656.3725490196078,200.73534149368848,269.24019607843115,1
b1176d69-231.jpg,619.7303921568628,489.09313725490193,175.24509803921566,199.1421568627451,0
b1176d69-231.jpg,767.8921568627452,406.25,258.0882352941177,294.73039215686276,2
b1176d69-231.jpg,724.8774509803924,672.3039215686274,106.74019607843135,152.94117647058818,0
b1176d69-231.jpg,809.3137254901961,670.7107843137255,194.36274509803937,237.37745098039196,0
b1176d69-231.jpg,990.9313725490198,651.593137254902,183.21078431372555,240.56372549019602,0
b1176d69-231.jpg,1032.3529411764703,411.0292363536824,272.42642321219387,293.13743031298435,1
b1176d69-231.jpg,1292.0343137254897,476.347819951907,224.63235294117646,240.56394475397556,1
b1176d69-231.jpg,1177.3284313725496,681.8627450980391,191.17651006826995,223.03921568627445,0
b1176d69-231.jpg,1371.6911764705883,646.813725490196,156.12745098039227,269.2401960784314,0
b1176d69-231.jpg,1502.3284313725492,455.63725490196066,173.65196078431381,262.8676470588236,0
b1176d69-231.jpg,1523.0392156862747,648.406862745098,148.16176470588232,218.25980392156853,0
b1176d69-231.jpg,1648.8970588235295,482.720588235294,133.82352941176464,191.17647058823533,0
b1176d69-231.jpg,1658.4558823529417,672.3039215686275,86.0294117647058,121.078431372549,0
b1176d69-231.jpg,1728.5539215686276,500.2450980392158,111.5196078431373,160.90686274509792,0
b1176d69-231.jpg,1736.5196078431375,648.406862745098,101.96078431372541,84.43627450980398,2
b1176d69-231.jpg,1824.1421568627454,557.5980392156864,55.759803921568505,100.36764705882352,3
da87f715-189.jpg,125.85784313725493,27.083530670734792,345.7107843137255,328.18607717240263,0
da87f715-189.jpg,226.22549019607843,242.15686274509804,315.4411764705883,285.17156862745094,4
da87f715-189.jpg,288.3577641771855,532.1078431372545,293.1373338620302,219.85298502922646,3
da87f715-189.jpg,441.2990196078432,723.2843137254903,167.27941176470594,208.70098039215677,2
da87f715-189.jpg,583.0882352941178,855.514705882353,248.52941176470594,211.88725490196074,2
da87f715-189.jpg,825.2450980392158,968.6274509803922,251.71568627450998,243.75,2
da87f715-189.jpg,1086.5196236351512,924.0196297695146,264.4608632737949,250.12254901960793,1
da87f715-189.jpg,1492.7696078431372,81.2500657791338,352.08333333333337,296.323463632631,1
da87f715-189.jpg,1491.176470588236,355.2696078431371,289.9509803921568,162.500065779134,1
da87f715-189.jpg,1489.583333333333,514.5833333333331,281.98529411764713,226.2257313862362,0
da87f715-189.jpg,1317.5245098039218,845.9558823529406,258.088235294118,200.73595190898587,1
da87f715-189.jpg,1510.2941176470601,739.2156862745097,148.161843665951,162.49999999999994,0
5f1e9d66-212.jpg,181.7041205313703,98.92128921285557,295.77465474643816,277.9688226881241,2
5f1e9d66-212.jpg,249.95981008824097,349.1920692340466,307.6452977023639,285.88260751248635,1
5f1e9d66-212.jpg,375.58984738856725,583.6356063558477,236.42190082992104,205.75628156273962,1
5f1e9d66-212.jpg,476.4895623856798,744.8773077728025,207.734731860992,222.57290072892494,1
5f1e9d66-212.jpg,595.1951094411065,908.0974349740139,176.07989479888298,183.0043850437831,1
5f1e9d66-212.jpg,775.2318558085037,957.7323393235196,157.2848498484403,159.26327563269749,0
5f1e9d66-212.jpg,903.8295317852161,998.2900679007904,149.37114671141188,149.37114671141202,0
5f1e9d66-212.jpg,1033.416420654057,953.7754877550058,144.4251214731615,162.23091430908306,0
5f1e9d66-212.jpg,1163.992522415026,933.0020170203062,168.16619166185419,160.25248852482596,0
5f1e9d66-212.jpg,1271.8167276570387,873.6492434925926,197.84257842571122,191.90730107293987,1
5f1e9d66-212.jpg,1374.6949125636006,718.3429555739655,198.83174719264892,211.69142276995552,1
5f1e9d66-212.jpg,1424.278131100775,556.1119187338818,223.56207930146127,203.77784216392692,1
5f1e9d66-212.jpg,1560.7894758949212,79.31129111336247,266.09826798258183,255.21692616916738,2
5f1e9d66-212.jpg,1460.8789737899378,315.7331723320873,293.7962289621808,278.95803558025267,1
1cec23d6-9.jpg,30.26960784313726,15.931372549019587,329.7794117647059,315.4411764705882,5
1cec23d6-9.jpg,226.22549019607848,460.4166666666666,223.03928904521248,254.90196078431353,0
1cec23d6-9.jpg,328.18609635238283,626.1029411764702,237.37762913781336,288.3580843274119,0
1cec23d6-9.jpg,489.09310581535743,807.7205882352944,215.0735608513096,226.2257313862355,0
1cec23d6-9.jpg,606.9852941176473,924.0196078431369,199.14214638289693,181.6178005434692,0
1cec23d6-9.jpg,793.3823529411766,975.0000000000001,160.90686274509807,167.27947754383948,0
1cec23d6-9.jpg,959.0686274509792,976.5931372549022,160.90691514433908,173.65213619533705,0
1cec23d6-9.jpg,1107.230392156863,944.7303921568628,194.36274509803923,164.093137254902,0
1cec23d6-9.jpg,1255.3921568627445,844.3626354661495,200.73529411764684,235.78442335737975,0
1cec23d6-9.jpg,1425.857843137255,736.0294117647059,226.22549019607874,240.56372549019613,0
1cec23d6-9.jpg,1446.5686274509806,549.6323529411764,224.63235294117624,202.3284313725491,1
1cec23d6-9.jpg,1475.2450246802782,261.2745098039216,372.7941910059962,353.67647058823536,3
1cec23d6-9.jpg,1594.730213999442,4.779411764705883,345.7109624711463,304.28921568627436,1
8c0fb793-81.jpg,3.186274509803924,375.9803921568627,35.049019607843135,160.90686274509798,0
8c0fb793-81.jpg,12.745098039215682,403.06372549019613,130.6372549019608,278.7990196078431,0
8c0fb793-81.jpg,11.151960784313728,678.6764705882355,89.21568627450982,195.95588235294113,0
8c0fb793-81.jpg,114.70588235294122,404.65686274509807,323.4068627450981,321.8137254901961,1
8c0fb793-81.jpg,108.33333333333334,685.049019607843,130.63725490196083,191.17647058823533,0
8c0fb793-81.jpg,240.56372549019605,681.8627450980391,157.7205882352941,211.88725490196074,0
8c0fb793-81.jpg,428.55392156862746,395.09803921568624,305.8823529411765,342.5245098039215,0
8c0fb793-81.jpg,422.1813725490197,704.1666666666665,156.12745098039213,207.1078431372549,0
8c0fb793-81.jpg,587.8675946595821,673.8970588235296,200.73534651688885,242.1569943033654,0
8c0fb793-81.jpg,718.5049019607844,399.87745098039215,269.2401960784315,331.37254901960785,0
8c0fb793-81.jpg,798.1616284678544,643.627450980392,242.15699898312596,320.22074171993927,0
8c0fb793-81.jpg,994.1176470588235,374.3872549019608,266.0539215686275,348.89705882352945,0
8c0fb793-81.jpg,1043.504776202605,649.9999999999993,262.8677728170032,289.9510900240464,0
8c0fb793-81.jpg,1255.3921568627454,412.62254901960785,251.7156862745097,301.10294117647067,1
8c0fb793-81.jpg,1309.5588235294117,651.593137254902,240.56372549019613,245.343137254902,0
8c0fb793-81.jpg,1497.5490196078435,428.55392156862746,216.66666666666657,234.19117647058818,0
8c0fb793-81.jpg,1704.6568627450965,439.70588235294065,251.71568627450992,205.51503477802243,1
8c0fb793-81.jpg,1554.901960784314,630.8823529411761,315.44117647058806,202.32871641546254,1
93742b4a-197.jpg,238.97058823529417,426.9607843137256,140.19607843137254,144.9754901960784,1
93742b4a-197.jpg,258.0882352941177,568.75,187.99019607843135,146.56862745098047,1
93742b4a-197.jpg,364.82843137254906,457.2303921568627,227.81862745098053,175.24509803921563,1
93742b4a-197.jpg,431.74019607843155,619.730392156863,246.93627450980395,154.53459876840313,3
93742b4a-197.jpg,581.4950980392158,525.7352941176471,159.313725490196,151.34803921568627,0
93742b4a-197.jpg,734.4362745098039,465.1960784313725,205.5147058823529,215.07352941176472,0
93742b4a-197.jpg,659.5588235294118,673.8970588235296,152.94117647058826,125.85784313725489,0
93742b4a-197.jpg,793.3823529411766,622.9166666666666,223.0392156862746,223.0392156862745,0
93742b4a-197.jpg,909.6813725490196,442.89215686274514,245.34313725490208,254.90196078431364,0
93742b4a-197.jpg,1000.4901960784316,622.9166666666667,229.41176470588218,226.2254901960783,0
93742b4a-197.jpg,1158.2107843137258,465.19607843137254,221.44607843137265,231.00490196078437,1
93742b4a-197.jpg,1239.4607843137255,673.8970588235295,109.9264705882355,84.4362745098039,0
93742b4a-197.jpg,1384.436274509804,449.2647058823529,248.52941176470608,286.764705882353,0
93742b4a-197.jpg,1615.4411764705885,439.7058823529412,234.1911764705884,267.6470588235293,0
93742b4a-197.jpg,1827.3284313725494,466.78921568627453,98.77450980392155,194.36274509803914,0
93742b4a-197.jpg,1897.4264705882358,476.3480392156863,89.21568627450966,210.29411764705887,0
93742b4a-197.jpg,1828.921568627451,677.0833333333333,58.946078431372655,127.45098039215688,0
aa16b183-60.jpg,226.22549019607845,549.6323529411766,101.96078431372555,124.26470588235298,0
aa16b183-60.jpg,235.7843137254902,651.5931372549021,143.3823529411765,127.45098039215677,0
aa16b183-60.jpg,334.5588235294118,516.1764705882352,227.81862745098047,165.68627450980398,1
aa16b183-60.jpg,567.1568627450979,492.2794117647059,208.70098039215685,221.4460784313726,0
aa16b183-60.jpg,767.8921568627454,485.90686274509807,224.63235294117652,221.4460784313725,0
aa16b183-60.jpg,645.2205882352943,677.0833333333334,205.5147058823529,170.46568627450984,0
aa16b183-60.jpg,994.1176470588236,426.96078431372547,242.15686274509792,286.764705882353,0
aa16b183-60.jpg,852.328431372549,665.9313725490196,202.32843137254903,202.32843137254903,0
aa16b183-60.jpg,1068.9950980392155,610.1715686274509,207.10784313725506,278.7991950188667,1
aa16b183-60.jpg,1244.2401960784314,431.74019607843144,210.29411764705884,242.15686274509812,0
aa16b183-60.jpg,1269.730392156863,645.2205882352943,168.87254901960787,200.7352941176471,0
aa16b183-60.jpg,1456.1273985811508,395.0980392156862,210.29423292538922,278.7990196078431,0
aa16b183-60.jpg,1671.200980392157,411.02941176470586,175.24509803921575,275.6127450980392,0
aa16b183-60.jpg,1805.0245098039222,452.4509803921569,100.36764705882348,189.58333333333337,0
aa16b183-60.jpg,1873.5294012848576,444.48544760229214,38.23534651688889,127.45098039215692,0
aa16b183-60.jpg,1448.1617647058822,626.1029411764708,125.85784313725526,203.9215686274509,1
aa16b183-60.jpg,1583.5785047314866,656.3725490196078,89.21561291557228,156.12745098039218,1
aa16b183-60.jpg,380.75980392156856,651.5931372549012,272.4264705882352,181.6179540281149,1
aa16b183-60.jpg,1688.725490196079,675.4901960784314,89.21568627450966,149.75490196078417,0
aa16b183-60.jpg,1782.7205882352941,694.6078431372549,63.725490196078454,143.3823529411766,0
c0f75d30-129.jpg,304.5690772774921,426.86487431435177,63.333974952033714,170.1324425182084,1
c0f75d30-129.jpg,354.24278312222333,431.83224489882423,68.30155155827727,183.79271162550918,1
c0f75d30-129.jpg,386.5306919212998,443.0088287138889,89.41279805780468,182.55086897939094,1
c0f75d30-129.jpg,453.5901948116881,397.06065080751165,150.26310733872293,250.85221451589774,1
c0f75d30-129.jpg,583.9836726541113,397.06065080751193,183.79277048887297,247.1266865775433,1
c0f75d30-129.jpg,313.2619758003202,606.9320580015067,85.68714258216339,162.68138664149845,1
c0f75d30-129.jpg,377.8377933984722,616.866799170453,120.45871705235508,186.2764484389341,1
c0f75d30-129.jpg,463.52493598063575,635.4944388622278,119.2168940273578,213.596935132349,1
c0f75d30-129.jpg,574.0489314851652,609.4157432937432,127.90979255018597,226.01536159353242,1
c0f75d30-129.jpg,759.0834857567934,369.74011259290944,247.12668657754364,291.83302183780273,1
c0f75d30-129.jpg,699.4750387431145,614.3831138782166,166.40691457985355,204.90403660952109,1
c0f75d30-129.jpg,1003.7264870420968,362.28879911026047,264.51248362319944,301.7680206126871,1
c0f75d30-129.jpg,1192.4864907675994,608.1739006476241,158.95593718762638,224.77351894741375,2
c0f75d30-129.jpg,1262.029757434708,388.367752284684,198.69474489444687,243.4011586391884,2
c0f75d30-129.jpg,864.6401106768496,633.010753569991,163.92322928761686,171.37428516432672,1
c0f75d30-129.jpg,1033.8464213199547,644.1873373850559,153.9884881186704,176.34165574879984,1
c0f75d30-129.jpg,1452.3473930618252,358.56352877784474,167.64875722597168,290.59117919168443,2
c0f75d30-129.jpg,1344.3070828495306,585.820733017495,168.89052138760755,276.93091008438284,1
c0f75d30-129.jpg,1506.9884694910306,640.461809446701,152.74664547255185,183.79271162550978,1
c0f75d30-129.jpg,1596.4011400115496,596.99731683256,170.13244251820822,180.06718368715494,2
c0f75d30-129.jpg,1611.3032517649685,413.20460520705035,99.34741168946488,191.2437675022197,1
c0f75d30-129.jpg,1689.5393384704203,425.62303166823307,90.65447392439607,178.82534104103652,1
c0f75d30-129.jpg,1772.7427957603493,450.45988459059964,80.71977199769009,144.05374694972383,1
c0f75d30-129.jpg,1730.5201457923265,593.2717888942052,132.8771631346592,139.08637636525052,1
27b9908b-255.jpg,55.75980392156864,487.5,125.85784313725493,114.70588235294125,0
27b9908b-255.jpg,47.79411764705884,599.0196078431369,121.07843137254899,84.43607717240278,1
27b9908b-255.jpg,141.7892156862745,643.6274509803923,133.8235294117647,138.60294117647052,0
27b9908b-255.jpg,149.75490196078434,514.5833333333333,106.74025135047987,151.34803921568619,0
27b9908b-255.jpg,238.9705882352941,468.3823529411765,133.82352941176475,210.29411764705887,0
27b9908b-255.jpg,374.3872549019607,462.0098039215682,181.61764705882345,266.0542723906748,0
27b9908b-255.jpg,423.77450980392166,688.2352941176471,195.95588235294116,156.12745098039213,1
27b9908b-255.jpg,552.8186274509804,471.5686274509804,199.14215686274508,243.7500000000001,1
27b9908b-255.jpg,278.79901960784315,648.406862745098,137.00980392156865,192.76960784313727,0
27b9908b-255.jpg,748.8388414265155,457.82909283489215,264.58290272618694,293.56806340404086,0
27b9908b-255.jpg,613.5746096935272,663.6983423612714,158.3037911520528,173.16799689402956,1
27b9908b-255.jpg,814.9845974973128,738.0193710711554,145.66921627137233,97.36054760994799,0
27b9908b-255.jpg,1052.0686790818424,448.9105693897063,263.8396887555433,290.5952222556458,0
27b9908b-255.jpg,1112.2686239317572,729.1008578547861,149.3853818967769,85.46918301636647,1
27b9908b-255.jpg,1304.760176695448,442.9648870929163,188.03220263600622,246.74581531681466,1
27b9908b-255.jpg,1276.5181857856921,669.6440246580623,184.3161512005122,159.79021172625036,1
27b9908b-255.jpg,1484.6170661733674,445.9377282413115,156.81737057785483,264.5828622071868,0
27b9908b-255.jpg,1619.476333005394,482.35503230915486,122.62969737130874,197.6939363682913,1
27b9908b-255.jpg,1452.9972286952539,678.5625481032482,175.39762775532608,210.3285112489716,0
27b9908b-255.jpg,1595.6936038182312,639.1724028870099,123.3729076584072,185.80257177471,0
27b9908b-255.jpg,1683.392417695894,640.6588234612074,138.9803236874827,140.46687723630367,2
27b9908b-255.jpg,1724.2689834863304,509.8538129318118,94.38770646155263,153.84452942945964,1
27b9908b-255.jpg,1808.2517459284993,486.8142940317477,88.44202416476207,134.52106196488998,1
27b9908b-255.jpg,1792.6443298994238,622.0785662837364,50.53829952272082,66.8889258388955,0
9cd0d863-84.jpg,382.3529411764707,404.65686274509807,199.14215686274508,310.6617647058824,0
9cd0d863-84.jpg,434.9264705882354,667.5245098039215,207.10784313725483,242.156862745098,0
9cd0d863-84.jpg,573.5294117647059,409.4362745098039,274.0196078431373,297.91666666666663,0
9cd0d863-84.jpg,634.0686274509804,591.0539215686275,283.57843137254895,348.89705882352933,1
9cd0d863-84.jpg,830.0245098039217,262.86764705882354,264.4607843137257,329.77941176470586,0
9cd0d863-84.jpg,861.8872549019608,560.78431372549,223.03951960187487,379.16666666666663,0
9cd0d863-84.jpg,1068.9950980392155,232.59803921568627,74.87745098039227,414.21568627450984,0
9cd0d863-84.jpg,1131.1274509803923,296.3235294117647,60.539215686274446,315.4411764705882,0
c3496adf-18.jpg,1569.2401960784318,603.7990196078434,280.39225118137944,197.5490196078433,6
c3496adf-18.jpg,1841.6666666666667,522.5490196078431,130.63725490196077,144.9754901960784,6
c3496adf-18.jpg,1652.0833333333335,442.89215686274514,245.34313725490193,210.29411764705875,2
c3496adf-18.jpg,1444.975490196078,476.347819951907,213.480392156863,199.1423761265248,2
c3496adf-18.jpg,1193.2598039215688,399.87745098039215,262.8676470588235,326.59313725490193,1
c3496adf-18.jpg,903.3089597674398,369.60784313725486,301.10280493844317,329.77941176470574,1
c3496adf-18.jpg,664.3382352941178,430.1470588235294,245.34313725490208,315.44117647058823,1
c3496adf-18.jpg,383.9460784313726,420.5882352941176,289.95098039215685,353.67647058823525,3
c3496adf-18.jpg,194.36274509803926,396.6911764705883,216.66666666666669,325.0,3
c3496adf-18.jpg,130.63719202287106,399.8774509803921,106.740258957521,232.59803921568616,2
c3496adf-18.jpg,79.6569256241878,374.3872549019609,86.02934888561614,229.41176470588238,2
c3496adf-18.jpg,152.94117647058823,656.3725490196078,93.99509803921573,234.19117647058823,2
c3496adf-18.jpg,253.3088235294118,710.5392156862746,97.18137254901961,199.1421568627451,0
c3496adf-18.jpg,353.6764705882353,713.7254901960785,133.82352941176478,232.59803921568624,0
c3496adf-18.jpg,485.906862745098,745.5882352941176,157.7205882352942,216.66666666666683,0
c3496adf-18.jpg,643.6274509803923,726.470588235294,210.29411764705884,261.27450980392143,0
c3496adf-18.jpg,850.7352731579504,681.8627450980387,262.8675632200374,340.9313725490195,2
c3496adf-18.jpg,1094.485294117649,648.4068627450976,253.3087187309288,304.2894349500541,2
c3496adf-18.jpg,1354.1666666666677,650.0000000000005,224.63235294117652,238.97100483647458,1
b2780b3d-277.jpg,103.55392156862747,1033.9460784313724,329.7794117647059,223.0392156862745,1
b2780b3d-277.jpg,189.5832464772571,842.7696078431369,326.5932241109785,277.2058823529412,1
b2780b3d-277.jpg,235.78431372549025,664.3382352941176,301.1029411764706,200.7352941176471,1
b2780b3d-277.jpg,299.5097486495202,476.3480392156863,277.20593762498964,215.07352941176472,1
b2780b3d-277.jpg,395.0980392156863,281.985294117647,218.25980392156865,216.66666666666669,1
b2780b3d-277.jpg,551.2254901960785,186.3970588235294,213.48039215686285,176.83823529411768,0
b2780b3d-277.jpg,740.8088235294118,122.67156862745097,250.12254901960802,194.3627450980392,1
b2780b3d-277.jpg,986.1519607843139,180.02450980392157,254.90196078431381,176.83823529411768,1
b2780b3d-277.jpg,1233.0882352941178,194.36274509803926,234.1911764705884,159.31372549019605,1
b2780b3d-277.jpg,1400.3676470588239,270.83333333333337,245.34313725490193,215.07352941176467,4
b2780b3d-277.jpg,1430.637254901961,471.5686274509804,288.357843137255,213.48039215686273,1
b2780b3d-277.jpg,1487.9901960784312,667.5245098039215,278.7990196078434,192.76960784313727,1
b2780b3d-277.jpg,1507.107843137255,834.8039215686275,321.81372549019613,277.20588235294105,2
b2780b3d-277.jpg,1577.2058823529417,1027.5735294117649,329.7794117647058,232.59803921568624,3
dd171414-143.jpg,287.27272727272714,547.272350111872,330.9090909090908,327.2731044335825,5
dd171414-143.jpg,185.45454545454552,818.1818181818182,301.8181818181818,314.5454545454545,5
dd171414-143.jpg,418.13045133925107,353.20088770536404,264.97619195912824,237.91882196990963,1
dd171414-143.jpg,528.2261930687484,175.40677495885956,237.91876390696402,244.4498672299001,0
dd171414-143.jpg,699.9009089859301,75.57411817671482,208.06229157354082,211.79442803248045,1
dd171414-143.jpg,893.0349643927597,65.31103322936262,171.67471591718183,179.13883400053746,0
dd171414-143.jpg,1065.6426950703576,54.11473997843612,183.8039667691894,166.07674348055724,0
dd171414-143.jpg,1227.9872633833456,45.71754907171449,164.21064205874137,161.41172774140648,0
dd171414-143.jpg,1268.1068980813845,171.67458043697326,187.53592999021652,182.87102852242342,0
dd171414-143.jpg,1345.9566529459537,272.44027133385293,217.39240969445868,225.7896107301416,0
dd171414-143.jpg,1492.439970331808,357.3445177604466,243.51682298620347,243.51698794968814,1
dd171414-143.jpg,1463.5165127588068,591.5313581059414,258.4450886361924,238.8517786673833,0
dd171414-143.jpg,1451.387320873352,792.1291832184481,334.01928423016864,314.4263226390377,4
dd171414-143.jpg,1457.9185421293978,1084.4735903431015,333.0861515366413,200.5981734901853,3
a91127f1-77.jpg,705.7598039215686,328.1862745098039,291.544117647059,321.81372549019613,1
a91127f1-77.jpg,506.6176470588237,342.5245098039215,195.95588235294116,267.64705882352945,1
a91127f1-77.jpg,337.7450980392157,301.10294117647067,176.83823529411774,280.39215686274514,1
a91127f1-77.jpg,221.4461517903106,278.7990196078431,129.04404428812083,240.56372549019613,2
a91127f1-77.jpg,82.84313725490198,251.7156862745098,111.5196078431373,167.27941176470594,0
a91127f1-77.jpg,127.45098039215691,409.43627450980375,125.85784313725493,103.55392156862747,0
a91127f1-77.jpg,221.4460784313726,489.09313725490205,140.19607843137257,108.33333333333327,1
a91127f1-77.jpg,332.96568627450984,543.2598039215685,175.24509803921575,135.4166666666667,0
a91127f1-77.jpg,506.6176470588236,600.6127450980392,127.45098039215682,93.99509803921563,0
a91127f1-77.jpg,699.3872549019609,610.1715686274509,135.4166666666667,93.99509803921563,0
a91127f1-77.jpg,917.6470588235293,468.3823529411764,111.51960784313744,235.78431372549016,0
a91127f1-77.jpg,1032.3529411764698,317.0340944617107,302.6960784313725,313.8482584794656,0
a91127f1-77.jpg,1300.0,324.99999999999994,237.37745098039227,304.28921568627453,1
a91127f1-77.jpg,1088.1126507794045,608.5784313725496,124.26480020098732,132.23065527339799,0
a91127f1-77.jpg,1277.6960784313728,592.6470588235293,135.41666666666686,133.82370482278833,0
a91127f1-77.jpg,1454.5343137254904,544.8529411764707,129.04411764705884,176.83823529411762,0
a91127f1-77.jpg,1527.8186274509806,310.6617647058824,195.95588235294088,280.39215686274514,0
a91127f1-77.jpg,1706.2500000000002,294.7303921568627,156.12745098039198,242.156862745098,1
a91127f1-77.jpg,1629.7794117647059,508.21078431372547,133.82352941176492,187.99019607843138,0
a91127f1-77.jpg,1750.8578431372548,501.8382352941177,125.85784313725499,130.63725490196074,0
a91127f1-77.jpg,1827.3284313725494,310.6617647058824,97.18137254901961,186.3970588235294,0
a91127f1-77.jpg,1878.308823529412,458.82352941176475,87.62254901960773,121.078431372549,0
a91127f1-77.jpg,1930.882352941177,297.91666666666663,57.35294117647044,143.3823529411765,1
536db3ad-17.jpg,771.078399933004,415.8088235294118,277.2059137924862,310.6617647058824,1
536db3ad-17.jpg,1048.2843137254902,446.078431372549,246.936274509804,251.71568627450978,4
536db3ad-17.jpg,1293.6274509803923,387.13235294117646,291.54411764705884,321.8137254901961,4
536db3ad-17.jpg,1569.2401960784316,372.7941176470588,213.4803921568627,296.3235294117647,2
536db3ad-17.jpg,1749.2647058823532,312.25490196078425,119.48529411764696,297.9166666666667,1
536db3ad-17.jpg,1824.1421568627454,223.0392156862745,92.40196078431381,291.5441176470588,1
536db3ad-17.jpg,548.0392156862746,442.89215686274514,232.59803921568633,267.6470588235293,2
536db3ad-17.jpg,350.49019607843144,438.1127450980392,197.54901960784315,219.85294117647052,2
536db3ad-17.jpg,132.2303921568627,439.70588235294133,229.41176470588243,164.09313725490188,3
536db3ad-17.jpg,71.69117647058823,477.9411764705883,63.72549019607844,86.02941176470588,4
536db3ad-17.jpg,68.50491244063258,552.8186713037358,210.29404428812086,132.23056756788654,1
536db3ad-17.jpg,251.71578059314425,599.0196078431369,293.1371605833264,224.63320806991635,5
536db3ad-17.jpg,511.39705882352905,659.558823529412,227.81862745098013,221.4463415479077,2
536db3ad-17.jpg,720.0980392156863,669.1176470588234,234.19117647058826,267.64705882352945,2
536db3ad-17.jpg,965.4411764705884,642.0343137254902,238.97058823529403,318.6277360233052,2
536db3ad-17.jpg,1204.4117647058822,638.8480392156861,195.9558823529413,291.5442711317048,0
536db3ad-17.jpg,1409.9264705882354,669.1176470588234,141.7892156862746,238.97058823529403,0
536db3ad-17.jpg,1559.6813306296267,643.6274509803923,129.0441595664526,240.56372549019613,0
536db3ad-17.jpg,1688.7254901960766,605.3921568627451,105.14705882352922,221.4462319160184,0
536db3ad-17.jpg,1790.6862745098042,584.6813725490196,98.77450980392155,229.41176470588238,2
fa238421-97.jpg,84.15672913117545,507.1550255536627,183.81601362862008,201.5332197614991,1
fa238421-97.jpg,62.01022146507665,662.1805792163544,157.24020442930154,148.38160136286209,0
fa238421-97.jpg,221.46507666098807,389.7785349233387,316.69477932040854,356.55877342419063,1
fa238421-97.jpg,531.5161839863714,407.4957410562181,336.6269165247019,343.2708688245315,1
fa238421-97.jpg,859.2844974446339,436.2862010221465,281.2606473594549,296.76320272572406,0
fa238421-97.jpg,230.32367972742756,702.0442930153322,159.4548551959114,132.87904599659296,1
fa238421-97.jpg,438.50085178875634,651.107325383305,152.81090289608173,183.8160136286202,1
fa238421-97.jpg,595.7410562180579,744.12265758092,177.17206132879033,110.73253833049398,0
fa238421-97.jpg,772.9131175468482,666.609880749574,221.46507666098813,190.45996592844972,1
fa238421-97.jpg,1001.0221465076661,633.3901192504259,234.75298126064715,250.25553662691647,0
fa238421-97.jpg,1136.115843270869,425.21294718909706,230.32367972742747,261.32879045996594,1
fa238421-97.jpg,1222.487223168654,686.541737649063,239.1822827938671,205.96252129471893,1
fa238421-97.jpg,1368.654173764906,407.49568164494474,194.88926746166956,168.31351767362406,5
fa238421-97.jpg,1386.3713798977853,467.2913117546848,347.7001703577514,172.7427597955706,4
fa238421-97.jpg,1373.0834752981257,620.1022146507665,232.5383304940373,152.81095240547603,1
fa238421-97.jpg,1601.1925042589437,580.2385008517888,243.61158432708692,132.8790459965928,0
fa238421-97.jpg,1731.8568994889267,394.20783645655877,174.95741056218037,192.67461669505965,0
ce0ad569-anonymous_003-008-686-01_1729259151138_Mandibular_View.jpg,929.279527559055,276.7559055118111,246.93307086614166,208.75984251968507,5
ce0ad569-anonymous_003-008-686-01_1729259151138_Mandibular_View.jpg,60.838582677165334,212.33858267716516,238.5826771653543,180.12992125984235,3
ce0ad569-anonymous_003-008-686-01_1729259151138_Mandibular_View.jpg,62.03149606299211,47.71653543307089,198.02362204724403,161.0433070866142,1
ce0ad569-anonymous_003-008-686-01_1729259151138_Mandibular_View.jpg,967.4527559055118,116.90551181102366,199.21653543307085,183.7086614173228,2
ce0ad569-anonymous_003-008-686-01_1729259151138_Mandibular_View.jpg,119.29133858267713,397.24015748031485,219.49606299212596,147.9212598425197,2
ce0ad569-anonymous_003-008-686-01_1729259151138_Mandibular_View.jpg,886.3346456692913,450.9212598425197,227.8464566929134,131.2204724409449,2
ce0ad569-anonymous_003-008-686-01_1729259151138_Mandibular_View.jpg,145.53543307086613,511.75984251968515,203.98818897637796,171.77952755905505,0
ce0ad569-anonymous_003-008-686-01_1729259151138_Mandibular_View.jpg,226.65354330708655,628.6653543307086,167.00787401574806,151.50000000000003,0
ce0ad569-anonymous_003-008-686-01_1729259151138_Mandibular_View.jpg,363.8385826771652,701.4330708661416,158.65748031496054,124.06299212598418,0
ce0ad569-anonymous_003-008-686-01_1729259151138_Mandibular_View.jpg,486.7086614173227,740.7992125984252,140.7637795275591,115.71259842519689,0
ce0ad569-anonymous_003-008-686-01_1729259151138_Mandibular_View.jpg,603.6141732283463,775.3937007874016,135.99212598425197,102.59055118110228,0
ce0ad569-anonymous_003-008-686-01_1729259151138_Mandibular_View.jpg,702.6259842519684,727.6771653543306,152.6929133858266,115.71259842519689,0
ce0ad569-anonymous_003-008-686-01_1729259151138_Mandibular_View.jpg,824.3031496062991,646.5590551181101,124.06299212598431,152.69291338582678,1
ce0ad569-anonymous_003-008-686-01_1729259151138_Mandibular_View.jpg,866.0551181102361,565.4409448818898,178.93700787401562,146.72834645669295,0
09b24d45-anonymous_003_008_517_01_1728729948616_Mandibular_View.jpg,1254.448818897638,434.3569553805774,317.66404199475056,267.4212598425197,6
09b24d45-anonymous_003_008_517_01_1728729948616_Mandibular_View.jpg,1335.4855643044618,247.97244094488187,290.11154855643053,223.66141732283467,6
09b24d45-anonymous_003_008_517_01_1728729948616_Mandibular_View.jpg,116.69291338582674,222.04068241469813,278.76640419947506,254.4553805774278,6
09b24d45-anonymous_003_008_517_01_1728729948616_Mandibular_View.jpg,92.38188976377951,447.32283464566933,348.45800524934384,241.4895013123359,6
09b24d45-anonymous_003_008_517_01_1728729948616_Mandibular_View.jpg,137.76246719160105,648.2939632545932,251.21391076115486,184.76377952755917,4
09b24d45-anonymous_003_008_517_01_1728729948616_Mandibular_View.jpg,168.5564304461942,805.505249343832,225.28215223097104,153.96981627296583,4
09b24d45-anonymous_003_008_517_01_1728729948616_Mandibular_View.jpg,1228.517060367454,641.8110236220471,273.9041994750657,231.7650918635172,4
09b24d45-anonymous_003_008_517_01_1728729948616_Mandibular_View.jpg,1207.4475065616805,799.022309711286,209.0748031496059,254.45538057742783,2
09b24d45-anonymous_003_008_517_01_1728729948616_Mandibular_View.jpg,1050.2362204724411,891.4041994750658,217.1784776902885,238.24803149606288,2
09b24d45-anonymous_003_008_517_01_1728729948616_Mandibular_View.jpg,285.249343832021,893.0249343832022,249.59317585301866,189.6259842519688,1
4e77dccd-anonymous_003_103_384_01_1728193820992_Mandibular_View.jpg,49.98425196850391,241.5905511811024,234.64829396325462,184.6640419947506,6
4e77dccd-anonymous_003_103_384_01_1728193820992_Mandibular_View.jpg,1198.233595800525,219.3753280839895,194.3832020997376,154.1181102362205,6
4e77dccd-anonymous_003_103_384_01_1728193820992_Mandibular_View.jpg,1145.4724409448818,363.77427821522326,187.4409448818898,180.49868766404194,5
4e77dccd-anonymous_003_103_384_01_1728193820992_Mandibular_View.jpg,1052.446194225722,484.56955380577426,242.97900262467186,209.65616797900262,5
4e77dccd-anonymous_003_103_384_01_1728193820992_Mandibular_View.jpg,83.30708661417322,420.70078740157487,234.64829396325462,152.72965879265084,5
4e77dccd-anonymous_003_103_384_01_1728193820992_Mandibular_View.jpg,112.46456692913387,547.0498687664036,255.47506561679793,176.33333333333383,3
4e77dccd-anonymous_003_103_384_01_1728193820992_Mandibular_View.jpg,1016.3464566929133,623.4146981627298,191.60629921259863,151.34120734908137,3
4e77dccd-anonymous_003_103_384_01_1728193820992_Mandibular_View.jpg,202.71391076115486,702.5564304461941,188.82939632545927,102.74540682414707,2
4e77dccd-anonymous_003_103_384_01_1728193820992_Mandibular_View.jpg,989.9658792650919,742.8215223097113,156.89501312335958,138.8451443569554,2
4e77dccd-anonymous_003_103_384_01_1728193820992_Mandibular_View.jpg,227.7060367454068,819.1863517060368,158.2834645669291,156.89501312335952,2
4e77dccd-anonymous_003_103_384_01_1728193820992_Mandibular_View.jpg,406.81627296587925,877.5013123359579,137.4566929133858,112.46456692913385,1
4e77dccd-anonymous_003_103_384_01_1728193820992_Mandibular_View.jpg,549.8267716535435,869.1706036745406,108.29921259842519,140.23359580052508,2
4e77dccd-anonymous_003_103_384_01_1728193820992_Mandibular_View.jpg,659.5144356955378,878.8897637795271,133.2913385826775,111.0761154855643,1
4e77dccd-anonymous_003_103_384_01_1728193820992_Mandibular_View.jpg,795.5826771653541,859.4514435695535,136.0682414698162,98.58005249343795,1
4e77dccd-anonymous_003_103_384_01_1728193820992_Mandibular_View.jpg,902.49343832021,781.6981627296586,113.85301837270335,124.96062992125984,1
da51cc64-anonymous_003-008-1310-01_1733403923542_Mandibular_View.jpg,85.08398950131233,265.1968503937008,180.11286089238845,140.33333333333331,6
da51cc64-anonymous_003-008-1310-01_1733403923542_Mandibular_View.jpg,91.71391076115486,387.85039370078744,197.7926509186352,155.80314960629923,6
da51cc64-anonymous_003-008-1310-01_1733403923542_Mandibular_View.jpg,840.8950131233596,316.02624671916004,194.47769028871383,171.27296587926512,6
da51cc64-anonymous_003-008-1310-01_1733403923542_Mandibular_View.jpg,898.3543307086619,193.37270341207352,162.43307086614175,156.90813648293974,3
da51cc64-anonymous_003-008-1310-01_1733403923542_Mandibular_View.jpg,38.67454068241472,134.80839895013125,162.4330708661417,154.69816272965878,2
da51cc64-anonymous_003-008-1310-01_1733403923542_Mandibular_View.jpg,929.2939632545932,55.24934383202101,150.278215223097,140.33333333333331,2
da51cc64-anonymous_003-008-1310-01_1733403923542_Mandibular_View.jpg,160.2230971128609,497.24409448818903,155.80314960629923,120.44356955380573,1
da51cc64-anonymous_003-008-1310-01_1733403923542_Mandibular_View.jpg,186.74278215223103,605.5328083989505,111.60367454068245,108.28871391076116,1
da51cc64-anonymous_003-008-1310-01_1733403923542_Mandibular_View.jpg,290.6115485564308,634.2624671916002,78.45406824146983,103.86876640419948,1
da51cc64-anonymous_003-008-1310-01_1733403923542_Mandibular_View.jpg,372.38057742782024,672.9370078740124,86.18897637795428,81.76902887139076,1
da51cc64-anonymous_003-008-1310-01_1733403923542_Mandibular_View.jpg,459.67454068241466,671.8320209973754,91.71391076115489,116.02362204724403,1
da51cc64-anonymous_003-008-1310-01_1733403923542_Mandibular_View.jpg,553.5984251968504,671.8320209973754,103.86876640419938,125.96850393700781,1
da51cc64-anonymous_003-008-1310-01_1733403923542_Mandibular_View.jpg,658.5721784776903,656.3622047244094,98.34383202099758,123.758530183727,1
da51cc64-anonymous_003-008-1310-01_1733403923542_Mandibular_View.jpg,744.7611548556431,602.2178477690286,111.60367454068232,135.9133858267717,1
da51cc64-anonymous_003-008-1310-01_1733403923542_Mandibular_View.jpg,816.5853018372704,542.5485564304462,137.01837270341207,143.64829396325462,1
da51cc64-anonymous_003-008-1310-01_1733403923542_Mandibular_View.jpg,839.7900262467192,459.6745406824147,153.59317585301832,99.44881889763774,1
9c0d1125-anonymous_003-007-1385-01_1733812781705_Mandibular_View.jpg,179.47244094488187,114.44619422572181,366.74803149606294,364.14698162729655,5
9c0d1125-anonymous_003-007-1385-01_1733812781705_Mandibular_View.jpg,140.45669291338584,481.1942257217848,444.779527559055,400.5616797900262,5
9c0d1125-anonymous_003-007-1385-01_1733812781705_Mandibular_View.jpg,2130.2598425196848,75.43044619422571,460.38582677165374,410.96587926509176,5
9c0d1125-anonymous_003-007-1385-01_1733812781705_Mandibular_View.jpg,1955.9895013123353,449.9816272965878,520.2099737532802,473.3910761154856,3
9c0d1125-anonymous_003-007-1385-01_1733812781705_Mandibular_View.jpg,158.66404199475062,827.1338582677165,369.34908136482926,257.50393700787424,3
9c0d1125-anonymous_003-007-1385-01_1733812781705_Mandibular_View.jpg,1867.5538057742776,845.3412073490814,444.779527559055,345.93963254593166,3
9c0d1125-anonymous_003-007-1385-01_1733812781705_Mandibular_View.jpg,137.85564304461946,1069.0314960629923,395.35958005249336,275.7112860892388,3
9c0d1125-anonymous_003-007-1385-01_1733812781705_Mandibular_View.jpg,158.6640419947506,1383.758530183727,408.3648293963253,244.49868766404188,2
9c0d1125-anonymous_003-007-1385-01_1733812781705_Mandibular_View.jpg,301.72178477690284,1532.018372703412,468.1889763779526,309.52493438320215,2
9c0d1125-anonymous_003-007-1385-01_1733812781705_Mandibular_View.jpg,1526.816272965879,1435.779527559055,408.36482939632543,384.9553805774279,2
9c0d1125-anonymous_003-007-1385-01_1733812781705_Mandibular_View.jpg,1792.1233595800525,1134.0577427821522,384.95538057742783,439.57742782152224,2
9c0d1125-anonymous_003-007-1385-01_1733812781705_Mandibular_View.jpg,611.2467191601048,1656.8687664041997,361.5459317585301,252.301837270341,2
9c0d1125-anonymous_003-007-1385-01_1733812781705_Mandibular_View.jpg,944.1811023622046,1636.0603674540685,317.3280839895013,309.52493438320187,2
9c0d1125-anonymous_003-007-1385-01_1733812781705_Mandibular_View.jpg,1284.9186351706035,1646.4645669291335,288.7165354330709,314.72703412073486,2
8e8a8fbb-anonymous_003_008_539_01_1728816064645_Mandibular_View.jpg,132.0209973753281,343.254593175853,232.35695538057738,204.63254593175847,4
8e8a8fbb-anonymous_003_008_539_01_1728816064645_Mandibular_View.jpg,1004.6797900262469,336.6535433070866,207.2729658792652,227.07611548556432,5
8e8a8fbb-anonymous_003_008_539_01_1728816064645_Mandibular_View.jpg,1045.6062992125985,139.94225721784778,254.80052493438296,270.6430446194226,5
8e8a8fbb-anonymous_003_008_539_01_1728816064645_Mandibular_View.jpg,54.12860892388454,141.2624671916011,238.9580052493438,241.59842519685037,1
8e8a8fbb-anonymous_003_008_539_01_1728816064645_Mandibular_View.jpg,183.509186351706,537.3254593175853,219.15485564304456,200.6719160104986,1
8e8a8fbb-anonymous_003_008_539_01_1728816064645_Mandibular_View.jpg,957.1522309711285,518.8425196850393,227.0761154855645,203.3123359580052,0
8e8a8fbb-anonymous_003_008_539_01_1728816064645_Mandibular_View.jpg,913.5853018372703,687.8293963254592,175.58792650918636,165.02624671916,1
8e8a8fbb-anonymous_003_008_539_01_1728816064645_Mandibular_View.jpg,282.52493438320215,685.1889763779527,200.67191601049865,134.66141732283464,1
8e8a8fbb-anonymous_003_008_539_01_1728816064645_Mandibular_View.jpg,797.4068241469814,735.3569553805775,145.223097112861,161.06561679790025,1
8e8a8fbb-anonymous_003_008_539_01_1728816064645_Mandibular_View.jpg,697.0708661417323,771.002624671916,112.21784776902881,150.50393700787396,1
8e8a8fbb-anonymous_003_008_539_01_1728816064645_Mandibular_View.jpg,580.8923884514435,769.6824146981626,110.89763779527554,150.50393700787382,1
8e8a8fbb-anonymous_003_008_539_01_1728816064645_Mandibular_View.jpg,459.43307086614175,743.278215223097,116.17847769028869,135.9816272965879,1
8723665b-anonymous_003-008-1304-01_1733394354138_Mandibular_View.jpg,56.91338582677167,350.23622047244095,264.1364829396325,274.3517060367454,5
8723665b-anonymous_003-008-1304-01_1733394354138_Mandibular_View.jpg,1171.8320209973747,316.67191601049865,259.7585301837269,230.5721784776903,5
8723665b-anonymous_003-008-1304-01_1733394354138_Mandibular_View.jpg,1234.582677165353,110.90813648293961,214.5196850393716,245.16535433070868,3
8723665b-anonymous_003-008-1304-01_1733394354138_Mandibular_View.jpg,27.72703412073491,161.98425196850388,230.57217847769027,226.1942257217848,3
8723665b-anonymous_003-008-1304-01_1733394354138_Mandibular_View.jpg,164.90288713910763,574.9711286089239,213.06036745406817,175.11811023622047,3
8723665b-anonymous_003-008-1304-01_1733394354138_Mandibular_View.jpg,1155.7795275590554,519.5170603674541,210.14173228346462,173.65879265091866,2
8723665b-anonymous_003-008-1304-01_1733394354138_Mandibular_View.jpg,249.54330708661422,690.2572178477692,159.06561679790016,185.33333333333343,2
8723665b-anonymous_003-008-1304-01_1733394354138_Mandibular_View.jpg,380.88188976377967,804.0839895013129,129.87926509186326,182.41469816272993,2
8723665b-anonymous_003-008-1304-01_1733394354138_Mandibular_View.jpg,496.1679790026247,877.0498687664043,137.17585301837275,132.79790026246718,2
8723665b-anonymous_003-008-1304-01_1733394354138_Mandibular_View.jpg,646.477690288714,875.5905511811025,132.7979002624671,135.71653543307082,2
8723665b-anonymous_003-008-1304-01_1733394354138_Mandibular_View.jpg,776.3569553805776,868.2939632545931,132.7979002624672,143.0131233595801,2
8723665b-anonymous_003-008-1304-01_1733394354138_Mandibular_View.jpg,904.7769028871392,850.7821522309711,178.03674540682414,141.55380577427826,2
8723665b-anonymous_003-008-1304-01_1733394354138_Mandibular_View.jpg,1018.6036745406823,745.7112860892388,154.6876640419948,215.97900262467195,2
8723665b-anonymous_003-008-1304-01_1733394354138_Mandibular_View.jpg,1100.3254593175855,631.8845144356956,178.03674540682425,226.19422572178462,2
25a2cee6-anonymous_003_103_351_01_1728045002443_Mandibular_View.jpg,120.15879265091867,313.3254593175853,247.92257217847762,209.89763779527564,5
25a2cee6-anonymous_003_103_351_01_1728045002443_Mandibular_View.jpg,153.6207349081365,526.2650918635171,232.71259842519683,161.22572178477688,5
25a2cee6-anonymous_003_103_351_01_1728045002443_Mandibular_View.jpg,1215.2769028871392,334.61942257217817,249.44356955380525,203.81364829396304,6
25a2cee6-anonymous_003_103_351_01_1728045002443_Mandibular_View.jpg,1178.7729658792653,494.32414698162734,252.4855643044619,231.19160104986872,4
25a2cee6-anonymous_003_103_351_01_1728045002443_Mandibular_View.jpg,1155.9580052493443,661.6338582677165,205.33464566929132,174.91469816272976,4
25a2cee6-anonymous_003_103_351_01_1728045002443_Mandibular_View.jpg,1107.2860892388453,742.246719160105,185.56167979002618,159.70472440944872,4
25a2cee6-anonymous_003_103_351_01_1728045002443_Mandibular_View.jpg,1006.9002624671916,827.4225721784776,165.7887139107611,130.8057742782153,3
25a2cee6-anonymous_003_103_351_01_1728045002443_Mandibular_View.jpg,885.2204724409448,862.4055118110239,164.26771653543318,114.07480314960623,3
25a2cee6-anonymous_003_103_351_01_1728045002443_Mandibular_View.jpg,749.8517060367453,892.8254593175853,133.84776902887137,121.67979002624672,2
25a2cee6-anonymous_003_103_351_01_1728045002443_Mandibular_View.jpg,466.94619422572174,889.7834645669291,142.97375328083987,117.11679790026253,2
25a2cee6-anonymous_003_103_351_01_1728045002443_Mandibular_View.jpg,177.9566929133858,670.759842519685,234.233595800525,129.28477690288722,4
f8a38232-anonymous_003-007-943-01_1730783589140_Mandibular_View.jpg,1744.7178477690281,531.1023622047243,428.6089238845148,428.60892388451424,6
f8a38232-anonymous_003-007-943-01_1730783589140_Mandibular_View.jpg,125.78740157480304,479.8556430446191,402.9855643044617,386.67979002624685,6
f8a38232-anonymous_003-007-943-01_1730783589140_Mandibular_View.jpg,1865.846456692913,137.43438320209978,458.8910761154857,468.2086614173228,6
f8a38232-anonymous_003-007-943-01_1730783589140_Mandibular_View.jpg,27.95275590551178,76.8700787401575,482.18503937007875,468.2086614173229,6
f8a38232-anonymous_003-007-943-01_1730783589140_Mandibular_View.jpg,1651.541994750656,824.6062992125985,326.11548556430455,440.2559055118109,3
f8a38232-anonymous_003-007-943-01_1730783589140_Mandibular_View.jpg,260.89238845144354,789.6653543307085,335.43307086614175,363.3858267716535,2
f8a38232-anonymous_003-007-943-01_1730783589140_Mandibular_View.jpg,368.04461942257217,1120.4396325459318,288.84514435695536,277.1981627296588,1
f8a38232-anonymous_003-007-943-01_1730783589140_Mandibular_View.jpg,542.7493438320209,1236.9094488188975,354.0682414698162,230.61023622047247,1
f8a38232-anonymous_003-007-943-01_1730783589140_Mandibular_View.jpg,833.9238845144357,1290.4855643044618,235.26902887139104,295.8333333333334,1
f8a38232-anonymous_003-007-943-01_1730783589140_Mandibular_View.jpg,1076.1811023622047,1306.791338582677,211.9750656167979,263.2217847769028,1
f8a38232-anonymous_003-007-943-01_1730783589140_Mandibular_View.jpg,1306.7913385826773,1246.2270341207347,246.91601049868763,335.43307086614186,1
f8a38232-anonymous_003-007-943-01_1730783589140_Mandibular_View.jpg,1507.119422572178,1162.3687664041997,333.10367454068245,281.8569553805774,1
6d53b773-anonymous_003_007_510_01_1728719208166_Mandibular_View.jpg,1802.7998289136012,31.89136013686911,309.53378956372967,322.66552609067577,6
6d53b773-anonymous_003_007_510_01_1728719208166_Mandibular_View.jpg,43.14713430282294,69.41060735671513,328.2934131736527,343.301112061591,6
6d53b773-anonymous_003_007_510_01_1728719208166_Mandibular_View.jpg,1759.6526946107783,302.0299401197605,363.9366980325067,339.5491873396065,5
6d53b773-anonymous_003_007_510_01_1728719208166_Mandibular_View.jpg,106.92985457656114,335.797262617622,365.81266039349873,408.9597946963216,5
6d53b773-anonymous_003_007_510_01_1728719208166_Mandibular_View.jpg,298.2780153977758,577.7964071856288,307.65782720273734,324.541488451668,3
6d53b773-anonymous_003_007_510_01_1728719208166_Mandibular_View.jpg,1737.1411462788706,547.7810094097518,318.91360136869145,247.6270316509838,3
6d53b773-anonymous_003_007_510_01_1728719208166_Mandibular_View.jpg,437.0992301112061,782.2763045337896,287.0222412318221,262.63473053892204,2
6d53b773-anonymous_003_007_510_01_1728719208166_Mandibular_View.jpg,1667.7305389221556,733.5012831479895,283.2703165098374,285.1462788708298,2
6d53b773-anonymous_003_007_510_01_1728719208166_Mandibular_View.jpg,1540.165098374679,892.9580838323354,270.13857998288984,277.64242942686025,1
94cebeab-anonymous_003_007_469_01_1728623438211_Mandibular_View.jpg,122.80239520958084,445.88964927288293,229.5235243798118,200.28485885372103,3
94cebeab-anonymous_003_007_469_01_1728623438211_Mandibular_View.jpg,1268.958083832335,527.7579127459367,230.98545765611667,251.45252352437979,3
94cebeab-anonymous_003_007_469_01_1728623438211_Mandibular_View.jpg,1260.186484174509,312.85372112917025,334.7827202737379,312.85372112916997,5
94cebeab-anonymous_003_007_469_01_1728623438211_Mandibular_View.jpg,1366.907613344739,127.18819503849443,309.9298545765612,289.46278870829775,5
94cebeab-anonymous_003_007_469_01_1728623438211_Mandibular_View.jpg,68.7108639863131,40.934131736526965,304.08212147134304,222.21385799828914,5
94cebeab-anonymous_003_007_469_01_1728623438211_Mandibular_View.jpg,74.55859709153125,213.44225834046182,308.46792130025676,283.61505560307967,3
94cebeab-anonymous_003_007_469_01_1728623438211_Mandibular_View.jpg,184.20359281437126,571.6159110350727,217.82805816937548,191.51325919589388,3
94cebeab-anonymous_003_007_469_01_1728623438211_Mandibular_View.jpg,442.9657827202737,755.8195038494439,147.65526090675795,169.58426005132586,1
94cebeab-anonymous_003_007_469_01_1728623438211_Mandibular_View.jpg,1176.8562874251497,646.174508126604,206.13259195893923,258.7621899059024,3
94cebeab-anonymous_003_007_469_01_1728623438211_Mandibular_View.jpg,605.240376390077,812.8349016253209,138.8836612489308,138.88366124893065,1
94cebeab-anonymous_003_007_469_01_1728623438211_Mandibular_View.jpg,738.2763045337894,812.834901625321,169.5842600513263,147.1650983746792,1
94cebeab-anonymous_003_007_469_01_1728623438211_Mandibular_View.jpg,1027.7390932420876,729.5047048759623,207.59452523524382,197.360992301112,1
94cebeab-anonymous_003_007_469_01_1728623438211_Mandibular_View.jpg,925.4037639007696,812.8349016253209,157.8887938408898,147.1650983746792,1
94cebeab-anonymous_003_007_469_01_1728623438211_Mandibular_View.jpg,321.6253207869974,671.027373823781,201.74679213002565,160.81266039349867,1
ef0a44fe-anonymous_003_103_299_01_1727868080003_Mandibular_View.jpg,151.10236220472444,602.8188976377952,235.40157480314963,211.54330708661422,3
ef0a44fe-anonymous_003_103_299_01_1727868080003_Mandibular_View.jpg,104.97637795275591,413.5433070866143,284.70866141732284,248.1259842519685,3
ef0a44fe-anonymous_003_103_299_01_1727868080003_Mandibular_View.jpg,1207.2283464566926,386.503937007874,279.937007874016,275.16535433070874,3
ef0a44fe-anonymous_003_103_299_01_1727868080003_Mandibular_View.jpg,1145.1968503937007,574.1889763779527,273.57480314960634,214.72440944881882,5
ef0a44fe-anonymous_003_103_299_01_1727868080003_Mandibular_View.jpg,1305.84251968504,211.5433070866142,251.3070866141733,251.30708661417304,5
ef0a44fe-anonymous_003_103_299_01_1727868080003_Mandibular_View.jpg,92.251968503937,230.62992125984255,236.99212598425203,244.9448818897638,5
ef0a44fe-anonymous_003_103_299_01_1727868080003_Mandibular_View.jpg,187.68503937007878,779.3700787401576,209.9527559055118,147.92125984251973,2
ef0a44fe-anonymous_003_103_299_01_1727868080003_Mandibular_View.jpg,1097.48031496063,712.5669291338583,225.8582677165355,229.03937007874018,3
ef0a44fe-anonymous_003_103_299_01_1727868080003_Mandibular_View.jpg,267.2125984251968,897.0708661417323,197.2283464566929,147.92125984251948,2
ef0a44fe-anonymous_003_103_299_01_1727868080003_Mandibular_View.jpg,981.3700787401575,855.7165354330708,211.54330708661416,224.26771653543307,2
ef0a44fe-anonymous_003_103_299_01_1727868080003_Mandibular_View.jpg,831.8582677165355,989.3228346456694,206.7716535433072,144.74015748031496,1
14c214ad-anonymous_003_007_549_01_1728881829256_Mandibular_View.jpg,3.881889763779526,50.46456692913386,328.01968503937013,345.488188976378,5
14c214ad-anonymous_003_007_549_01_1728881829256_Mandibular_View.jpg,62.110236220472444,324.1377952755907,399.8346456692914,376.54330708661416,4
14c214ad-anonymous_003_007_549_01_1728881829256_Mandibular_View.jpg,1601.2795275590554,640.511811023622,341.60629921259846,283.3779527559054,4
14c214ad-anonymous_003_007_549_01_1728881829256_Mandibular_View.jpg,1618.7480314960621,411.48031496063,370.72047244094426,335.7834645669288,6
14c214ad-anonymous_003_007_549_01_1728881829256_Mandibular_View.jpg,1690.5629921259842,93.16535433070867,343.5472440944883,351.31102362204723,6
14c214ad-anonymous_003_007_549_01_1728881829256_Mandibular_View.jpg,510.46850393700805,1030.6417322834645,223.20866141732287,347.42913385826773,1
14c214ad-anonymous_003_007_549_01_1728881829256_Mandibular_View.jpg,741.4409448818898,1156.8031496062988,197.97637795275588,283.3779527559056,1
14c214ad-anonymous_003_007_549_01_1728881829256_Mandibular_View.jpg,958.8267716535436,1216.9724409448818,196.0354330708661,230.97244094488192,1
14c214ad-anonymous_003_007_549_01_1728881829256_Mandibular_View.jpg,1572.1653543307089,857.8976377952756,306.6692913385827,289.20078740157487,1
14c214ad-anonymous_003_007_549_01_1728881829256_Mandibular_View.jpg,320.255905511811,830.7244094488188,279.496062992126,351.3110236220471,1
14c214ad-anonymous_003_007_549_01_1728881829256_Mandibular_View.jpg,182.4488188976378,619.1614173228346,331.9015748031497,287.259842519685,1
14c214ad-anonymous_003_007_549_01_1728881829256_Mandibular_View.jpg,1166.5078740157483,1240.2637795275589,211.56299212598435,209.62204724409474,0
14c214ad-anonymous_003_007_549_01_1728881829256_Mandibular_View.jpg,1310.1377952755909,1164.5669291338584,260.08661417322844,186.3307086614174,1
14c214ad-anonymous_003_007_549_01_1728881829256_Mandibular_View.jpg,1436.2992125984256,1048.1102362204726,277.5551181102363,227.09055118110246,1
b5b33aaf-anonymous_003-008-859-01_1730202467399_Mandibular_View.jpg,1097.1535433070867,35.67979002624671,186.04461942257214,193.69028871391077,6
b5b33aaf-anonymous_003-008-859-01_1730202467399_Mandibular_View.jpg,1038.536745406824,191.14173228346456,229.3700787401575,212.8044619422572,6
b5b33aaf-anonymous_003-008-859-01_1730202467399_Mandibular_View.jpg,17.83989501312335,118.50787401574803,174.5761154855643,166.9304461942257,5
b5b33aaf-anonymous_003-008-859-01_1730202467399_Mandibular_View.jpg,48.42257217847769,251.03280839895004,203.8845144356955,201.33595800524938,3
b5b33aaf-anonymous_003-008-859-01_1730202467399_Mandibular_View.jpg,996.485564304462,344.05511811023626,207.70734908136498,168.2047244094488,3
b5b33aaf-anonymous_003-008-859-01_1730202467399_Mandibular_View.jpg,71.35958005249344,414.14041994750653,226.82152230971124,147.81627296587925,3
b5b33aaf-anonymous_003-008-859-01_1730202467399_Mandibular_View.jpg,117.23359580052494,535.1968503937009,231.91863517060366,147.8162729658793,2
b5b33aaf-anonymous_003-008-859-01_1730202467399_Mandibular_View.jpg,928.9488188976378,471.482939632546,175.85039370078755,188.5931758530184,2
b5b33aaf-anonymous_003-008-859-01_1730202467399_Mandibular_View.jpg,222.99868766404222,612.9278215223094,109.5879265091862,168.20472440944874,2
b5b33aaf-anonymous_003-008-859-01_1730202467399_Mandibular_View.jpg,327.48950131233596,688.1102362204724,119.78215223097115,107.0393700787401,2
b5b33aaf-anonymous_003-008-859-01_1730202467399_Mandibular_View.jpg,451.09448818897636,723.7900262467192,112.13648293963251,99.39370078740147,2
b5b33aaf-anonymous_003-008-859-01_1730202467399_Mandibular_View.jpg,586.1679790026247,714.8700787401575,128.7020997375327,104.49081364829394,2
b5b33aaf-anonymous_003-008-859-01_1730202467399_Mandibular_View.jpg,727.6128608923879,648.607611548556,128.70209973753256,128.70209973753344,2
b5b33aaf-anonymous_003-008-859-01_1730202467399_Mandibular_View.jpg,852.492125984252,582.3451443569553,152.91338582677173,143.99343832021,1
f1c8aee4-anonymous_003-007-954-01_1730796195637_Mandibular_View.jpg,21.95669291338582,103.79527559055119,375.25984251968504,349.3110236220472,3
f1c8aee4-anonymous_003-007-954-01_1730796195637_Mandibular_View.jpg,1610.8228346456694,139.7244094488189,389.2322834645669,363.2834645669292,3
f1c8aee4-anonymous_003-007-954-01_1730796195637_Mandibular_View.jpg,1556.9291338582677,469.0748031496062,357.2952755905511,383.24409448818915,5
f1c8aee4-anonymous_003-007-954-01_1730796195637_Mandibular_View.jpg,35.92913385826773,439.13385826771656,439.1338582677165,327.35433070866134,6
f1c8aee4-anonymous_003-007-954-01_1730796195637_Mandibular_View.jpg,183.63779527559052,730.5590551181103,271.46456692913387,291.42519685039366,6
f1c8aee4-anonymous_003-007-954-01_1730796195637_Mandibular_View.jpg,261.4842519685039,938.1496062992126,227.55118110236222,245.515748031496,1
f1c8aee4-anonymous_003-007-954-01_1730796195637_Mandibular_View.jpg,429.15354330708635,1097.834645669291,227.55118110236205,173.6574803149616,1
f1c8aee4-anonymous_003-007-954-01_1730796195637_Mandibular_View.jpg,662.6929133858267,1153.7244094488187,253.49999999999997,169.66535433070877,1
f1c8aee4-anonymous_003-007-954-01_1730796195637_Mandibular_View.jpg,898.228346456693,1147.7362204724411,223.55905511811002,201.60236220472464,1
f1c8aee4-anonymous_003-007-954-01_1730796195637_Mandibular_View.jpg,1131.767716535433,1131.767716535433,299.40944881889766,181.64173228346434,1
f1c8aee4-anonymous_003-007-954-01_1730796195637_Mandibular_View.jpg,1355.3267716535431,966.0944881889764,265.476377952756,337.33464566929126,1
f1c8aee4-anonymous_003-007-954-01_1730796195637_Mandibular_View.jpg,1451.1377952755897,754.5118110236222,325.3582677165353,337.3346456692911,1
81a8c230-anonymous_003_007_475_01_1728635243973_Mandibular_View.jpg,314.07317073170736,138.7317073170732,346.8292682926829,277.4634146341464,4
81a8c230-anonymous_003_007_475_01_1728635243973_Mandibular_View.jpg,1217.7560975609756,0.0,408.4878048780489,183.04878048780486,4
81a8c230-anonymous_003_007_475_01_1728635243973_Mandibular_View.jpg,1595.4146341463413,0.0,321.78048780487865,192.68292682926824,4
81a8c230-anonymous_003_007_475_01_1728635243973_Mandibular_View.jpg,1670.5609756097572,140.6585365853655,300.58536585365545,238.92682926829303,5
81a8c230-anonymous_003_007_475_01_1728635243973_Mandibular_View.jpg,1655.1463414634143,368.0243902439022,331.41463414634177,231.21951219512218,6
81a8c230-anonymous_003_007_475_01_1728635243973_Mandibular_View.jpg,1653.219512195121,585.7560975609753,269.75609756097634,194.6097560975612,6
81a8c230-anonymous_003_007_475_01_1728635243973_Mandibular_View.jpg,391.14634146341456,387.2926829268293,331.4146341463414,271.6829268292683,6
81a8c230-anonymous_003_007_475_01_1728635243973_Mandibular_View.jpg,485.56097560975604,624.2926829268295,262.048780487804,262.04878048780483,3
81a8c230-anonymous_003_007_475_01_1728635243973_Mandibular_View.jpg,1659.0,734.1219512195121,221.5853658536583,227.36585365853654,3
81a8c230-anonymous_003_007_475_01_1728635243973_Mandibular_View.jpg,572.2682926829268,815.0487804878051,277.4634146341464,273.6097560975609,1
81a8c230-anonymous_003_007_475_01_1728635243973_Mandibular_View.jpg,784.2195121951218,853.5853658536587,192.68292682926844,360.3170731707315,1
81a8c230-anonymous_003_007_475_01_1728635243973_Mandibular_View.jpg,936.4390243902438,917.170731707317,235.07317073170734,246.63414634146346,1
81a8c230-anonymous_003_007_475_01_1728635243973_Mandibular_View.jpg,1125.2682926829268,994.2439024390243,175.34146341463398,192.68292682926835,1
81a8c230-anonymous_003_007_475_01_1728635243973_Mandibular_View.jpg,1267.8536585365857,948.0000000000001,196.53658536585374,213.87804878048783,1
81a8c230-anonymous_003_007_475_01_1728635243973_Mandibular_View.jpg,1447.0487804878053,919.0975609756098,179.1951219512194,200.39024390243893,1
81a8c230-anonymous_003_007_475_01_1728635243973_Mandibular_View.jpg,1495.219512195122,774.5853658536587,225.43902439024373,240.85365853658527,1
46b85f15-anonymous_003_103_349_01_1728040923424_Mandibular_View.jpg,28.28346456692915,295.20866141732284,279.2992125984252,238.64173228346448,5
46b85f15-anonymous_003_103_349_01_1728040923424_Mandibular_View.jpg,88.38582677165354,519.7086614173228,286.37007874015745,263.38976377952747,5
46b85f15-anonymous_003_103_349_01_1728040923424_Mandibular_View.jpg,1391.1929133858268,265.15748031496054,243.9448818897637,265.1574803149606,5
46b85f15-anonymous_003_103_349_01_1728040923424_Mandibular_View.jpg,1327.555118110236,516.1732283464568,323.492125984252,254.55118110236214,5
46b85f15-anonymous_003_103_349_01_1728040923424_Mandibular_View.jpg,1295.736220472441,724.7637795275589,265.1574803149606,199.75196850393718,3
46b85f15-anonymous_003_103_349_01_1728040923424_Mandibular_View.jpg,203.28740157480317,728.2992125984251,254.5511811023622,157.32677165354335,3
46b85f15-anonymous_003_103_349_01_1728040923424_Mandibular_View.jpg,256.3188976377953,867.9488188976377,199.75196850393704,220.96456692913398,3
46b85f15-anonymous_003_103_349_01_1728040923424_Mandibular_View.jpg,1292.2007874015744,890.9291338582676,203.28740157480334,182.07480314960605,3
46b85f15-anonymous_003_103_349_01_1728040923424_Mandibular_View.jpg,374.7559055118111,1002.2952755905505,183.84251968503943,196.21653543307085,2
46b85f15-anonymous_003_103_349_01_1728040923424_Mandibular_View.jpg,567.4370078740158,1032.3464566929135,153.79133858267716,208.59055118110223,1
46b85f15-anonymous_003_103_349_01_1728040923424_Mandibular_View.jpg,724.763779527559,1053.5590551181099,160.86220472440937,205.0551181102361,1
46b85f15-anonymous_003_103_349_01_1728040923424_Mandibular_View.jpg,883.8582677165355,1048.2559055118109,190.9133858267715,201.51968503937002,1
46b85f15-anonymous_003_103_349_01_1728040923424_Mandibular_View.jpg,1067.7007874015749,1046.4881889763778,136.11417322834635,189.14566929133846,1
46b85f15-anonymous_003_103_349_01_1728040923424_Mandibular_View.jpg,1147.2480314960628,958.1023622047245,212.12598425196845,178.53937007873995,1
ee148d7a-anonymous_003-007-1337-01_1733552404003_Mandibular_View.jpg,1945.5314960629926,457.9278215223096,532.0433070866145,500.27952755905505,5
ee148d7a-anonymous_003-007-1337-01_1733552404003_Mandibular_View.jpg,262.0511811023622,590.276902887139,473.8097112860893,473.8097112860892,3
ee148d7a-anonymous_003-007-1337-01_1733552404003_Mandibular_View.jpg,111.17322834645668,267.3451443569552,539.9842519685039,426.16404199475045,1
ee148d7a-anonymous_003-007-1337-01_1733552404003_Mandibular_View.jpg,2104.350393700787,129.7020997375328,476.45669291338595,423.517060367454,1
ee148d7a-anonymous_003-007-1337-01_1733552404003_Mandibular_View.jpg,1889.9448818897633,910.5616797900265,439.39895013123385,336.1666666666666,2
ee148d7a-anonymous_003-007-1337-01_1733552404003_Mandibular_View.jpg,1807.8884514435697,1204.3766404199475,444.6929133858267,309.69685039370074,3
ee148d7a-anonymous_003-007-1337-01_1733552404003_Mandibular_View.jpg,622.0406824146982,1207.0236220472439,354.69553805774285,383.81233595800524,2
ee148d7a-anonymous_003-007-1337-01_1733552404003_Mandibular_View.jpg,950.2664041994751,1267.9041994750655,328.2257217847771,317.6377952755907,1
ee148d7a-anonymous_003-007-1337-01_1733552404003_Mandibular_View.jpg,1175.259842519685,1447.898950131233,275.2860892388451,322.93175853018397,1
ee148d7a-anonymous_003-007-1337-01_1733552404003_Mandibular_View.jpg,1469.0748031496062,1453.1929133858268,299.10892388451435,325.57874015748024,1
ee148d7a-anonymous_003-007-1337-01_1733552404003_Mandibular_View.jpg,1712.5971128608926,1511.4265091863517,381.16535433070874,238.22834645669292,1
ee148d7a-anonymous_003-007-1337-01_1733552404003_Mandibular_View.jpg,2024.9409448818901,1585.5419947506564,285.87401574803187,195.8766404199474,2
ee148d7a-anonymous_003-007-1337-01_1733552404003_Mandibular_View.jpg,508.22047244094495,905.2677165354331,373.22440944881885,397.04724409448824,1
230a33ae-anonymous_003-007-1091-01_1732249857221_Mandibular_View.jpg,1782.8149606299216,484.98031496063004,414.39632545931744,441.7191601049869,6
230a33ae-anonymous_003-007-1091-01_1732249857221_Mandibular_View.jpg,93.35301837270339,512.3031496062993,484.98031496063,302.8280839895013,6
230a33ae-anonymous_003-007-1091-01_1732249857221_Mandibular_View.jpg,120.6758530183727,136.6141732283465,393.9041994750657,418.95013123359587,4
230a33ae-anonymous_003-007-1091-01_1732249857221_Mandibular_View.jpg,1855.675853018373,143.44488188976385,396.1811023622048,382.51968503937013,5
230a33ae-anonymous_003-007-1091-01_1732249857221_Mandibular_View.jpg,1680.3543307086618,815.1312335958004,341.5354330708659,298.2742782152232,3
230a33ae-anonymous_003-007-1091-01_1732249857221_Mandibular_View.jpg,277.7821522309711,803.7467191601048,371.1351706036747,268.6745406824148,3
230a33ae-anonymous_003-007-1091-01_1732249857221_Mandibular_View.jpg,316.48950131233596,1076.9750656167976,332.42782152230984,273.2283464566927,2
230a33ae-anonymous_003-007-1091-01_1732249857221_Mandibular_View.jpg,860.6692913385826,1395.7414698162734,218.58267716535414,293.72047244094466,1
230a33ae-anonymous_003-007-1091-01_1732249857221_Mandibular_View.jpg,1090.6364829396327,1400.2952755905512,239.07480314960623,295.997375328084,1
230a33ae-anonymous_003-007-1091-01_1732249857221_Mandibular_View.jpg,1341.0958005249342,1398.018372703412,259.56692913385814,259.5669291338584,1
230a33ae-anonymous_003-007-1091-01_1732249857221_Mandibular_View.jpg,1477.709973753281,1231.8044619422571,300.5511811023624,387.07349081364833,2
230a33ae-anonymous_003-007-1091-01_1732249857221_Mandibular_View.jpg,1623.4317585301837,1076.975065616798,350.64304461942277,348.36614173228344,2
230a33ae-anonymous_003-007-1091-01_1732249857221_Mandibular_View.jpg,448.54986876640424,1275.0656167979,291.44356955380584,305.10498687664034,1
230a33ae-anonymous_003-007-1091-01_1732249857221_Mandibular_View.jpg,660.301837270341,1336.541994750656,220.85958005249344,311.93569553805753,1
38326aeb-anonymous_003-008-651-01_1729169672305_Mandibular_View.jpg,821.4803149606299,162.7086614173228,155.76377952755905,164.6929133858268,4
38326aeb-anonymous_003-008-651-01_1729169672305_Mandibular_View.jpg,784.7716535433074,315.4960629921261,197.43307086614163,178.5826771653543,5
38326aeb-anonymous_003-008-651-01_1729169672305_Mandibular_View.jpg,790.7244094488188,392.8818897637795,3.9685039370079287,2.9763779527559273,4
38326aeb-anonymous_003-008-651-01_1729169672305_Mandibular_View.jpg,72.42519685039369,126.99212598425201,163.7007874015748,151.79527559055117,5
38326aeb-anonymous_003-008-651-01_1729169672305_Mandibular_View.jpg,58.53543307086614,277.7952755905512,184.53543307086613,169.6535433070866,5
38326aeb-anonymous_003-008-651-01_1729169672305_Mandibular_View.jpg,121.03937007874013,424.6299212598425,127.98425196850391,96.23622047244098,2
38326aeb-anonymous_003-008-651-01_1729169672305_Mandibular_View.jpg,759.9685039370079,441.496062992126,129.96850393700788,132.9448818897638,0
38326aeb-anonymous_003-008-651-01_1729169672305_Mandibular_View.jpg,716.3149606299213,535.7480314960629,125.99999999999997,128.9763779527559,0
38326aeb-anonymous_003-008-651-01_1729169672305_Mandibular_View.jpg,576.4251968503937,654.8031496062993,112.11023622047243,68.45669291338574,0
38326aeb-anonymous_003-008-651-01_1729169672305_Mandibular_View.jpg,418.6771653543308,667.7007874015749,98.22047244094475,72.42519685039368,0
38326aeb-anonymous_003-008-651-01_1729169672305_Mandibular_View.jpg,315.49606299212604,654.8031496062993,103.18110236220477,70.44094488188976,0
38326aeb-anonymous_003-008-651-01_1729169672305_Mandibular_View.jpg,230.1732283464567,576.4251968503936,112.11023622047243,134.92913385826765,0
38326aeb-anonymous_003-008-651-01_1729169672305_Mandibular_View.jpg,164.69291338582678,510.9448818897638,125.00787401574802,123.02362204724405,1
1a95d2ce-anonymous_003-008-620-01_1729083811620_Mandibular_View.jpg,967.3425196850396,181.14566929133838,227.9724409448822,202.0944881889763,6
1a95d2ce-anonymous_003-008-620-01_1729083811620_Mandibular_View.jpg,900.7992125984252,340.11023622047225,207.02362204724426,218.11417322834637,6
1a95d2ce-anonymous_003-008-620-01_1729083811620_Mandibular_View.jpg,7.393700787401579,181.14566929133858,239.06299212598424,182.37795275590554,6
1a95d2ce-anonymous_003-008-620-01_1729083811620_Mandibular_View.jpg,48.05905511811024,345.0393700787402,215.6496062992126,219.34645669291334,6
1a95d2ce-anonymous_003-008-620-01_1729083811620_Mandibular_View.jpg,107.20866141732283,521.2559055118111,186.07480314960628,177.4488188976378,0
1a95d2ce-anonymous_003-008-620-01_1729083811620_Mandibular_View.jpg,197.16535433070865,648.1811023622049,155.2677165354331,105.97637795275583,0
1a95d2ce-anonymous_003-008-620-01_1729083811620_Mandibular_View.jpg,300.6771653543308,698.7047244094488,146.64173228346453,101.04724409448804,3
1a95d2ce-anonymous_003-008-620-01_1729083811620_Mandibular_View.jpg,431.29921259842513,728.279527559055,125.69291338582676,117.06692913385834,1
1a95d2ce-anonymous_003-008-620-01_1729083811620_Mandibular_View.jpg,556.992125984252,725.8149606299213,114.60236220472441,124.4606299212597,1
1a95d2ce-anonymous_003-008-620-01_1729083811620_Mandibular_View.jpg,678.988188976378,690.0787401574803,142.94488188976385,130.62204724409443,2
1a95d2ce-anonymous_003-008-620-01_1729083811620_Mandibular_View.jpg,799.7519685039368,646.9488188976377,147.8740157480315,145.4094488188977,0
1a95d2ce-anonymous_003-008-620-01_1729083811620_Mandibular_View.jpg,325.3228346456692,796.0551181102362,9.858267716535504,13.555118110236341,0
1a95d2ce-anonymous_003-008-620-01_1729083811620_Mandibular_View.jpg,878.6181102362204,524.9527559055118,161.42913385826768,193.46850393700785,3
081e97f6-anonymous_003_007_480_01_1728640623511_Mandibular_View.jpg,94.23622047244093,238.36220472440948,280.8608923884515,247.6010498687664,5
081e97f6-anonymous_003_007_480_01_1728640623511_Mandibular_View.jpg,1517.0183727034125,334.4461942257218,258.6876640419947,258.6876640419948,5
081e97f6-anonymous_003_007_480_01_1728640623511_Mandibular_View.jpg,1437.5643044619421,521.0708661417322,290.09973753280883,319.6640419947507,5
081e97f6-anonymous_003_007_480_01_1728640623511_Mandibular_View.jpg,94.23622047244093,456.3989501312336,339.989501312336,280.8608923884515,5
081e97f6-anonymous_003_007_480_01_1728640623511_Mandibular_View.jpg,1358.1102362204722,768.6719160104989,295.64304461942277,262.38320209973773,4
081e97f6-anonymous_003_007_480_01_1728640623511_Mandibular_View.jpg,218.03674540682414,752.0419947506564,240.20997375328082,273.46981627296583,2
081e97f6-anonymous_003_007_480_01_1728640623511_Mandibular_View.jpg,325.20734908136484,920.1889763779528,232.81889763779532,325.2073490813649,2
081e97f6-anonymous_003_007_480_01_1728640623511_Mandibular_View.jpg,476.7244094488189,1058.7716535433067,186.6246719160105,254.9921259842519,2
081e97f6-anonymous_003_007_480_01_1728640623511_Mandibular_View.jpg,668.8923884514436,1138.225721784777,186.62467191601053,225.4278215223097,2
081e97f6-anonymous_003_007_480_01_1728640623511_Mandibular_View.jpg,936.8188976377954,1164.0944881889764,206.95013123359593,205.10236220472459,2
081e97f6-anonymous_003_007_480_01_1728640623511_Mandibular_View.jpg,1140.0734908136483,1145.6167979002623,192.16797900262475,218.0367454068244,2
081e97f6-anonymous_003_007_480_01_1728640623511_Mandibular_View.jpg,1293.4383202099739,1016.272965879265,243.90551181102356,286.4041994750657,1
5de9bc64-anonymous_003_007_418_01_1728450994783_Mandibular_View.jpg,503.7639007698885,648.1762189905904,233.41060735671536,265.31565440547445,3
5de9bc64-anonymous_003_007_418_01_1728450994783_Mandibular_View.jpg,607.875106928999,753.966638152267,216.61847733105213,238.4482463644141,1
5de9bc64-anonymous_003_007_418_01_1728450994783_Mandibular_View.jpg,752.2874251497007,822.8143712574849,235.08982035928145,208.22241231822076,1
5de9bc64-anonymous_003_007_418_01_1728450994783_Mandibular_View.jpg,965.5474764756202,874.6270316509831,174.63815226689508,228.3729683490161,1
5de9bc64-anonymous_003_007_418_01_1728450994783_Mandibular_View.jpg,1111.639007698888,846.3233532934131,171.27972626176214,240.12745936698033,1
5de9bc64-anonymous_003_007_418_01_1728450994783_Mandibular_View.jpg,1256.051325919589,807.7014542343884,191.4302822925577,248.52352437981185,1
5de9bc64-anonymous_003_007_418_01_1728450994783_Mandibular_View.jpg,1392.0675791274596,743.8913601368691,169.60051325919562,282.10778443113765,1
5de9bc64-anonymous_003_007_418_01_1728450994783_Mandibular_View.jpg,1494.4995722840033,495.36783575705726,251.8819503849444,199.8263473053892,3
5de9bc64-anonymous_003_007_418_01_1728450994783_Mandibular_View.jpg,1460.9153122326775,641.4593669803251,218.29769033361853,223.33532934131736,6
5de9bc64-anonymous_003_007_418_01_1728450994783_Mandibular_View.jpg,184.71343028229256,209.9016253207869,275.39093242087256,235.08982035928145,6
5de9bc64-anonymous_003_007_418_01_1728450994783_Mandibular_View.jpg,238.4482463644141,317.3712574850299,347.59709153122327,303.9375534644995,5
5de9bc64-anonymous_003_007_418_01_1728450994783_Mandibular_View.jpg,379.5021385799829,502.0846877673224,283.7869974337041,235.0898203592814,3
5de9bc64-anonymous_003_007_418_01_1728450994783_Mandibular_View.jpg,104.11120615911035,48.69717707442258,216.6184773310522,196.46792130025665,4
5de9bc64-anonymous_003_007_418_01_1728450994783_Mandibular_View.jpg,1605.3276304533792,23.508982035928145,240.12745936698016,209.90162532078702,5
5de9bc64-anonymous_003_007_418_01_1728450994783_Mandibular_View.jpg,1568.3849443969204,174.63815226689476,272.03250641574004,226.6937553464499,5
5de9bc64-anonymous_003_007_418_01_1728450994783_Mandibular_View.jpg,1526.4046193327633,349.2763045337895,300.5791274593667,251.88195038494445,4
1dd4bbee-anonymous_003-008-1306-01_1733398824537_Mandibular_View.jpg,979.4291338582674,260.3385826771653,224.9527559055124,198.41338582677147,6
1dd4bbee-anonymous_003-008-1306-01_1733398824537_Mandibular_View.jpg,61.9251968503937,264.12992125984255,250.22834645669292,190.83070866141733,6
1dd4bbee-anonymous_003-008-1306-01_1733398824537_Mandibular_View.jpg,24.011811023622062,64.45275590551181,230.00787401574803,230.007874015748,6
1dd4bbee-anonymous_003-008-1306-01_1733398824537_Mandibular_View.jpg,1060.311023622047,40.44094488188976,205.99606299212556,251.49212598425189,6
1dd4bbee-anonymous_003-008-1306-01_1733398824537_Mandibular_View.jpg,1060.3110236220473,156.70866141732282,10.110236220472483,8.846456692913392,6
1dd4bbee-anonymous_003-008-1306-01_1733398824537_Mandibular_View.jpg,960.4724409448818,404.40944881889766,178.1929133858268,142.80708661417327,3
1dd4bbee-anonymous_003-008-1306-01_1733398824537_Mandibular_View.jpg,122.58661417322837,448.64173228346453,211.0511811023622,130.16929133858264,1
1dd4bbee-anonymous_003-008-1306-01_1733398824537_Mandibular_View.jpg,184.51181102362202,561.1181102362208,192.09448818897644,146.59842519685049,1
1dd4bbee-anonymous_003-008-1306-01_1733398824537_Mandibular_View.jpg,278.03149606299195,612.9330708661415,109.94881889763795,139.01574803149592,1
1dd4bbee-anonymous_003-008-1306-01_1733398824537_Mandibular_View.jpg,369.023622047244,673.5944881889765,146.59842519685037,102.36614173228332,1
1dd4bbee-anonymous_003-008-1306-01_1733398824537_Mandibular_View.jpg,521.9409448818898,688.7598425196851,137.75196850393706,122.58661417322824,1
1dd4bbee-anonymous_003-008-1306-01_1733398824537_Mandibular_View.jpg,663.484251968504,717.8267716535433,127.64173228346449,106.15748031496058,1
1dd4bbee-anonymous_003-008-1306-01_1733398824537_Mandibular_View.jpg,731.7283464566929,638.2086614173227,146.59842519685037,152.91732283464566,1
1dd4bbee-anonymous_003-008-1306-01_1733398824537_Mandibular_View.jpg,874.535433070866,592.7125984251968,113.74015748031498,189.56692913385828,1
1dd4bbee-anonymous_003-008-1306-01_1733398824537_Mandibular_View.jpg,908.6574803149608,513.0944881889764,169.34645669291345,181.98425196850397,1
680ad8ce-anonymous_003_007_366_01_1728116583995_Mandibular_View.jpg,1925.5124037639005,50.176218990590236,340.78015397775886,315.6920444824637,6
680ad8ce-anonymous_003_007_366_01_1728116583995_Mandibular_View.jpg,1843.9760479041915,301.0573139435415,407.681779298546,334.508126603935,6
680ad8ce-anonymous_003_007_366_01_1728116583995_Mandibular_View.jpg,1860.7014542343884,585.3892215568862,336.5988023952098,240.42771599657823,6
680ad8ce-anonymous_003_007_366_01_1728116583995_Mandibular_View.jpg,1818.8879384088964,740.0992301112061,326.1454234388369,311.5106928999145,4
680ad8ce-anonymous_003_007_366_01_1728116583995_Mandibular_View.jpg,328.2360992301111,43.90419161676645,347.05218135158253,252.97177074422584,5
680ad8ce-anonymous_003_007_366_01_1728116583995_Mandibular_View.jpg,290.6039349871685,273.8785286569718,411.86313088109495,344.96150556030784,4
680ad8ce-anonymous_003_007_366_01_1728116583995_Mandibular_View.jpg,334.50812660393507,554.0290846877673,359.59623609923005,227.8836612489305,0
680ad8ce-anonymous_003_007_366_01_1728116583995_Mandibular_View.jpg,386.77502138579973,756.8246364414032,338.68947818648434,334.50812660393456,0
680ad8ce-anonymous_003_007_366_01_1728116583995_Mandibular_View.jpg,572.8451668092387,890.6278870829774,255.0624465355006,361.68691189050503,0
680ad8ce-anonymous_003_007_366_01_1728116583995_Mandibular_View.jpg,807.0008554319928,1045.3378956372917,246.69974337040316,265.51582549187526,0
680ad8ce-anonymous_003_007_366_01_1728116583995_Mandibular_View.jpg,1049.5192472198448,1126.8742514970036,255.06244653550115,236.24636441403018,0
680ad8ce-anonymous_003_007_366_01_1728116583995_Mandibular_View.jpg,1287.8562874251497,1099.6954662104347,255.06244653550044,271.78785286569854,0
680ad8ce-anonymous_003_007_366_01_1728116583995_Mandibular_View.jpg,1526.1933276304533,1049.519247219846,259.24379811804937,257.1531223267749,0
680ad8ce-anonymous_003_007_366_01_1728116583995_Mandibular_View.jpg,1712.263473053892,905.2626176218993,250.88109495295132,386.7750213857998,1
f972d88f-anonymous_003-008-1478-01_1734169137449_Mandibular_View.jpg,1012.8674540682415,43.49737532808398,202.57349081364842,206.30183727034125,6
f972d88f-anonymous_003-008-1478-01_1734169137449_Mandibular_View.jpg,36.04068241469815,118.06430446194224,186.4173228346457,202.57349081364833,6
f972d88f-anonymous_003-008-1478-01_1734169137449_Mandibular_View.jpg,67.11023622047243,295.7821522309711,210.03018372703417,160.31889763779532,6
f972d88f-anonymous_003-008-1478-01_1734169137449_Mandibular_View.jpg,973.0984251968505,213.75853018372703,237.37139107611537,187.6601049868766,6
f972d88f-anonymous_003-008-1478-01_1734169137449_Mandibular_View.jpg,934.5721784776904,375.3202099737532,193.8740157480316,154.10498687664045,2
f972d88f-anonymous_003-008-1478-01_1734169137449_Mandibular_View.jpg,101.90813648293957,427.5170603674541,200.08792650918625,136.70603674540683,2
f972d88f-anonymous_003-008-1478-01_1734169137449_Mandibular_View.jpg,144.16272965879287,538.1246719160105,154.10498687664014,131.73490813648323,1
f972d88f-anonymous_003-008-1478-01_1734169137449_Mandibular_View.jpg,223.70078740157487,651.217847769028,145.40551181102364,120.54986876640415,1
f972d88f-anonymous_003-008-1478-01_1734169137449_Mandibular_View.jpg,339.2795275590551,717.0853018372703,121.79265091863519,111.8503937007874,1
f972d88f-anonymous_003-008-1478-01_1734169137449_Mandibular_View.jpg,453.6154855643038,739.4553805774277,120.54986876640478,114.33595800524948,1
f972d88f-anonymous_003-008-1478-01_1734169137449_Mandibular_View.jpg,580.3792650918635,735.7270341207347,132.97769028871392,105.63648293963261,1
f972d88f-anonymous_003-008-1478-01_1734169137449_Mandibular_View.jpg,702.1719160104988,694.7152230971127,134.22047244094475,103.1509186351707,1
f972d88f-anonymous_003-008-1478-01_1734169137449_Mandibular_View.jpg,821.479002624672,582.8648293963256,124.27821522309719,169.01837270341198,2
f972d88f-anonymous_003-008-1478-01_1734169137449_Mandibular_View.jpg,908.4737532808399,494.62729658792654,166.53280839895015,183.93175853018363,2
