image_id,tooth_id,surface,icdas,gx,gy,gw,gh
27.jpg,,,3,26,552,148,212
27.jpg,,,1,112,667,280,177
27.jpg,,,3,429,397,304,336
27.jpg,,,3,412,677,247,192
27.jpg,,,3,684,624,259,342
27.jpg,,,3,840,473,269,270
27.jpg,,,3,936,729,222,212
27.jpg,,,3,1114,407,327,384
27.jpg,,,3,1443,366,277,383
27.jpg,,,0,1403,748,128,150
27.jpg,,,3,1712,323,171,310
27.jpg,,,0,1867,310,90,221
27.jpg,,,0,1838,571,79,171
27.jpg,,,1,1712,627,151,227
249.jpg,,,1,354,542,146,185
249.jpg,,,1,464,528,179,258
249.jpg,,,0,615,487,181,235
249.jpg,,,0,771,426,240,269
249.jpg,,,0,1016,409,242,282
249.jpg,,,0,1249,491,132,220
249.jpg,,,0,1367,477,144,268
249.jpg,,,0,1503,493,106,205
249.jpg,,,0,729,678,123,121
249.jpg,,,1,594,700,108,124
249.jpg,,,0,452,685,116,177
249.jpg,,,0,378,700,74,125
249.jpg,,,0,1005,655,113,103
249.jpg,,,0,881,682,103,62
249.jpg,,,0,1375,663,156,161
249.jpg,,,0,1271,678,98,97
249.jpg,,,1,1154,683,98,79
159.jpg,,,0,109,437,39,188
159.jpg,,,0,143,430,75,224
159.jpg,,,1,212,432,124,217
159.jpg,,,1,326,377,234,270
159.jpg,,,1,559,395,253,256
159.jpg,,,1,824,462,214,217
159.jpg,,,1,1049,422,208,270
159.jpg,,,1,1257,489,158,193
159.jpg,,,0,1323,691,1,1
159.jpg,,,1,1419,505,130,149
159.jpg,,,2,1542,484,107,120
159.jpg,,,1,175,632,79,130
159.jpg,,,1,243,626,91,175
159.jpg,,,1,328,639,133,202
159.jpg,,,0,458,639,148,188
159.jpg,,,0,611,636,167,199
159.jpg,,,0,785,624,170,229
159.jpg,,,1,966,635,183,231
159.jpg,,,1,1152,636,175,198
159.jpg,,,0,1306,649,151,118
159.jpg,,,2,1453,605,191,93
6.jpg,,,0,967,373,312,338
6.jpg,,,0,1273,376,242,308
6.jpg,,,0,1524,391,121,221
6.jpg,,,0,1653,347,140,208
6.jpg,,,0,1802,380,80,169
6.jpg,,,0,1868,347,88,205
6.jpg,,,0,674,392,292,331
6.jpg,,,0,468,431,235,246
6.jpg,,,0,320,400,183,242
6.jpg,,,0,191,370,166,223
6.jpg,,,0,87,342,133,180
6.jpg,,,2,104,527,169,155
6.jpg,,,1,309,633,225,181
6.jpg,,,0,538,667,168,193
6.jpg,,,2,726,710,177,140
6.jpg,,,0,906,692,174,159
6.jpg,,,0,1081,691,174,153
6.jpg,,,0,1257,661,183,171
6.jpg,,,0,1443,618,144,192
6.jpg,,,0,1600,561,142,222
6.jpg,,,0,1729,561,109,193
2.jpg,,,3,44,364,242,339
2.jpg,,,1,288,350,262,336
2.jpg,,,2,552,435,266,280
2.jpg,,,2,829,394,298,350
2.jpg,,,2,1140,456,263,308
2.jpg,,,2,1410,510,203,245
2.jpg,,,2,1614,519,306,221
2.jpg,,,0,1823,695,159,181
2.jpg,,,2,1484,744,350,180
2.jpg,,,2,1227,723,244,246
2.jpg,,,2,954,700,280,295
2.jpg,,,2,694,668,256,297
2.jpg,,,0,499,667,197,279
2.jpg,,,0,347,661,154,298
2.jpg,,,0,227,698,118,264
2.jpg,,,0,137,698,89,208
2.jpg,,,0,70,697,69,166
177.jpg,,,4,238,932,284,258
177.jpg,,,3,309,758,275,238
177.jpg,,,2,386,638,224,169
177.jpg,,,2,394,453,232,196
177.jpg,,,1,468,314,200,152
177.jpg,,,1,625,262,190,128
177.jpg,,,1,818,240,214,138
177.jpg,,,0,1034,207,220,154
177.jpg,,,1,1220,273,198,137
177.jpg,,,1,1402,293,216,189
177.jpg,,,2,1433,484,246,189
177.jpg,,,2,1449,675,243,155
177.jpg,,,3,1425,833,282,197
177.jpg,,,4,1503,969,287,210
36.jpg,,,1,254,319,206,306
36.jpg,,,1,439,395,230,311
36.jpg,,,1,645,357,337,356
36.jpg,,,0,981,322,343,378
36.jpg,,,1,1320,367,224,319
36.jpg,,,1,1549,320,213,308
36.jpg,,,0,1722,395,179,267
36.jpg,,,1,986,621,188,216
36.jpg,,,1,1328,613,258,260
36.jpg,,,1,1535,529,200,288
36.jpg,,,1,416,592,193,186
36.jpg,,,1,793,630,178,240
202.jpg,,,1,713,700,355,292
202.jpg,,,0,719,994,304,176
202.jpg,,,0,783,508,323,206
202.jpg,,,1,797,333,352,178
202.jpg,,,0,849,251,311,119
202.jpg,,,1,977,751,278,233
202.jpg,,,0,994,613,252,142
137.jpg,,,3,0,905,370,385
137.jpg,,,4,199,743,293,212
137.jpg,,,4,246,414,299,311
137.jpg,,,0,425,282,174,175
137.jpg,,,5,600,209,179,184
137.jpg,,,4,762,167,249,195
137.jpg,,,5,1006,180,223,205
137.jpg,,,5,1231,252,187,190
137.jpg,,,4,1469,493,306,324
137.jpg,,,5,1537,756,362,364
157.jpg,,,2,897,512,146,169
157.jpg,,,1,1009,490,101,182
157.jpg,,,2,918,657,71,159
157.jpg,,,1,993,672,30,140
72.jpg,,,4,39,15,329,310
72.jpg,,,3,134,308,323,331
72.jpg,,,2,267,613,253,192
72.jpg,,,1,376,778,210,218
72.jpg,,,0,531,929,178,187
72.jpg,,,0,680,1023,172,163
72.jpg,,,0,845,1042,155,165
72.jpg,,,0,1005,1048,155,155
72.jpg,,,0,1162,1015,169,166
72.jpg,,,0,1287,934,180,183
72.jpg,,,1,1402,780,213,214
72.jpg,,,2,1461,598,255,212
72.jpg,,,1,1522,310,302,323
72.jpg,,,2,1606,12,321,317
53.jpg,,,2,167,118,244,264
53.jpg,,,3,229,347,269,340
53.jpg,,,2,365,652,210,207
53.jpg,,,1,474,826,217,230
53.jpg,,,0,622,983,201,197
53.jpg,,,0,780,1064,165,163
53.jpg,,,0,946,1099,147,147
53.jpg,,,0,1097,1073,142,144
53.jpg,,,0,1242,1055,158,142
53.jpg,,,0,1334,907,195,202
53.jpg,,,1,1425,726,224,219
53.jpg,,,2,1481,539,211,187
53.jpg,,,4,1536,233,233,306
53.jpg,,,3,1558,0,226,244
253.jpg,,,2,249,964,277,253
253.jpg,,,2,300,757,277,260
253.jpg,,,1,386,619,246,170
253.jpg,,,1,453,453,242,197
253.jpg,,,1,554,284,189,192
253.jpg,,,0,688,170,163,149
253.jpg,,,0,800,66,218,183
253.jpg,,,0,1022,63,199,182
253.jpg,,,0,1190,140,154,162
253.jpg,,,1,1269,250,186,206
253.jpg,,,1,1311,417,243,196
253.jpg,,,1,1381,587,227,162
253.jpg,,,2,1388,735,269,258
253.jpg,,,2,1415,951,262,244
126.jpg,,,1,67,409,87,270
126.jpg,,,1,119,449,87,256
126.jpg,,,1,172,412,246,302
126.jpg,,,0,411,425,263,283
126.jpg,,,0,688,439,228,256
126.jpg,,,2,921,389,260,288
126.jpg,,,2,1190,471,261,193
126.jpg,,,2,1440,433,238,192
126.jpg,,,2,1676,451,168,105
126.jpg,,,2,208,702,93,138
126.jpg,,,1,306,711,81,113
126.jpg,,,0,378,704,159,120
126.jpg,,,0,530,627,157,204
126.jpg,,,1,697,655,197,189
126.jpg,,,1,904,625,212,252
126.jpg,,,2,1161,622,261,183
126.jpg,,,2,1384,603,311,152
126.jpg,,,2,1657,537,281,120
232.jpg,,,0,681,453,210,245
232.jpg,,,3,902,495,200,233
232.jpg,,,1,867,704,104,199
232.jpg,,,1,652,715,187,237
1.jpg,,,3,741,298,319,338
1.jpg,,,1,496,348,259,276
1.jpg,,,2,314,286,193,311
1.jpg,,,2,176,287,157,252
1.jpg,,,1,1053,278,310,344
1.jpg,,,1,1367,335,219,273
1.jpg,,,2,1591,292,176,304
1.jpg,,,2,1761,323,101,236
1.jpg,,,1,1765,552,85,175
1.jpg,,,2,1597,567,168,227
1.jpg,,,2,1436,583,195,249
1.jpg,,,0,1257,605,171,251
1.jpg,,,0,1050,608,171,262
1.jpg,,,0,859,632,177,254
1.jpg,,,0,659,612,200,222
1.jpg,,,2,497,598,153,223
1.jpg,,,2,279,571,206,232
1.jpg,,,1,202,549,86,137
1.jpg,,,2,96,473,104,167
1.jpg,,,0,21,255,95,264
262.jpg,,,1,545,488,222,223
262.jpg,,,1,757,439,265,274
262.jpg,,,0,1034,414,220,278
262.jpg,,,0,1258,382,281,316
262.jpg,,,0,1526,391,201,296
262.jpg,,,1,1726,406,124,237
262.jpg,,,2,1691,634,126,185
262.jpg,,,0,1481,668,129,154
262.jpg,,,1,1342,690,127,135
262.jpg,,,2,1161,645,159,199
262.jpg,,,2,932,639,239,244
262.jpg,,,1,696,635,240,220
262.jpg,,,1,523,659,179,141
262.jpg,,,2,242,623,289,151
262.jpg,,,2,367,528,185,154
262.jpg,,,2,135,438,232,193
226.jpg,,,0,287,423,249,323
226.jpg,,,0,129,504,177,224
226.jpg,,,1,122,716,163,182
226.jpg,,,0,260,722,158,135
226.jpg,,,0,564,740,166,131
226.jpg,,,0,525,392,281,357
226.jpg,,,0,805,430,246,284
226.jpg,,,0,1060,374,249,317
226.jpg,,,0,936,647,242,313
226.jpg,,,0,726,690,204,183
226.jpg,,,0,1183,654,227,295
226.jpg,,,0,1299,422,229,264
226.jpg,,,0,1396,685,143,179
226.jpg,,,3,1513,618,226,176
226.jpg,,,0,1519,476,140,196
218.jpg,,,4,123,45,313,291
218.jpg,,,3,184,313,309,270
218.jpg,,,2,271,567,235,205
218.jpg,,,1,351,707,233,212
218.jpg,,,1,498,840,198,225
218.jpg,,,0,621,978,175,165
218.jpg,,,0,776,1043,156,114
218.jpg,,,0,937,1044,155,123
218.jpg,,,0,1094,1022,169,145
218.jpg,,,0,1221,921,204,226
218.jpg,,,0,1360,802,220,216
218.jpg,,,3,1449,635,236,236
218.jpg,,,2,1492,407,304,310
218.jpg,,,4,1619,261,265,215
28.jpg,,,3,26,377,139,304
28.jpg,,,3,144,467,145,252
28.jpg,,,2,156,723,103,184
28.jpg,,,3,288,425,274,378
28.jpg,,,2,296,797,107,130
28.jpg,,,3,556,454,316,376
28.jpg,,,3,874,416,301,345
28.jpg,,,1,843,726,198,236
28.jpg,,,3,1055,648,254,344
28.jpg,,,0,1211,531,232,160
28.jpg,,,3,1299,685,257,277
28.jpg,,,1,1443,469,225,257
28.jpg,,,1,1676,537,222,183
28.jpg,,,1,1570,719,263,144
28.jpg,,,5,1843,700,150,130
168.jpg,,,2,87,471,59,159
168.jpg,,,2,136,495,103,158
168.jpg,,,2,216,509,117,185
168.jpg,,,2,297,488,136,197
168.jpg,,,1,420,477,151,200
168.jpg,,,1,549,435,194,221
168.jpg,,,1,755,415,233,244
168.jpg,,,1,994,415,239,244
168.jpg,,,1,1232,436,175,217
168.jpg,,,1,1406,432,117,229
168.jpg,,,1,1509,476,104,190
168.jpg,,,1,1583,495,84,175
168.jpg,,,2,1658,464,95,170
168.jpg,,,2,155,655,137,140
168.jpg,,,1,299,678,85,131
168.jpg,,,1,384,648,160,152
168.jpg,,,0,543,652,134,122
168.jpg,,,0,667,616,168,156
168.jpg,,,0,826,648,156,69
168.jpg,,,1,983,645,151,90
168.jpg,,,0,1132,621,150,128
168.jpg,,,0,1287,639,126,110
168.jpg,,,1,1410,639,137,158
168.jpg,,,2,1591,624,117,151
168.jpg,,,1,1539,661,56,128
155.jpg,,,3,142,39,309,248
155.jpg,,,4,222,287,333,327
155.jpg,,,0,350,560,260,215
155.jpg,,,0,387,753,241,226
155.jpg,,,0,509,924,213,217
155.jpg,,,0,680,1000,185,196
155.jpg,,,0,846,1055,171,187
155.jpg,,,0,1017,1046,182,168
155.jpg,,,0,1182,1009,185,180
155.jpg,,,0,1299,899,195,203
155.jpg,,,0,1384,706,242,245
155.jpg,,,0,1407,514,262,216
155.jpg,,,4,1468,260,330,318
155.jpg,,,5,1453,3,318,249
273.jpg,,,2,186,482,85,181
273.jpg,,,1,250,448,71,224
273.jpg,,,2,84,415,104,211
273.jpg,,,2,292,434,111,261
273.jpg,,,2,392,390,193,333
273.jpg,,,1,579,372,236,310
273.jpg,,,0,795,403,269,336
273.jpg,,,0,1071,375,275,353
273.jpg,,,1,1327,412,195,281
273.jpg,,,1,1507,459,170,308
273.jpg,,,1,1660,529,111,231
273.jpg,,,2,406,654,170,234
273.jpg,,,1,579,644,204,259
273.jpg,,,1,927,719,131,151
273.jpg,,,0,1051,709,174,203
273.jpg,,,1,1229,662,121,162
273.jpg,,,1,1340,665,193,277
273.jpg,,,1,1529,699,131,230
273.jpg,,,1,1658,749,82,151
273.jpg,,,1,323,679,92,150
273.jpg,,,1,241,657,112,137
57.jpg,,,2,138,946,278,302
57.jpg,,,2,187,678,265,286
57.jpg,,,1,187,481,210,200
57.jpg,,,1,274,309,191,211
57.jpg,,,1,403,179,172,178
57.jpg,,,0,516,113,179,176
57.jpg,,,0,677,89,152,155
57.jpg,,,0,812,131,153,142
57.jpg,,,0,931,80,169,152
57.jpg,,,0,1068,107,165,185
57.jpg,,,1,1161,231,194,213
57.jpg,,,1,1264,387,207,216
57.jpg,,,2,1294,558,294,296
57.jpg,,,3,1407,825,282,289
247.jpg,,,2,267,579,249,225
247.jpg,,,3,185,306,306,301
247.jpg,,,3,176,3,187,337
247.jpg,,,1,376,729,231,263
247.jpg,,,0,502,911,177,227
247.jpg,,,0,662,1001,189,160
247.jpg,,,0,821,1061,170,120
247.jpg,,,0,996,1058,171,110
247.jpg,,,0,1144,1012,183,161
247.jpg,,,0,1304,954,190,211
247.jpg,,,0,1352,762,243,238
247.jpg,,,0,1421,596,253,217
247.jpg,,,1,1503,328,302,321
247.jpg,,,2,1638,62,174,291
15.jpg,,,2,1656,231,287,268
15.jpg,,,1,1501,475,324,298
15.jpg,,,1,1458,747,232,209
15.jpg,,,1,1303,825,203,234
15.jpg,,,0,1196,957,151,205
15.jpg,,,0,1021,1047,192,156
15.jpg,,,0,715,1038,144,132
15.jpg,,,0,548,951,160,172
15.jpg,,,0,364,812,206,229
15.jpg,,,0,246,648,233,181
15.jpg,,,3,138,348,318,295
15.jpg,,,2,60,73,303,270
204.jpg,,,0,6,477,291,320
204.jpg,,,0,291,464,303,333
204.jpg,,,0,590,483,230,286
204.jpg,,,1,828,403,246,353
204.jpg,,,1,767,675,217,285
204.jpg,,,1,987,706,165,200
204.jpg,,,1,1060,486,146,249
204.jpg,,,1,1231,678,253,131
204.jpg,,,2,1275,486,175,208
204.jpg,,,0,1178,539,114,197
204.jpg,,,1,571,719,186,210
204.jpg,,,1,381,748,184,176
16.jpg,,,4,981,351,312,345
16.jpg,,,4,684,350,301,341
16.jpg,,,4,1291,342,223,297
16.jpg,,,4,473,388,216,271
16.jpg,,,1,276,358,207,292
16.jpg,,,0,147,345,134,280
16.jpg,,,0,62,338,113,218
16.jpg,,,1,1482,239,232,330
16.jpg,,,2,1711,264,100,314
16.jpg,,,0,1826,321,77,202
16.jpg,,,2,124,584,74,139
16.jpg,,,2,211,617,89,169
16.jpg,,,2,287,629,159,233
16.jpg,,,3,447,623,206,289
16.jpg,,,4,627,642,224,283
16.jpg,,,4,824,658,209,279
16.jpg,,,4,1027,667,210,243
16.jpg,,,4,1229,620,198,280
16.jpg,,,2,1414,602,184,297
16.jpg,,,2,1581,571,171,220
16.jpg,,,0,1726,552,101,161
276.jpg,,,1,81,340,251,352
276.jpg,,,0,313,387,269,369
276.jpg,,,0,597,345,286,396
276.jpg,,,1,867,376,255,333
276.jpg,,,1,1110,422,244,366
276.jpg,,,1,1351,491,170,273
276.jpg,,,1,1525,497,118,229
276.jpg,,,1,1626,516,135,186
276.jpg,,,1,1759,486,152,194
276.jpg,,,2,121,639,189,257
276.jpg,,,1,478,741,133,142
276.jpg,,,0,600,728,177,197
276.jpg,,,0,782,652,136,173
276.jpg,,,1,919,654,247,327
276.jpg,,,1,1171,710,193,226
276.jpg,,,1,1356,701,167,211
276.jpg,,,1,1516,694,147,160
188.jpg,,,0,134,406,128,247
188.jpg,,,0,114,418,43,117
188.jpg,,,0,268,365,194,341
188.jpg,,,0,461,439,285,316
188.jpg,,,0,757,517,237,233
188.jpg,,,0,1019,553,150,113
188.jpg,,,0,1187,539,190,221
188.jpg,,,0,1358,580,132,146
188.jpg,,,0,1484,528,150,141
188.jpg,,,0,1158,678,162,149
188.jpg,,,0,939,614,216,233
188.jpg,,,0,746,648,163,199
188.jpg,,,0,570,652,168,165
188.jpg,,,0,441,635,103,169
145.jpg,,,0,455,495,201,221
145.jpg,,,0,651,508,234,252
145.jpg,,,0,854,556,100,193
145.jpg,,,2,952,501,113,268
145.jpg,,,3,448,681,207,227
145.jpg,,,2,641,706,87,142
145.jpg,,,1,720,750,100,76
145.jpg,,,1,846,740,66,66
239.jpg,,,2,343,519,176,141
239.jpg,,,1,521,522,164,180
239.jpg,,,1,684,510,189,203
239.jpg,,,1,863,492,223,243
239.jpg,,,1,1082,483,226,232
239.jpg,,,1,1292,443,246,269
239.jpg,,,1,1526,436,224,273
239.jpg,,,0,1721,452,105,232
239.jpg,,,1,1815,453,85,227
239.jpg,,,2,376,629,232,180
239.jpg,,,1,619,665,157,160
239.jpg,,,1,784,658,191,213
239.jpg,,,1,984,672,192,223
239.jpg,,,1,1178,668,158,190
239.jpg,,,1,1335,694,133,150
239.jpg,,,2,1470,699,148,183
239.jpg,,,1,1602,715,91,153
239.jpg,,,2,1687,675,120,203
239.jpg,,,1,204,588,174,113
81.jpg,,,1,125,411,303,317
81.jpg,,,0,420,399,307,340
81.jpg,,,0,723,403,255,326
81.jpg,,,1,986,367,268,367
81.jpg,,,1,1251,411,250,303
81.jpg,,,2,1486,426,227,245
81.jpg,,,2,1706,442,258,200
81.jpg,,,1,86,671,159,207
81.jpg,,,0,244,699,163,202
81.jpg,,,1,412,696,171,221
81.jpg,,,0,580,661,210,257
81.jpg,,,1,802,637,239,317
81.jpg,,,1,1042,655,273,271
81.jpg,,,1,1303,657,255,251
81.jpg,,,1,1556,627,323,220
229.jpg,,,1,107,963,322,271
229.jpg,,,3,191,664,356,326
229.jpg,,,2,285,487,290,229
229.jpg,,,0,360,302,256,251
229.jpg,,,0,479,142,210,227
229.jpg,,,0,625,177,204,187
229.jpg,,,0,829,186,168,163
229.jpg,,,0,993,165,176,167
229.jpg,,,0,1155,177,204,173
229.jpg,,,0,1338,165,210,236
229.jpg,,,0,1446,301,238,246
229.jpg,,,0,1469,477,273,232
229.jpg,,,3,1475,658,344,332
229.jpg,,,2,1606,955,280,249
215.jpg,,,2,265,394,174,151
215.jpg,,,1,431,387,131,186
215.jpg,,,1,326,527,171,160
215.jpg,,,1,565,403,185,203
215.jpg,,,1,502,553,162,182
215.jpg,,,1,656,556,192,206
215.jpg,,,1,745,405,222,206
215.jpg,,,1,961,397,224,224
215.jpg,,,1,1186,377,250,279
215.jpg,,,0,1426,373,198,255
215.jpg,,,1,1620,390,119,216
215.jpg,,,1,848,566,190,209
215.jpg,,,1,1038,570,171,212
215.jpg,,,0,1210,603,146,178
215.jpg,,,0,1358,609,139,165
215.jpg,,,0,1490,617,116,141
147.jpg,,,1,74,454,69,215
147.jpg,,,0,103,488,91,222
147.jpg,,,0,159,473,168,278
147.jpg,,,1,328,501,146,242
147.jpg,,,0,430,451,255,320
147.jpg,,,0,693,458,259,285
147.jpg,,,0,945,469,213,284
147.jpg,,,0,1161,474,225,253
147.jpg,,,0,1364,495,143,251
147.jpg,,,1,1491,504,90,198
147.jpg,,,1,1571,463,110,193
147.jpg,,,1,1690,419,133,174
147.jpg,,,3,225,742,170,155
147.jpg,,,2,374,740,144,94
147.jpg,,,2,526,760,120,64
147.jpg,,,1,670,743,99,57
147.jpg,,,1,772,750,100,61
147.jpg,,,1,893,735,101,54
147.jpg,,,2,1010,695,206,179
147.jpg,,,2,1291,718,188,145
147.jpg,,,1,1476,648,215,149
147.jpg,,,3,1665,592,157,113
194.jpg,,,3,150,996,315,285
194.jpg,,,2,237,662,255,191
194.jpg,,,1,307,455,260,220
194.jpg,,,1,408,279,215,224
194.jpg,,,0,563,180,183,181
194.jpg,,,1,722,121,238,205
194.jpg,,,1,963,123,247,177
194.jpg,,,3,1218,182,154,154
194.jpg,,,2,1332,279,205,213
194.jpg,,,6,1403,451,251,225
194.jpg,,,3,1482,638,244,206
194.jpg,,,2,1496,807,314,330
194.jpg,,,3,1524,1072,309,214
199.jpg,,,3,262,207,300,296
199.jpg,,,2,328,488,258,195
199.jpg,,,3,380,678,243,190
199.jpg,,,2,465,854,188,211
199.jpg,,,0,610,1010,191,166
199.jpg,,,1,770,1055,232,206
199.jpg,,,1,1006,1059,232,213
199.jpg,,,1,1197,994,194,184
199.jpg,,,0,1341,873,213,211
199.jpg,,,1,1422,702,231,200
199.jpg,,,1,1470,528,253,192
199.jpg,,,2,1494,226,317,325
219.jpg,,,1,63,383,90,214
219.jpg,,,2,146,316,91,357
219.jpg,,,3,205,380,110,303
219.jpg,,,3,316,381,140,290
219.jpg,,,1,441,328,163,308
219.jpg,,,1,306,658,125,304
219.jpg,,,2,189,669,127,266
219.jpg,,,1,90,613,100,229
219.jpg,,,1,412,624,120,249
219.jpg,,,1,590,354,201,267
219.jpg,,,1,528,611,155,346
219.jpg,,,1,667,607,177,290
219.jpg,,,2,855,637,138,231
219.jpg,,,2,1000,637,150,266
219.jpg,,,2,1139,644,136,250
219.jpg,,,1,756,356,258,294
219.jpg,,,1,1022,346,271,304
219.jpg,,,1,1287,372,195,256
219.jpg,,,2,1480,352,185,287
219.jpg,,,2,1282,616,199,283
219.jpg,,,3,1435,611,135,251
219.jpg,,,3,1513,642,201,294
219.jpg,,,3,1647,384,130,294
219.jpg,,,3,1766,397,93,253
268.jpg,,,1,579,336,210,335
268.jpg,,,1,791,329,226,388
268.jpg,,,0,980,261,124,391
268.jpg,,,1,564,621,124,371
268.jpg,,,0,677,637,120,343
268.jpg,,,0,789,630,85,288
33.jpg,,,1,273,302,301,397
33.jpg,,,1,68,316,229,379
33.jpg,,,1,262,682,117,230
33.jpg,,,1,165,686,98,226
33.jpg,,,1,378,669,143,207
33.jpg,,,0,518,641,169,233
33.jpg,,,0,573,323,276,343
33.jpg,,,0,696,585,214,312
33.jpg,,,2,852,343,324,333
33.jpg,,,2,923,624,285,323
33.jpg,,,2,1180,416,276,289
33.jpg,,,2,1212,662,264,248
33.jpg,,,2,1612,897,0,1
33.jpg,,,2,1462,484,243,226
33.jpg,,,2,1687,467,300,219
19.jpg,,,6,1576,1095,304,199
19.jpg,,,5,1543,844,289,261
19.jpg,,,1,1515,655,254,175
19.jpg,,,2,1435,469,262,175
19.jpg,,,1,1353,255,233,224
19.jpg,,,1,1220,138,187,199
19.jpg,,,1,991,48,245,236
19.jpg,,,1,749,42,244,234
19.jpg,,,1,571,125,198,189
19.jpg,,,2,408,252,254,230
19.jpg,,,1,312,435,263,207
19.jpg,,,2,244,623,265,203
19.jpg,,,5,211,821,276,286
19.jpg,,,6,159,1062,281,221
167.jpg,,,4,194,884,265,244
167.jpg,,,6,284,685,288,248
167.jpg,,,6,412,553,211,190
167.jpg,,,4,1374,898,250,231
167.jpg,,,6,1329,681,272,228
167.jpg,,,2,1423,504,184,204
167.jpg,,,2,1261,480,207,158
167.jpg,,,0,1297,374,146,128
167.jpg,,,0,1173,368,153,152
167.jpg,,,0,1020,332,153,136
167.jpg,,,0,878,296,156,135
167.jpg,,,0,749,316,177,182
167.jpg,,,1,589,298,166,179
167.jpg,,,1,494,419,197,199
167.jpg,,,0,551,1155,175,144
167.jpg,,,0,726,1103,178,196
167.jpg,,,0,862,1151,153,148
167.jpg,,,0,1013,1143,153,146
167.jpg,,,0,1164,1141,163,149
167.jpg,,,0,1309,1208,134,91
113.jpg,,,4,156,56,305,284
113.jpg,,,6,229,344,312,291
113.jpg,,,3,366,622,237,197
113.jpg,,,2,431,814,212,202
113.jpg,,,1,580,966,176,194
113.jpg,,,1,725,1018,161,198
113.jpg,,,1,888,1034,143,183
113.jpg,,,0,1034,1055,154,197
113.jpg,,,0,1150,1015,160,183
113.jpg,,,0,1271,940,174,178
113.jpg,,,1,1382,798,225,209
113.jpg,,,3,1425,597,242,208
113.jpg,,,2,1460,299,318,327
113.jpg,,,4,1533,23,293,290
43.jpg,,,1,735,460,79,260
43.jpg,,,1,812,545,74,210
43.jpg,,,0,874,422,203,289
227.jpg,,,1,224,450,211,183
227.jpg,,,2,273,615,268,195
227.jpg,,,0,427,482,181,190
227.jpg,,,0,609,463,216,245
227.jpg,,,1,819,416,269,314
227.jpg,,,0,1099,459,246,261
227.jpg,,,0,1343,396,247,314
227.jpg,,,0,1572,419,244,282
227.jpg,,,1,931,665,256,315
227.jpg,,,1,707,668,253,264
227.jpg,,,1,533,654,181,228
227.jpg,,,0,1147,705,168,145
227.jpg,,,0,1491,682,140,148
227.jpg,,,0,1630,705,128,119
250.jpg,,,1,554,439,198,276
250.jpg,,,1,755,428,184,227
250.jpg,,,0,936,397,136,242
250.jpg,,,0,880,589,126,125
250.jpg,,,0,712,590,78,152
25.jpg,,,5,87,20,384,270
25.jpg,,,0,185,301,360,307
25.jpg,,,2,323,603,303,266
25.jpg,,,2,484,840,200,171
25.jpg,,,0,590,1001,189,200
25.jpg,,,0,780,1033,196,183
25.jpg,,,1,976,1011,198,225
25.jpg,,,1,1161,982,195,196
25.jpg,,,0,1290,832,198,211
25.jpg,,,1,1347,599,281,299
25.jpg,,,0,1407,298,362,354
25.jpg,,,5,1541,10,369,351
103.jpg,,,2,391,593,101,97
103.jpg,,,2,468,604,75,101
103.jpg,,,1,507,572,98,122
103.jpg,,,1,589,562,104,144
103.jpg,,,1,686,551,123,148
103.jpg,,,0,809,498,182,172
103.jpg,,,0,1016,484,174,168
103.jpg,,,0,1191,520,137,151
103.jpg,,,1,1318,560,82,145
103.jpg,,,1,1384,580,92,122
103.jpg,,,1,1455,618,55,103
103.jpg,,,2,1500,621,72,90
103.jpg,,,2,393,683,79,76
103.jpg,,,2,452,695,107,91
103.jpg,,,1,544,690,65,100
103.jpg,,,1,590,693,95,103
103.jpg,,,2,680,686,94,80
103.jpg,,,2,786,666,110,98
103.jpg,,,0,909,601,113,145
103.jpg,,,0,1026,639,108,108
103.jpg,,,0,1142,637,102,108
103.jpg,,,1,1247,674,89,137
103.jpg,,,0,1336,703,69,93
103.jpg,,,2,1399,717,120,90
92.jpg,,,2,125,422,245,190
92.jpg,,,2,206,590,314,213
92.jpg,,,1,368,460,205,214
92.jpg,,,1,523,633,204,199
92.jpg,,,0,577,486,245,245
92.jpg,,,2,818,520,260,221
92.jpg,,,1,1061,401,265,281
92.jpg,,,0,1327,336,333,370
92.jpg,,,0,1660,354,282,298
92.jpg,,,1,951,628,266,322
92.jpg,,,1,713,675,240,235
92.jpg,,,1,1216,641,248,319
92.jpg,,,0,1460,672,142,186
92.jpg,,,0,1612,623,187,162
258.jpg,,,0,69,379,358,382
258.jpg,,,0,470,393,344,375
258.jpg,,,0,825,384,252,334
258.jpg,,,0,1073,403,234,351
258.jpg,,,1,1312,455,182,246
258.jpg,,,1,1493,501,142,193
258.jpg,,,1,1092,638,265,315
258.jpg,,,0,1352,654,152,204
258.jpg,,,2,1507,614,195,194
258.jpg,,,1,847,678,256,159
5.jpg,,,3,71,5,341,162
5.jpg,,,1,91,177,366,341
5.jpg,,,0,182,522,294,193
5.jpg,,,0,281,719,271,242
5.jpg,,,0,456,902,200,242
5.jpg,,,0,630,985,196,223
5.jpg,,,0,827,1001,173,217
5.jpg,,,0,1003,1005,165,211
5.jpg,,,0,1171,951,197,212
5.jpg,,,0,1327,865,207,230
5.jpg,,,0,1457,672,271,270
5.jpg,,,1,1526,465,281,234
5.jpg,,,2,1559,123,368,359
5.jpg,,,3,1665,14,291,115
32.jpg,,,2,420,514,190,196
32.jpg,,,2,616,529,146,192
32.jpg,,,2,768,498,210,258
32.jpg,,,2,989,477,265,262
32.jpg,,,1,1265,462,256,279
32.jpg,,,1,1529,435,319,337
32.jpg,,,2,522,723,213,143
32.jpg,,,1,741,751,172,166
32.jpg,,,2,917,737,230,246
32.jpg,,,1,1160,724,260,291
32.jpg,,,2,1435,736,205,252
32.jpg,,,0,1651,757,166,196
32.jpg,,,0,1826,760,142,202
86.jpg,,,0,46,402,256,338
86.jpg,,,0,299,375,298,356
86.jpg,,,0,596,452,246,254
86.jpg,,,0,841,363,262,343
86.jpg,,,0,1109,455,269,261
86.jpg,,,0,1378,529,204,165
86.jpg,,,5,1651,479,217,160
86.jpg,,,4,1459,590,343,175
86.jpg,,,0,1254,654,222,175
86.jpg,,,0,1020,628,246,262
86.jpg,,,0,758,616,255,320
86.jpg,,,0,541,634,216,293
86.jpg,,,0,351,717,185,169
151.jpg,,,0,306,532,134,148
151.jpg,,,0,451,500,237,223
151.jpg,,,0,712,517,206,202
151.jpg,,,0,909,476,146,231
151.jpg,,,1,665,642,114,182
151.jpg,,,1,455,657,184,184
151.jpg,,,0,838,704,55,100
34.jpg,,,3,236,984,229,288
34.jpg,,,2,239,763,321,276
34.jpg,,,2,300,582,259,196
34.jpg,,,2,354,394,255,193
34.jpg,,,1,458,199,200,208
34.jpg,,,1,609,101,205,196
34.jpg,,,2,800,33,224,237
34.jpg,,,2,1028,36,227,231
34.jpg,,,2,1243,115,191,170
34.jpg,,,1,1370,219,214,216
34.jpg,,,2,1442,399,281,224
34.jpg,,,2,1531,586,253,193
34.jpg,,,2,1535,754,313,309
34.jpg,,,4,1645,969,303,292
183.jpg,,,4,400,936,242,241
183.jpg,,,4,448,679,255,271
183.jpg,,,1,555,546,207,162
183.jpg,,,1,654,384,174,190
183.jpg,,,0,774,278,156,166
183.jpg,,,0,920,238,123,135
183.jpg,,,0,1045,251,122,121
183.jpg,,,0,1170,271,145,166
183.jpg,,,0,1278,363,177,186
183.jpg,,,2,1344,511,200,168
183.jpg,,,3,1381,657,246,261
183.jpg,,,4,1465,887,242,253
70.jpg,,,0,110,428,169,288
70.jpg,,,0,262,412,265,347
70.jpg,,,0,529,405,322,354
70.jpg,,,0,858,415,281,306
70.jpg,,,1,1136,426,229,252
70.jpg,,,1,1376,399,223,231
70.jpg,,,1,1570,447,182,193
70.jpg,,,2,77,681,168,193
70.jpg,,,2,231,720,129,188
70.jpg,,,1,367,740,159,144
70.jpg,,,0,512,716,184,190
70.jpg,,,0,704,668,173,229
70.jpg,,,0,891,648,230,217
70.jpg,,,0,1131,647,203,264
70.jpg,,,1,1338,587,230,303
70.jpg,,,1,1555,614,204,261
93.jpg,,,0,45,402,261,329
93.jpg,,,0,289,370,302,360
93.jpg,,,0,594,444,250,258
93.jpg,,,0,851,367,256,336
93.jpg,,,0,1096,463,285,251
93.jpg,,,1,1378,524,207,165
93.jpg,,,5,1645,473,208,172
93.jpg,,,4,1454,586,346,182
93.jpg,,,0,1252,650,220,182
93.jpg,,,1,1017,628,253,275
93.jpg,,,0,752,635,266,284
93.jpg,,,0,542,635,213,300
93.jpg,,,0,358,716,172,170
77.jpg,,,3,218,284,140,241
77.jpg,,,2,351,305,158,272
77.jpg,,,2,503,337,208,278
77.jpg,,,1,712,323,279,323
77.jpg,,,0,1028,317,274,329
77.jpg,,,1,1309,336,217,295
77.jpg,,,1,1534,314,173,291
77.jpg,,,1,1713,291,147,251
77.jpg,,,1,338,536,172,149
77.jpg,,,0,1610,483,156,221
77.jpg,,,0,891,467,152,227
263.jpg,,,2,793,477,210,286
263.jpg,,,1,997,480,111,278
263.jpg,,,1,1074,488,93,296
263.jpg,,,1,856,700,195,253
206.jpg,,,4,180,902,292,247
206.jpg,,,3,248,665,320,276
206.jpg,,,2,364,551,255,179
206.jpg,,,2,412,382,216,221
206.jpg,,,1,542,271,162,208
206.jpg,,,0,684,223,172,187
206.jpg,,,0,825,178,153,162
206.jpg,,,0,978,163,155,183
206.jpg,,,0,1106,189,172,193
206.jpg,,,0,1277,203,155,193
206.jpg,,,0,1287,313,224,230
206.jpg,,,1,1293,500,260,173
206.jpg,,,2,1351,609,307,276
206.jpg,,,3,1444,846,301,276
46.jpg,,,3,165,972,303,327
46.jpg,,,1,174,764,279,220
46.jpg,,,1,265,562,279,234
46.jpg,,,0,355,319,249,251
46.jpg,,,0,536,186,235,213
46.jpg,,,0,742,49,275,271
46.jpg,,,0,1020,70,269,234
46.jpg,,,0,1229,244,222,200
46.jpg,,,0,1439,268,234,213
46.jpg,,,2,1422,521,281,254
46.jpg,,,1,1523,741,278,229
46.jpg,,,2,1519,959,327,268
283.jpg,,,3,174,945,299,249
283.jpg,,,2,240,757,290,268
283.jpg,,,3,349,403,259,243
283.jpg,,,3,1476,997,293,224
283.jpg,,,3,494,293,202,214
283.jpg,,,2,614,180,171,180
283.jpg,,,2,328,614,252,195
283.jpg,,,2,1458,787,292,251
283.jpg,,,2,1430,651,256,167
283.jpg,,,2,1391,472,275,191
283.jpg,,,1,1389,289,209,200
283.jpg,,,0,1251,239,191,170
283.jpg,,,0,1015,179,232,213
283.jpg,,,0,790,153,237,167
37.jpg,,,1,612,490,158,275
37.jpg,,,2,760,456,200,276
37.jpg,,,1,919,450,95,251
37.jpg,,,1,745,686,82,193
181.jpg,,,0,396,463,104,142
181.jpg,,,1,506,524,171,148
181.jpg,,,2,405,610,163,111
181.jpg,,,2,567,654,243,134
181.jpg,,,1,680,577,137,137
181.jpg,,,1,807,553,177,187
181.jpg,,,1,789,696,172,121
181.jpg,,,0,972,525,198,217
181.jpg,,,0,959,668,189,192
181.jpg,,,0,1178,504,217,247
181.jpg,,,0,1148,688,172,179
181.jpg,,,0,1391,471,248,285
181.jpg,,,0,1639,429,226,293
181.jpg,,,0,1915,353,85,286
181.jpg,,,0,1851,476,62,213
181.jpg,,,0,1361,690,133,141
44.jpg,,,0,16,416,155,158
44.jpg,,,1,168,447,232,205
44.jpg,,,0,394,473,223,243
44.jpg,,,0,571,379,331,318
44.jpg,,,0,874,525,253,250
44.jpg,,,0,1128,450,349,354
44.jpg,,,0,1478,421,248,354
44.jpg,,,0,1714,452,120,291
44.jpg,,,0,1828,381,87,298
44.jpg,,,1,657,618,275,227
44.jpg,,,1,419,642,232,230
44.jpg,,,1,167,609,262,162
210.jpg,,,1,192,407,215,269
210.jpg,,,1,398,399,248,278
210.jpg,,,1,641,421,221,253
210.jpg,,,1,859,415,221,262
210.jpg,,,1,1082,471,210,232
210.jpg,,,1,1287,519,172,191
210.jpg,,,1,1461,513,241,203
210.jpg,,,0,458,652,149,207
210.jpg,,,0,603,631,169,222
210.jpg,,,1,774,631,205,264
210.jpg,,,0,983,637,202,250
210.jpg,,,1,1180,677,196,192
210.jpg,,,1,1380,679,277,191
210.jpg,,,1,280,673,113,155
210.jpg,,,1,215,675,91,183
84.jpg,,,1,565,419,282,292
84.jpg,,,1,845,271,266,317
84.jpg,,,1,867,574,214,364
84.jpg,,,1,626,585,294,360
51.jpg,,,1,113,374,288,360
51.jpg,,,0,405,425,292,327
51.jpg,,,0,706,476,258,285
51.jpg,,,1,973,438,282,285
51.jpg,,,0,1258,484,232,210
51.jpg,,,0,1494,459,216,199
51.jpg,,,0,1713,436,185,134
51.jpg,,,1,622,644,202,254
51.jpg,,,0,457,743,158,148
51.jpg,,,0,831,639,252,265
51.jpg,,,0,1094,628,261,262
51.jpg,,,0,1351,618,243,166
51.jpg,,,1,1599,546,311,192
179.jpg,,,1,260,403,79,140
179.jpg,,,0,335,446,75,131
179.jpg,,,1,384,423,110,193
179.jpg,,,1,482,406,133,221
179.jpg,,,0,613,403,162,248
179.jpg,,,0,783,378,249,298
179.jpg,,,0,1038,356,249,307
179.jpg,,,0,1297,422,133,237
179.jpg,,,0,1434,325,176,278
179.jpg,,,0,1610,337,104,227
179.jpg,,,1,1768,329,65,130
179.jpg,,,2,1610,548,145,113
179.jpg,,,0,1499,558,146,142
179.jpg,,,0,1364,533,159,212
179.jpg,,,0,1190,638,161,135
179.jpg,,,0,1012,634,139,118
179.jpg,,,0,823,652,136,114
179.jpg,,,0,649,638,155,137
179.jpg,,,0,504,611,143,162
179.jpg,,,1,284,559,159,114
179.jpg,,,0,407,592,120,130
213.jpg,,,0,128,364,90,189
213.jpg,,,0,203,364,143,216
213.jpg,,,0,222,546,129,181
213.jpg,,,0,136,538,113,144
213.jpg,,,1,312,361,185,214
213.jpg,,,1,477,336,229,247
213.jpg,,,1,702,317,279,299
213.jpg,,,1,978,310,262,288
213.jpg,,,1,1247,338,202,234
213.jpg,,,1,1452,320,150,221
213.jpg,,,1,1591,323,132,220
213.jpg,,,1,616,529,177,241
213.jpg,,,1,457,551,155,222
213.jpg,,,1,320,569,142,207
213.jpg,,,0,800,592,156,201
213.jpg,,,0,960,570,181,219
213.jpg,,,0,1140,525,175,243
213.jpg,,,0,1316,552,175,210
213.jpg,,,1,1464,535,181,207
213.jpg,,,1,1606,522,152,165
213.jpg,,,2,1719,484,137,173
213.jpg,,,3,1720,316,148,165
62.jpg,,,2,84,176,341,326
62.jpg,,,2,198,464,316,228
62.jpg,,,1,313,650,314,241
62.jpg,,,0,442,867,249,227
62.jpg,,,1,651,1001,241,206
62.jpg,,,3,25,13,322,227
62.jpg,,,3,867,1035,278,252
62.jpg,,,3,1141,1033,282,205
62.jpg,,,1,1373,976,239,218
62.jpg,,,0,1511,799,263,230
62.jpg,,,1,1552,598,308,234
62.jpg,,,1,1639,406,288,209
62.jpg,,,2,1660,147,314,293
271.jpg,,,2,52,1007,324,252
271.jpg,,,2,101,778,365,327
271.jpg,,,2,171,599,276,219
271.jpg,,,2,252,387,292,261
271.jpg,,,1,377,222,224,227
271.jpg,,,2,578,162,199,210
271.jpg,,,1,732,124,255,170
271.jpg,,,1,986,127,259,202
271.jpg,,,2,1192,209,219,192
271.jpg,,,1,1357,291,230,212
271.jpg,,,2,1432,435,282,257
271.jpg,,,2,1516,634,286,245
271.jpg,,,1,1553,786,363,345
271.jpg,,,2,1612,1053,332,240
80.jpg,,,1,165,422,252,248
80.jpg,,,1,418,375,278,346
80.jpg,,,1,702,353,303,388
80.jpg,,,0,1005,403,281,312
80.jpg,,,0,1286,398,282,323
80.jpg,,,0,1567,323,286,360
80.jpg,,,1,267,637,266,266
80.jpg,,,2,6,627,278,229
80.jpg,,,1,523,634,298,325
80.jpg,,,1,825,617,251,360
80.jpg,,,0,1084,661,218,269
80.jpg,,,0,1303,692,159,202
80.jpg,,,0,1461,661,146,235
80.jpg,,,0,1607,685,139,175
38.jpg,,,1,235,457,182,170
38.jpg,,,1,423,462,214,223
38.jpg,,,1,625,409,255,289
38.jpg,,,1,876,463,255,293
38.jpg,,,1,1139,425,314,319
38.jpg,,,0,1451,390,253,320
38.jpg,,,0,1689,430,98,276
38.jpg,,,0,1761,385,117,262
38.jpg,,,0,534,625,215,221
38.jpg,,,0,752,589,242,255
38.jpg,,,0,1023,662,171,170
38.jpg,,,0,1200,734,171,162
38.jpg,,,0,1386,665,130,192
38.jpg,,,1,1577,709,181,167
38.jpg,,,0,317,609,227,162
38.jpg,,,1,96,587,291,125
38.jpg,,,2,27,422,210,184
170.jpg,,,3,299,449,121,131
170.jpg,,,1,309,562,117,93
170.jpg,,,3,429,457,162,176
170.jpg,,,2,428,617,224,151
170.jpg,,,1,589,515,158,173
170.jpg,,,1,726,520,176,182
170.jpg,,,0,647,676,149,125
170.jpg,,,0,800,659,188,175
170.jpg,,,1,907,517,187,216
170.jpg,,,0,1093,509,208,216
170.jpg,,,1,1306,488,229,233
170.jpg,,,1,1538,520,207,168
170.jpg,,,0,1000,699,162,131
170.jpg,,,0,1178,671,159,149
170.jpg,,,0,1483,682,124,73
170.jpg,,,0,1620,690,98,59
170.jpg,,,1,1336,712,121,43
220.jpg,,,3,787,450,143,213
220.jpg,,,3,893,416,105,234
220.jpg,,,1,981,414,90,265
220.jpg,,,1,781,633,158,286
220.jpg,,,2,931,642,100,250
220.jpg,,,2,1009,666,95,203
148.jpg,,,5,125,990,327,271
148.jpg,,,4,202,757,326,282
148.jpg,,,3,270,579,284,204
148.jpg,,,2,294,363,306,235
148.jpg,,,1,384,177,262,229
148.jpg,,,3,572,93,193,201
148.jpg,,,1,1006,52,256,223
148.jpg,,,1,766,59,248,232
148.jpg,,,1,1172,142,206,208
148.jpg,,,1,1339,180,239,254
148.jpg,,,1,1386,378,307,243
148.jpg,,,3,1470,580,286,194
148.jpg,,,1,1413,779,303,276
148.jpg,,,4,1569,917,260,293
148.jpg,,,4,1632,1175,218,124
282.jpg,,,1,77,525,259,297
282.jpg,,,1,310,477,278,314
282.jpg,,,1,585,490,216,273
282.jpg,,,1,783,552,190,256
282.jpg,,,1,980,483,207,253
282.jpg,,,0,1118,590,130,189
282.jpg,,,2,1235,603,165,171
282.jpg,,,2,1402,606,145,140
282.jpg,,,1,903,675,236,270
282.jpg,,,2,1205,756,203,147
76.jpg,,,2,26,442,262,199
76.jpg,,,3,282,497,181,169
76.jpg,,,2,452,446,234,269
76.jpg,,,2,689,440,266,308
76.jpg,,,1,961,459,242,291
76.jpg,,,1,1203,423,271,337
76.jpg,,,1,1471,375,263,354
76.jpg,,,1,1744,397,120,313
76.jpg,,,1,1871,395,81,271
76.jpg,,,0,618,635,236,246
76.jpg,,,0,864,645,221,223
76.jpg,,,1,373,631,221,195
76.jpg,,,2,97,606,305,142
41.jpg,,,2,133,22,340,387
41.jpg,,,2,232,373,279,282
41.jpg,,,1,354,603,261,298
41.jpg,,,1,470,857,224,275
41.jpg,,,0,689,852,198,244
41.jpg,,,0,828,990,159,219
41.jpg,,,0,993,1028,168,192
41.jpg,,,0,1113,873,178,254
41.jpg,,,0,1300,816,197,254
41.jpg,,,0,1371,576,265,306
41.jpg,,,1,1455,375,288,253
41.jpg,,,2,1502,40,332,381
274.jpg,,,2,818,504,172,268
274.jpg,,,3,994,498,107,254
274.jpg,,,1,1081,493,111,250
274.jpg,,,1,841,692,172,238
169.jpg,,,0,84,436,213,179
169.jpg,,,1,296,408,227,237
169.jpg,,,1,528,444,206,213
169.jpg,,,1,736,432,201,234
169.jpg,,,1,681,617,175,172
169.jpg,,,0,520,620,159,145
169.jpg,,,1,368,625,130,108
169.jpg,,,1,249,616,116,84
169.jpg,,,1,871,607,178,216
169.jpg,,,1,741,429,203,237
169.jpg,,,1,926,466,185,195
169.jpg,,,0,1090,495,145,159
169.jpg,,,0,1051,630,133,173
169.jpg,,,3,1239,435,204,183
169.jpg,,,3,1202,597,220,172
169.jpg,,,2,1422,552,155,143
169.jpg,,,3,1444,442,118,118
14.jpg,,,5,1608,1036,235,224
14.jpg,,,3,1524,791,253,218
14.jpg,,,2,1403,524,278,270
14.jpg,,,0,1355,355,232,159
14.jpg,,,1,1317,199,181,157
14.jpg,,,0,1196,72,185,171
14.jpg,,,0,1000,27,189,185
14.jpg,,,0,774,45,197,180
14.jpg,,,0,626,92,142,125
14.jpg,,,0,424,150,215,181
14.jpg,,,0,321,290,219,182
14.jpg,,,0,246,425,218,178
14.jpg,,,3,153,562,271,283
14.jpg,,,2,133,835,266,232
14.jpg,,,2,131,1072,248,218
233.jpg,,,2,509,415,286,283
233.jpg,,,2,364,436,147,222
233.jpg,,,2,303,421,85,251
233.jpg,,,2,64,284,193,295
233.jpg,,,1,196,592,184,254
233.jpg,,,0,361,656,178,224
233.jpg,,,0,519,664,188,209
233.jpg,,,0,711,661,203,217
233.jpg,,,0,926,641,201,268
233.jpg,,,0,789,479,256,241
233.jpg,,,1,1053,465,212,255
233.jpg,,,0,1130,635,211,230
233.jpg,,,0,1267,493,196,204
233.jpg,,,0,1353,646,141,154
233.jpg,,,0,1444,521,162,165
233.jpg,,,2,1595,524,162,116
233.jpg,,,3,1503,636,214,111
100.jpg,,,3,89,46,372,348
100.jpg,,,3,223,386,272,236
100.jpg,,,2,330,630,225,191
100.jpg,,,1,482,795,200,204
100.jpg,,,1,635,925,188,119
100.jpg,,,0,830,924,169,162
100.jpg,,,0,1003,915,168,128
100.jpg,,,0,1168,890,190,137
100.jpg,,,0,1361,778,185,176
100.jpg,,,2,1536,666,195,183
100.jpg,,,3,1475,357,318,319
100.jpg,,,3,1564,55,376,330
198.jpg,,,0,77,450,126,220
198.jpg,,,0,0,457,87,205
198.jpg,,,0,196,439,256,300
198.jpg,,,0,452,443,269,288
198.jpg,,,0,713,457,231,227
198.jpg,,,0,951,447,226,250
198.jpg,,,0,1177,459,172,234
198.jpg,,,0,1349,479,136,184
198.jpg,,,2,1481,419,191,195
198.jpg,,,2,1583,505,185,162
198.jpg,,,3,1358,593,230,146
198.jpg,,,0,1209,642,156,151
198.jpg,,,0,1010,614,200,223
198.jpg,,,0,783,610,222,200
198.jpg,,,0,71,665,152,146
125.jpg,,,3,156,416,216,134
125.jpg,,,3,185,525,220,146
125.jpg,,,2,375,443,243,192
125.jpg,,,2,388,607,282,169
125.jpg,,,2,603,480,243,187
125.jpg,,,2,672,631,244,185
125.jpg,,,1,884,416,257,278
125.jpg,,,1,1151,459,228,258
125.jpg,,,1,1016,627,214,254
125.jpg,,,1,1387,425,253,306
125.jpg,,,1,1629,447,217,279
125.jpg,,,1,1230,587,196,251
125.jpg,,,0,1425,686,153,152
125.jpg,,,1,1578,706,120,117
125.jpg,,,1,1705,713,83,107
125.jpg,,,1,1784,704,69,127
178.jpg,,,1,205,846,302,282
178.jpg,,,4,273,593,292,281
178.jpg,,,2,390,470,252,169
178.jpg,,,1,422,351,213,192
178.jpg,,,1,461,162,168,211
178.jpg,,,0,632,178,171,155
178.jpg,,,0,809,141,153,172
178.jpg,,,0,968,124,137,173
178.jpg,,,0,1097,149,184,172
178.jpg,,,1,1268,135,171,220
178.jpg,,,3,1182,371,191,159
178.jpg,,,2,1316,279,224,207
178.jpg,,,4,1331,422,329,302
178.jpg,,,4,1445,685,303,266
178.jpg,,,4,1567,908,244,257
42.jpg,,,1,271,332,260,300
42.jpg,,,0,538,459,204,249
42.jpg,,,0,723,387,321,340
42.jpg,,,0,1051,356,318,360
42.jpg,,,0,1360,397,237,302
42.jpg,,,1,1599,357,179,306
42.jpg,,,1,1767,388,105,224
42.jpg,,,1,428,524,200,260
42.jpg,,,1,286,583,142,218
255.jpg,,,0,154,514,112,155
255.jpg,,,0,234,485,149,197
255.jpg,,,0,373,465,174,259
255.jpg,,,1,553,465,193,252
255.jpg,,,0,748,464,261,286
255.jpg,,,0,1057,454,253,292
255.jpg,,,0,1308,449,181,234
255.jpg,,,1,1488,449,122,268
255.jpg,,,1,1624,485,113,198
255.jpg,,,1,419,683,190,146
255.jpg,,,1,270,652,150,184
255.jpg,,,1,130,633,150,158
255.jpg,,,0,611,671,137,142
255.jpg,,,0,1282,666,175,168
255.jpg,,,0,1456,685,171,212
255.jpg,,,0,1609,638,104,191
255.jpg,,,0,1742,513,63,147
224.jpg,,,4,106,144,291,264
224.jpg,,,4,183,376,294,320
224.jpg,,,4,311,642,209,233
224.jpg,,,3,456,757,211,232
224.jpg,,,3,562,918,205,226
224.jpg,,,2,740,988,178,182
224.jpg,,,3,865,1081,145,132
224.jpg,,,3,1006,1046,147,148
224.jpg,,,3,1153,1023,170,163
224.jpg,,,4,1250,919,193,221
224.jpg,,,3,1364,784,196,238
224.jpg,,,3,1470,696,195,204
224.jpg,,,3,1498,452,280,295
224.jpg,,,3,1616,211,244,298
68.jpg,,,0,361,518,153,261
68.jpg,,,0,511,509,210,268
68.jpg,,,0,720,468,280,322
68.jpg,,,0,981,398,287,334
68.jpg,,,0,1244,442,216,276
68.jpg,,,1,1455,418,172,289
68.jpg,,,1,1610,488,94,213
68.jpg,,,1,322,758,140,138
68.jpg,,,1,473,733,132,189
68.jpg,,,1,636,737,150,195
68.jpg,,,1,807,765,172,159
68.jpg,,,0,984,726,171,201
68.jpg,,,0,1178,706,153,182
68.jpg,,,1,1345,607,172,330
68.jpg,,,1,1519,696,127,203
149.jpg,,,2,226,6,274,263
149.jpg,,,3,259,270,272,247
149.jpg,,,1,311,502,290,290
149.jpg,,,1,434,758,230,215
149.jpg,,,6,540,941,162,134
149.jpg,,,0,595,1071,152,166
149.jpg,,,0,710,1068,142,141
149.jpg,,,0,823,1126,140,137
149.jpg,,,0,968,1110,127,140
149.jpg,,,0,1075,1081,157,154
149.jpg,,,0,1172,1017,168,174
149.jpg,,,1,1292,990,204,178
149.jpg,,,2,1232,800,252,178
149.jpg,,,6,1342,582,275,274
149.jpg,,,4,1421,350,306,274
149.jpg,,,5,1538,105,287,275
246.jpg,,,1,225,423,221,231
246.jpg,,,1,251,645,246,197
246.jpg,,,1,435,459,221,277
246.jpg,,,1,628,389,252,345
246.jpg,,,0,602,685,240,249
246.jpg,,,0,780,674,265,360
246.jpg,,,0,868,403,277,303
246.jpg,,,0,1123,334,342,393
246.jpg,,,0,1470,341,335,378
246.jpg,,,0,1791,369,201,303
246.jpg,,,0,1012,674,232,279
246.jpg,,,0,1244,689,217,279
246.jpg,,,0,1463,674,214,283
246.jpg,,,0,1683,669,167,250
246.jpg,,,1,1859,640,140,342
9.jpg,,,5,53,18,328,310
9.jpg,,,0,218,457,230,229
9.jpg,,,0,309,624,260,285
9.jpg,,,0,477,787,223,258
9.jpg,,,0,610,924,189,181
9.jpg,,,0,790,976,175,172
9.jpg,,,0,956,971,174,187
9.jpg,,,0,1105,937,203,180
9.jpg,,,0,1243,840,222,228
9.jpg,,,0,1408,730,245,249
9.jpg,,,1,1450,545,262,217
9.jpg,,,3,1467,261,380,344
9.jpg,,,1,1587,17,356,283
94.jpg,,,0,467,395,224,260
94.jpg,,,0,697,354,318,349
94.jpg,,,0,1020,343,316,356
94.jpg,,,0,1341,398,197,267
94.jpg,,,0,1545,332,223,309
94.jpg,,,0,1739,416,162,214
94.jpg,,,0,329,484,166,226
94.jpg,,,0,229,453,113,240
94.jpg,,,1,152,429,97,221
94.jpg,,,1,455,641,187,267
94.jpg,,,1,326,672,152,179
94.jpg,,,0,644,642,210,295
94.jpg,,,0,857,644,162,248
94.jpg,,,0,1011,655,223,244
94.jpg,,,0,1233,596,230,292
94.jpg,,,0,1462,584,184,271
94.jpg,,,0,1639,574,175,243
134.jpg,,,2,161,491,232,203
134.jpg,,,1,266,656,214,192
134.jpg,,,1,380,516,150,160
134.jpg,,,1,471,572,201,242
134.jpg,,,1,679,531,201,238
134.jpg,,,0,879,552,188,189
134.jpg,,,0,1073,560,174,168
134.jpg,,,2,1238,539,194,254
134.jpg,,,0,1369,510,147,117
134.jpg,,,0,1466,574,171,251
134.jpg,,,0,1536,496,164,182
134.jpg,,,1,1620,663,191,203
134.jpg,,,2,1679,528,190,179
17.jpg,,,4,1296,389,277,327
17.jpg,,,4,1562,354,227,329
17.jpg,,,4,1050,437,239,268
17.jpg,,,1,758,417,288,310
17.jpg,,,2,540,442,230,274
17.jpg,,,2,349,434,213,222
17.jpg,,,3,149,451,216,150
17.jpg,,,2,74,555,180,142
17.jpg,,,5,267,610,268,221
17.jpg,,,2,526,668,203,214
17.jpg,,,2,741,682,209,272
17.jpg,,,3,981,661,239,307
17.jpg,,,0,1231,702,178,227
17.jpg,,,0,1421,714,127,195
17.jpg,,,0,1587,694,95,202
17.jpg,,,0,1720,670,78,165
17.jpg,,,0,1811,626,79,197
17.jpg,,,2,1767,351,110,264
17.jpg,,,1,1838,230,86,285
63.jpg,,,4,28,968,359,294
63.jpg,,,3,78,666,351,302
63.jpg,,,1,209,478,294,211
63.jpg,,,1,311,279,258,214
63.jpg,,,0,474,137,214,186
63.jpg,,,1,629,64,193,162
63.jpg,,,1,809,14,179,174
63.jpg,,,1,990,26,174,171
63.jpg,,,1,1162,32,198,172
63.jpg,,,1,1283,100,206,185
63.jpg,,,0,1413,223,253,237
63.jpg,,,1,1495,429,260,223
63.jpg,,,3,1548,620,346,318
63.jpg,,,4,1596,926,358,306
50.jpg,,,1,444,473,271,244
50.jpg,,,1,220,486,233,207
50.jpg,,,3,38,572,279,192
50.jpg,,,1,720,432,314,329
50.jpg,,,1,1074,443,300,317
50.jpg,,,1,1359,390,269,373
50.jpg,,,0,1635,491,353,243
50.jpg,,,0,1061,675,249,281
50.jpg,,,1,786,652,272,299
50.jpg,,,0,516,652,262,293
50.jpg,,,0,1318,644,179,254
50.jpg,,,0,1503,607,178,250
18.jpg,,,1,911,366,303,341
18.jpg,,,1,673,425,231,326
18.jpg,,,4,388,438,292,329
18.jpg,,,4,192,398,221,333
18.jpg,,,1,82,385,121,260
18.jpg,,,2,1199,400,241,322
18.jpg,,,0,1441,493,221,181
18.jpg,,,0,1657,447,265,217
18.jpg,,,0,155,691,98,202
18.jpg,,,0,248,713,104,181
18.jpg,,,0,338,719,144,220
18.jpg,,,0,491,766,151,193
18.jpg,,,0,647,732,195,255
18.jpg,,,2,868,685,225,348
18.jpg,,,2,1100,655,251,308
18.jpg,,,2,1364,663,215,211
18.jpg,,,6,1571,645,304,159
116.jpg,,,4,433,825,196,111
116.jpg,,,3,450,693,232,160
116.jpg,,,2,520,577,220,161
116.jpg,,,2,570,469,217,160
116.jpg,,,2,645,363,206,157
116.jpg,,,1,711,217,151,162
116.jpg,,,1,817,163,141,134
116.jpg,,,1,961,151,187,146
116.jpg,,,1,1153,125,160,154
116.jpg,,,1,1281,208,161,157
116.jpg,,,1,1418,274,174,146
116.jpg,,,2,1403,424,228,143
116.jpg,,,3,1475,546,208,137
116.jpg,,,3,1493,665,229,162
116.jpg,,,4,1587,790,211,139
116.jpg,,,2,423,983,69,109
116.jpg,,,1,482,972,58,120
116.jpg,,,1,525,994,71,119
116.jpg,,,1,591,1009,61,145
116.jpg,,,1,649,1025,112,208
116.jpg,,,0,751,1037,161,222
116.jpg,,,0,897,1042,187,204
116.jpg,,,0,1072,1054,186,210
116.jpg,,,0,1232,1029,177,222
116.jpg,,,0,1387,1006,164,192
116.jpg,,,2,1537,984,130,138
116.jpg,,,2,1593,977,117,103
123.jpg,,,1,180,477,79,222
123.jpg,,,2,271,689,106,202
123.jpg,,,1,255,450,176,247
123.jpg,,,0,425,464,176,245
123.jpg,,,0,585,450,175,245
123.jpg,,,1,764,477,177,227
123.jpg,,,1,949,538,138,168
123.jpg,,,1,1091,566,162,142
123.jpg,,,2,1243,546,191,142
123.jpg,,,0,360,687,80,143
123.jpg,,,0,413,698,95,152
123.jpg,,,0,469,696,132,157
123.jpg,,,0,597,682,135,173
123.jpg,,,1,728,674,172,220
123.jpg,,,0,892,683,174,186
123.jpg,,,1,1066,689,153,162
123.jpg,,,1,1218,680,195,120
243.jpg,,,2,207,495,152,249
243.jpg,,,2,317,432,198,305
243.jpg,,,0,90,498,124,178
243.jpg,,,1,111,668,153,173
243.jpg,,,0,243,691,142,173
243.jpg,,,0,496,432,238,274
243.jpg,,,1,447,686,220,310
243.jpg,,,1,636,678,202,251
243.jpg,,,0,823,660,199,256
243.jpg,,,0,707,368,298,343
243.jpg,,,0,1006,378,303,330
243.jpg,,,0,1308,396,216,279
243.jpg,,,1,1523,409,173,291
243.jpg,,,1,1677,459,146,251
243.jpg,,,0,1813,476,112,173
243.jpg,,,0,1216,668,179,210
243.jpg,,,1,1388,638,193,298
243.jpg,,,1,1545,652,161,216
266.jpg,,,2,147,85,291,238
266.jpg,,,2,191,317,319,291
266.jpg,,,1,283,558,275,216
266.jpg,,,1,345,710,240,230
266.jpg,,,0,465,837,177,190
266.jpg,,,0,637,895,181,144
266.jpg,,,0,786,941,158,108
266.jpg,,,0,947,949,171,98
266.jpg,,,0,1114,898,183,141
266.jpg,,,0,1283,860,166,178
266.jpg,,,2,1359,725,251,241
266.jpg,,,1,1404,574,276,216
266.jpg,,,2,1462,332,348,307
266.jpg,,,2,1579,89,294,282
270.jpg,,,1,72,393,156,280
270.jpg,,,1,162,683,216,304
270.jpg,,,0,198,367,303,373
270.jpg,,,0,507,348,334,347
270.jpg,,,0,379,691,224,284
270.jpg,,,0,608,630,227,344
270.jpg,,,0,823,301,281,317
270.jpg,,,0,863,591,286,333
270.jpg,,,0,1156,575,297,341
270.jpg,,,1,1082,203,294,315
270.jpg,,,2,1255,263,357,333
270.jpg,,,2,1471,303,323,288
270.jpg,,,1,1445,592,274,269
270.jpg,,,1,1645,570,302,216
237.jpg,,,1,291,506,87,157
237.jpg,,,1,362,498,120,186
237.jpg,,,1,467,487,141,224
237.jpg,,,1,610,473,154,226
237.jpg,,,1,761,442,235,264
237.jpg,,,1,992,428,243,279
237.jpg,,,0,1228,446,180,241
237.jpg,,,1,1414,445,129,227
237.jpg,,,0,1536,467,126,196
237.jpg,,,0,470,688,115,139
237.jpg,,,0,581,669,153,177
237.jpg,,,1,731,688,148,120
237.jpg,,,0,875,686,125,130
237.jpg,,,1,997,688,151,159
237.jpg,,,0,1152,682,135,164
237.jpg,,,0,1300,634,160,218
237.jpg,,,1,1458,644,113,204
237.jpg,,,1,1568,659,94,139
275.jpg,,,2,49,484,176,200
275.jpg,,,2,207,518,196,201
275.jpg,,,2,398,500,157,225
275.jpg,,,2,538,486,191,270
275.jpg,,,2,725,433,271,359
275.jpg,,,1,993,414,256,323
275.jpg,,,1,1223,430,275,344
275.jpg,,,1,1482,369,299,379
275.jpg,,,1,1722,392,164,297
275.jpg,,,1,1862,424,114,333
275.jpg,,,1,690,685,225,258
275.jpg,,,1,509,706,203,191
275.jpg,,,2,318,697,234,155
275.jpg,,,2,117,661,205,138
275.jpg,,,1,923,664,234,272
275.jpg,,,1,1169,723,128,121
275.jpg,,,0,1441,724,179,194
275.jpg,,,1,1714,674,150,257
242.jpg,,,2,174,102,305,269
242.jpg,,,1,252,350,307,277
242.jpg,,,1,381,586,231,203
242.jpg,,,1,475,745,205,213
242.jpg,,,0,590,908,194,166
242.jpg,,,0,763,955,164,157
242.jpg,,,0,900,999,149,143
242.jpg,,,0,1037,965,144,160
242.jpg,,,0,1165,933,163,165
242.jpg,,,2,1265,880,202,181
242.jpg,,,0,1378,721,193,209
242.jpg,,,1,1423,559,229,199
242.jpg,,,1,1460,319,289,274
242.jpg,,,2,1553,80,264,258
196.jpg,,,0,100,391,94,172
196.jpg,,,0,189,433,76,179
196.jpg,,,0,238,387,113,205
196.jpg,,,0,346,350,175,261
196.jpg,,,0,523,381,214,220
196.jpg,,,0,287,553,171,202
196.jpg,,,0,436,559,206,207
196.jpg,,,0,718,351,285,308
196.jpg,,,0,1005,358,281,285
196.jpg,,,0,1278,378,197,230
196.jpg,,,0,1481,374,174,255
196.jpg,,,0,1634,403,118,238
196.jpg,,,0,1273,598,182,140
196.jpg,,,1,1458,580,158,207
196.jpg,,,0,1615,604,84,152
196.jpg,,,0,1738,436,78,185
196.jpg,,,1,1802,416,88,175
131.jpg,,,0,212,460,77,217
131.jpg,,,0,258,479,107,193
131.jpg,,,1,348,438,181,252
131.jpg,,,0,528,430,203,260
131.jpg,,,1,734,449,204,219
131.jpg,,,1,939,418,187,267
131.jpg,,,1,1128,474,148,175
131.jpg,,,1,1271,484,162,166
131.jpg,,,2,1436,490,155,148
131.jpg,,,1,264,666,37,158
131.jpg,,,1,299,661,53,155
131.jpg,,,0,358,676,97,137
131.jpg,,,0,457,678,105,143
131.jpg,,,0,574,686,123,151
131.jpg,,,0,703,628,155,221
131.jpg,,,1,867,628,175,258
131.jpg,,,1,1047,671,166,182
131.jpg,,,2,1170,638,230,165
131.jpg,,,2,1370,631,220,123
217.jpg,,,3,81,956,298,240
217.jpg,,,4,161,737,298,305
217.jpg,,,1,338,481,262,227
217.jpg,,,1,451,327,218,220
217.jpg,,,1,605,224,208,200
217.jpg,,,2,796,163,230,187
217.jpg,,,1,1034,161,231,169
217.jpg,,,1,1258,228,210,200
217.jpg,,,1,1390,341,213,227
217.jpg,,,2,1454,524,259,203
217.jpg,,,1,1514,669,262,192
217.jpg,,,3,1523,837,285,267
217.jpg,,,4,1652,1020,221,251
91.jpg,,,1,559,419,279,291
91.jpg,,,1,639,590,288,360
91.jpg,,,0,867,573,210,368
91.jpg,,,0,844,267,269,330
158.jpg,,,2,386,491,140,127
158.jpg,,,1,525,528,107,146
158.jpg,,,0,626,517,140,178
158.jpg,,,0,610,666,146,94
158.jpg,,,1,438,613,171,107
158.jpg,,,0,768,515,182,202
158.jpg,,,1,958,517,188,190
158.jpg,,,1,1148,456,233,244
158.jpg,,,0,1380,462,213,227
158.jpg,,,1,1599,504,124,178
158.jpg,,,1,1719,460,91,230
158.jpg,,,0,906,690,163,159
158.jpg,,,0,738,681,166,138
158.jpg,,,0,1070,676,166,189
158.jpg,,,0,1236,683,149,181
158.jpg,,,0,1384,681,146,172
158.jpg,,,1,1530,678,117,169
158.jpg,,,1,1642,681,88,166
158.jpg,,,2,1736,686,50,105
265.jpg,,,1,86,941,345,354
265.jpg,,,1,186,734,305,233
265.jpg,,,0,276,509,309,261
265.jpg,,,0,550,235,244,205
265.jpg,,,0,769,151,265,228
265.jpg,,,0,1044,149,265,240
265.jpg,,,1,1273,241,243,201
265.jpg,,,0,1437,376,245,237
265.jpg,,,2,1459,585,309,253
265.jpg,,,1,1536,820,289,225
265.jpg,,,1,1557,1019,343,280
214.jpg,,,1,715,388,210,218
214.jpg,,,2,929,384,161,238
214.jpg,,,1,1072,388,101,278
214.jpg,,,1,739,593,150,190
214.jpg,,,1,876,585,107,208
191.jpg,,,0,130,383,63,177
191.jpg,,,1,178,392,80,197
191.jpg,,,3,250,412,112,223
191.jpg,,,2,513,363,199,271
191.jpg,,,2,1288,390,187,256
191.jpg,,,2,1649,369,154,243
191.jpg,,,2,1803,365,83,201
191.jpg,,,1,1481,323,199,323
191.jpg,,,0,997,332,293,326
191.jpg,,,0,705,305,297,354
191.jpg,,,1,384,618,162,211
191.jpg,,,1,557,612,161,223
191.jpg,,,1,296,612,83,158
191.jpg,,,1,162,574,134,174
191.jpg,,,1,718,634,181,180
191.jpg,,,1,899,638,170,164
191.jpg,,,0,1059,649,181,164
191.jpg,,,1,1245,604,171,213
191.jpg,,,2,1420,615,164,200
191.jpg,,,1,1588,565,170,207
191.jpg,,,1,1756,545,171,261
191.jpg,,,2,1885,263,114,209
47.jpg,,,2,64,24,356,363
47.jpg,,,1,165,349,281,281
47.jpg,,,1,293,555,275,288
47.jpg,,,0,431,779,205,244
47.jpg,,,0,634,834,215,223
47.jpg,,,0,778,999,191,162
47.jpg,,,0,957,943,177,181
47.jpg,,,0,1073,798,205,217
47.jpg,,,0,1285,764,220,246
47.jpg,,,1,1362,553,285,272
47.jpg,,,1,1471,346,302,254
47.jpg,,,3,1581,48,366,374
117.jpg,,,2,625,495,183,127
117.jpg,,,2,664,607,208,122
117.jpg,,,2,817,470,151,166
117.jpg,,,2,872,611,158,148
117.jpg,,,2,976,482,158,156
117.jpg,,,2,1030,613,177,179
117.jpg,,,2,1119,423,186,227
117.jpg,,,2,1204,616,162,243
117.jpg,,,1,1312,412,175,222
117.jpg,,,1,1355,629,90,139
117.jpg,,,1,1454,367,195,243
117.jpg,,,1,1430,571,127,198
117.jpg,,,0,1616,375,127,239
117.jpg,,,0,1540,603,93,164
117.jpg,,,0,1711,381,117,209
117.jpg,,,0,1665,599,56,161
117.jpg,,,0,1622,628,39,114
117.jpg,,,0,550,568,108,119
114.jpg,,,4,5,879,297,149
114.jpg,,,4,22,641,325,257
114.jpg,,,4,92,465,312,210
114.jpg,,,3,205,288,275,236
114.jpg,,,2,370,110,225,253
114.jpg,,,1,560,34,220,203
114.jpg,,,1,782,4,220,171
114.jpg,,,1,1037,4,227,158
114.jpg,,,0,1265,13,195,216
114.jpg,,,2,1380,84,245,253
114.jpg,,,2,1515,240,267,236
114.jpg,,,3,1577,413,282,208
114.jpg,,,4,1605,572,362,290
174.jpg,,,1,770,392,137,286
174.jpg,,,0,894,468,124,238
174.jpg,,,1,1009,439,140,275
146.jpg,,,2,136,424,216,180
146.jpg,,,2,234,639,195,115
146.jpg,,,2,353,562,138,176
146.jpg,,,2,441,490,160,253
146.jpg,,,0,581,526,196,232
146.jpg,,,0,773,502,248,291
146.jpg,,,0,1029,528,207,235
146.jpg,,,0,1200,459,251,312
146.jpg,,,0,1455,453,222,286
146.jpg,,,0,1671,463,176,266
146.jpg,,,0,1828,443,133,264
146.jpg,,,2,705,708,218,249
146.jpg,,,2,931,734,160,138
146.jpg,,,2,1119,748,136,91
146.jpg,,,1,1255,760,118,52
146.jpg,,,1,1373,746,128,62
146.jpg,,,2,1607,722,149,131
197.jpg,,,0,235,433,139,136
197.jpg,,,2,251,569,194,142
197.jpg,,,1,380,464,208,181
197.jpg,,,3,589,524,142,173
197.jpg,,,3,445,630,236,131
197.jpg,,,1,667,666,147,117
197.jpg,,,0,732,473,190,206
197.jpg,,,0,924,453,227,242
197.jpg,,,0,1161,483,226,203
197.jpg,,,0,1386,450,239,286
197.jpg,,,0,1628,440,223,274
197.jpg,,,1,1835,459,85,208
197.jpg,,,1,1896,468,104,208
197.jpg,,,1,781,613,239,225
197.jpg,,,1,1005,618,230,224
48.jpg,,,1,254,403,232,288
48.jpg,,,1,118,408,133,214
48.jpg,,,0,485,440,250,291
48.jpg,,,0,684,374,305,380
48.jpg,,,0,1005,378,349,367
48.jpg,,,0,1336,414,233,296
48.jpg,,,0,1562,350,209,289
48.jpg,,,0,1757,364,133,225
48.jpg,,,0,541,689,213,219
48.jpg,,,0,376,603,160,234
48.jpg,,,0,212,598,158,217
48.jpg,,,0,947,623,198,288
48.jpg,,,0,1565,563,194,234
48.jpg,,,0,1161,692,185,159
48.jpg,,,0,751,678,195,189
261.jpg,,,1,284,483,152,228
261.jpg,,,1,397,412,192,278
261.jpg,,,1,581,391,219,268
261.jpg,,,0,788,351,289,309
261.jpg,,,0,1080,368,282,305
261.jpg,,,0,1351,401,211,240
261.jpg,,,1,1561,323,159,155
261.jpg,,,1,1597,440,207,213
261.jpg,,,1,1409,596,186,238
261.jpg,,,1,1581,577,153,228
261.jpg,,,1,1261,613,146,189
261.jpg,,,1,1090,652,163,163
261.jpg,,,1,913,628,175,184
261.jpg,,,1,738,618,163,205
261.jpg,,,1,561,647,195,216
261.jpg,,,1,419,648,163,184
277.jpg,,,2,104,1024,323,224
277.jpg,,,1,197,846,316,276
277.jpg,,,1,241,656,279,194
277.jpg,,,1,294,478,292,219
277.jpg,,,1,395,279,221,228
277.jpg,,,0,560,201,203,165
277.jpg,,,1,728,135,261,182
277.jpg,,,0,993,181,252,168
277.jpg,,,1,1243,186,209,165
277.jpg,,,2,1400,269,231,221
277.jpg,,,2,1430,474,293,205
277.jpg,,,1,1483,672,283,184
277.jpg,,,1,1503,842,320,266
277.jpg,,,3,1576,1047,326,251
236.jpg,,,4,232,24,296,278
236.jpg,,,4,271,289,313,276
236.jpg,,,2,359,547,247,217
236.jpg,,,1,434,733,215,234
236.jpg,,,0,565,905,184,173
236.jpg,,,0,707,985,193,152
236.jpg,,,0,881,1011,180,159
236.jpg,,,0,1054,1017,173,141
236.jpg,,,0,1138,904,166,152
236.jpg,,,0,1290,918,184,172
236.jpg,,,0,1334,719,229,233
236.jpg,,,1,1390,563,247,218
236.jpg,,,2,1429,298,307,308
236.jpg,,,4,1440,39,298,271
60.jpg,,,1,320,512,245,175
60.jpg,,,1,384,651,269,183
60.jpg,,,1,573,491,200,234
60.jpg,,,1,768,486,220,230
60.jpg,,,0,655,678,201,179
60.jpg,,,0,849,641,222,217
60.jpg,,,0,983,432,251,276
60.jpg,,,0,1233,436,230,248
60.jpg,,,0,1458,390,233,282
60.jpg,,,0,1635,399,220,286
60.jpg,,,0,1805,429,111,223
60.jpg,,,1,1074,611,203,277
60.jpg,,,0,1269,641,175,206
60.jpg,,,1,1446,611,127,226
60.jpg,,,1,1589,669,88,154
60.jpg,,,0,1699,675,88,159
60.jpg,,,0,1787,678,65,170
175.jpg,,,1,468,373,242,252
175.jpg,,,0,365,498,142,125
175.jpg,,,0,374,603,130,78
175.jpg,,,0,710,378,232,264
175.jpg,,,0,948,371,211,237
175.jpg,,,0,1145,346,226,265
175.jpg,,,1,1351,412,140,202
175.jpg,,,1,1141,580,185,182
175.jpg,,,0,1322,570,133,199
175.jpg,,,3,1435,580,187,176
175.jpg,,,2,1541,446,146,145
175.jpg,,,0,1461,470,78,143
175.jpg,,,1,1686,432,107,125
175.jpg,,,3,1603,541,161,117
20.jpg,,,6,74,10,298,264
20.jpg,,,6,144,275,357,311
20.jpg,,,1,268,593,238,141
20.jpg,,,0,324,747,260,183
20.jpg,,,0,487,911,206,199
20.jpg,,,1,679,997,165,203
20.jpg,,,1,839,1025,157,192
20.jpg,,,1,996,1013,168,180
20.jpg,,,1,1158,968,180,195
20.jpg,,,1,1288,843,204,218
20.jpg,,,0,1390,664,259,224
20.jpg,,,1,1446,462,272,222
20.jpg,,,6,1461,166,345,305
20.jpg,,,6,1491,10,324,156
127.jpg,,,3,125,998,313,243
127.jpg,,,4,217,772,320,316
127.jpg,,,2,298,622,273,192
127.jpg,,,1,394,285,221,213
127.jpg,,,1,564,184,197,155
127.jpg,,,1,728,86,235,199
127.jpg,,,1,971,70,235,213
127.jpg,,,1,1164,181,205,179
127.jpg,,,1,1302,318,219,220
127.jpg,,,4,1353,642,262,193
127.jpg,,,4,1382,807,305,304
127.jpg,,,4,1515,1001,244,283
102.jpg,,,2,467,623,107,111
102.jpg,,,1,561,642,82,110
102.jpg,,,1,605,613,108,134
102.jpg,,,1,703,603,103,154
102.jpg,,,0,805,597,129,151
102.jpg,,,0,933,535,192,195
102.jpg,,,0,1155,504,182,199
102.jpg,,,0,1349,546,139,171
102.jpg,,,1,1481,594,82,152
102.jpg,,,1,1557,616,75,134
102.jpg,,,1,1610,645,59,114
102.jpg,,,3,1657,654,68,100
102.jpg,,,2,531,739,116,74
102.jpg,,,1,645,740,61,98
102.jpg,,,1,696,740,100,107
102.jpg,,,1,799,740,104,77
102.jpg,,,1,918,707,110,104
102.jpg,,,0,1034,651,131,138
102.jpg,,,0,1167,696,120,99
102.jpg,,,0,1293,692,101,89
102.jpg,,,1,1405,712,84,146
102.jpg,,,1,1489,740,69,94
102.jpg,,,2,1558,746,114,95
163.jpg,,,1,803,500,103,206
163.jpg,,,1,894,467,92,234
163.jpg,,,0,978,486,130,216
163.jpg,,,0,949,682,69,93
241.jpg,,,1,171,971,267,256
241.jpg,,,1,240,741,277,302
241.jpg,,,1,340,593,243,198
241.jpg,,,0,407,418,239,200
241.jpg,,,0,536,254,155,194
241.jpg,,,0,671,183,195,163
241.jpg,,,0,834,116,217,181
241.jpg,,,0,1062,111,209,186
241.jpg,,,0,1223,201,184,161
241.jpg,,,0,1361,303,166,189
241.jpg,,,0,1371,478,250,202
241.jpg,,,1,1432,659,246,181
241.jpg,,,1,1421,828,284,276
241.jpg,,,1,1542,1040,251,224
4.jpg,,,0,45,23,222,224
4.jpg,,,1,117,213,331,294
4.jpg,,,1,204,497,301,180
4.jpg,,,1,308,670,288,197
4.jpg,,,1,424,860,247,217
4.jpg,,,0,600,980,218,224
4.jpg,,,1,812,1010,250,257
4.jpg,,,0,1062,980,245,246
4.jpg,,,0,1273,908,207,217
4.jpg,,,0,1397,765,237,227
4.jpg,,,1,1423,565,295,211
4.jpg,,,1,1461,380,279,180
4.jpg,,,2,1434,80,340,299
278.jpg,,,2,181,29,317,302
278.jpg,,,2,267,315,298,281
278.jpg,,,1,296,591,264,232
278.jpg,,,1,374,800,226,214
278.jpg,,,0,486,978,192,182
278.jpg,,,0,649,996,191,151
278.jpg,,,0,755,1066,192,133
278.jpg,,,0,905,1028,169,158
278.jpg,,,0,1035,988,204,159
278.jpg,,,0,1209,991,201,186
278.jpg,,,1,1353,843,234,246
278.jpg,,,1,1399,663,284,228
278.jpg,,,2,1450,383,320,331
278.jpg,,,2,1560,99,302,348
189.jpg,,,2,133,27,330,292
189.jpg,,,4,228,247,307,272
189.jpg,,,3,296,519,287,230
189.jpg,,,2,433,736,157,195
189.jpg,,,2,598,864,223,205
189.jpg,,,2,826,955,265,254
189.jpg,,,1,1077,936,268,212
189.jpg,,,1,1335,862,236,168
189.jpg,,,0,1515,751,132,143
189.jpg,,,0,1488,513,276,223
189.jpg,,,1,1501,348,287,174
189.jpg,,,2,1498,85,347,285
254.jpg,,,3,306,393,292,285
254.jpg,,,2,236,140,309,271
254.jpg,,,1,412,640,215,203
254.jpg,,,0,460,818,196,200
254.jpg,,,0,607,879,186,163
254.jpg,,,0,685,1002,175,114
254.jpg,,,0,802,1080,148,85
254.jpg,,,0,951,1061,144,100
254.jpg,,,0,1093,1039,158,119
254.jpg,,,0,1165,902,190,197
254.jpg,,,0,1300,846,206,207
254.jpg,,,0,1369,669,220,213
254.jpg,,,2,1393,435,311,279
254.jpg,,,2,1469,182,299,282
222.jpg,,,3,74,385,79,277
222.jpg,,,3,136,407,93,251
222.jpg,,,2,220,361,110,269
222.jpg,,,1,300,375,176,255
222.jpg,,,1,435,375,241,297
222.jpg,,,2,681,365,267,305
222.jpg,,,2,944,390,204,264
222.jpg,,,2,1141,368,230,304
222.jpg,,,3,1361,400,161,300
222.jpg,,,3,1517,403,133,261
222.jpg,,,2,1651,390,102,232
222.jpg,,,1,149,671,82,268
222.jpg,,,1,213,634,90,230
222.jpg,,,1,283,615,118,314
222.jpg,,,2,379,619,158,287
222.jpg,,,2,537,645,133,227
222.jpg,,,2,658,641,149,277
222.jpg,,,2,806,652,146,255
222.jpg,,,2,960,628,186,328
222.jpg,,,2,1130,631,179,282
222.jpg,,,3,1298,668,173,265
222.jpg,,,2,1474,632,207,242
222.jpg,,,2,1678,551,152,214
152.jpg,,,0,135,475,206,140
152.jpg,,,0,344,459,211,221
152.jpg,,,0,517,577,100,132
152.jpg,,,0,394,655,197,137
152.jpg,,,0,588,689,107,93
152.jpg,,,0,569,529,166,221
152.jpg,,,0,687,495,254,270
152.jpg,,,0,686,716,170,167
152.jpg,,,0,872,688,180,215
152.jpg,,,0,949,498,245,262
152.jpg,,,0,1070,634,215,286
152.jpg,,,0,1221,428,318,324
152.jpg,,,0,1285,720,200,140
152.jpg,,,0,1511,635,174,252
152.jpg,,,0,1554,415,324,336
152.jpg,,,0,1698,710,164,185
152.jpg,,,0,1882,547,117,221
152.jpg,,,0,1864,720,135,137
120.jpg,,,4,440,344,249,184
120.jpg,,,4,485,511,240,156
120.jpg,,,4,537,606,185,146
120.jpg,,,2,583,682,167,180
120.jpg,,,2,662,759,97,170
120.jpg,,,1,749,795,139,170
120.jpg,,,0,859,840,120,142
120.jpg,,,0,977,853,114,128
120.jpg,,,0,1076,805,133,184
120.jpg,,,0,1181,859,144,161
120.jpg,,,0,1279,776,148,179
120.jpg,,,1,1319,701,191,150
120.jpg,,,2,1366,571,237,193
120.jpg,,,3,1491,451,225,198
120.jpg,,,2,672,164,109,132
120.jpg,,,0,606,173,71,80
120.jpg,,,1,767,172,116,151
120.jpg,,,1,881,154,120,167
120.jpg,,,1,1003,164,113,179
120.jpg,,,1,1108,176,129,163
120.jpg,,,1,1222,185,108,137
120.jpg,,,1,1320,198,118,120
120.jpg,,,1,1428,209,97,95
120.jpg,,,1,1514,222,90,79
120.jpg,,,1,1596,245,98,61
279.jpg,,,2,219,476,103,156
279.jpg,,,1,286,483,71,148
279.jpg,,,0,326,439,89,193
279.jpg,,,1,393,392,175,251
279.jpg,,,0,568,414,200,260
279.jpg,,,0,768,403,259,277
279.jpg,,,0,1016,373,256,285
279.jpg,,,0,1274,392,177,252
279.jpg,,,0,1429,464,138,235
279.jpg,,,1,1570,421,155,233
279.jpg,,,1,432,598,162,170
279.jpg,,,1,264,623,134,103
279.jpg,,,2,1461,593,198,250
65.jpg,,,1,734,501,149,229
65.jpg,,,0,884,504,107,200
65.jpg,,,0,962,488,62,226
65.jpg,,,0,1000,467,73,204
65.jpg,,,1,777,713,68,128
22.jpg,,,2,82,506,250,218
22.jpg,,,1,323,480,289,196
22.jpg,,,1,350,667,275,211
22.jpg,,,3,626,665,272,273
22.jpg,,,0,620,392,368,292
22.jpg,,,0,914,680,286,301
22.jpg,,,0,982,352,400,280
22.jpg,,,0,1211,624,247,347
22.jpg,,,0,1382,323,333,276
22.jpg,,,0,1462,603,218,325
22.jpg,,,1,1714,310,231,299
22.jpg,,,1,1679,610,148,302
111.jpg,,,1,67,450,100,236
111.jpg,,,1,167,441,84,216
111.jpg,,,1,251,389,213,273
111.jpg,,,0,467,372,258,301
111.jpg,,,1,724,427,174,223
111.jpg,,,1,914,414,231,267
111.jpg,,,1,1144,494,187,211
111.jpg,,,1,1320,528,163,180
111.jpg,,,3,1484,498,208,195
111.jpg,,,3,1702,474,124,175
111.jpg,,,1,145,665,73,194
111.jpg,,,1,211,648,81,173
111.jpg,,,0,298,665,78,187
111.jpg,,,0,356,655,169,211
111.jpg,,,1,514,661,138,155
111.jpg,,,1,645,627,174,236
111.jpg,,,2,822,611,193,282
111.jpg,,,2,1025,639,203,238
111.jpg,,,2,1224,682,157,172
111.jpg,,,3,1385,690,254,151
111.jpg,,,3,1632,652,200,150
54.jpg,,,1,341,477,64,171
54.jpg,,,1,391,473,90,190
54.jpg,,,1,476,439,118,207
54.jpg,,,1,584,422,169,230
54.jpg,,,0,757,402,211,243
54.jpg,,,0,970,426,211,238
54.jpg,,,1,1186,421,155,225
54.jpg,,,1,1332,422,132,224
54.jpg,,,1,1455,436,98,189
54.jpg,,,1,567,623,127,196
54.jpg,,,1,445,644,117,158
54.jpg,,,0,361,645,81,146
54.jpg,,,0,677,620,156,211
54.jpg,,,0,832,639,137,182
54.jpg,,,1,972,651,95,104
54.jpg,,,0,1069,620,159,203
54.jpg,,,0,1216,610,140,203
54.jpg,,,0,1351,616,101,135
180.jpg,,,1,715,435,200,254
180.jpg,,,0,913,430,202,245
180.jpg,,,1,1105,398,140,282
180.jpg,,,0,1215,447,66,202
180.jpg,,,1,835,621,181,228
180.jpg,,,0,1002,669,81,132
182.jpg,,,0,125,544,65,200
182.jpg,,,0,171,529,63,237
182.jpg,,,0,209,508,205,288
182.jpg,,,0,407,493,240,294
182.jpg,,,0,657,563,201,219
182.jpg,,,0,865,453,219,287
182.jpg,,,1,1103,466,172,241
182.jpg,,,0,220,771,53,70
182.jpg,,,0,280,788,72,67
182.jpg,,,0,380,774,100,104
182.jpg,,,0,526,755,116,111
182.jpg,,,0,664,690,208,217
182.jpg,,,0,873,675,217,168
182.jpg,,,1,1084,671,208,154
182.jpg,,,1,1254,560,113,138
182.jpg,,,3,1287,644,232,108
182.jpg,,,2,1373,511,192,146
182.jpg,,,2,1565,443,132,144
182.jpg,,,1,1513,585,171,97
225.jpg,,,1,313,332,229,326
225.jpg,,,0,536,394,227,267
225.jpg,,,0,770,325,275,337
225.jpg,,,0,1047,305,287,357
225.jpg,,,0,1329,325,227,293
225.jpg,,,0,1562,285,190,315
225.jpg,,,0,1714,340,152,261
225.jpg,,,0,445,606,232,291
225.jpg,,,1,323,624,175,224
225.jpg,,,1,248,611,104,183
225.jpg,,,1,215,375,129,253
225.jpg,,,1,639,648,189,138
225.jpg,,,0,844,655,165,86
225.jpg,,,0,1016,618,172,179
225.jpg,,,0,1190,590,217,196
225.jpg,,,1,1391,583,211,306
225.jpg,,,0,1602,585,158,292
112.jpg,,,5,146,1003,325,266
112.jpg,,,5,180,740,314,295
112.jpg,,,4,264,568,260,191
112.jpg,,,3,346,391,254,185
112.jpg,,,1,465,203,182,201
112.jpg,,,1,630,115,158,166
112.jpg,,,1,778,69,229,159
112.jpg,,,1,1010,49,238,188
112.jpg,,,1,1238,122,159,175
112.jpg,,,1,1371,213,175,211
112.jpg,,,3,1415,400,266,209
112.jpg,,,3,1469,609,267,172
112.jpg,,,4,1485,766,313,290
112.jpg,,,4,1506,1050,304,235
173.jpg,,,1,235,446,121,243
173.jpg,,,0,312,382,226,272
173.jpg,,,0,535,430,217,230
173.jpg,,,0,729,360,255,292
173.jpg,,,0,984,384,247,286
173.jpg,,,0,1238,361,226,258
173.jpg,,,0,1442,350,198,275
173.jpg,,,0,1613,398,111,221
173.jpg,,,0,1709,453,104,132
173.jpg,,,0,1803,447,66,101
173.jpg,,,0,531,614,163,166
173.jpg,,,0,284,647,187,89
173.jpg,,,0,731,625,149,70
173.jpg,,,0,1236,597,150,117
173.jpg,,,1,1403,594,168,188
173.jpg,,,0,1557,594,108,185
173.jpg,,,3,1644,598,124,158
97.jpg,,,0,216,393,321,352
97.jpg,,,0,544,422,310,329
97.jpg,,,0,864,426,276,301
97.jpg,,,0,1136,432,229,257
97.jpg,,,3,1366,412,196,161
97.jpg,,,4,1378,489,330,154
97.jpg,,,0,1328,622,276,152
97.jpg,,,0,1233,683,212,211
97.jpg,,,0,1004,615,230,266
245.jpg,,,0,7,414,186,287
245.jpg,,,1,3,673,168,330
245.jpg,,,1,142,674,198,247
245.jpg,,,0,174,353,314,360
245.jpg,,,0,490,354,332,357
245.jpg,,,0,812,378,262,289
245.jpg,,,1,1071,365,225,314
245.jpg,,,0,1291,421,195,267
245.jpg,,,1,1477,429,191,191
245.jpg,,,0,1451,612,205,150
245.jpg,,,0,1308,658,188,169
245.jpg,,,0,1114,630,219,246
245.jpg,,,0,934,610,240,338
245.jpg,,,0,733,642,196,253
245.jpg,,,0,519,698,203,250
245.jpg,,,0,314,658,211,282
162.jpg,,,1,423,518,91,160
162.jpg,,,1,482,504,81,176
162.jpg,,,2,526,452,147,216
162.jpg,,,2,670,439,159,240
162.jpg,,,0,822,456,201,221
162.jpg,,,0,1032,479,191,210
162.jpg,,,0,1226,471,153,197
162.jpg,,,0,1384,439,117,203
162.jpg,,,0,1480,501,71,162
162.jpg,,,0,1544,518,52,128
162.jpg,,,1,639,638,149,179
162.jpg,,,1,555,668,91,130
162.jpg,,,1,482,678,66,113
162.jpg,,,1,793,655,116,128
162.jpg,,,0,906,669,123,114
162.jpg,,,0,1036,682,108,80
162.jpg,,,0,1159,650,117,113
162.jpg,,,1,1284,616,127,216
162.jpg,,,0,1406,662,155,185
207.jpg,,,2,291,503,84,161
207.jpg,,,2,358,498,117,189
207.jpg,,,1,464,488,145,227
207.jpg,,,1,608,474,154,227
207.jpg,,,1,760,443,237,261
207.jpg,,,1,1000,429,234,278
207.jpg,,,1,1235,442,175,244
207.jpg,,,1,1410,430,136,248
207.jpg,,,1,1538,467,126,184
207.jpg,,,1,467,681,113,146
207.jpg,,,1,579,659,154,194
207.jpg,,,1,731,688,147,117
207.jpg,,,1,875,685,125,126
207.jpg,,,1,997,675,148,179
207.jpg,,,0,1155,686,139,166
207.jpg,,,0,1293,627,168,231
207.jpg,,,1,1453,636,116,209
207.jpg,,,1,1570,652,96,144
211.jpg,,,1,176,980,256,251
211.jpg,,,1,242,747,264,293
211.jpg,,,1,340,595,247,199
211.jpg,,,0,413,419,239,203
211.jpg,,,0,535,261,160,181
211.jpg,,,0,669,187,194,157
211.jpg,,,0,837,115,216,180
211.jpg,,,0,1057,103,214,201
211.jpg,,,0,1223,196,180,170
211.jpg,,,0,1354,299,178,202
211.jpg,,,0,1373,479,249,199
211.jpg,,,1,1435,655,248,184
211.jpg,,,1,1422,839,284,263
211.jpg,,,1,1525,1033,261,234
280.jpg,,,1,553,467,166,214
280.jpg,,,1,726,411,213,250
280.jpg,,,0,935,444,126,234
280.jpg,,,1,1047,419,123,281
280.jpg,,,0,1145,443,90,238
280.jpg,,,0,619,606,185,235
280.jpg,,,1,742,601,198,148
107.jpg,,,3,620,704,149,192
107.jpg,,,3,647,514,189,202
107.jpg,,,2,738,395,169,151
107.jpg,,,3,803,276,143,132
107.jpg,,,2,896,220,126,117
107.jpg,,,4,997,172,113,116
107.jpg,,,3,1106,165,100,100
107.jpg,,,2,1218,175,91,108
107.jpg,,,3,1312,220,90,114
107.jpg,,,2,1390,273,103,113
107.jpg,,,2,1377,378,171,124
107.jpg,,,2,1358,486,162,135
107.jpg,,,3,1431,585,200,204
107.jpg,,,2,1541,795,137,125
107.jpg,,,2,629,966,139,107
107.jpg,,,1,716,1027,88,95
107.jpg,,,1,758,1055,95,114
107.jpg,,,1,852,1032,105,155
107.jpg,,,1,958,1042,116,146
107.jpg,,,0,1078,1041,119,131
107.jpg,,,0,1199,1034,111,132
107.jpg,,,0,1312,1024,90,138
107.jpg,,,1,1406,1051,84,122
107.jpg,,,2,1476,988,176,148
107.jpg,,,1,1558,918,124,110
49.jpg,,,1,603,462,220,269
49.jpg,,,1,823,403,175,238
49.jpg,,,1,605,669,118,266
49.jpg,,,1,722,715,65,161
49.jpg,,,0,784,707,56,195
49.jpg,,,0,953,412,124,309
223.jpg,,,3,86,932,281,268
223.jpg,,,3,142,739,326,289
223.jpg,,,3,182,577,264,189
223.jpg,,,3,269,422,266,220
223.jpg,,,4,379,260,234,203
223.jpg,,,5,576,206,195,139
223.jpg,,,5,755,140,259,176
223.jpg,,,5,1022,137,251,188
223.jpg,,,5,1255,195,183,150
223.jpg,,,5,1355,275,225,217
223.jpg,,,3,1446,441,269,225
223.jpg,,,3,1569,591,262,213
223.jpg,,,3,1554,754,344,316
223.jpg,,,2,1668,964,288,277
71.jpg,,,4,87,35,301,305
71.jpg,,,3,193,295,318,323
71.jpg,,,2,307,586,237,207
71.jpg,,,2,368,778,216,206
71.jpg,,,0,487,922,195,219
71.jpg,,,0,648,984,182,199
71.jpg,,,1,810,1040,172,197
71.jpg,,,1,977,1020,175,197
71.jpg,,,0,1129,996,185,179
71.jpg,,,1,1258,907,193,193
71.jpg,,,1,1367,758,215,203
71.jpg,,,2,1407,569,239,211
71.jpg,,,3,1441,291,313,319
71.jpg,,,4,1558,19,313,309
166.jpg,,,6,435,870,278,207
166.jpg,,,0,571,1093,150,135
166.jpg,,,0,723,1045,179,158
166.jpg,,,0,901,1028,226,168
166.jpg,,,0,1133,1038,233,159
166.jpg,,,0,1367,1052,173,134
166.jpg,,,0,1544,1072,134,131
166.jpg,,,3,500,731,231,170
166.jpg,,,1,561,613,253,170
166.jpg,,,1,576,418,176,210
166.jpg,,,0,723,358,169,175
166.jpg,,,0,896,326,220,202
166.jpg,,,0,1112,322,224,195
166.jpg,,,0,1336,365,169,163
166.jpg,,,0,1448,414,197,213
166.jpg,,,2,1445,600,248,168
166.jpg,,,2,1518,722,231,165
166.jpg,,,4,1547,826,273,212
216.jpg,,,0,220,497,132,202
216.jpg,,,1,347,483,214,261
216.jpg,,,0,554,479,245,267
216.jpg,,,0,803,503,208,225
216.jpg,,,0,1016,493,195,220
216.jpg,,,0,1216,495,177,203
216.jpg,,,3,1425,457,285,179
216.jpg,,,4,1428,628,259,162
216.jpg,,,1,1307,647,162,170
216.jpg,,,1,1107,669,204,201
216.jpg,,,1,916,662,198,214
216.jpg,,,1,754,669,156,206
216.jpg,,,0,599,734,135,132
216.jpg,,,0,477,716,113,158
216.jpg,,,1,352,707,119,146
248.jpg,,,2,106,1062,270,217
248.jpg,,,3,150,846,328,322
248.jpg,,,2,308,749,273,199
248.jpg,,,2,260,522,290,241
248.jpg,,,0,403,329,223,254
248.jpg,,,0,569,248,236,201
248.jpg,,,0,760,166,263,210
248.jpg,,,0,1032,170,269,211
248.jpg,,,0,1226,295,233,200
248.jpg,,,0,1384,407,237,251
248.jpg,,,0,1441,625,287,238
248.jpg,,,0,1375,836,289,201
248.jpg,,,2,1491,947,315,316
203.jpg,,,1,177,414,190,187
203.jpg,,,1,377,484,210,219
203.jpg,,,1,581,524,143,213
203.jpg,,,1,709,487,166,261
203.jpg,,,1,861,447,262,329
203.jpg,,,0,1123,487,256,295
203.jpg,,,0,1362,459,294,346
203.jpg,,,0,1648,491,282,317
203.jpg,,,1,970,676,227,279
203.jpg,,,1,753,715,208,226
203.jpg,,,1,360,666,276,162
203.jpg,,,0,602,709,152,151
203.jpg,,,1,1202,741,192,202
203.jpg,,,0,1399,757,190,183
56.jpg,,,2,164,142,230,190
56.jpg,,,1,189,302,245,219
56.jpg,,,2,249,497,195,169
56.jpg,,,1,310,618,195,192
56.jpg,,,1,387,774,174,185
56.jpg,,,1,506,881,163,156
56.jpg,,,0,671,922,182,149
56.jpg,,,0,855,926,175,138
56.jpg,,,1,1015,876,166,156
56.jpg,,,1,1107,758,171,184
56.jpg,,,2,1151,610,202,193
56.jpg,,,2,1213,495,182,161
56.jpg,,,2,1207,306,243,220
56.jpg,,,3,1261,146,227,210
23.jpg,,,3,1299,491,256,190
23.jpg,,,1,1555,425,266,165
23.jpg,,,0,1605,565,297,153
23.jpg,,,3,1327,676,282,146
23.jpg,,,3,1094,648,257,203
23.jpg,,,0,985,370,333,291
23.jpg,,,0,808,632,279,323
23.jpg,,,0,587,351,390,282
23.jpg,,,0,541,620,257,326
23.jpg,,,0,264,336,316,292
23.jpg,,,0,309,614,233,351
23.jpg,,,0,181,636,162,288
23.jpg,,,0,93,354,186,260
23.jpg,,,1,67,614,127,232
23.jpg,,,1,58,465,53,130
184.jpg,,,3,390,113,216,178
184.jpg,,,2,449,262,235,240
184.jpg,,,1,519,488,203,156
184.jpg,,,2,573,637,214,172
184.jpg,,,0,658,798,161,166
184.jpg,,,1,767,910,166,172
184.jpg,,,0,899,988,184,165
184.jpg,,,0,1085,996,188,163
184.jpg,,,0,1226,911,152,137
184.jpg,,,0,1351,818,168,181
184.jpg,,,2,1390,685,211,166
184.jpg,,,1,1390,527,208,163
184.jpg,,,3,1416,286,237,241
184.jpg,,,4,1481,107,226,235
186.jpg,,,0,642,442,168,166
186.jpg,,,2,802,453,171,224
186.jpg,,,1,968,403,169,308
186.jpg,,,0,687,579,113,185
186.jpg,,,0,789,586,66,159
252.jpg,,,0,242,561,187,195
252.jpg,,,0,384,553,200,227
252.jpg,,,0,530,531,230,263
252.jpg,,,1,734,503,274,373
252.jpg,,,0,977,448,277,336
252.jpg,,,0,1230,364,346,375
252.jpg,,,0,1574,349,334,386
252.jpg,,,0,649,718,204,244
252.jpg,,,0,500,738,151,184
252.jpg,,,1,297,730,205,149
87.jpg,,,0,235,459,105,238
87.jpg,,,0,339,493,158,211
87.jpg,,,0,473,395,226,255
87.jpg,,,0,694,353,319,361
87.jpg,,,0,1016,350,319,349
87.jpg,,,0,1335,406,205,260
87.jpg,,,0,1547,332,223,303
87.jpg,,,0,1739,401,163,233
87.jpg,,,1,320,666,174,189
87.jpg,,,1,455,639,185,275
87.jpg,,,0,642,647,205,286
87.jpg,,,0,849,652,158,244
87.jpg,,,0,1016,658,220,240
87.jpg,,,0,1241,598,227,278
87.jpg,,,0,1455,580,187,295
87.jpg,,,0,1636,583,177,231
164.jpg,,,0,329,497,110,149
164.jpg,,,0,435,444,147,219
164.jpg,,,0,580,460,194,217
164.jpg,,,0,770,486,206,208
164.jpg,,,0,981,490,146,192
164.jpg,,,0,1134,457,150,197
164.jpg,,,0,1258,504,101,165
164.jpg,,,0,1357,520,72,132
164.jpg,,,0,420,617,133,132
164.jpg,,,0,552,661,123,53
164.jpg,,,0,681,668,113,72
164.jpg,,,1,1045,598,136,199
164.jpg,,,0,1225,663,133,132
164.jpg,,,1,1167,628,49,121
259.jpg,,,2,52,900,324,308
259.jpg,,,2,155,738,277,213
259.jpg,,,1,260,565,258,219
259.jpg,,,1,391,392,217,219
259.jpg,,,1,547,299,184,146
259.jpg,,,0,731,212,252,142
259.jpg,,,0,1029,210,258,136
259.jpg,,,0,1270,283,204,140
259.jpg,,,0,1413,383,213,216
259.jpg,,,1,1485,545,263,226
259.jpg,,,1,1587,729,246,194
259.jpg,,,3,1600,880,306,309
8.jpg,,,5,27,593,233,224
8.jpg,,,0,140,434,298,184
8.jpg,,,3,229,651,281,234
8.jpg,,,0,424,404,295,295
8.jpg,,,0,720,410,297,313
8.jpg,,,0,661,676,280,286
8.jpg,,,0,1010,347,357,395
8.jpg,,,0,956,691,222,211
8.jpg,,,0,1170,670,227,215
8.jpg,,,0,1358,299,310,401
8.jpg,,,1,1661,293,218,357
8.jpg,,,0,1387,676,163,174
8.jpg,,,0,1585,651,122,128
8.jpg,,,0,1749,589,112,187
119.jpg,,,4,62,84,347,231
119.jpg,,,3,112,316,312,195
119.jpg,,,2,230,487,307,203
119.jpg,,,2,355,684,272,208
119.jpg,,,1,540,866,260,188
119.jpg,,,0,755,940,282,236
119.jpg,,,0,1097,925,280,236
119.jpg,,,1,1330,834,257,188
119.jpg,,,1,1482,671,257,223
119.jpg,,,2,1567,463,315,236
119.jpg,,,3,1660,305,297,197
119.jpg,,,4,1677,45,315,296
52.jpg,,,2,162,964,351,326
52.jpg,,,1,209,754,281,220
52.jpg,,,2,296,553,265,217
52.jpg,,,1,384,323,207,249
52.jpg,,,1,551,200,221,241
52.jpg,,,1,729,78,269,220
52.jpg,,,1,1022,33,234,238
52.jpg,,,1,1203,170,221,204
52.jpg,,,0,1403,279,219,231
52.jpg,,,1,1487,501,253,221
52.jpg,,,1,1539,712,276,213
52.jpg,,,3,1529,917,339,327
118.jpg,,,2,7,344,122,169
118.jpg,,,2,127,394,157,182
118.jpg,,,1,272,409,200,244
118.jpg,,,1,460,439,277,268
118.jpg,,,0,735,442,347,320
118.jpg,,,0,1127,413,342,344
118.jpg,,,0,592,699,215,221
118.jpg,,,0,807,747,237,205
118.jpg,,,0,1090,673,227,281
118.jpg,,,0,1332,667,190,229
118.jpg,,,1,1540,647,190,197
118.jpg,,,1,1722,537,167,192
118.jpg,,,1,1705,333,172,266
118.jpg,,,0,1880,307,120,205
118.jpg,,,0,1872,502,112,140
118.jpg,,,0,1462,370,262,299
118.jpg,,,1,407,641,180,242
118.jpg,,,1,240,589,165,199
118.jpg,,,1,135,550,127,127
12.jpg,,,2,984,405,277,350
12.jpg,,,2,727,473,253,249
12.jpg,,,0,520,507,197,174
12.jpg,,,0,200,494,342,196
12.jpg,,,2,50,533,148,131
12.jpg,,,2,20,660,153,162
12.jpg,,,2,189,689,325,164
12.jpg,,,2,520,676,224,220
12.jpg,,,2,756,670,227,184
12.jpg,,,2,997,648,219,236
12.jpg,,,1,1285,444,224,332
12.jpg,,,1,1499,442,230,362
12.jpg,,,0,1706,434,98,250
12.jpg,,,0,1806,360,124,294
12.jpg,,,0,1788,632,106,177
160.jpg,,,2,154,946,331,330
160.jpg,,,1,218,757,279,205
160.jpg,,,0,299,548,269,225
160.jpg,,,0,413,340,207,232
160.jpg,,,0,576,231,213,210
160.jpg,,,0,775,166,247,222
160.jpg,,,0,1026,166,248,236
160.jpg,,,0,1231,247,228,245
160.jpg,,,0,1397,393,209,229
160.jpg,,,1,1439,590,272,229
160.jpg,,,1,1495,812,277,197
160.jpg,,,1,1519,994,319,269
96.jpg,,,1,316,435,219,244
96.jpg,,,1,540,501,197,239
96.jpg,,,1,711,450,277,300
96.jpg,,,1,994,450,284,291
96.jpg,,,0,1276,461,190,248
96.jpg,,,1,1467,445,141,232
96.jpg,,,0,1618,438,135,135
96.jpg,,,2,1587,511,237,136
96.jpg,,,1,1361,639,166,198
96.jpg,,,1,1518,669,159,188
96.jpg,,,1,1597,626,166,123
96.jpg,,,1,1184,667,175,162
96.jpg,,,1,471,619,185,228
96.jpg,,,2,263,681,228,120
96.jpg,,,1,300,757,154,129
144.jpg,,,2,92,360,107,172
144.jpg,,,2,195,439,104,255
144.jpg,,,1,269,489,149,229
144.jpg,,,0,392,470,205,286
144.jpg,,,1,606,511,185,236
144.jpg,,,3,409,711,197,178
144.jpg,,,3,608,717,161,110
144.jpg,,,3,769,741,129,72
144.jpg,,,0,748,453,274,318
144.jpg,,,0,1025,434,255,298
144.jpg,,,1,1039,728,120,68
144.jpg,,,0,1168,717,113,57
144.jpg,,,2,1296,714,184,125
144.jpg,,,2,1496,681,159,127
144.jpg,,,2,1663,596,124,144
144.jpg,,,0,1286,456,195,274
144.jpg,,,0,1473,437,195,253
144.jpg,,,0,1640,454,111,246
85.jpg,,,1,113,421,247,192
85.jpg,,,2,203,586,320,205
85.jpg,,,1,371,462,198,217
85.jpg,,,0,573,484,252,250
85.jpg,,,2,814,514,263,226
85.jpg,,,0,1060,402,265,279
85.jpg,,,0,1328,327,334,375
85.jpg,,,0,1651,351,285,299
85.jpg,,,1,523,638,216,186
85.jpg,,,1,716,674,236,221
85.jpg,,,1,962,628,255,327
85.jpg,,,0,1218,639,253,313
55.jpg,,,0,305,336,178,310
55.jpg,,,1,465,347,230,308
55.jpg,,,0,707,378,278,315
55.jpg,,,1,983,440,264,278
55.jpg,,,1,1248,394,236,312
55.jpg,,,2,1480,401,275,286
55.jpg,,,1,560,577,233,317
55.jpg,,,0,796,610,252,234
55.jpg,,,0,1055,655,268,211
55.jpg,,,0,1329,649,372,213
55.jpg,,,1,460,623,94,217
55.jpg,,,1,323,618,107,190
150.jpg,,,0,109,415,99,102
150.jpg,,,0,195,424,146,159
150.jpg,,,0,285,562,111,108
150.jpg,,,0,345,481,95,145
150.jpg,,,1,400,458,162,209
150.jpg,,,0,558,459,192,201
150.jpg,,,0,550,642,126,132
150.jpg,,,0,443,640,99,91
150.jpg,,,0,752,406,238,255
150.jpg,,,0,678,624,162,152
150.jpg,,,0,845,640,156,108
150.jpg,,,0,1000,569,148,185
150.jpg,,,0,1020,405,243,244
150.jpg,,,0,1158,604,136,134
150.jpg,,,0,1262,459,168,194
150.jpg,,,0,1299,642,148,130
150.jpg,,,0,1427,437,155,227
150.jpg,,,0,1435,620,119,127
150.jpg,,,0,1559,491,85,158
59.jpg,,,2,142,462,95,132
59.jpg,,,1,228,476,119,193
59.jpg,,,1,316,484,133,202
59.jpg,,,1,425,438,177,279
59.jpg,,,0,603,470,178,238
59.jpg,,,0,786,440,233,279
59.jpg,,,0,1023,446,240,284
59.jpg,,,0,1255,460,169,229
59.jpg,,,0,1413,443,136,238
59.jpg,,,0,1538,457,88,221
59.jpg,,,0,1618,462,52,200
59.jpg,,,1,538,645,149,234
59.jpg,,,1,390,669,139,168
59.jpg,,,1,300,644,108,148
59.jpg,,,1,177,598,118,156
59.jpg,,,0,681,671,158,187
59.jpg,,,0,839,712,140,142
59.jpg,,,0,1145,658,142,202
59.jpg,,,1,1293,662,130,211
59.jpg,,,1,1402,665,145,182
59.jpg,,,0,993,700,127,144
130.jpg,,,2,484,535,150,176
130.jpg,,,2,481,699,192,163
130.jpg,,,2,644,548,134,180
130.jpg,,,2,664,719,208,187
130.jpg,,,1,835,731,166,227
130.jpg,,,1,757,556,149,178
130.jpg,,,1,903,536,187,235
130.jpg,,,1,1000,719,175,208
130.jpg,,,0,1080,538,201,224
130.jpg,,,0,1286,517,227,267
130.jpg,,,0,1519,517,191,265
130.jpg,,,1,1715,541,108,207
130.jpg,,,2,1826,497,81,261
130.jpg,,,0,1180,743,165,180
130.jpg,,,0,1336,768,158,146
130.jpg,,,0,1499,767,127,159
130.jpg,,,0,1623,737,116,195
130.jpg,,,1,1738,733,95,221
130.jpg,,,1,1817,750,75,151
115.jpg,,,1,346,521,80,95
115.jpg,,,1,458,529,64,149
115.jpg,,,2,544,481,141,215
115.jpg,,,0,685,486,159,210
115.jpg,,,0,812,450,169,239
115.jpg,,,0,981,476,183,220
115.jpg,,,0,1160,463,161,232
115.jpg,,,0,1308,477,139,222
115.jpg,,,1,1437,553,69,154
115.jpg,,,1,1501,571,80,134
115.jpg,,,1,1576,587,55,101
115.jpg,,,2,1641,539,71,109
115.jpg,,,2,400,631,76,99
115.jpg,,,1,511,675,74,107
115.jpg,,,1,581,692,80,125
115.jpg,,,2,660,676,129,209
115.jpg,,,1,779,672,106,161
115.jpg,,,0,872,675,112,164
115.jpg,,,0,985,684,117,162
115.jpg,,,0,1113,666,112,169
115.jpg,,,1,1225,683,119,181
115.jpg,,,1,1345,693,103,163
115.jpg,,,1,1438,692,86,132
115.jpg,,,1,1525,699,81,96
129.jpg,,,2,303,428,66,183
129.jpg,,,2,348,439,78,182
129.jpg,,,2,384,452,92,175
129.jpg,,,2,302,604,82,163
129.jpg,,,2,385,621,94,180
129.jpg,,,2,1781,443,69,159
129.jpg,,,2,1742,592,115,132
129.jpg,,,4,1602,601,155,170
129.jpg,,,2,1696,428,78,176
129.jpg,,,1,1607,433,103,176
129.jpg,,,1,1499,635,162,190
129.jpg,,,2,1449,350,155,306
129.jpg,,,1,1347,586,159,288
129.jpg,,,1,1267,384,178,244
129.jpg,,,1,1189,616,158,213
129.jpg,,,1,455,639,121,206
129.jpg,,,2,451,399,152,253
129.jpg,,,2,584,412,179,231
129.jpg,,,1,568,618,130,199
129.jpg,,,1,697,623,166,202
129.jpg,,,1,861,630,163,170
129.jpg,,,1,1022,645,168,175
129.jpg,,,0,1007,368,249,295
129.jpg,,,0,771,370,240,284
64.jpg,,,2,162,1056,282,243
64.jpg,,,2,236,828,310,300
64.jpg,,,1,309,668,256,179
64.jpg,,,2,357,486,236,190
64.jpg,,,2,416,272,214,227
64.jpg,,,2,561,186,203,186
64.jpg,,,2,718,76,247,210
64.jpg,,,2,945,111,245,205
64.jpg,,,2,1187,175,193,173
64.jpg,,,1,1309,284,207,208
64.jpg,,,2,1371,476,243,207
64.jpg,,,1,1432,654,226,195
64.jpg,,,3,1471,804,294,314
64.jpg,,,2,1571,1031,284,251
272.jpg,,,3,40,81,291,286
272.jpg,,,2,57,374,366,361
272.jpg,,,2,259,661,249,256
272.jpg,,,1,410,830,241,257
272.jpg,,,0,613,1011,216,190
272.jpg,,,0,849,1084,183,159
272.jpg,,,0,1036,1073,190,161
272.jpg,,,0,1234,995,207,206
272.jpg,,,2,1413,817,232,258
272.jpg,,,1,1555,655,246,248
272.jpg,,,2,1626,342,343,376
272.jpg,,,2,1676,102,311,247
95.jpg,,,1,389,447,92,181
95.jpg,,,2,458,403,148,243
95.jpg,,,1,586,406,187,237
95.jpg,,,0,760,374,243,293
95.jpg,,,0,1010,375,246,285
95.jpg,,,1,1262,384,187,247
95.jpg,,,2,1461,351,146,299
95.jpg,,,1,1610,426,97,179
95.jpg,,,1,386,616,110,189
95.jpg,,,1,310,600,91,170
95.jpg,,,1,457,641,123,210
95.jpg,,,1,577,618,124,224
95.jpg,,,0,707,616,145,208
95.jpg,,,0,870,659,152,145
95.jpg,,,0,1022,659,168,164
95.jpg,,,0,1191,618,162,213
95.jpg,,,0,1357,592,153,273
95.jpg,,,1,1502,651,155,179
95.jpg,,,3,1595,601,152,179
231.jpg,,,3,415,338,214,294
231.jpg,,,0,617,483,157,209
231.jpg,,,0,346,503,181,210
231.jpg,,,0,289,535,127,179
231.jpg,,,0,208,555,114,137
231.jpg,,,1,262,673,110,100
231.jpg,,,0,355,698,97,130
231.jpg,,,0,438,649,111,224
231.jpg,,,1,532,645,197,270
231.jpg,,,1,724,695,100,123
231.jpg,,,0,807,682,189,223
231.jpg,,,0,989,644,192,253
231.jpg,,,0,1177,677,200,214
231.jpg,,,0,1372,653,155,264
231.jpg,,,3,770,418,264,290
231.jpg,,,2,1046,422,255,281
231.jpg,,,0,1299,486,207,227
231.jpg,,,0,1505,458,162,250
231.jpg,,,0,1519,653,148,204
231.jpg,,,0,1652,487,122,202
230.jpg,,,1,829,325,243,354
230.jpg,,,1,1067,374,92,255
230.jpg,,,0,1158,312,61,279
230.jpg,,,1,828,621,266,276
142.jpg,,,2,297,751,258,260
142.jpg,,,2,409,644,237,185
142.jpg,,,1,384,474,243,186
142.jpg,,,1,461,312,200,201
142.jpg,,,1,614,216,185,163
142.jpg,,,1,741,119,229,162
142.jpg,,,2,973,139,216,199
142.jpg,,,1,1180,224,175,158
142.jpg,,,1,1324,257,194,210
142.jpg,,,1,1320,456,235,207
142.jpg,,,1,1365,642,233,166
142.jpg,,,2,1380,784,269,208
142.jpg,,,2,1406,962,266,182
142.jpg,,,0,336,1053,95,134
142.jpg,,,0,402,1023,129,220
142.jpg,,,0,534,1056,175,183
142.jpg,,,0,670,1102,237,142
142.jpg,,,0,912,1105,236,166
142.jpg,,,0,1136,1159,185,113
201.jpg,,,1,352,449,182,279
201.jpg,,,1,277,525,124,216
201.jpg,,,0,532,462,192,245
201.jpg,,,0,697,421,249,285
201.jpg,,,0,955,432,239,278
201.jpg,,,0,1177,466,163,238
201.jpg,,,1,1344,433,159,273
201.jpg,,,1,354,693,142,182
201.jpg,,,1,493,655,160,202
201.jpg,,,1,655,681,147,141
201.jpg,,,0,806,648,161,190
201.jpg,,,0,971,685,150,139
201.jpg,,,0,1126,683,139,155
201.jpg,,,1,1264,652,159,218
10.jpg,,,0,993,499,230,335
10.jpg,,,0,720,480,239,302
10.jpg,,,2,470,444,250,304
10.jpg,,,2,332,499,165,231
10.jpg,,,0,252,550,95,159
10.jpg,,,0,135,527,150,183
10.jpg,,,0,31,525,109,155
10.jpg,,,2,67,686,107,135
10.jpg,,,2,190,700,128,143
10.jpg,,,2,312,704,153,178
10.jpg,,,2,471,698,150,139
10.jpg,,,2,624,661,139,190
10.jpg,,,0,1241,490,150,247
10.jpg,,,2,1359,605,125,218
10.jpg,,,2,1393,431,233,279
10.jpg,,,2,1623,437,113,228
10.jpg,,,2,1732,462,107,150
10.jpg,,,0,1832,432,92,156
10.jpg,,,2,1503,676,203,167
10.jpg,,,2,1690,614,122,187
10.jpg,,,2,1790,602,130,141
10.jpg,,,0,1905,565,94,125
140.jpg,,,1,244,438,168,180
140.jpg,,,1,391,384,229,299
140.jpg,,,1,274,598,117,131
140.jpg,,,1,418,676,117,94
140.jpg,,,0,536,661,135,134
140.jpg,,,0,667,675,172,189
140.jpg,,,0,835,683,120,108
140.jpg,,,0,977,650,150,169
140.jpg,,,0,613,392,275,298
140.jpg,,,0,868,464,218,268
140.jpg,,,0,1083,479,203,288
140.jpg,,,0,1126,683,211,250
140.jpg,,,0,1268,515,155,202
140.jpg,,,1,1345,699,77,86
140.jpg,,,2,1418,604,156,170
140.jpg,,,2,1455,503,173,138
240.jpg,,,1,191,408,219,268
240.jpg,,,1,405,392,237,284
240.jpg,,,1,642,417,218,255
240.jpg,,,1,860,411,218,268
240.jpg,,,1,1079,476,206,224
240.jpg,,,2,1285,526,175,186
240.jpg,,,2,1460,513,237,189
240.jpg,,,2,1384,677,273,199
240.jpg,,,1,1180,675,194,190
240.jpg,,,1,983,634,198,260
240.jpg,,,1,776,627,204,275
240.jpg,,,0,608,633,163,220
240.jpg,,,1,460,657,150,197
240.jpg,,,0,284,673,112,147
240.jpg,,,0,221,669,86,189
195.jpg,,,2,227,561,224,256
195.jpg,,,1,371,736,213,236
195.jpg,,,0,517,896,190,212
195.jpg,,,4,88,0,270,190
195.jpg,,,0,651,1010,172,183
195.jpg,,,0,802,1098,149,142
195.jpg,,,0,956,1080,147,152
195.jpg,,,0,1104,1061,167,165
195.jpg,,,0,1235,986,189,202
195.jpg,,,0,1361,862,220,213
195.jpg,,,3,1456,680,225,225
195.jpg,,,0,1497,403,335,333
195.jpg,,,2,1557,103,310,341
185.jpg,,,2,186,488,102,172
185.jpg,,,2,242,657,180,145
185.jpg,,,1,309,518,137,196
185.jpg,,,1,441,513,122,181
185.jpg,,,1,566,503,224,261
185.jpg,,,0,778,439,274,370
185.jpg,,,0,1062,469,262,316
185.jpg,,,0,1321,489,220,241
185.jpg,,,0,1527,505,108,121
185.jpg,,,0,1619,455,149,228
185.jpg,,,0,1574,621,120,151
185.jpg,,,0,1402,603,174,203
185.jpg,,,0,1257,693,125,161
185.jpg,,,0,1056,730,145,114
185.jpg,,,0,893,731,138,130
185.jpg,,,0,721,734,120,138
185.jpg,,,0,529,685,149,181
185.jpg,,,2,443,692,85,194
121.jpg,,,0,2,396,312,270
121.jpg,,,0,157,632,222,294
121.jpg,,,0,330,348,360,322
121.jpg,,,0,702,307,295,325
121.jpg,,,0,1002,327,295,290
121.jpg,,,0,1307,364,250,229
121.jpg,,,1,1560,357,182,199
121.jpg,,,1,1742,322,190,156
121.jpg,,,1,1582,478,315,190
121.jpg,,,1,1367,554,250,221
121.jpg,,,1,1152,563,260,270
121.jpg,,,1,900,593,260,283
121.jpg,,,0,620,619,252,294
121.jpg,,,0,387,652,230,279
121.jpg,,,1,35,652,135,231
105.jpg,,,1,418,707,189,213
105.jpg,,,1,603,682,219,206
105.jpg,,,0,834,668,178,155
105.jpg,,,1,1029,655,172,165
105.jpg,,,1,1212,669,175,155
105.jpg,,,2,1380,662,152,138
105.jpg,,,2,1531,695,229,127
105.jpg,,,2,1103,520,174,163
105.jpg,,,0,1271,560,157,111
105.jpg,,,2,1438,569,229,127
105.jpg,,,2,936,576,158,134
105.jpg,,,2,786,565,129,186
105.jpg,,,2,665,593,116,128
105.jpg,,,2,565,587,87,134
30.jpg,,,3,93,1,315,171
30.jpg,,,1,141,178,342,305
30.jpg,,,1,253,463,312,260
30.jpg,,,1,406,692,242,226
30.jpg,,,1,547,874,181,229
30.jpg,,,0,723,955,165,209
30.jpg,,,0,894,989,171,193
30.jpg,,,0,1062,986,172,182
30.jpg,,,0,1215,936,183,205
30.jpg,,,1,1352,837,215,234
30.jpg,,,1,1461,639,232,240
30.jpg,,,1,1520,401,294,312
30.jpg,,,2,1565,148,316,291
30.jpg,,,3,1661,5,282,155
260.jpg,,,3,28,45,310,258
260.jpg,,,2,99,280,322,317
260.jpg,,,1,228,575,224,241
260.jpg,,,0,325,773,212,213
260.jpg,,,0,507,927,200,179
260.jpg,,,0,701,1042,183,111
260.jpg,,,0,1024,1016,193,109
260.jpg,,,0,1193,918,192,172
260.jpg,,,0,1360,770,210,231
260.jpg,,,0,1485,600,234,258
260.jpg,,,3,1519,305,338,341
260.jpg,,,4,1637,20,316,310
58.jpg,,,2,416,368,282,303
58.jpg,,,2,707,416,223,265
58.jpg,,,2,923,409,250,281
58.jpg,,,1,1157,374,269,281
58.jpg,,,1,1435,343,227,291
58.jpg,,,0,1641,305,204,295
58.jpg,,,0,1832,306,136,305
58.jpg,,,0,794,644,255,241
58.jpg,,,1,502,627,291,185
58.jpg,,,0,1054,609,232,247
58.jpg,,,1,1288,593,217,271
58.jpg,,,1,1509,600,153,248
58.jpg,,,0,1668,583,113,230
58.jpg,,,0,1807,593,155,200
88.jpg,,,2,49,982,311,272
88.jpg,,,2,78,744,313,300
88.jpg,,,1,178,583,242,186
88.jpg,,,1,268,409,258,225
88.jpg,,,0,403,241,210,210
88.jpg,,,2,533,142,202,181
88.jpg,,,1,713,84,258,163
88.jpg,,,1,994,90,256,156
88.jpg,,,1,1252,137,184,170
88.jpg,,,0,1373,248,204,220
88.jpg,,,1,1468,421,252,221
88.jpg,,,1,1562,589,251,211
88.jpg,,,1,1610,751,308,319
88.jpg,,,2,1634,1008,308,274
281.jpg,,,2,347,571,131,149
281.jpg,,,2,468,557,188,170
281.jpg,,,1,643,555,131,179
281.jpg,,,1,745,523,173,221
281.jpg,,,1,898,496,233,269
281.jpg,,,0,1139,524,215,264
281.jpg,,,0,1357,488,285,307
281.jpg,,,0,1632,413,265,341
281.jpg,,,0,1896,504,103,216
281.jpg,,,2,502,710,240,147
281.jpg,,,4,377,695,145,115
281.jpg,,,1,730,729,127,167
281.jpg,,,1,863,718,221,213
66.jpg,,,1,99,463,150,172
66.jpg,,,1,267,511,239,176
66.jpg,,,1,515,552,168,165
66.jpg,,,1,677,535,200,196
66.jpg,,,1,871,498,253,265
66.jpg,,,0,1134,488,221,257
66.jpg,,,0,1348,459,259,289
66.jpg,,,0,1598,375,239,311
66.jpg,,,0,1777,403,85,237
66.jpg,,,1,1835,394,68,248
66.jpg,,,2,222,651,294,159
66.jpg,,,1,500,702,184,141
66.jpg,,,0,677,695,208,190
66.jpg,,,0,881,702,214,200
66.jpg,,,0,1111,659,168,230
66.jpg,,,0,1307,689,120,195
66.jpg,,,0,1439,736,124,145
66.jpg,,,0,1584,650,60,183
66.jpg,,,0,1651,674,85,179
69.jpg,,,2,103,1096,294,203
69.jpg,,,2,142,887,344,302
69.jpg,,,1,241,710,235,195
69.jpg,,,3,309,505,273,223
69.jpg,,,1,445,330,203,227
69.jpg,,,0,564,200,230,172
69.jpg,,,0,781,119,252,195
69.jpg,,,0,1031,121,240,199
69.jpg,,,0,1219,223,219,207
69.jpg,,,0,1358,367,220,248
69.jpg,,,1,1447,633,250,200
69.jpg,,,4,1484,801,316,330
69.jpg,,,3,1549,1064,319,235
104.jpg,,,1,315,576,165,208
104.jpg,,,1,477,504,210,220
104.jpg,,,0,710,535,184,189
104.jpg,,,1,902,563,184,172
104.jpg,,,0,1115,553,152,162
104.jpg,,,1,1274,579,166,125
104.jpg,,,3,1445,546,181,130
104.jpg,,,2,399,774,72,117
104.jpg,,,1,467,747,105,130
104.jpg,,,1,581,682,129,179
104.jpg,,,1,713,713,146,125
104.jpg,,,1,873,703,161,197
104.jpg,,,1,1042,703,169,148
104.jpg,,,0,1190,710,110,117
104.jpg,,,2,1306,681,275,128
154.jpg,,,3,136,1078,277,213
154.jpg,,,4,207,844,309,266
154.jpg,,,1,323,701,255,171
154.jpg,,,0,358,512,267,194
154.jpg,,,0,440,309,201,213
154.jpg,,,0,605,155,178,191
154.jpg,,,0,771,62,226,186
154.jpg,,,0,1026,68,230,198
154.jpg,,,0,1257,168,177,193
154.jpg,,,0,1368,342,191,205
154.jpg,,,0,1370,540,254,177
154.jpg,,,0,1519,661,245,186
154.jpg,,,4,1457,846,297,269
154.jpg,,,4,1599,1047,211,207
190.jpg,,,4,45,733,385,389
190.jpg,,,1,209,542,289,244
190.jpg,,,4,1487,949,376,297
190.jpg,,,0,1460,715,321,229
190.jpg,,,0,1431,475,279,241
190.jpg,,,0,1373,255,248,232
190.jpg,,,0,1233,150,210,198
190.jpg,,,1,1063,99,200,201
190.jpg,,,0,858,97,202,208
190.jpg,,,0,651,120,203,208
190.jpg,,,1,453,192,245,247
190.jpg,,,1,314,373,266,263
108.jpg,,,2,731,45,263,70
108.jpg,,,1,770,96,313,83
108.jpg,,,1,731,138,326,108
108.jpg,,,2,640,228,409,126
108.jpg,,,1,668,347,370,119
108.jpg,,,1,605,464,459,189
108.jpg,,,1,586,649,472,189
108.jpg,,,1,674,838,355,113
108.jpg,,,1,659,946,364,119
108.jpg,,,1,709,1062,329,93
108.jpg,,,1,744,1140,240,105
108.jpg,,,2,1046,99,218,83
108.jpg,,,2,1036,207,301,104
108.jpg,,,2,1004,311,390,115
108.jpg,,,2,1011,425,374,125
108.jpg,,,1,1046,553,303,97
108.jpg,,,0,1046,643,335,116
108.jpg,,,1,1014,768,338,100
108.jpg,,,1,1014,865,298,101
108.jpg,,,1,995,967,351,107
108.jpg,,,0,1029,1067,263,46
108.jpg,,,2,1007,1114,247,78
212.jpg,,,2,185,102,289,267
212.jpg,,,2,253,348,305,286
212.jpg,,,1,375,582,242,212
212.jpg,,,1,473,743,208,223
212.jpg,,,0,591,903,189,177
212.jpg,,,0,763,961,161,160
212.jpg,,,0,901,999,147,157
212.jpg,,,0,1034,965,139,151
212.jpg,,,0,1168,932,167,163
212.jpg,,,0,1269,879,191,187
212.jpg,,,0,1371,714,195,216
212.jpg,,,1,1425,554,223,209
212.jpg,,,1,1454,317,301,279
212.jpg,,,2,1554,77,264,263
29.jpg,,,1,112,1127,309,172
29.jpg,,,2,147,871,300,285
29.jpg,,,0,199,652,282,245
29.jpg,,,2,268,510,298,178
29.jpg,,,0,409,351,171,175
29.jpg,,,1,512,144,207,208
29.jpg,,,1,711,73,256,182
29.jpg,,,1,977,70,232,177
29.jpg,,,1,1215,138,175,185
29.jpg,,,1,1421,289,203,218
29.jpg,,,2,1570,822,303,338
29.jpg,,,2,1646,1103,292,196
257.jpg,,,0,219,484,189,155
257.jpg,,,0,400,522,165,193
257.jpg,,,0,549,478,206,256
257.jpg,,,0,754,474,252,296
257.jpg,,,1,1015,483,245,287
257.jpg,,,0,1277,473,308,334
257.jpg,,,0,1632,431,304,358
257.jpg,,,0,802,728,227,152
257.jpg,,,1,592,672,198,210
257.jpg,,,1,351,638,242,191
106.jpg,,,2,361,385,226,206
106.jpg,,,2,442,593,210,117
106.jpg,,,2,487,722,211,138
106.jpg,,,2,580,850,156,121
106.jpg,,,1,681,960,147,124
106.jpg,,,1,813,1027,178,139
106.jpg,,,1,1023,1020,171,158
106.jpg,,,1,1187,959,142,122
106.jpg,,,1,1287,828,140,148
106.jpg,,,2,1290,702,185,135
106.jpg,,,2,1347,555,187,138
106.jpg,,,2,1345,354,233,206
106.jpg,,,2,352,192,100,84
106.jpg,,,0,428,184,82,121
106.jpg,,,1,462,162,107,125
106.jpg,,,1,552,146,111,151
106.jpg,,,0,657,143,140,152
106.jpg,,,0,794,81,195,185
106.jpg,,,0,1016,40,190,202
106.jpg,,,0,1207,89,142,170
106.jpg,,,1,1339,128,95,162
106.jpg,,,1,1415,151,95,132
106.jpg,,,1,1477,176,65,114
135.jpg,,,2,208,474,232,182
135.jpg,,,2,439,482,272,204
135.jpg,,,1,723,521,151,204
135.jpg,,,1,556,657,250,209
135.jpg,,,1,356,644,205,108
135.jpg,,,1,799,592,225,245
135.jpg,,,2,1033,557,214,248
135.jpg,,,0,1247,595,186,185
135.jpg,,,0,1436,603,180,193
135.jpg,,,2,1609,584,178,246
135.jpg,,,0,1800,623,151,231
135.jpg,,,0,1739,557,107,117
156.jpg,,,0,113,484,84,128
156.jpg,,,0,181,505,97,166
156.jpg,,,1,261,473,132,233
156.jpg,,,1,387,468,187,270
156.jpg,,,0,574,476,214,248
156.jpg,,,0,152,627,156,96
156.jpg,,,0,287,689,110,103
156.jpg,,,0,383,713,164,152
156.jpg,,,0,542,712,189,178
156.jpg,,,0,783,414,300,303
156.jpg,,,0,1078,414,308,290
156.jpg,,,0,1389,476,208,237
156.jpg,,,1,1597,433,160,299
156.jpg,,,0,718,703,200,223
156.jpg,,,0,928,700,188,221
156.jpg,,,0,1118,695,197,228
156.jpg,,,0,1319,690,175,233
156.jpg,,,1,1497,696,159,235
156.jpg,,,1,1643,699,136,161
122.jpg,,,1,27,338,177,149
122.jpg,,,1,180,359,275,195
122.jpg,,,1,109,472,287,234
122.jpg,,,1,440,379,285,231
122.jpg,,,1,402,539,232,242
122.jpg,,,1,722,348,362,301
122.jpg,,,0,637,576,260,299
122.jpg,,,0,902,608,320,364
122.jpg,,,0,1082,307,407,359
122.jpg,,,0,1230,621,310,318
122.jpg,,,0,1485,255,457,433
122.jpg,,,0,1540,647,280,290
122.jpg,,,0,1857,539,142,361
31.jpg,,,2,305,509,136,206
31.jpg,,,2,434,459,165,223
31.jpg,,,0,603,439,194,230
31.jpg,,,0,806,388,259,285
31.jpg,,,0,1073,388,256,293
31.jpg,,,1,1336,421,206,262
31.jpg,,,2,1541,456,169,274
31.jpg,,,2,1684,542,116,220
31.jpg,,,2,412,698,143,192
31.jpg,,,1,564,668,195,233
31.jpg,,,1,768,665,166,214
31.jpg,,,0,943,654,153,203
31.jpg,,,0,1107,682,140,170
31.jpg,,,0,1261,657,143,223
31.jpg,,,2,1415,665,142,261
31.jpg,,,2,1551,720,87,199
208.jpg,,,1,857,401,150,204
208.jpg,,,1,742,409,126,201
208.jpg,,,1,1007,402,101,193
208.jpg,,,0,967,568,81,186
208.jpg,,,0,926,594,60,117
208.jpg,,,1,845,577,74,141
143.jpg,,,4,180,819,311,310
143.jpg,,,4,293,555,317,307
143.jpg,,,2,416,365,265,226
143.jpg,,,2,525,165,239,261
143.jpg,,,1,702,94,188,186
143.jpg,,,1,893,74,172,161
143.jpg,,,1,1062,54,194,147
143.jpg,,,1,1226,36,162,156
143.jpg,,,0,1271,180,182,173
143.jpg,,,0,1348,269,204,220
143.jpg,,,1,1513,354,223,240
143.jpg,,,0,1465,598,255,226
143.jpg,,,4,1451,809,321,292
143.jpg,,,1,1467,1089,318,175
136.jpg,,,1,112,551,145,136
136.jpg,,,1,13,623,168,259
136.jpg,,,2,189,562,211,235
136.jpg,,,0,403,586,199,199
136.jpg,,,0,604,590,201,199
136.jpg,,,2,803,562,241,266
136.jpg,,,0,1052,594,240,287
136.jpg,,,1,1280,690,247,239
136.jpg,,,1,1331,526,277,224
136.jpg,,,1,1493,687,207,141
136.jpg,,,3,1614,593,267,113
136.jpg,,,0,977,529,175,128
136.jpg,,,0,1181,486,201,252
205.jpg,,,3,212,861,304,240
205.jpg,,,4,316,672,306,296
205.jpg,,,2,407,559,248,173
205.jpg,,,1,438,379,239,199
205.jpg,,,1,487,193,219,200
205.jpg,,,0,667,131,186,164
205.jpg,,,0,818,57,234,189
205.jpg,,,0,1048,45,229,195
205.jpg,,,0,1212,134,197,176
205.jpg,,,0,1341,216,195,200
205.jpg,,,2,1364,411,237,197
205.jpg,,,2,1390,590,242,162
205.jpg,,,3,1396,707,298,281
205.jpg,,,3,1506,880,276,245
205.jpg,,,4,1557,1082,243,161
110.jpg,,,3,83,450,161,168
110.jpg,,,3,131,616,201,182
110.jpg,,,3,242,481,269,199
110.jpg,,,2,336,676,308,184
110.jpg,,,2,512,512,193,185
110.jpg,,,2,703,481,233,224
110.jpg,,,2,648,693,198,183
110.jpg,,,1,938,439,252,245
110.jpg,,,1,855,659,224,244
110.jpg,,,1,1078,623,204,250
110.jpg,,,1,1190,443,201,227
110.jpg,,,0,1379,375,252,301
110.jpg,,,1,1626,360,170,309
110.jpg,,,1,1785,418,54,196
110.jpg,,,1,1835,379,64,258
110.jpg,,,1,1285,657,178,216
110.jpg,,,0,1465,680,106,222
110.jpg,,,1,1575,666,90,172
110.jpg,,,0,1668,668,86,179
110.jpg,,,1,1759,641,77,208
90.jpg,,,4,148,21,298,298
90.jpg,,,3,209,302,318,327
90.jpg,,,2,328,593,224,216
90.jpg,,,1,387,782,222,221
90.jpg,,,0,513,942,198,204
90.jpg,,,0,655,1031,182,152
90.jpg,,,0,831,1047,171,165
90.jpg,,,0,1001,1045,166,146
90.jpg,,,0,1134,1035,162,179
90.jpg,,,0,1265,956,187,188
90.jpg,,,1,1347,788,223,219
90.jpg,,,2,1397,598,230,216
90.jpg,,,3,1428,313,316,316
90.jpg,,,4,1513,35,288,293
39.jpg,,,1,100,398,123,275
39.jpg,,,2,222,454,147,288
39.jpg,,,1,354,421,268,325
39.jpg,,,0,622,371,342,356
39.jpg,,,1,945,430,259,293
39.jpg,,,1,1204,392,256,281
39.jpg,,,1,1418,462,234,260
39.jpg,,,0,513,676,146,219
39.jpg,,,1,664,712,195,158
39.jpg,,,1,868,647,152,175
39.jpg,,,1,1023,609,263,312
39.jpg,,,1,1239,610,249,251
39.jpg,,,0,1488,635,204,175
99.jpg,,,4,30,998,362,301
99.jpg,,,4,124,758,311,302
99.jpg,,,4,203,562,291,222
99.jpg,,,2,345,403,239,232
99.jpg,,,3,487,241,245,212
99.jpg,,,1,681,152,273,229
99.jpg,,,2,970,120,262,241
99.jpg,,,2,1169,231,239,219
99.jpg,,,0,1404,279,215,233
99.jpg,,,1,1392,505,299,232
99.jpg,,,1,1489,688,319,319
99.jpg,,,2,1568,909,361,360
82.jpg,,,1,164,330,146,295
82.jpg,,,1,312,326,166,337
82.jpg,,,0,468,389,204,276
82.jpg,,,0,677,384,308,311
82.jpg,,,0,1013,375,302,312
82.jpg,,,0,1315,363,208,309
82.jpg,,,1,1510,322,172,340
82.jpg,,,1,1671,371,137,270
82.jpg,,,1,1812,368,116,235
82.jpg,,,2,215,587,195,241
82.jpg,,,2,107,566,139,206
82.jpg,,,2,394,576,168,292
82.jpg,,,0,561,631,194,216
82.jpg,,,0,765,683,155,166
82.jpg,,,0,942,589,169,272
82.jpg,,,0,1116,648,201,207
82.jpg,,,1,1323,647,168,231
82.jpg,,,1,1493,597,187,250
82.jpg,,,1,1661,598,158,206
138.jpg,,,3,72,21,357,329
138.jpg,,,4,197,348,353,291
138.jpg,,,2,332,659,283,239
138.jpg,,,3,492,858,173,184
138.jpg,,,0,676,918,178,188
138.jpg,,,0,847,964,140,155
138.jpg,,,0,999,963,166,148
138.jpg,,,0,1160,922,161,180
138.jpg,,,0,1317,837,171,201
138.jpg,,,4,1389,628,265,274
138.jpg,,,5,1454,347,319,299
138.jpg,,,2,1556,60,340,312
83.jpg,,,4,156,22,294,296
83.jpg,,,3,200,298,327,326
83.jpg,,,2,319,594,234,210
83.jpg,,,1,387,775,216,221
83.jpg,,,0,511,942,208,200
83.jpg,,,0,655,1032,179,162
83.jpg,,,0,834,1052,166,162
83.jpg,,,0,1002,1047,165,154
83.jpg,,,0,1139,1037,161,181
83.jpg,,,0,1270,952,182,195
83.jpg,,,1,1351,788,216,206
83.jpg,,,2,1397,604,224,203
83.jpg,,,3,1428,320,316,309
83.jpg,,,4,1506,33,295,292
176.jpg,,,1,318,545,149,122
176.jpg,,,1,342,651,202,105
176.jpg,,,1,471,609,129,110
176.jpg,,,3,520,723,223,121
176.jpg,,,1,593,617,121,148
176.jpg,,,0,691,558,174,221
176.jpg,,,0,835,497,240,257
176.jpg,,,0,1084,532,207,219
176.jpg,,,0,1281,460,226,260
176.jpg,,,0,1505,500,200,231
176.jpg,,,0,1690,553,178,130
176.jpg,,,1,996,669,200,255
176.jpg,,,0,867,731,127,131
176.jpg,,,0,1197,690,165,159
176.jpg,,,0,1365,722,130,104
176.jpg,,,0,1503,724,132,140
176.jpg,,,0,1639,679,110,124
176.jpg,,,1,1744,676,101,100
200.jpg,,,3,293,573,334,305
200.jpg,,,2,284,858,233,264
200.jpg,,,2,1478,904,264,250
200.jpg,,,2,1365,598,306,299
200.jpg,,,1,1358,428,204,189
200.jpg,,,1,1303,258,188,199
200.jpg,,,0,1186,139,175,181
200.jpg,,,0,1075,110,159,170
200.jpg,,,0,967,81,136,146
200.jpg,,,0,829,87,138,149
200.jpg,,,0,682,110,166,169
200.jpg,,,1,555,97,159,195
200.jpg,,,1,429,235,211,189
200.jpg,,,2,394,412,221,182
45.jpg,,,0,142,395,205,327
45.jpg,,,0,336,542,123,255
45.jpg,,,0,432,455,266,370
45.jpg,,,0,696,436,374,384
45.jpg,,,0,1074,494,301,330
45.jpg,,,0,1387,443,326,347
45.jpg,,,0,1697,512,239,247
45.jpg,,,0,1407,686,278,228
45.jpg,,,0,1148,669,272,238
101.jpg,,,4,157,111,303,305
101.jpg,,,4,257,395,315,327
101.jpg,,,3,358,710,240,202
101.jpg,,,3,519,882,195,180
101.jpg,,,1,681,988,170,180
101.jpg,,,0,850,1029,161,152
101.jpg,,,0,1016,1025,166,157
101.jpg,,,0,1181,988,172,145
101.jpg,,,1,1301,854,196,195
101.jpg,,,2,1406,666,232,235
101.jpg,,,3,1457,380,296,323
101.jpg,,,4,1627,104,229,307
7.jpg,,,0,779,473,224,351
7.jpg,,,0,985,405,209,402
139.jpg,,,1,384,494,76,130
139.jpg,,,1,435,447,95,199
139.jpg,,,1,483,371,166,251
139.jpg,,,1,652,444,163,213
139.jpg,,,1,505,628,139,203
139.jpg,,,1,432,623,87,142
139.jpg,,,1,365,597,95,111
139.jpg,,,0,822,450,218,265
139.jpg,,,0,791,672,137,149
139.jpg,,,0,926,679,146,152
139.jpg,,,0,1044,425,229,264
139.jpg,,,0,1071,666,134,202
139.jpg,,,1,641,638,152,207
139.jpg,,,1,1261,460,132,237
139.jpg,,,1,1280,675,108,116
139.jpg,,,1,1207,679,69,114
139.jpg,,,2,1399,456,120,238
139.jpg,,,2,1387,638,155,216
139.jpg,,,1,1515,464,71,170
24.jpg,,,6,96,980,425,318
24.jpg,,,0,181,742,345,265
24.jpg,,,0,253,513,274,236
24.jpg,,,2,368,333,207,212
24.jpg,,,0,458,141,242,205
24.jpg,,,0,711,72,266,206
24.jpg,,,0,991,80,279,208
24.jpg,,,0,1282,135,210,212
24.jpg,,,2,1391,339,219,215
24.jpg,,,0,1521,503,248,242
24.jpg,,,2,1462,744,360,270
24.jpg,,,3,1591,1008,347,286
284.jpg,,,1,416,805,208,210
284.jpg,,,1,416,625,238,184
284.jpg,,,2,320,371,299,286
284.jpg,,,3,267,107,196,289
284.jpg,,,0,601,867,185,182
284.jpg,,,0,710,958,162,153
284.jpg,,,0,788,1025,159,148
284.jpg,,,0,942,1016,153,134
284.jpg,,,0,1036,937,173,156
284.jpg,,,0,1211,930,181,185
284.jpg,,,1,1350,837,206,222
284.jpg,,,2,1372,665,248,199
284.jpg,,,3,1440,420,303,284
284.jpg,,,4,1528,150,266,269
73.jpg,,,1,572,395,237,302
73.jpg,,,1,811,395,166,268
73.jpg,,,0,971,356,86,302
73.jpg,,,0,670,620,177,169
141.jpg,,,2,368,423,172,178
141.jpg,,,2,386,582,219,156
141.jpg,,,2,542,494,156,186
141.jpg,,,2,590,657,181,158
141.jpg,,,2,680,460,163,238
141.jpg,,,1,836,361,249,312
141.jpg,,,1,758,661,223,221
141.jpg,,,1,983,617,207,305
141.jpg,,,1,1077,479,233,260
141.jpg,,,0,1312,488,294,332
141.jpg,,,0,1590,488,268,308
141.jpg,,,0,1381,801,152,83
141.jpg,,,0,1203,733,153,140
141.jpg,,,0,1532,774,155,84
244.jpg,,,1,352,406,242,291
244.jpg,,,1,584,426,185,244
244.jpg,,,0,770,388,168,305
244.jpg,,,1,465,648,236,290
244.jpg,,,0,670,642,103,224
244.jpg,,,0,751,647,89,223
244.jpg,,,0,348,628,114,225
235.jpg,,,3,245,842,314,307
235.jpg,,,1,313,658,261,214
235.jpg,,,1,385,478,257,205
235.jpg,,,2,496,284,192,214
235.jpg,,,2,646,186,205,190
235.jpg,,,1,827,105,229,204
235.jpg,,,1,1056,102,229,228
235.jpg,,,1,1210,273,194,180
235.jpg,,,1,1392,248,186,201
235.jpg,,,1,1365,452,272,211
235.jpg,,,1,1431,650,272,228
235.jpg,,,4,1474,840,292,322
235.jpg,,,5,1605,1061,266,238
256.jpg,,,1,748,487,134,226
256.jpg,,,0,884,495,150,190
256.jpg,,,0,1031,477,127,217
256.jpg,,,0,1158,468,55,192
256.jpg,,,1,798,645,156,125
187.jpg,,,2,335,570,155,135
187.jpg,,,1,302,600,47,80
187.jpg,,,1,336,686,275,156
187.jpg,,,2,483,580,158,154
187.jpg,,,0,558,757,117,121
187.jpg,,,0,610,556,156,187
187.jpg,,,0,670,698,152,199
187.jpg,,,0,787,546,159,162
187.jpg,,,0,823,647,184,241
187.jpg,,,0,974,529,219,226
187.jpg,,,0,1194,452,272,322
187.jpg,,,0,1190,716,120,137
187.jpg,,,0,1012,724,168,144
187.jpg,,,0,1457,479,178,271
187.jpg,,,1,1635,501,124,206
187.jpg,,,0,1349,716,107,130
128.jpg,,,5,87,0,368,296
128.jpg,,,3,197,273,350,328
128.jpg,,,2,330,578,283,232
128.jpg,,,1,468,903,198,158
128.jpg,,,1,630,1021,191,128
128.jpg,,,0,804,1067,175,139
128.jpg,,,0,984,1071,167,152
128.jpg,,,0,1126,990,192,161
128.jpg,,,0,1266,896,191,186
128.jpg,,,2,1377,582,261,223
128.jpg,,,4,1436,299,321,323
128.jpg,,,5,1550,21,318,297
3.jpg,,,1,82,472,212,137
3.jpg,,,2,65,614,363,217
3.jpg,,,2,281,412,250,231
3.jpg,,,2,555,351,238,325
3.jpg,,,0,434,633,271,234
3.jpg,,,2,817,333,333,358
3.jpg,,,2,733,646,272,286
3.jpg,,,1,1156,370,291,295
3.jpg,,,2,1017,636,228,273
3.jpg,,,0,1242,629,233,293
3.jpg,,,3,1426,318,288,333
3.jpg,,,0,1481,636,134,319
3.jpg,,,0,1634,637,90,279
3.jpg,,,1,1676,293,269,333
3.jpg,,,2,1753,618,154,245
269.jpg,,,1,90,399,176,182
269.jpg,,,2,103,579,235,204
269.jpg,,,1,261,441,159,203
269.jpg,,,1,338,631,216,239
269.jpg,,,1,408,390,207,262
269.jpg,,,1,600,388,213,266
269.jpg,,,1,818,402,206,251
269.jpg,,,1,1027,395,278,303
269.jpg,,,0,1311,382,251,295
269.jpg,,,0,1069,676,198,222
269.jpg,,,0,814,638,239,268
269.jpg,,,0,556,627,249,276
269.jpg,,,0,1275,680,179,220
269.jpg,,,1,1453,596,197,280
269.jpg,,,1,1524,367,152,259
269.jpg,,,0,1668,291,176,261
269.jpg,,,0,1650,592,138,279
251.jpg,,,0,115,349,316,364
251.jpg,,,0,437,342,348,375
251.jpg,,,0,758,451,234,315
251.jpg,,,0,980,458,241,371
251.jpg,,,0,1206,477,205,295
251.jpg,,,0,1374,531,156,217
251.jpg,,,0,1507,507,152,212
251.jpg,,,1,1670,460,126,212
251.jpg,,,1,103,700,177,164
251.jpg,,,0,1072,691,215,243
251.jpg,,,1,1390,684,231,179
251.jpg,,,0,1276,719,135,158
267.jpg,,,0,667,377,255,286
267.jpg,,,0,926,377,259,281
267.jpg,,,1,1170,365,184,247
267.jpg,,,1,1349,295,204,251
267.jpg,,,1,1535,349,127,224
267.jpg,,,1,1651,363,95,223
267.jpg,,,1,507,357,171,238
267.jpg,,,1,348,332,169,242
267.jpg,,,1,234,322,126,223
267.jpg,,,0,199,527,152,206
267.jpg,,,0,354,556,188,221
267.jpg,,,0,544,598,205,213
267.jpg,,,0,761,631,184,209
267.jpg,,,0,945,650,184,210
267.jpg,,,0,1144,566,214,282
267.jpg,,,1,1358,565,185,285
267.jpg,,,1,1542,582,146,202
74.jpg,,,1,58,371,272,342
74.jpg,,,0,344,361,266,360
74.jpg,,,0,616,405,255,323
74.jpg,,,1,884,408,250,312
74.jpg,,,1,1139,423,237,276
74.jpg,,,1,1361,490,197,199
74.jpg,,,2,1551,473,265,185
74.jpg,,,0,822,613,202,264
74.jpg,,,0,1038,610,224,254
74.jpg,,,0,1268,631,218,200
74.jpg,,,2,1467,621,317,180
78.jpg,,,2,51,9,295,306
78.jpg,,,2,118,309,317,312
78.jpg,,,1,258,589,227,220
78.jpg,,,1,386,765,203,223
78.jpg,,,1,539,926,191,192
78.jpg,,,0,681,1015,187,169
78.jpg,,,0,868,1066,145,151
78.jpg,,,0,1023,1071,143,136
78.jpg,,,0,1160,1015,175,176
78.jpg,,,1,1291,934,172,186
78.jpg,,,1,1413,777,207,202
78.jpg,,,1,1491,592,239,208
78.jpg,,,2,1536,310,313,315
78.jpg,,,2,1609,15,304,313
153.jpg,,,0,127,464,289,272
153.jpg,,,0,131,714,179,203
153.jpg,,,0,299,652,184,220
153.jpg,,,0,444,402,295,316
153.jpg,,,0,483,700,201,197
153.jpg,,,0,687,636,203,216
153.jpg,,,0,755,484,247,253
153.jpg,,,0,900,655,220,257
153.jpg,,,0,1018,453,253,305
153.jpg,,,0,1125,723,188,185
153.jpg,,,0,1245,547,170,224
153.jpg,,,0,1290,737,128,141
153.jpg,,,0,1380,596,135,170
153.jpg,,,0,1409,693,232,162
153.jpg,,,0,1512,567,172,146
153.jpg,,,0,1694,524,163,143
21.jpg,,,2,631,392,395,288
21.jpg,,,2,1037,407,389,270
21.jpg,,,2,1438,415,276,296
21.jpg,,,3,1727,502,101,197
21.jpg,,,5,1668,682,172,109
21.jpg,,,3,1544,700,136,146
21.jpg,,,2,1305,682,226,299
21.jpg,,,0,1041,682,247,304
21.jpg,,,0,790,680,242,329
21.jpg,,,2,546,691,233,285
21.jpg,,,0,353,404,275,286
21.jpg,,,1,353,658,181,239
21.jpg,,,1,221,629,141,212
21.jpg,,,1,191,465,179,187
21.jpg,,,1,32,484,194,186
67.jpg,,,0,97,470,117,248
67.jpg,,,0,187,456,206,291
67.jpg,,,1,300,405,289,323
67.jpg,,,0,570,460,235,276
67.jpg,,,1,815,447,252,299
67.jpg,,,0,1062,524,193,228
67.jpg,,,0,1248,548,174,196
67.jpg,,,1,1422,524,265,183
67.jpg,,,2,1691,481,230,189
67.jpg,,,0,376,727,120,161
67.jpg,,,0,482,658,153,245
67.jpg,,,0,642,625,192,271
67.jpg,,,0,822,666,224,288
67.jpg,,,0,1060,715,210,217
67.jpg,,,0,1249,704,190,183
67.jpg,,,2,1419,651,307,208
124.jpg,,,3,78,484,127,160
124.jpg,,,2,211,514,83,186
124.jpg,,,2,143,642,119,112
124.jpg,,,2,238,689,155,155
124.jpg,,,2,368,689,162,155
124.jpg,,,2,368,408,179,288
124.jpg,,,2,525,670,171,229
124.jpg,,,1,544,432,199,268
124.jpg,,,1,686,668,171,191
124.jpg,,,0,740,404,267,315
124.jpg,,,0,1018,429,256,290
124.jpg,,,0,1042,690,177,152
124.jpg,,,0,863,660,168,195
124.jpg,,,0,1279,450,190,268
124.jpg,,,2,1475,418,173,303
124.jpg,,,2,1607,531,121,212
124.jpg,,,2,1712,531,108,185
124.jpg,,,1,1232,680,164,199
124.jpg,,,2,1391,661,163,270
124.jpg,,,2,1669,720,134,128
124.jpg,,,2,1554,715,143,155
132.jpg,,,3,141,1003,280,260
132.jpg,,,2,199,734,268,325
132.jpg,,,2,266,549,252,217
132.jpg,,,1,371,329,207,233
132.jpg,,,1,531,208,217,182
132.jpg,,,0,737,145,255,167
132.jpg,,,0,996,130,255,192
132.jpg,,,1,1228,216,209,201
132.jpg,,,3,1363,341,216,254
132.jpg,,,3,1423,578,249,203
132.jpg,,,3,1446,768,284,289
132.jpg,,,2,1515,1031,284,244
161.jpg,,,1,188,131,349,318
161.jpg,,,2,268,444,259,246
161.jpg,,,1,325,670,241,227
161.jpg,,,0,442,877,205,233
161.jpg,,,0,583,1010,188,162
161.jpg,,,0,753,1047,196,171
161.jpg,,,0,946,1047,186,160
161.jpg,,,0,1130,1021,196,169
161.jpg,,,0,1277,907,200,232
161.jpg,,,0,1402,720,242,253
161.jpg,,,1,1467,532,279,242
161.jpg,,,4,1518,237,372,317
40.jpg,,,2,176,950,321,327
40.jpg,,,1,216,751,288,228
40.jpg,,,1,306,552,282,231
40.jpg,,,0,394,329,197,221
40.jpg,,,0,577,228,218,211
40.jpg,,,0,744,53,253,258
40.jpg,,,0,1007,76,259,255
40.jpg,,,0,1219,210,221,224
40.jpg,,,0,1407,308,198,249
40.jpg,,,0,1429,548,274,225
40.jpg,,,0,1526,743,268,213
40.jpg,,,3,1558,948,303,318
79.jpg,,,0,916,272,166,405
79.jpg,,,0,1071,240,95,384
79.jpg,,,1,877,645,91,243
61.jpg,,,0,36,361,207,251
61.jpg,,,0,220,384,207,261
61.jpg,,,0,407,421,206,207
61.jpg,,,0,609,428,223,247
61.jpg,,,0,838,471,198,237
61.jpg,,,0,1036,521,166,183
61.jpg,,,1,1205,542,214,148
61.jpg,,,2,1106,665,249,145
61.jpg,,,1,919,676,182,162
61.jpg,,,1,716,620,203,223
61.jpg,,,1,532,592,179,234
61.jpg,,,0,389,589,130,196
61.jpg,,,1,286,634,92,108
61.jpg,,,1,186,606,82,140
238.jpg,,,1,741,406,124,206
238.jpg,,,1,858,401,148,203
238.jpg,,,1,998,399,111,197
238.jpg,,,1,973,563,78,189
238.jpg,,,1,922,598,66,113
238.jpg,,,1,845,576,75,137
165.jpg,,,0,534,464,88,127
165.jpg,,,0,618,491,95,141
165.jpg,,,0,705,486,98,165
165.jpg,,,0,777,486,85,172
165.jpg,,,1,835,446,153,220
165.jpg,,,1,987,438,159,234
165.jpg,,,0,1145,460,193,216
165.jpg,,,0,1342,470,191,208
165.jpg,,,0,1536,463,143,193
165.jpg,,,0,1678,476,113,149
165.jpg,,,0,849,642,101,90
165.jpg,,,0,767,641,84,89
165.jpg,,,0,645,618,117,83
165.jpg,,,1,952,630,130,152
165.jpg,,,0,1223,666,116,65
192.jpg,,,2,84,415,121,143
192.jpg,,,2,202,429,226,234
192.jpg,,,2,431,463,164,215
192.jpg,,,2,599,479,212,240
192.jpg,,,1,809,436,259,285
192.jpg,,,3,1054,431,201,267
192.jpg,,,1,1260,381,262,322
192.jpg,,,1,1519,388,207,302
192.jpg,,,2,1718,424,121,241
192.jpg,,,0,1828,364,68,294
192.jpg,,,1,542,652,188,208
192.jpg,,,1,744,646,212,256
192.jpg,,,1,977,602,196,314
192.jpg,,,0,1179,652,172,207
192.jpg,,,0,1352,681,141,163
192.jpg,,,0,1499,669,119,189
192.jpg,,,0,1624,662,81,155
192.jpg,,,1,1700,645,72,173
192.jpg,,,1,228,634,302,211
13.jpg,,,2,976,415,272,330
13.jpg,,,2,1244,437,233,277
13.jpg,,,2,1479,478,185,202
13.jpg,,,2,1665,497,303,203
13.jpg,,,0,761,490,194,260
13.jpg,,,0,491,488,260,370
13.jpg,,,1,235,487,250,335
13.jpg,,,2,106,472,147,330
13.jpg,,,2,223,798,80,193
13.jpg,,,0,721,657,189,212
13.jpg,,,2,923,592,218,289
13.jpg,,,2,1168,645,251,274
13.jpg,,,2,1426,651,209,221
13.jpg,,,2,1634,668,297,159
234.jpg,,,2,256,436,240,171
234.jpg,,,1,272,578,265,120
234.jpg,,,0,492,438,205,207
234.jpg,,,0,517,601,218,187
234.jpg,,,0,657,425,225,237
234.jpg,,,1,828,253,279,355
234.jpg,,,0,1045,438,249,238
234.jpg,,,3,1290,372,346,334
234.jpg,,,2,1628,386,256,326
234.jpg,,,0,1870,449,129,265
234.jpg,,,0,902,604,255,314
234.jpg,,,1,693,608,239,257
234.jpg,,,1,1132,662,162,150
234.jpg,,,0,1299,662,204,260
234.jpg,,,0,1508,669,209,233
234.jpg,,,0,1692,685,170,230
234.jpg,,,1,1864,701,108,220
264.jpg,,,1,159,397,162,272
264.jpg,,,1,92,413,95,279
264.jpg,,,1,310,363,235,318
264.jpg,,,0,547,384,296,317
264.jpg,,,0,842,423,238,262
264.jpg,,,0,1085,347,228,173
264.jpg,,,1,1268,484,230,224
264.jpg,,,1,1483,522,166,176
264.jpg,,,2,1640,479,229,192
264.jpg,,,3,1552,661,266,135
264.jpg,,,0,1394,676,174,139
264.jpg,,,1,1183,627,222,242
264.jpg,,,2,956,591,235,282
264.jpg,,,1,798,618,150,208
264.jpg,,,0,605,689,172,160
264.jpg,,,1,450,655,156,185
264.jpg,,,2,335,669,111,156
264.jpg,,,2,195,666,143,188
11.jpg,,,2,899,380,151,279
11.jpg,,,2,829,456,72,174
11.jpg,,,2,818,640,97,153
11.jpg,,,0,1044,488,68,211
109.jpg,,,2,851,408,175,200
109.jpg,,,2,896,604,109,143
109.jpg,,,2,780,594,104,190
109.jpg,,,1,1029,415,101,169
109.jpg,,,0,1122,370,81,216
109.jpg,,,2,1003,565,71,189
109.jpg,,,1,1078,585,52,134
171.jpg,,,2,236,993,266,213
171.jpg,,,3,276,761,258,264
171.jpg,,,2,390,642,210,172
171.jpg,,,2,461,477,223,192
171.jpg,,,1,557,306,177,190
171.jpg,,,1,677,202,175,158
171.jpg,,,2,1058,169,213,148
171.jpg,,,2,1277,199,174,169
171.jpg,,,2,849,172,208,128
171.jpg,,,1,1378,322,171,205
171.jpg,,,2,1416,504,239,172
171.jpg,,,1,1484,672,227,159
171.jpg,,,4,1526,801,256,261
171.jpg,,,3,1545,1032,271,227
35.jpg,,,3,129,16,345,349
35.jpg,,,4,265,313,346,343
35.jpg,,,2,344,651,240,220
35.jpg,,,1,439,852,217,211
35.jpg,,,0,591,970,177,190
35.jpg,,,0,749,1032,153,190
35.jpg,,,0,903,1040,164,195
35.jpg,,,0,1044,1028,194,200
35.jpg,,,0,1184,959,223,237
35.jpg,,,1,1313,832,237,223
35.jpg,,,1,1391,642,256,230
35.jpg,,,2,1400,323,350,337
35.jpg,,,3,1534,42,333,335
221.jpg,,,2,110,450,146,216
221.jpg,,,3,246,422,138,317
221.jpg,,,3,359,460,154,287
221.jpg,,,3,503,445,168,299
221.jpg,,,2,666,413,191,286
221.jpg,,,1,834,425,195,262
221.jpg,,,1,1026,425,273,297
221.jpg,,,1,1298,399,252,305
221.jpg,,,1,1529,413,181,258
221.jpg,,,2,1686,375,155,295
221.jpg,,,2,1827,425,90,271
221.jpg,,,2,591,699,174,273
221.jpg,,,1,466,724,146,261
221.jpg,,,3,290,731,185,215
221.jpg,,,2,746,669,187,321
221.jpg,,,2,922,683,193,276
221.jpg,,,2,1114,711,138,237
221.jpg,,,2,1259,694,161,261
221.jpg,,,2,1378,697,135,244
221.jpg,,,2,1501,669,161,292
221.jpg,,,3,1678,680,164,273
172.jpg,,,4,173,895,281,282
172.jpg,,,1,231,607,300,313
172.jpg,,,2,371,457,244,230
172.jpg,,,0,462,288,198,211
172.jpg,,,0,609,189,176,183
172.jpg,,,1,712,119,166,125
172.jpg,,,0,878,128,159,130
172.jpg,,,1,1038,119,160,117
172.jpg,,,0,1178,163,172,117
172.jpg,,,1,1291,228,177,152
172.jpg,,,2,1390,330,207,213
172.jpg,,,2,1418,512,240,220
172.jpg,,,1,1486,668,301,316
172.jpg,,,3,1560,963,285,270
75.jpg,,,2,69,945,295,282
75.jpg,,,2,129,703,310,295
75.jpg,,,1,236,541,245,187
75.jpg,,,2,307,361,250,200
75.jpg,,,1,438,195,197,195
75.jpg,,,1,583,89,184,187
75.jpg,,,2,768,57,211,172
75.jpg,,,2,1015,50,210,183
75.jpg,,,1,1226,101,166,183
75.jpg,,,1,1341,211,193,199
75.jpg,,,2,1397,377,246,210
75.jpg,,,1,1451,568,236,189
75.jpg,,,1,1480,728,308,291
75.jpg,,,3,1551,967,310,272
98.jpg,,,0,640,416,285,286
98.jpg,,,1,922,496,283,276
98.jpg,,,0,1162,427,311,343
98.jpg,,,0,1477,417,320,336
98.jpg,,,0,1784,476,174,223
98.jpg,,,1,333,576,289,171
98.jpg,,,1,139,525,224,162
98.jpg,,,1,480,668,333,157
98.jpg,,,1,594,770,199,161
98.jpg,,,0,815,603,233,296
26.jpg,,,3,71,460,251,191
26.jpg,,,3,126,663,119,96
26.jpg,,,1,255,620,104,119
26.jpg,,,3,318,415,219,250
26.jpg,,,1,384,652,112,127
26.jpg,,,2,503,633,162,197
26.jpg,,,3,565,459,189,221
26.jpg,,,3,758,410,288,314
26.jpg,,,3,665,686,178,177
26.jpg,,,1,882,716,150,134
26.jpg,,,3,1047,405,281,329
26.jpg,,,3,1334,389,201,273
26.jpg,,,3,1399,593,201,277
26.jpg,,,0,1544,445,130,162
26.jpg,,,3,1585,593,154,236
26.jpg,,,1,1679,415,135,221
26.jpg,,,1,1823,473,78,165
26.jpg,,,3,1861,623,115,126
26.jpg,,,2,1740,623,112,130
26.jpg,,,1,1911,459,79,160
228.jpg,,,3,84,916,373,288
228.jpg,,,1,121,744,319,216
228.jpg,,,1,173,517,307,266
228.jpg,,,0,290,316,251,266
228.jpg,,,3,476,225,219,198
228.jpg,,,0,689,154,264,191
228.jpg,,,0,958,138,261,206
228.jpg,,,0,1202,191,226,198
228.jpg,,,0,1383,246,251,279
228.jpg,,,0,1415,464,323,266
228.jpg,,,1,1489,673,317,208
228.jpg,,,3,1507,834,364,274
228.jpg,,,2,1568,1025,349,240
209.jpg,,,2,343,512,177,151
209.jpg,,,2,372,632,242,177
209.jpg,,,1,510,509,176,191
209.jpg,,,1,683,510,187,196
209.jpg,,,1,614,658,167,171
209.jpg,,,1,863,487,223,250
209.jpg,,,1,784,654,192,221
209.jpg,,,0,979,671,198,227
209.jpg,,,1,1090,479,218,240
209.jpg,,,1,1288,447,249,270
209.jpg,,,1,1523,432,223,281
209.jpg,,,1,1712,449,116,239
209.jpg,,,1,1814,443,86,235
209.jpg,,,0,1182,662,146,177
209.jpg,,,0,1333,685,136,136
209.jpg,,,0,1472,689,143,172
209.jpg,,,0,1687,684,120,189
209.jpg,,,1,220,583,160,111
193.jpg,,,0,85,449,110,261
193.jpg,,,0,130,436,100,243
193.jpg,,,0,226,390,189,316
193.jpg,,,0,405,396,243,321
193.jpg,,,1,652,467,193,247
193.jpg,,,1,847,409,247,301
193.jpg,,,1,1093,448,226,243
193.jpg,,,1,1316,430,200,214
193.jpg,,,3,1590,340,314,226
193.jpg,,,2,1331,619,248,272
193.jpg,,,1,1094,638,227,215
193.jpg,,,1,879,636,211,249
193.jpg,,,1,691,658,180,221
193.jpg,,,0,541,661,148,230
193.jpg,,,0,424,700,113,169
193.jpg,,,0,327,688,95,163
193.jpg,,,1,237,692,82,197
89.jpg,,,3,162,1010,310,254
89.jpg,,,6,190,808,326,262
89.jpg,,,2,284,625,255,186
89.jpg,,,2,336,435,274,208
89.jpg,,,1,439,248,191,213
89.jpg,,,2,612,166,171,168
89.jpg,,,2,762,97,242,166
89.jpg,,,2,1007,101,246,170
89.jpg,,,2,1257,125,171,170
89.jpg,,,0,1190,298,207,211
89.jpg,,,4,1396,272,153,187
89.jpg,,,2,1376,421,281,221
89.jpg,,,2,1476,611,265,190
89.jpg,,,4,1494,774,323,305
89.jpg,,,4,1553,996,313,289
133.jpg,,,3,162,113,297,308
133.jpg,,,3,261,394,310,320
133.jpg,,,2,361,707,244,209
133.jpg,,,1,506,885,203,186
133.jpg,,,0,669,981,177,187
133.jpg,,,0,848,1055,164,132
133.jpg,,,0,1016,1020,167,146
133.jpg,,,0,1171,985,189,146
133.jpg,,,0,1295,839,201,233
133.jpg,,,0,1406,666,239,253
133.jpg,,,3,1464,366,287,326
133.jpg,,,4,1604,106,248,304
