image_id,x,y,w,h,gt_icdas,y_ge1,mask_ge1,y_ge2,mask_ge2,y_ge3,mask_ge3,y_ge4,mask_ge4,y_ge5,mask_ge5,y_ge6,mask_ge6
005ba0eb-58.jpg,415.3178,356.6776,291.5987,305.8802,3,1,1,1,1,1,1,0,1,0,1,0,1
005ba0eb-58.jpg,698.743,400.3446,224.5775,287.1252,2,1,1,1,1,0,1,0,1,0,1,0,1
005ba0eb-58.jpg,916.0311,394.1934,253.3699,298.214,1,1,1,0,1,0,1,0,1,0,1,0,1
005ba0eb-58.jpg,1045.2001,609.1519,247.0286,252.4244,1,1,1,0,1,0,1,0,1,0,1,0,1
005ba0eb-58.jpg,1161.0591,365.442,275.7253,294.8795,1,1,1,0,1,0,1,0,1,0,1,0,1
005ba0eb-58.jpg,1278.5237,586.9124,232.8647,266.4123,1,1,1,0,1,0,1,0,1,0,1,0,1
005ba0eb-58.jpg,1425.6075,336.8239,235.4684,299.5898,1,1,1,0,1,0,1,0,1,0,1,0,1
005ba0eb-58.jpg,1500.1436,593.7898,173.8097,254.1443,1,1,1,0,1,0,1,0,1,0,1,0,1
005ba0eb-58.jpg,1635.1648,310.7729,205.5802,292.4594,1,1,1,0,1,0,1,0,1,0,1,0,1
005ba0eb-58.jpg,1844.3947,320.3553,154.5236,289.8564,1,1,1,0,1,0,1,0,1,0,1,0,1
005ba0eb-58.jpg,1797.6158,323.8459,100.0695,277.9203,0,0,1,0,1,0,1,0,1,0,1,0,1
005ba0eb-58.jpg,1974.4199,414.6255,25.2736,160.7326,0,0,1,0,1,0,1,0,1,0,1,0,1
005ba0eb-58.jpg,1977.3807,433.9131,21.92,147.4842,0,0,1,0,1,0,1,0,1,0,1,0,1
005ba0eb-58.jpg,1942.4747,550.7753,57.5253,233.507,0,0,1,0,1,0,1,0,1,0,1,0,1
005ba0eb-58.jpg,1939.4806,550.8845,60.5194,236.5253,0,0,1,0,1,0,1,0,1,0,1,0,1
005ba0eb-58.jpg,313.8167,463.0633,203.8586,175.51,0,0,1,0,1,0,1,0,1,0,1,0,1
005ba0eb-58.jpg,1939.489,556.5623,60.511,229.2722,0,0,1,0,1,0,1,0,1,0,1,0,1
005ba0eb-58.jpg,1945.7848,542.1364,54.2152,251.6573,0,0,1,0,1,0,1,0,1,0,1,0,1
005ba0eb-58.jpg,1940.4487,0.0,59.5513,211.6504,0,0,1,0,1,0,1,0,1,0,1,0,1
005ba0eb-58.jpg,1942.0468,557.2594,57.9532,227.57,0,0,1,0,1,0,1,0,1,0,1,0,1
005ba0eb-58.jpg,1938.2297,0.0,61.6577,217.6918,0,0,1,0,1,0,1,0,1,0,1,0,1
005ba0eb-58.jpg,1935.6887,0.0,64.2266,181.4624,0,0,1,0,1,0,1,0,1,0,1,0,1
005ba0eb-58.jpg,1940.3907,0.0,59.6093,183.582,0,0,1,0,1,0,1,0,1,0,1,0,1
005ba0eb-58.jpg,1939.6658,0.0,60.3342,237.0602,0,0,1,0,1,0,1,0,1,0,1,0,1
005ba0eb-58.jpg,1936.5825,551.3331,63.4175,251.0239,0,0,1,0,1,0,1,0,1,0,1,0,1
005ba0eb-58.jpg,1937.6058,0.0,62.3942,242.2973,0,0,1,0,1,0,1,0,1,0,1,0,1
005ba0eb-58.jpg,1934.9392,559.9784,65.0608,238.5137,0,0,1,0,1,0,1,0,1,0,1,0,1
024be0a0-237.jpg,286.0514,503.4248,95.0274,160.5256,1,1,1,0,1,0,1,0,1,0,1,0,1
024be0a0-237.jpg,359.3175,495.4742,123.0984,187.1871,1,1,1,0,1,0,1,0,1,0,1,0,1
024be0a0-237.jpg,284.2869,639.3907,117.5919,119.2932,1,1,1,0,1,0,1,0,1,0,1,0,1
024be0a0-237.jpg,392.811,666.8581,87.0587,114.098,1,1,1,0,1,0,1,0,1,0,1,0,1
024be0a0-237.jpg,460.9031,483.6413,159.6023,225.4046,1,1,1,0,1,0,1,0,1,0,1,0,1
024be0a0-237.jpg,468.0677,672.1958,119.5173,157.1109,1,1,1,0,1,0,1,0,1,0,1,0,1
024be0a0-237.jpg,605.2388,469.8948,172.5544,233.0105,1,1,1,0,1,0,1,0,1,0,1,0,1
024be0a0-237.jpg,755.0056,442.6445,247.1014,265.9939,1,1,1,0,1,0,1,0,1,0,1,0,1
024be0a0-237.jpg,991.2645,418.2812,246.228,293.4652,1,1,1,0,1,0,1,0,1,0,1,0,1
024be0a0-237.jpg,877.7205,690.6484,127.9284,122.6525,1,1,1,0,1,0,1,0,1,0,1,0,1
024be0a0-237.jpg,999.7885,679.9906,151.1644,183.8483,1,1,1,0,1,0,1,0,1,0,1,0,1
024be0a0-237.jpg,1145.4713,675.7805,146.4071,179.9741,1,1,1,0,1,0,1,0,1,0,1,0,1
024be0a0-237.jpg,1225.6891,437.025,186.9005,250.4671,1,1,1,0,1,0,1,0,1,0,1,0,1
024be0a0-237.jpg,1398.329,426.6427,153.8826,248.0994,1,1,1,0,1,0,1,0,1,0,1,0,1
024be0a0-237.jpg,1449.181,645.2332,125.9891,201.1509,1,1,1,0,1,0,1,0,1,0,1,0,1
024be0a0-237.jpg,1532.491,463.2281,135.5812,197.9983,1,1,1,0,1,0,1,0,1,0,1,0,1
024be0a0-237.jpg,1559.9102,652.8389,109.1996,144.8847,1,1,1,0,1,0,1,0,1,0,1,0,1
024be0a0-237.jpg,1646.6172,492.6077,80.4656,155.797,1,1,1,0,1,0,1,0,1,0,1,0,1
024be0a0-237.jpg,1713.8317,488.2533,94.3138,136.5573,1,1,1,0,1,0,1,0,1,0,1,0,1
024be0a0-237.jpg,1647.3293,619.9739,139.2975,160.093,1,1,1,0,1,0,1,0,1,0,1,0,1
024be0a0-237.jpg,233.2604,560.9283,61.7284,82.5905,0,0,1,0,1,0,1,0,1,0,1,0,1
024be0a0-237.jpg,231.0479,560.8614,64.4209,82.4915,0,0,1,0,1,0,1,0,1,0,1,0,1
024be0a0-237.jpg,228.8398,561.7308,65.6379,82.1996,0,0,1,0,1,0,1,0,1,0,1,0,1
03e5a7c5-115.jpg,542.5207,467.4042,152.7109,226.9197,1,1,1,0,1,0,1,0,1,0,1,0,1
03e5a7c5-115.jpg,376.8658,633.5862,99.9636,88.8911,3,1,1,1,1,1,1,0,1,0,1,0,1
03e5a7c5-115.jpg,1493.7147,562.4328,98.0253,135.9565,1,1,1,0,1,0,1,0,1,0,1,0,1
03fde12b-182.jpg,1088.998,468.3542,195.5398,238.5501,1,1,1,0,1,0,1,0,1,0,1,0,1
03fde12b-182.jpg,1364.6588,506.2028,205.306,154.3994,1,1,1,0,1,0,1,0,1,0,1,0,1
03fde12b-182.jpg,1279.027,629.1762,245.8538,132.7552,3,1,1,1,1,1,1,0,1,0,1,0,1
03fde12b-182.jpg,1565.0179,441.163,133.9146,148.023,2,1,1,1,1,0,1,0,1,0,1,0,1
03fde12b-182.jpg,1507.031,578.686,186.9412,109.6623,2,1,1,1,1,0,1,0,1,0,1,0,1
03fde12b-182.jpg,0.0,0.0,15.7136,245.211,0,0,1,0,1,0,1,0,1,0,1,0,1
03fde12b-182.jpg,1984.1438,292.0054,15.725,222.9602,0,0,1,0,1,0,1,0,1,0,1,0,1
03fde12b-182.jpg,1981.1897,478.314,18.6676,224.0847,0,0,1,0,1,0,1,0,1,0,1,0,1
03fde12b-182.jpg,1984.1346,307.3228,15.6674,222.8094,0,0,1,0,1,0,1,0,1,0,1,0,1
03fde12b-182.jpg,1973.3341,318.6238,26.6659,279.7253,0,0,1,0,1,0,1,0,1,0,1,0,1
03fde12b-182.jpg,1973.2601,299.9458,26.7399,278.6867,0,0,1,0,1,0,1,0,1,0,1,0,1
03fde12b-182.jpg,0.0,0.0,17.7397,281.9382,0,0,1,0,1,0,1,0,1,0,1,0,1
03fde12b-182.jpg,0.0,0.0,36.353,284.3573,0,0,1,0,1,0,1,0,1,0,1,0,1
03fde12b-182.jpg,1973.4016,292.5101,26.5984,266.9963,0,0,1,0,1,0,1,0,1,0,1,0,1
03fde12b-182.jpg,1980.7516,495.0794,19.1357,216.188,0,0,1,0,1,0,1,0,1,0,1,0,1
03fde12b-182.jpg,1983.1479,269.2765,16.7184,239.6116,0,0,1,0,1,0,1,0,1,0,1,0,1
03fde12b-182.jpg,1973.7841,337.1136,26.2159,276.5649,0,0,1,0,1,0,1,0,1,0,1,0,1
03fde12b-182.jpg,0.0,0.1116,32.9255,240.5912,0,0,1,0,1,0,1,0,1,0,1,0,1
03fde12b-182.jpg,1980.6343,494.1912,19.0605,241.3963,0,0,1,0,1,0,1,0,1,0,1,0,1
03fde12b-182.jpg,1691.9475,440.5789,36.3206,68.2401,0,0,1,0,1,0,1,0,1,0,1,0,1
03fde12b-182.jpg,1690.2689,442.7644,37.9467,97.5981,0,0,1,0,1,0,1,0,1,0,1,0,1
03fde12b-182.jpg,0.0,866.6776,231.721,433.3224,0,0,1,0,1,0,1,0,1,0,1,0,1
03fde12b-182.jpg,1673.0062,576.4231,32.7583,74.1229,0,0,1,0,1,0,1,0,1,0,1,0,1
03fde12b-182.jpg,1981.8977,466.4835,17.749,228.4163,0,0,1,0,1,0,1,0,1,0,1,0,1
03fde12b-182.jpg,1980.1843,218.8078,19.8157,288.5056,0,0,1,0,1,0,1,0,1,0,1,0,1
03fde12b-182.jpg,1983.0193,318.9763,16.7908,232.4977,0,0,1,0,1,0,1,0,1,0,1,0,1
03fde12b-182.jpg,1691.6392,443.2358,37.5576,76.8265,0,0,1,0,1,0,1,0,1,0,1,0,1
03fde12b-182.jpg,1956.8754,452.3354,43.1246,252.2169,0,0,1,0,1,0,1,0,1,0,1,0,1
03fde12b-182.jpg,0.0,840.6158,232.8263,459.3842,0,0,1,0,1,0,1,0,1,0,1,0,1
03fde12b-182.jpg,0.0,871.0015,252.4079,428.9985,0,0,1,0,1,0,1,0,1,0,1,0,1
03fde12b-182.jpg,1981.2367,505.396,18.3868,243.6744,0,0,1,0,1,0,1,0,1,0,1,0,1
03fde12b-182.jpg,1982.3425,250.5086,17.4209,251.0481,0,0,1,0,1,0,1,0,1,0,1,0,1
03fde12b-182.jpg,1689.1038,445.2042,36.4921,116.4977,0,0,1,0,1,0,1,0,1,0,1,0,1
03fde12b-182.jpg,1960.9497,481.3912,39.0503,265.9966,0,0,1,0,1,0,1,0,1,0,1,0,1
03fde12b-182.jpg,1978.8414,238.6162,21.1586,286.5881,0,0,1,0,1,0,1,0,1,0,1,0,1
03fde12b-182.jpg,0.0296,4.9077,135.8181,306.6288,0,0,1,0,1,0,1,0,1,0,1,0,1
03fde12b-182.jpg,1976.7351,270.5391,23.2649,262.9065,0,0,1,0,1,0,1,0,1,0,1,0,1
03fde12b-182.jpg,1958.8844,476.7714,41.1156,235.5308,0,0,1,0,1,0,1,0,1,0,1,0,1
03fde12b-182.jpg,748.3763,0.2031,236.6998,23.8338,0,0,1,0,1,0,1,0,1,0,1,0,1
03fde12b-182.jpg,1672.4908,574.2967,31.7941,56.2125,0,0,1,0,1,0,1,0,1,0,1,0,1
03fde12b-182.jpg,0.0,0.1242,62.3492,85.8554,0,0,1,0,1,0,1,0,1,0,1,0,1
03fde12b-182.jpg,0.0,844.0023,255.011,455.9977,0,0,1,0,1,0,1,0,1,0,1,0,1
03fde12b-182.jpg,747.603,0.1002,218.5278,25.9576,0,0,1,0,1,0,1,0,1,0,1,0,1
03fde12b-182.jpg,816.706,0.1919,233.3831,26.403,0,0,1,0,1,0,1,0,1,0,1,0,1
03fde12b-182.jpg,0.0,0.0,22.4085,91.6504,0,0,1,0,1,0,1,0,1,0,1,0,1
03fde12b-182.jpg,0.0,698.7443,320.1956,601.2557,0,0,1,0,1,0,1,0,1,0,1,0,1
03fde12b-182.jpg,792.9525,0.1847,245.8138,26.2843,0,0,1,0,1,0,1,0,1,0,1,0,1
03fde12b-182.jpg,1974.3389,280.7728,25.6611,271.4808,0,0,1,0,1,0,1,0,1,0,1,0,1
03fde12b-182.jpg,1961.3918,493.4139,38.6082,268.0948,0,0,1,0,1,0,1,0,1,0,1,0,1
03fde12b-182.jpg,1654.2046,575.428,40.5758,62.2137,0,0,1,0,1,0,1,0,1,0,1,0,1
03fde12b-182.jpg,1948.2815,111.7158,51.7185,174.8897,0,0,1,0,1,0,1,0,1,0,1,0,1
03fde12b-182.jpg,746.7422,0.1491,224.4561,24.2718,0,0,1,0,1,0,1,0,1,0,1,0,1
03fde12b-182.jpg,0.0,0.0,190.2408,112.8174,0,0,1,0,1,0,1,0,1,0,1,0,1
03fde12b-182.jpg,0.0,815.5336,231.0009,479.2322,0,0,1,0,1,0,1,0,1,0,1,0,1
03fde12b-182.jpg,0.1697,13.65,145.7408,288.9371,0,0,1,0,1,0,1,0,1,0,1,0,1
04da7e02-166.jpg,435.9201,857.1896,287.1721,217.9719,6,1,1,1,1,1,1,1,1,1,1,1,1
04da7e02-166.jpg,421.8719,1020.2892,300.9882,123.6568,5,1,1,1,1,1,1,1,1,1,1,0,1
04da7e02-166.jpg,1545.692,826.5461,286.0413,253.471,5,1,1,1,1,1,1,1,1,1,1,0,1
04da7e02-166.jpg,1445.2983,411.4897,204.7499,222.5266,1,1,1,0,1,0,1,0,1,0,1,0,1
04da7e02-166.jpg,1445.1685,589.3452,248.1545,186.131,2,1,1,1,1,0,1,0,1,0,1,0,1
04da7e02-166.jpg,495.5921,727.5542,236.4594,175.6697,2,1,1,1,1,0,1,0,1,0,1,0,1
04da7e02-166.jpg,566.9409,599.126,251.8459,186.3927,1,1,1,0,1,0,1,0,1,0,1,0,1
04da7e02-166.jpg,1516.406,715.2004,234.3678,178.6569,2,1,1,1,1,0,1,0,1,0,1,0,1
04da7e02-166.jpg,1666.9623,952.5317,211.0043,181.5439,5,1,1,1,1,1,1,1,1,1,1,0,1
04da7e02-166.jpg,239.9073,1257.8354,388.6709,42.1646,0,0,1,0,1,0,1,0,1,0,1,0,1
04da7e02-166.jpg,208.9636,1258.6771,414.9863,41.3229,0,0,1,0,1,0,1,0,1,0,1,0,1
04da7e02-166.jpg,1772.6643,946.6293,108.9294,116.6397,0,0,1,0,1,0,1,0,1,0,1,0,1
04da7e02-166.jpg,0.0,0.0,17.3965,265.0034,0,0,1,0,1,0,1,0,1,0,1,0,1
04da7e02-166.jpg,0.0,0.0,39.1098,264.7823,0,0,1,0,1,0,1,0,1,0,1,0,1
04da7e02-166.jpg,258.2301,1256.313,367.9609,43.687,0,0,1,0,1,0,1,0,1,0,1,0,1
04da7e02-166.jpg,1796.9048,950.317,79.8232,125.338,0,0,1,0,1,0,1,0,1,0,1,0,1
04da7e02-166.jpg,184.8485,1258.8434,424.1439,41.1566,0,0,1,0,1,0,1,0,1,0,1,0,1
04da7e02-166.jpg,170.6805,1256.5593,415.5544,43.4407,0,0,1,0,1,0,1,0,1,0,1,0,1
04da7e02-166.jpg,1211.2377,0.0,389.3699,148.7322,0,0,1,0,1,0,1,0,1,0,1,0,1
04da7e02-166.jpg,155.611,1253.9976,413.3535,46.0024,0,0,1,0,1,0,1,0,1,0,1,0,1
04da7e02-166.jpg,1770.6313,947.8914,104.5259,116.17,0,0,1,0,1,0,1,0,1,0,1,0,1
04da7e02-166.jpg,1156.0131,0.0953,444.0795,106.4846,0,0,1,0,1,0,1,0,1,0,1,0,1
04da7e02-166.jpg,0.0,0.0,13.5958,316.411,0,0,1,0,1,0,1,0,1,0,1,0,1
04da7e02-166.jpg,1033.1034,0.3109,555.183,118.9535,0,0,1,0,1,0,1,0,1,0,1,0,1
04da7e02-166.jpg,290.8825,1262.1569,282.9461,37.8431,0,0,1,0,1,0,1,0,1,0,1,0,1
04da7e02-166.jpg,153.6195,1252.9274,396.6053,47.0529,0,0,1,0,1,0,1,0,1,0,1,0,1
04da7e02-166.jpg,1209.6548,0.0457,276.5682,48.5294,0,0,1,0,1,0,1,0,1,0,1,0,1
04da7e02-166.jpg,1021.259,0.1008,571.6364,137.1169,0,0,1,0,1,0,1,0,1,0,1,0,1
04da7e02-166.jpg,1797.501,954.0373,81.7826,110.3074,0,0,1,0,1,0,1,0,1,0,1,0,1
04da7e02-166.jpg,1710.9169,1222.5844,289.0831,77.3903,0,0,1,0,1,0,1,0,1,0,1,0,1
05d52c36-8.jpg,1351.6819,296.9432,320.2887,396.7481,1,1,1,0,1,0,1,0,1,0,1,0,1
05d52c36-8.jpg,1005.7797,340.2516,366.6257,398.3375,1,1,1,0,1,0,1,0,1,0,1,0,1
05d52c36-8.jpg,421.2885,389.1398,293.7971,312.845,1,1,1,0,1,0,1,0,1,0,1,0,1
05d52c36-8.jpg,4.5484,443.3781,159.5375,176.113,1,1,1,0,1,0,1,0,1,0,1,0,1
05d52c36-8.jpg,7.3333,588.452,226.3775,202.4839,1,1,1,0,1,0,1,0,1,0,1,0,1
05d52c36-8.jpg,171.6786,616.1837,281.8737,258.9669,2,1,1,1,1,0,1,0,1,0,1,0,1
05d52c36-8.jpg,351.1578,683.8447,333.4854,254.0417,2,1,1,1,1,0,1,0,1,0,1,0,1
05d52c36-8.jpg,667.9959,644.7726,278.7007,308.2623,1,1,1,0,1,0,1,0,1,0,1,0,1
05d52c36-8.jpg,1654.3429,289.9842,221.3832,345.9991,1,1,1,0,1,0,1,0,1,0,1,0,1
05d52c36-8.jpg,1841.5361,282.8178,128.9951,278.354,0,0,1,0,1,0,1,0,1,0,1,0,1
05d52c36-8.jpg,1848.838,269.0824,128.7789,263.8098,0,0,1,0,1,0,1,0,1,0,1,0,1
05d52c36-8.jpg,1838.9146,280.6284,133.6421,315.2758,0,0,1,0,1,0,1,0,1,0,1,0,1
05d52c36-8.jpg,0.0,0.0,9.867,254.746,0,0,1,0,1,0,1,0,1,0,1,0,1
05d52c36-8.jpg,1844.2454,279.9229,125.8453,262.5287,0,0,1,0,1,0,1,0,1,0,1,0,1
05d52c36-8.jpg,1202.0399,1217.5656,291.6837,82.2487,0,0,1,0,1,0,1,0,1,0,1,0,1
05d52c36-8.jpg,0.0,0.0,34.0361,260.771,0,0,1,0,1,0,1,0,1,0,1,0,1
05d52c36-8.jpg,1176.84,0.0526,496.4243,107.0129,0,0,1,0,1,0,1,0,1,0,1,0,1
05d52c36-8.jpg,1851.4019,273.8405,122.6243,265.8173,0,0,1,0,1,0,1,0,1,0,1,0,1
05d52c36-8.jpg,393.5909,677.9603,117.3429,54.7654,0,0,1,0,1,0,1,0,1,0,1,0,1
05d52c36-8.jpg,0.0467,531.0007,40.234,286.8461,0,0,1,0,1,0,1,0,1,0,1,0,1
05d52c36-8.jpg,1848.4348,258.2165,125.5425,298.8024,0,0,1,0,1,0,1,0,1,0,1,0,1
05d52c36-8.jpg,389.5884,674.0522,106.449,59.0093,0,0,1,0,1,0,1,0,1,0,1,0,1
05d52c36-8.jpg,401.8636,676.2285,99.535,56.3548,0,0,1,0,1,0,1,0,1,0,1,0,1
05d52c36-8.jpg,1139.2513,1216.0414,353.0291,83.5125,0,0,1,0,1,0,1,0,1,0,1,0,1
05d52c36-8.jpg,1166.2838,1217.9779,327.5505,81.6664,0,0,1,0,1,0,1,0,1,0,1,0,1
05d52c36-8.jpg,1848.9258,253.3905,127.1691,275.302,0,0,1,0,1,0,1,0,1,0,1,0,1
05d52c36-8.jpg,400.5872,679.7283,102.1473,53.1857,0,0,1,0,1,0,1,0,1,0,1,0,1
05d52c36-8.jpg,0.0749,550.8165,39.657,281.3103,0,0,1,0,1,0,1,0,1,0,1,0,1
05d52c36-8.jpg,1924.7168,175.599,75.2832,397.2253,0,0,1,0,1,0,1,0,1,0,1,0,1
05d52c36-8.jpg,1932.0892,174.0111,67.9108,393.8308,0,0,1,0,1,0,1,0,1,0,1,0,1
05d52c36-8.jpg,1929.7268,202.2867,70.2732,383.6891,0,0,1,0,1,0,1,0,1,0,1,0,1
05d52c36-8.jpg,1850.3582,270.4122,123.0621,293.7492,0,0,1,0,1,0,1,0,1,0,1,0,1
05d52c36-8.jpg,1923.5371,203.9902,76.4629,386.2678,0,0,1,0,1,0,1,0,1,0,1,0,1
05d52c36-8.jpg,1852.2319,235.666,134.1423,303.7741,0,0,1,0,1,0,1,0,1,0,1,0,1
05d52c36-8.jpg,1178.0863,0.0,496.5936,117.7254,0,0,1,0,1,0,1,0,1,0,1,0,1
0673003e-105.jpg,1428.3462,562.6289,252.1785,125.8071,1,1,1,0,1,0,1,0,1,0,1,0,1
0673003e-105.jpg,1516.3149,695.2656,239.5732,125.2249,2,1,1,1,1,0,1,0,1,0,1,0,1
0673003e-105.jpg,1205.8842,664.3901,188.4022,163.2448,1,1,1,0,1,0,1,0,1,0,1,0,1
0673003e-105.jpg,1372.5291,660.1653,160.2035,131.9509,1,1,1,0,1,0,1,0,1,0,1,0,1
0673003e-105.jpg,2.1351,694.6271,433.458,514.8441,0,0,1,0,1,0,1,0,1,0,1,0,1
0673003e-105.jpg,3.3883,654.3331,404.4516,516.1414,0,0,1,0,1,0,1,0,1,0,1,0,1
0673003e-105.jpg,4.7324,698.0204,406.3761,510.9178,0,0,1,0,1,0,1,0,1,0,1,0,1
0673003e-105.jpg,854.3345,1009.6804,248.9492,234.3489,0,0,1,0,1,0,1,0,1,0,1,0,1
0673003e-105.jpg,3.8356,633.9105,397.3469,493.0422,0,0,1,0,1,0,1,0,1,0,1,0,1
0673003e-105.jpg,2.7984,696.6884,444.6269,511.4506,0,0,1,0,1,0,1,0,1,0,1,0,1
0673003e-105.jpg,1.6356,684.9816,402.6776,483.8859,0,0,1,0,1,0,1,0,1,0,1,0,1
0673003e-105.jpg,5.0199,624.5873,395.5932,501.739,0,0,1,0,1,0,1,0,1,0,1,0,1
0673003e-105.jpg,2.0495,648.1554,398.8184,485.224,0,0,1,0,1,0,1,0,1,0,1,0,1
0673003e-105.jpg,6.2962,709.8778,401.7447,468.2614,0,0,1,0,1,0,1,0,1,0,1,0,1
0673003e-105.jpg,9.0654,706.3232,370.1719,413.7383,0,0,1,0,1,0,1,0,1,0,1,0,1
0673003e-105.jpg,1891.8663,674.4717,108.1337,401.1072,0,0,1,0,1,0,1,0,1,0,1,0,1
0673003e-105.jpg,1976.4634,913.0252,23.5366,162.9461,0,0,1,0,1,0,1,0,1,0,1,0,1
0673003e-105.jpg,11.1073,700.4492,363.5955,397.4156,0,0,1,0,1,0,1,0,1,0,1,0,1
0673003e-105.jpg,6.8144,740.9863,399.8698,467.9817,0,0,1,0,1,0,1,0,1,0,1,0,1
0673003e-105.jpg,1978.2429,580.3983,21.7201,278.5578,0,0,1,0,1,0,1,0,1,0,1,0,1
0673003e-105.jpg,1979.1484,549.9251,20.7986,264.4495,0,0,1,0,1,0,1,0,1,0,1,0,1
0673003e-105.jpg,0.0,824.3456,22.1076,260.1562,0,0,1,0,1,0,1,0,1,0,1,0,1
0673003e-105.jpg,6.7164,901.0804,420.1758,308.2321,0,0,1,0,1,0,1,0,1,0,1,0,1
0673003e-105.jpg,853.9505,1012.1711,294.2805,226.6346,0,0,1,0,1,0,1,0,1,0,1,0,1
0673003e-105.jpg,1975.4589,887.2255,24.5411,185.9189,0,0,1,0,1,0,1,0,1,0,1,0,1
0673003e-105.jpg,855.6835,1006.9878,299.4102,236.9512,0,0,1,0,1,0,1,0,1,0,1,0,1
0673003e-105.jpg,1977.7458,591.7952,22.2015,279.7903,0,0,1,0,1,0,1,0,1,0,1,0,1
0673003e-105.jpg,4.2012,729.1346,437.6383,480.4293,0,0,1,0,1,0,1,0,1,0,1,0,1
0673003e-105.jpg,535.5016,361.9787,113.7902,41.0057,0,0,1,0,1,0,1,0,1,0,1,0,1
0673003e-105.jpg,13.4819,689.0853,365.6451,440.4948,0,0,1,0,1,0,1,0,1,0,1,0,1
0673003e-105.jpg,500.2598,527.2772,91.8077,184.8799,0,0,1,0,1,0,1,0,1,0,1,0,1
0673003e-105.jpg,0.0,813.3725,36.8218,292.3348,0,0,1,0,1,0,1,0,1,0,1,0,1
0673003e-105.jpg,0.2175,81.3719,151.5029,587.3776,0,0,1,0,1,0,1,0,1,0,1,0,1
0673003e-105.jpg,1795.9362,648.817,203.9285,433.6519,0,0,1,0,1,0,1,0,1,0,1,0,1
0673003e-105.jpg,0.0882,80.3284,164.0113,439.4517,0,0,1,0,1,0,1,0,1,0,1,0,1
0673003e-105.jpg,1978.6617,566.5758,21.2692,280.7671,0,0,1,0,1,0,1,0,1,0,1,0,1
0673003e-105.jpg,0.0,810.2753,23.0476,271.0354,0,0,1,0,1,0,1,0,1,0,1,0,1
0673003e-105.jpg,1979.0464,554.8121,20.8329,281.5309,0,0,1,0,1,0,1,0,1,0,1,0,1
0673003e-105.jpg,534.909,358.2473,124.7255,43.5071,0,0,1,0,1,0,1,0,1,0,1,0,1
0673003e-105.jpg,9.3226,663.5885,394.801,485.1902,0,0,1,0,1,0,1,0,1,0,1,0,1
0673003e-105.jpg,0.0,104.3514,162.5914,316.9817,0,0,1,0,1,0,1,0,1,0,1,0,1
0673003e-105.jpg,0.0,851.4567,21.0594,253.4519,0,0,1,0,1,0,1,0,1,0,1,0,1
0673003e-105.jpg,0.0,837.8201,21.5647,247.3564,0,0,1,0,1,0,1,0,1,0,1,0,1
0673003e-105.jpg,0.0,84.9023,251.361,462.94,0,0,1,0,1,0,1,0,1,0,1,0,1
0673003e-105.jpg,6.923,828.8191,366.5242,379.2875,0,0,1,0,1,0,1,0,1,0,1,0,1
0673003e-105.jpg,1976.2201,864.8324,23.7799,210.4567,0,0,1,0,1,0,1,0,1,0,1,0,1
0673003e-105.jpg,1979.0106,538.3008,20.8981,260.2705,0,0,1,0,1,0,1,0,1,0,1,0,1
0673003e-105.jpg,0.0152,109.3226,159.6244,323.1532,0,0,1,0,1,0,1,0,1,0,1,0,1
0673003e-105.jpg,0.0255,830.7592,35.6688,276.601,0,0,1,0,1,0,1,0,1,0,1,0,1
0673003e-105.jpg,1977.3696,604.5956,22.5984,279.0419,0,0,1,0,1,0,1,0,1,0,1,0,1
0673003e-105.jpg,0.0,848.5067,34.2069,271.6233,0,0,1,0,1,0,1,0,1,0,1,0,1
0673003e-105.jpg,1975.5137,419.8486,24.4863,205.3933,0,0,1,0,1,0,1,0,1,0,1,0,1
0673003e-105.jpg,1900.8098,687.5658,99.1902,394.3115,0,0,1,0,1,0,1,0,1,0,1,0,1
0673003e-105.jpg,18.7162,720.3531,371.0594,302.7593,0,0,1,0,1,0,1,0,1,0,1,0,1
0a339b03-239.jpg,184.4729,513.7348,156.9147,87.6334,1,1,1,0,1,0,1,0,1,0,1,0,1
0a339b03-239.jpg,209.689,585.9568,183.3961,117.9228,1,1,1,0,1,0,1,0,1,0,1,0,1
0a339b03-239.jpg,341.2836,520.3356,183.8454,134.3694,2,1,1,1,1,0,1,0,1,0,1,0,1
0a339b03-239.jpg,512.2937,503.9232,177.4125,195.3755,1,1,1,0,1,0,1,0,1,0,1,0,1
0a339b03-239.jpg,371.169,633.0744,243.391,177.9314,2,1,1,1,1,0,1,0,1,0,1,0,1
0a339b03-239.jpg,677.0535,503.3671,198.6664,211.8649,1,1,1,0,1,0,1,0,1,0,1,0,1
0a339b03-239.jpg,611.501,658.3273,171.961,176.5311,1,1,1,0,1,0,1,0,1,0,1,0,1
0a339b03-239.jpg,782.0418,656.0415,194.2341,214.5657,1,1,1,0,1,0,1,0,1,0,1,0,1
0a339b03-239.jpg,860.718,486.208,230.6622,250.9482,1,1,1,0,1,0,1,0,1,0,1,0,1
0a339b03-239.jpg,1080.451,470.8342,226.2454,251.8423,1,1,1,0,1,0,1,0,1,0,1,0,1
0a339b03-239.jpg,1290.8358,438.2988,247.5533,274.6153,1,1,1,0,1,0,1,0,1,0,1,0,1
0a339b03-239.jpg,1522.5404,419.1338,226.9576,292.1641,1,1,1,0,1,0,1,0,1,0,1,0,1
0a339b03-239.jpg,1329.9879,677.6242,140.4694,158.3995,1,1,1,0,1,0,1,0,1,0,1,0,1
0a339b03-239.jpg,1460.4991,692.2823,156.4147,188.6797,1,1,1,0,1,0,1,0,1,0,1,0,1
0a339b03-239.jpg,1604.9772,709.2666,89.035,161.8473,1,1,1,0,1,0,1,0,1,0,1,0,1
0a339b03-239.jpg,1715.9424,433.9158,110.5675,252.6094,1,1,1,0,1,0,1,0,1,0,1,0,1
0a339b03-239.jpg,1811.2528,440.3784,98.4695,240.2447,1,1,1,0,1,0,1,0,1,0,1,0,1
0a339b03-239.jpg,1682.6854,680.2427,122.5128,200.6428,1,1,1,0,1,0,1,0,1,0,1,0,1
0b700680-102.jpg,691.9835,602.8389,126.3791,155.3909,1,1,1,0,1,0,1,0,1,0,1,0,1
0b700680-102.jpg,596.0683,607.496,120.3274,139.0406,1,1,1,0,1,0,1,0,1,0,1,0,1
0b700680-102.jpg,555.3941,641.7482,91.3867,102.4358,1,1,1,0,1,0,1,0,1,0,1,0,1
0b700680-102.jpg,476.3066,628.5434,111.5939,106.0721,1,1,1,0,1,0,1,0,1,0,1,0,1
0b700680-102.jpg,411.8652,617.7424,94.6829,102.4282,2,1,1,1,1,0,1,0,1,0,1,0,1
0b700680-102.jpg,913.2785,707.8665,119.3632,111.585,1,1,1,0,1,0,1,0,1,0,1,0,1
0b700680-102.jpg,797.5669,729.1749,106.4516,87.3414,1,1,1,0,1,0,1,0,1,0,1,0,1
0b700680-102.jpg,448.3564,718.8552,118.5385,73.3129,1,1,1,0,1,0,1,0,1,0,1,0,1
0b700680-102.jpg,524.7302,725.8075,134.798,104.9339,1,1,1,0,1,0,1,0,1,0,1,0,1
0b700680-102.jpg,1549.3513,740.3577,127.2919,102.7731,1,1,1,0,1,0,1,0,1,0,1,0,1
0b700680-102.jpg,1659.4753,644.4661,72.2999,95.4675,1,1,1,0,1,0,1,0,1,0,1,0,1
0b700680-102.jpg,1653.5415,721.347,105.3643,107.9885,1,1,1,0,1,0,1,0,1,0,1,0,1
0b700680-102.jpg,1117.4774,0.2911,569.7731,102.0404,0,0,1,0,1,0,1,0,1,0,1,0,1
0b700680-102.jpg,1109.9568,0.0,581.484,106.7121,0,0,1,0,1,0,1,0,1,0,1,0,1
0b700680-102.jpg,1253.7802,0.0,409.3854,101.4763,0,0,1,0,1,0,1,0,1,0,1,0,1
0b700680-102.jpg,1227.7073,0.0312,436.0966,93.7083,0,0,1,0,1,0,1,0,1,0,1,0,1
0b700680-102.jpg,1217.9236,0.2878,450.6351,102.6742,0,0,1,0,1,0,1,0,1,0,1,0,1
0b700680-102.jpg,1156.4559,0.166,533.4835,98.1815,0,0,1,0,1,0,1,0,1,0,1,0,1
0b700680-102.jpg,1251.4868,0.0,414.3165,89.7278,0,0,1,0,1,0,1,0,1,0,1,0,1
0b700680-102.jpg,1186.4739,0.2227,426.6399,107.9638,0,0,1,0,1,0,1,0,1,0,1,0,1
0b700680-102.jpg,783.9412,0.0,650.1316,135.3279,0,0,1,0,1,0,1,0,1,0,1,0,1
0b700680-102.jpg,1312.0983,0.0,346.964,97.0791,0,0,1,0,1,0,1,0,1,0,1,0,1
0b700680-102.jpg,767.8317,0.0,674.0027,139.7881,0,0,1,0,1,0,1,0,1,0,1,0,1
0b700680-102.jpg,1117.7518,0.2413,576.953,102.4878,0,0,1,0,1,0,1,0,1,0,1,0,1
0b700680-102.jpg,1305.6643,0.0,359.3809,86.0825,0,0,1,0,1,0,1,0,1,0,1,0,1
0b700680-102.jpg,1306.2751,0.0,355.8885,90.5448,0,0,1,0,1,0,1,0,1,0,1,0,1
0b700680-102.jpg,1254.7268,0.2334,408.0673,97.0018,0,0,1,0,1,0,1,0,1,0,1,0,1
0b700680-102.jpg,1269.1531,0.0483,392.436,99.2597,0,0,1,0,1,0,1,0,1,0,1,0,1
0b700680-102.jpg,1305.4752,0.0,356.6761,100.6265,0,0,1,0,1,0,1,0,1,0,1,0,1
0b700680-102.jpg,1146.3613,0.0,546.4861,105.206,0,0,1,0,1,0,1,0,1,0,1,0,1
0b700680-102.jpg,712.7074,0.0,703.1775,138.8693,0,0,1,0,1,0,1,0,1,0,1,0,1
0b700680-102.jpg,731.1788,0.0,683.2527,134.6252,0,0,1,0,1,0,1,0,1,0,1,0,1
0b700680-102.jpg,1117.7789,0.0,475.4362,101.9205,0,0,1,0,1,0,1,0,1,0,1,0,1
0b700680-102.jpg,1105.4287,0.0,587.715,107.4203,0,0,1,0,1,0,1,0,1,0,1,0,1
0b700680-102.jpg,1232.672,0.8226,425.6194,99.8433,0,0,1,0,1,0,1,0,1,0,1,0,1
0b700680-102.jpg,716.1903,0.0331,623.9302,133.8402,0,0,1,0,1,0,1,0,1,0,1,0,1
0b700680-102.jpg,693.0798,0.0942,656.7001,138.2059,0,0,1,0,1,0,1,0,1,0,1,0,1
0b700680-102.jpg,1326.3093,0.0,336.7488,84.2823,0,0,1,0,1,0,1,0,1,0,1,0,1
0e895a97-203.jpg,151.573,385.7328,229.604,219.0961,1,1,1,0,1,0,1,0,1,0,1,0,1
0e895a97-203.jpg,138.0951,551.409,260.5444,161.8417,1,1,1,0,1,0,1,0,1,0,1,0,1
0e895a97-203.jpg,371.4614,485.9684,231.2807,219.6867,1,1,1,0,1,0,1,0,1,0,1,0,1
0e895a97-203.jpg,349.6135,662.1991,279.0642,179.8881,1,1,1,0,1,0,1,0,1,0,1,0,1
0e895a97-203.jpg,572.1899,522.6986,160.6643,210.1096,1,1,1,0,1,0,1,0,1,0,1,0,1
0e895a97-203.jpg,698.562,473.686,187.5156,277.7837,1,1,1,0,1,0,1,0,1,0,1,0,1
0e895a97-203.jpg,746.8712,711.8385,224.6891,238.4019,1,1,1,0,1,0,1,0,1,0,1,0,1
0e895a97-203.jpg,856.6511,436.3344,269.1682,337.8775,1,1,1,0,1,0,1,0,1,0,1,0,1
0e895a97-203.jpg,1122.3341,479.9876,261.1779,309.8979,1,1,1,0,1,0,1,0,1,0,1,0,1
0e895a97-203.jpg,965.937,689.1115,232.8669,274.9581,1,1,1,0,1,0,1,0,1,0,1,0,1
0e895a97-203.jpg,1353.3713,446.0973,316.9753,361.6696,1,1,1,0,1,0,1,0,1,0,1,0,1
0e895a97-203.jpg,1643.0088,488.8232,286.3773,321.4408,1,1,1,0,1,0,1,0,1,0,1,0,1
0e895a97-203.jpg,1583.8656,774.8839,178.387,118.4529,1,1,1,0,1,0,1,0,1,0,1,0,1
0e895a97-203.jpg,1892.6561,776.1034,77.235,67.4604,0,0,1,0,1,0,1,0,1,0,1,0,1
0e895a97-203.jpg,1892.5831,775.6295,78.7952,67.8482,0,0,1,0,1,0,1,0,1,0,1,0,1
0e895a97-203.jpg,1888.8092,776.2792,86.3807,66.4984,0,0,1,0,1,0,1,0,1,0,1,0,1
0e895a97-203.jpg,1882.4316,771.6393,77.4323,69.5961,0,0,1,0,1,0,1,0,1,0,1,0,1
0e895a97-203.jpg,1891.4497,776.8582,83.3008,65.3952,0,0,1,0,1,0,1,0,1,0,1,0,1
0e895a97-203.jpg,1890.366,777.7645,79.4094,64.1743,0,0,1,0,1,0,1,0,1,0,1,0,1
0e895a97-203.jpg,1889.5619,779.6873,86.3892,62.33,0,0,1,0,1,0,1,0,1,0,1,0,1
0e895a97-203.jpg,1893.5039,778.9305,84.3262,64.4329,0,0,1,0,1,0,1,0,1,0,1,0,1
0e895a97-203.jpg,372.9046,498.4109,73.7194,166.8714,0,0,1,0,1,0,1,0,1,0,1,0,1
0e895a97-203.jpg,1887.3461,773.3582,78.0659,69.0233,0,0,1,0,1,0,1,0,1,0,1,0,1
0e895a97-203.jpg,375.131,501.1849,77.8857,166.0206,0,0,1,0,1,0,1,0,1,0,1,0,1
0e895a97-203.jpg,1889.9658,775.2292,82.4661,69.0267,0,0,1,0,1,0,1,0,1,0,1,0,1
0e895a97-203.jpg,1889.8057,778.4254,81.1515,64.6949,0,0,1,0,1,0,1,0,1,0,1,0,1
0e895a97-203.jpg,1888.4911,775.4637,84.7069,66.5051,0,0,1,0,1,0,1,0,1,0,1,0,1
0e895a97-203.jpg,1889.7766,774.666,83.5098,67.5641,0,0,1,0,1,0,1,0,1,0,1,0,1
0e895a97-203.jpg,1891.1122,778.3201,82.4108,63.6887,0,0,1,0,1,0,1,0,1,0,1,0,1
0e895a97-203.jpg,1855.2349,773.5364,122.6532,70.7635,0,0,1,0,1,0,1,0,1,0,1,0,1
0e895a97-203.jpg,850.5025,993.6791,290.8093,225.8344,0,0,1,0,1,0,1,0,1,0,1,0,1
0e895a97-203.jpg,0.0,1162.1414,338.3221,137.8586,0,0,1,0,1,0,1,0,1,0,1,0,1
0e895a97-203.jpg,0.0,1114.327,289.2704,185.673,0,0,1,0,1,0,1,0,1,0,1,0,1
0f593e7b-175.jpg,1346.6005,405.5188,152.5438,211.8672,1,1,1,0,1,0,1,0,1,0,1,0,1
0f593e7b-175.jpg,1431.4115,575.9919,190.952,172.2662,3,1,1,1,1,1,1,0,1,0,1,0,1
0f593e7b-175.jpg,1535.5055,448.4426,151.6964,142.3514,1,1,1,0,1,0,1,0,1,0,1,0,1
0f593e7b-175.jpg,1591.5652,539.0529,171.597,119.1133,3,1,1,1,1,1,1,0,1,0,1,0,1
0f593e7b-175.jpg,1741.8083,518.4373,69.4625,63.4594,0,0,1,0,1,0,1,0,1,0,1,0,1
0f593e7b-175.jpg,1742.1768,519.372,69.0598,64.0005,0,0,1,0,1,0,1,0,1,0,1,0,1
0f593e7b-175.jpg,1737.1857,521.6376,69.5167,61.0816,0,0,1,0,1,0,1,0,1,0,1,0,1
0f593e7b-175.jpg,1736.9982,518.9117,70.6783,64.6403,0,0,1,0,1,0,1,0,1,0,1,0,1
0f593e7b-175.jpg,1739.6372,516.1428,69.735,66.2728,0,0,1,0,1,0,1,0,1,0,1,0,1
0f593e7b-175.jpg,1739.1155,515.3078,70.6674,68.8944,0,0,1,0,1,0,1,0,1,0,1,0,1
0f593e7b-175.jpg,1739.9944,521.7565,66.9701,60.8909,0,0,1,0,1,0,1,0,1,0,1,0,1
0f593e7b-175.jpg,1740.9165,519.6569,68.6992,65.3998,0,0,1,0,1,0,1,0,1,0,1,0,1
0f593e7b-175.jpg,1737.9005,518.6124,71.2754,67.7029,0,0,1,0,1,0,1,0,1,0,1,0,1
0f593e7b-175.jpg,1739.5397,515.5967,70.9366,71.1281,0,0,1,0,1,0,1,0,1,0,1,0,1
0f593e7b-175.jpg,1741.2949,513.6415,68.1422,70.1437,0,0,1,0,1,0,1,0,1,0,1,0,1
0f593e7b-175.jpg,1742.4231,506.4805,74.2271,78.4785,0,0,1,0,1,0,1,0,1,0,1,0,1
0f593e7b-175.jpg,1739.4371,509.0964,71.3715,75.9766,0,0,1,0,1,0,1,0,1,0,1,0,1
0f593e7b-175.jpg,1746.0571,516.0425,65.0459,66.2299,0,0,1,0,1,0,1,0,1,0,1,0,1
0f593e7b-175.jpg,1640.7738,450.1194,53.7354,132.7671,0,0,1,0,1,0,1,0,1,0,1,0,1
0f593e7b-175.jpg,1756.7917,552.608,56.8717,67.5277,0,0,1,0,1,0,1,0,1,0,1,0,1
0f593e7b-175.jpg,0.0,0.0,20.7383,254.8602,0,0,1,0,1,0,1,0,1,0,1,0,1
0f593e7b-175.jpg,1962.1615,549.6106,37.8385,289.4567,0,0,1,0,1,0,1,0,1,0,1,0,1
0f593e7b-175.jpg,853.4682,941.342,132.5886,54.8323,0,0,1,0,1,0,1,0,1,0,1,0,1
0f593e7b-175.jpg,1748.3352,544.1054,77.1389,88.7594,0,0,1,0,1,0,1,0,1,0,1,0,1
0f593e7b-175.jpg,854.8568,938.4916,130.5845,59.2773,0,0,1,0,1,0,1,0,1,0,1,0,1
0f593e7b-175.jpg,1644.8782,451.1794,48.6005,127.2469,0,0,1,0,1,0,1,0,1,0,1,0,1
0f593e7b-175.jpg,1949.4205,543.7349,50.5795,307.1877,0,0,1,0,1,0,1,0,1,0,1,0,1
0f593e7b-175.jpg,1856.9248,531.0635,107.5272,156.6086,0,0,1,0,1,0,1,0,1,0,1,0,1
0f593e7b-175.jpg,1743.5791,508.863,72.7227,75.8663,0,0,1,0,1,0,1,0,1,0,1,0,1
0f593e7b-175.jpg,1761.1375,539.3548,76.2031,82.7963,0,0,1,0,1,0,1,0,1,0,1,0,1
0f593e7b-175.jpg,0.0,0.0,53.6314,258.1866,0,0,1,0,1,0,1,0,1,0,1,0,1
0f593e7b-175.jpg,1976.9772,605.1262,22.9058,194.9636,0,0,1,0,1,0,1,0,1,0,1,0,1
0f593e7b-175.jpg,1975.3296,626.1266,24.3317,188.448,0,0,1,0,1,0,1,0,1,0,1,0,1
0fdf53de-130.jpg,478.8349,687.7002,201.1954,188.0529,2,1,1,1,1,0,1,0,1,0,1,0,1
0fdf53de-130.jpg,659.074,714.407,226.3476,201.2001,2,1,1,1,1,0,1,0,1,0,1,0,1
0fdf53de-130.jpg,1078.7395,538.5272,208.9841,229.5811,1,1,1,0,1,0,1,0,1,0,1,0,1
0fdf53de-130.jpg,491.0659,529.592,147.9568,177.5272,2,1,1,1,1,0,1,0,1,0,1,0,1
0fdf53de-130.jpg,637.9278,542.4037,148.1437,185.3553,1,1,1,0,1,0,1,0,1,0,1,0,1
0fdf53de-130.jpg,760.0251,541.0301,151.6355,195.3001,2,1,1,1,1,0,1,0,1,0,1,0,1
0fdf53de-130.jpg,894.8301,532.3397,191.1351,237.0843,1,1,1,0,1,0,1,0,1,0,1,0,1
0fdf53de-130.jpg,835.1001,730.7273,171.4005,227.9188,1,1,1,0,1,0,1,0,1,0,1,0,1
0fdf53de-130.jpg,998.7914,714.3475,181.3048,229.9781,1,1,1,0,1,0,1,0,1,0,1,0,1
0fdf53de-130.jpg,1281.2599,515.2584,240.3643,275.1793,1,1,1,0,1,0,1,0,1,0,1,0,1
0fdf53de-130.jpg,1507.8105,512.1219,209.9065,271.0554,2,1,1,1,1,0,1,0,1,0,1,0,1
0fdf53de-130.jpg,1625.766,740.7259,119.4198,186.8952,2,1,1,1,1,0,1,0,1,0,1,0,1
0fdf53de-130.jpg,1703.207,530.6547,136.5074,219.6964,2,1,1,1,1,0,1,0,1,0,1,0,1
0fdf53de-130.jpg,1809.2881,503.2805,103.054,251.3601,2,1,1,1,1,0,1,0,1,0,1,0,1
0fdf53de-130.jpg,1732.3633,736.5265,100.3597,208.8646,2,1,1,1,1,0,1,0,1,0,1,0,1
0fdf53de-130.jpg,1815.0034,739.7928,75.9197,153.2833,2,1,1,1,1,0,1,0,1,0,1,0,1
0fdf53de-130.jpg,630.1402,584.9564,55.8487,137.5936,0,0,1,0,1,0,1,0,1,0,1,0,1
100f6601-144.jpg,79.7744,347.3423,120.2478,186.6409,2,1,1,1,1,0,1,0,1,0,1,0,1
100f6601-144.jpg,189.9764,429.1617,105.2368,258.6199,2,1,1,1,1,0,1,0,1,0,1,0,1
100f6601-144.jpg,265.7989,479.649,145.7209,236.7747,1,1,1,0,1,0,1,0,1,0,1,0,1
100f6601-144.jpg,383.4553,469.8891,231.127,290.44,1,1,1,0,1,0,1,0,1,0,1,0,1
100f6601-144.jpg,600.4127,498.5618,190.9313,249.2689,1,1,1,0,1,0,1,0,1,0,1,0,1
100f6601-144.jpg,749.0844,439.2329,282.1536,327.5448,1,1,1,0,1,0,1,0,1,0,1,0,1
100f6601-144.jpg,405.0738,700.7839,206.5278,218.738,2,1,1,1,1,0,1,0,1,0,1,0,1
100f6601-144.jpg,602.9726,718.8154,173.8112,119.9114,2,1,1,1,1,0,1,0,1,0,1,0,1
100f6601-144.jpg,769.02,738.1865,136.2505,79.921,2,1,1,1,1,0,1,0,1,0,1,0,1
100f6601-144.jpg,944.9543,718.2716,94.6978,75.3338,2,1,1,1,1,0,1,0,1,0,1,0,1
100f6601-144.jpg,1021.3177,432.748,268.0619,304.5518,1,1,1,0,1,0,1,0,1,0,1,0,1
100f6601-144.jpg,1040.8717,726.2808,114.5308,72.4577,2,1,1,1,1,0,1,0,1,0,1,0,1
100f6601-144.jpg,1169.1278,711.8819,122.5853,64.3284,2,1,1,1,1,0,1,0,1,0,1,0,1
100f6601-144.jpg,1276.7428,444.3412,209.394,290.909,1,1,1,0,1,0,1,0,1,0,1,0,1
100f6601-144.jpg,1287.6643,703.6436,200.335,138.8184,2,1,1,1,1,0,1,0,1,0,1,0,1
100f6601-144.jpg,1472.9753,437.8713,206.4683,262.9975,1,1,1,0,1,0,1,0,1,0,1,0,1
100f6601-144.jpg,1495.526,670.0155,162.2228,137.2153,2,1,1,1,1,0,1,0,1,0,1,0,1
100f6601-144.jpg,1661.4723,585.6893,128.7574,155.2467,2,1,1,1,1,0,1,0,1,0,1,0,1
1283b80b-164.jpg,428.4595,423.0838,158.3888,238.7688,1,1,1,0,1,0,1,0,1,0,1,0,1
1283b80b-164.jpg,417.0242,611.5825,142.6536,140.5845,1,1,1,0,1,0,1,0,1,0,1,0,1
1283b80b-164.jpg,1037.1946,590.3796,148.4872,214.3278,2,1,1,1,1,0,1,0,1,0,1,0,1
1283b80b-164.jpg,1322.213,639.4774,71.644,70.3228,0,0,1,0,1,0,1,0,1,0,1,0,1
1283b80b-164.jpg,1761.7917,624.5247,141.9564,91.5907,0,0,1,0,1,0,1,0,1,0,1,0,1
1283b80b-164.jpg,1335.292,640.8252,56.9694,71.0033,0,0,1,0,1,0,1,0,1,0,1,0,1
1283b80b-164.jpg,1319.9165,639.7006,71.4948,64.3799,0,0,1,0,1,0,1,0,1,0,1,0,1
1283b80b-164.jpg,1764.6438,623.8917,127.3904,98.6835,0,0,1,0,1,0,1,0,1,0,1,0,1
1283b80b-164.jpg,1772.7581,614.2676,156.5762,115.1769,0,0,1,0,1,0,1,0,1,0,1,0,1
1283b80b-164.jpg,1771.23,622.9697,121.3027,94.6274,0,0,1,0,1,0,1,0,1,0,1,0,1
1283b80b-164.jpg,915.7997,559.6669,127.3104,165.7396,0,0,1,0,1,0,1,0,1,0,1,0,1
1283b80b-164.jpg,0.0,0.0,14.9709,258.1366,0,0,1,0,1,0,1,0,1,0,1,0,1
1283b80b-164.jpg,1344.9457,643.8381,47.5137,69.6714,0,0,1,0,1,0,1,0,1,0,1,0,1
1283b80b-164.jpg,1329.5208,640.7116,62.1438,68.2743,0,0,1,0,1,0,1,0,1,0,1,0,1
1283b80b-164.jpg,1765.8645,624.4285,127.8123,101.3328,0,0,1,0,1,0,1,0,1,0,1,0,1
1283b80b-164.jpg,1312.0433,642.2015,77.1401,55.4884,0,0,1,0,1,0,1,0,1,0,1,0,1
1283b80b-164.jpg,1764.7444,627.1963,140.3175,93.9819,0,0,1,0,1,0,1,0,1,0,1,0,1
1283b80b-164.jpg,1767.4919,623.3806,124.6589,99.5748,0,0,1,0,1,0,1,0,1,0,1,0,1
137dcfeb-184.jpg,438.761,253.5956,247.6158,262.7686,2,1,1,1,1,0,1,0,1,0,1,0,1
137dcfeb-184.jpg,398.4535,103.5867,228.4309,199.8883,3,1,1,1,1,1,1,0,1,0,1,0,1
137dcfeb-184.jpg,516.9333,478.6905,205.2389,171.9466,1,1,1,0,1,0,1,0,1,0,1,0,1
137dcfeb-184.jpg,573.7403,633.7229,215.8592,179.9899,2,1,1,1,1,0,1,0,1,0,1,0,1
137dcfeb-184.jpg,763.6282,907.3186,173.3065,175.1776,2,1,1,1,1,0,1,0,1,0,1,0,1
137dcfeb-184.jpg,1386.7458,676.2327,212.0172,177.8714,2,1,1,1,1,0,1,0,1,0,1,0,1
137dcfeb-184.jpg,1084.1949,989.3946,193.4164,181.0132,1,1,1,0,1,0,1,0,1,0,1,0,1
137dcfeb-184.jpg,1214.5522,903.3477,166.8367,158.6377,1,1,1,0,1,0,1,0,1,0,1,0,1
137dcfeb-184.jpg,1350.849,815.7803,168.439,180.0823,1,1,1,0,1,0,1,0,1,0,1,0,1
137dcfeb-184.jpg,1390.3727,520.447,213.9604,175.0812,1,1,1,0,1,0,1,0,1,0,1,0,1
137dcfeb-184.jpg,1476.6959,99.6669,241.0903,243.2693,4,1,1,1,1,1,1,1,1,0,1,0,1
137dcfeb-184.jpg,1405.2042,283.0385,250.9733,257.2274,3,1,1,1,1,1,1,0,1,0,1,0,1
137dcfeb-184.jpg,1761.4447,0.3459,238.5553,110.1614,0,0,1,0,1,0,1,0,1,0,1,0,1
137dcfeb-184.jpg,1774.7932,0.0,225.2068,108.6209,0,0,1,0,1,0,1,0,1,0,1,0,1
137dcfeb-184.jpg,1765.2622,0.2716,234.7378,109.9884,0,0,1,0,1,0,1,0,1,0,1,0,1
137dcfeb-184.jpg,1770.6892,0.0554,229.3108,106.6752,0,0,1,0,1,0,1,0,1,0,1,0,1
137dcfeb-184.jpg,1758.7155,0.0,241.1465,111.7139,0,0,1,0,1,0,1,0,1,0,1,0,1
137dcfeb-184.jpg,1768.7223,0.1209,231.0643,105.2467,0,0,1,0,1,0,1,0,1,0,1,0,1
137dcfeb-184.jpg,1761.3967,0.0,238.6033,110.2259,0,0,1,0,1,0,1,0,1,0,1,0,1
137dcfeb-184.jpg,48.5079,0.0942,371.7528,183.8966,0,0,1,0,1,0,1,0,1,0,1,0,1
137dcfeb-184.jpg,1771.8975,0.0875,228.1025,109.2848,0,0,1,0,1,0,1,0,1,0,1,0,1
137dcfeb-184.jpg,1777.4489,0.2212,222.5511,110.3848,0,0,1,0,1,0,1,0,1,0,1,0,1
137dcfeb-184.jpg,1772.7468,0.0,227.2532,109.2434,0,0,1,0,1,0,1,0,1,0,1,0,1
137dcfeb-184.jpg,1781.7769,1.3611,218.2231,106.5415,0,0,1,0,1,0,1,0,1,0,1,0,1
137dcfeb-184.jpg,1772.3186,0.0,227.6814,107.7729,0,0,1,0,1,0,1,0,1,0,1,0,1
137dcfeb-184.jpg,73.7827,0.0,395.0887,181.3357,0,0,1,0,1,0,1,0,1,0,1,0,1
137dcfeb-184.jpg,65.6079,0.8185,347.0673,183.4585,0,0,1,0,1,0,1,0,1,0,1,0,1
137dcfeb-184.jpg,1776.0975,1.7012,223.8029,104.42,0,0,1,0,1,0,1,0,1,0,1,0,1
137dcfeb-184.jpg,1771.7946,0.1374,228.2054,112.9596,0,0,1,0,1,0,1,0,1,0,1,0,1
137dcfeb-184.jpg,1769.5903,0.0539,230.4097,110.2658,0,0,1,0,1,0,1,0,1,0,1,0,1
137dcfeb-184.jpg,57.3675,0.0,379.6662,181.8727,0,0,1,0,1,0,1,0,1,0,1,0,1
137dcfeb-184.jpg,1764.0371,0.308,235.7872,111.3476,0,0,1,0,1,0,1,0,1,0,1,0,1
137dcfeb-184.jpg,1760.7445,0.0485,236.9312,112.2761,0,0,1,0,1,0,1,0,1,0,1,0,1
137dcfeb-184.jpg,71.2088,0.4655,359.1709,181.7004,0,0,1,0,1,0,1,0,1,0,1,0,1
137dcfeb-184.jpg,96.3531,0.2717,368.626,181.4129,0,0,1,0,1,0,1,0,1,0,1,0,1
137dcfeb-184.jpg,92.2299,0.3328,368.021,181.102,0,0,1,0,1,0,1,0,1,0,1,0,1
137dcfeb-184.jpg,80.4175,0.0,409.2151,180.8055,0,0,1,0,1,0,1,0,1,0,1,0,1
137dcfeb-184.jpg,1779.4658,0.5188,220.5342,110.2057,0,0,1,0,1,0,1,0,1,0,1,0,1
137dcfeb-184.jpg,1779.6512,0.0,220.3488,112.1887,0,0,1,0,1,0,1,0,1,0,1,0,1
137dcfeb-184.jpg,1759.4156,0.0634,237.3706,114.4524,0,0,1,0,1,0,1,0,1,0,1,0,1
137dcfeb-184.jpg,48.4086,0.0,261.2668,52.6934,0,0,1,0,1,0,1,0,1,0,1,0,1
137dcfeb-184.jpg,1776.3777,0.328,223.6223,112.6479,0,0,1,0,1,0,1,0,1,0,1,0,1
137dcfeb-184.jpg,57.5464,0.0,360.3107,183.0781,0,0,1,0,1,0,1,0,1,0,1,0,1
137dcfeb-184.jpg,1780.644,0.0,219.356,112.4342,0,0,1,0,1,0,1,0,1,0,1,0,1
137dcfeb-184.jpg,71.6735,0.9753,346.7552,183.0634,0,0,1,0,1,0,1,0,1,0,1,0,1
137dcfeb-184.jpg,57.3004,0.0,361.7003,181.09,0,0,1,0,1,0,1,0,1,0,1,0,1
137dcfeb-184.jpg,65.0273,0.0753,354.0794,183.7006,0,0,1,0,1,0,1,0,1,0,1,0,1
137dcfeb-184.jpg,34.4892,0.0,267.5706,65.1786,0,0,1,0,1,0,1,0,1,0,1,0,1
137dcfeb-184.jpg,53.1889,0.0,273.6367,55.1981,0,0,1,0,1,0,1,0,1,0,1,0,1
137dcfeb-184.jpg,63.1741,0.0,359.5138,184.2218,0,0,1,0,1,0,1,0,1,0,1,0,1
137dcfeb-184.jpg,30.6208,0.0,247.5648,49.6717,0,0,1,0,1,0,1,0,1,0,1,0,1
137dcfeb-184.jpg,84.6844,0.076,329.268,189.5327,0,0,1,0,1,0,1,0,1,0,1,0,1
137dcfeb-184.jpg,1807.3942,0.1045,192.6058,112.9086,0,0,1,0,1,0,1,0,1,0,1,0,1
137dcfeb-184.jpg,0.1092,1202.5271,77.6166,97.369,0,0,1,0,1,0,1,0,1,0,1,0,1
137dcfeb-184.jpg,467.1412,0.0,212.1965,20.9886,0,0,1,0,1,0,1,0,1,0,1,0,1
137dcfeb-184.jpg,1829.3678,59.164,170.6322,436.4387,0,0,1,0,1,0,1,0,1,0,1,0,1
137dcfeb-184.jpg,71.3321,0.0434,344.1866,188.4193,0,0,1,0,1,0,1,0,1,0,1,0,1
137dcfeb-184.jpg,481.9441,0.0,205.6211,22.5141,0,0,1,0,1,0,1,0,1,0,1,0,1
137dcfeb-184.jpg,1821.4058,63.7825,178.5942,434.6556,0,0,1,0,1,0,1,0,1,0,1,0,1
137dcfeb-184.jpg,1785.4795,0.0,214.5205,111.2453,0,0,1,0,1,0,1,0,1,0,1,0,1
137dcfeb-184.jpg,59.1718,0.0,273.5901,83.326,0,0,1,0,1,0,1,0,1,0,1,0,1
137dcfeb-184.jpg,1789.1981,1.6447,210.8019,111.4435,0,0,1,0,1,0,1,0,1,0,1,0,1
15b3a4f0-282.jpg,1.5416,566.7095,94.8118,255.3848,1,1,1,0,1,0,1,0,1,0,1,0,1
15b3a4f0-282.jpg,69.7969,508.5938,252.0344,314.9155,2,1,1,1,1,0,1,0,1,0,1,0,1
15b3a4f0-282.jpg,302.6331,463.8636,292.9284,335.3126,2,1,1,1,1,0,1,0,1,0,1,0,1
15b3a4f0-282.jpg,576.2067,477.0801,234.0665,287.4598,1,1,1,0,1,0,1,0,1,0,1,0,1
15b3a4f0-282.jpg,780.0669,526.3904,208.7656,276.3056,1,1,1,0,1,0,1,0,1,0,1,0,1
15b3a4f0-282.jpg,972.8689,470.6601,225.9277,267.3836,1,1,1,0,1,0,1,0,1,0,1,0,1
15b3a4f0-282.jpg,431.3626,773.3231,125.5406,80.6934,1,1,1,0,1,0,1,0,1,0,1,0,1
15b3a4f0-282.jpg,728.6718,747.825,162.4245,85.6956,1,1,1,0,1,0,1,0,1,0,1,0,1
15b3a4f0-282.jpg,899.812,670.0441,240.9508,275.5892,1,1,1,0,1,0,1,0,1,0,1,0,1
15b3a4f0-282.jpg,1132.2533,591.6009,126.8661,180.4442,2,1,1,1,1,0,1,0,1,0,1,0,1
15b3a4f0-282.jpg,1123.3253,756.5163,93.2834,127.5165,2,1,1,1,1,0,1,0,1,0,1,0,1
15b3a4f0-282.jpg,1238.2152,596.8072,174.0182,165.3863,2,1,1,1,1,0,1,0,1,0,1,0,1
15b3a4f0-282.jpg,1188.2507,749.3158,217.3882,151.973,2,1,1,1,1,0,1,0,1,0,1,0,1
15b3a4f0-282.jpg,1394.5563,588.3342,159.845,158.6924,2,1,1,1,1,0,1,0,1,0,1,0,1
15b3a4f0-282.jpg,1374.1932,715.6118,174.6238,141.0043,2,1,1,1,1,0,1,0,1,0,1,0,1
15b3a4f0-282.jpg,1447.3064,716.3144,89.2548,86.3464,0,0,1,0,1,0,1,0,1,0,1,0,1
15b3a4f0-282.jpg,1351.8525,599.6199,61.1421,147.7919,0,0,1,0,1,0,1,0,1,0,1,0,1
15b3a4f0-282.jpg,201.4258,0.0945,442.2666,104.3056,0,0,1,0,1,0,1,0,1,0,1,0,1
15b3a4f0-282.jpg,1512.3583,697.741,51.0414,34.7543,0,0,1,0,1,0,1,0,1,0,1,0,1
15b3a4f0-282.jpg,242.5215,0.0385,401.8112,113.862,0,0,1,0,1,0,1,0,1,0,1,0,1
15b3a4f0-282.jpg,1512.7712,695.5315,48.9879,36.2602,0,0,1,0,1,0,1,0,1,0,1,0,1
15b3a4f0-282.jpg,1451.0684,714.7719,82.661,87.8162,0,0,1,0,1,0,1,0,1,0,1,0,1
15b3a4f0-282.jpg,253.8757,0.0,390.7649,111.5434,0,0,1,0,1,0,1,0,1,0,1,0,1
15b3a4f0-282.jpg,156.8031,0.0,483.7036,104.9611,0,0,1,0,1,0,1,0,1,0,1,0,1
15b3a4f0-282.jpg,1506.3568,700.3213,56.5963,31.9249,0,0,1,0,1,0,1,0,1,0,1,0,1
15b3a4f0-282.jpg,183.603,0.0,459.3445,104.7035,0,0,1,0,1,0,1,0,1,0,1,0,1
15b3a4f0-282.jpg,1497.2081,702.7333,60.578,31.1985,0,0,1,0,1,0,1,0,1,0,1,0,1
15b3a4f0-282.jpg,1503.1267,696.1581,57.4581,33.497,0,0,1,0,1,0,1,0,1,0,1,0,1
15b3a4f0-282.jpg,1495.5549,707.3419,61.1505,35.5146,0,0,1,0,1,0,1,0,1,0,1,0,1
15b3a4f0-282.jpg,1536.6886,635.3836,35.5116,83.6239,0,0,1,0,1,0,1,0,1,0,1,0,1
15b3a4f0-282.jpg,240.351,0.3178,402.7578,103.4081,0,0,1,0,1,0,1,0,1,0,1,0,1
15b3a4f0-282.jpg,1504.2576,705.7047,56.6128,37.1734,0,0,1,0,1,0,1,0,1,0,1,0,1
1628e530-248.jpg,101.4625,1057.1266,289.837,227.734,2,1,1,1,1,0,1,0,1,0,1,0,1
1628e530-248.jpg,138.6076,848.9512,338.8805,320.3564,3,1,1,1,1,1,1,0,1,0,1,0,1
1628e530-248.jpg,303.5978,743.5089,286.3941,211.4711,1,1,1,0,1,0,1,0,1,0,1,0,1
1628e530-248.jpg,258.3417,518.6592,295.8304,244.8815,1,1,1,0,1,0,1,0,1,0,1,0,1
1628e530-248.jpg,1489.0898,941.3209,330.1443,314.2052,2,1,1,1,1,0,1,0,1,0,1,0,1
1628e530-248.jpg,1552.4244,1191.0706,276.1471,108.9294,0,0,1,0,1,0,1,0,1,0,1,0,1
1628e530-248.jpg,1554.2996,1191.184,273.7228,108.7361,0,0,1,0,1,0,1,0,1,0,1,0,1
1628e530-248.jpg,1551.1346,1191.7195,278.1704,108.2805,0,0,1,0,1,0,1,0,1,0,1,0,1
1628e530-248.jpg,1550.9596,1190.4501,279.7264,109.5253,0,0,1,0,1,0,1,0,1,0,1,0,1
1628e530-248.jpg,1552.0078,1192.4696,278.2637,106.9594,0,0,1,0,1,0,1,0,1,0,1,0,1
1628e530-248.jpg,1551.1931,1189.7816,281.894,110.2184,0,0,1,0,1,0,1,0,1,0,1,0,1
1628e530-248.jpg,1550.6418,1186.0718,278.4412,113.7638,0,0,1,0,1,0,1,0,1,0,1,0,1
1628e530-248.jpg,1553.9563,1189.854,278.1737,110.146,0,0,1,0,1,0,1,0,1,0,1,0,1
1628e530-248.jpg,1545.11,1192.0237,284.4093,107.9763,0,0,1,0,1,0,1,0,1,0,1,0,1
1628e530-248.jpg,1463.6333,1184.2727,364.9569,115.7273,0,0,1,0,1,0,1,0,1,0,1,0,1
1628e530-248.jpg,1419.2878,1181.9133,424.2275,118.0867,0,0,1,0,1,0,1,0,1,0,1,0,1
1628e530-248.jpg,1559.3351,1185.2665,276.6188,114.7335,0,0,1,0,1,0,1,0,1,0,1,0,1
1628e530-248.jpg,1442.1044,1176.7268,388.575,123.2732,0,0,1,0,1,0,1,0,1,0,1,0,1
1628e530-248.jpg,1563.4718,1184.6688,270.9751,115.3312,0,0,1,0,1,0,1,0,1,0,1,0,1
1628e530-248.jpg,1388.9652,1184.9757,462.328,115.0243,0,0,1,0,1,0,1,0,1,0,1,0,1
1628e530-248.jpg,1418.4426,1183.3699,424.3121,116.6301,0,0,1,0,1,0,1,0,1,0,1,0,1
1628e530-248.jpg,2.3854,1271.9409,482.4525,28.0591,0,0,1,0,1,0,1,0,1,0,1,0,1
1628e530-248.jpg,1518.2245,1183.954,337.833,116.046,0,0,1,0,1,0,1,0,1,0,1,0,1
1628e530-248.jpg,0.0,1271.0979,479.7251,28.9021,0,0,1,0,1,0,1,0,1,0,1,0,1
1628e530-248.jpg,1457.0641,1180.3431,372.7203,119.6569,0,0,1,0,1,0,1,0,1,0,1,0,1
1628e530-248.jpg,1526.522,1182.9718,328.0671,117.0282,0,0,1,0,1,0,1,0,1,0,1,0,1
1628e530-248.jpg,1431.7655,1186.8539,408.6825,113.1461,0,0,1,0,1,0,1,0,1,0,1,0,1
1628e530-248.jpg,0.0,1274.8,463.2366,25.2,0,0,1,0,1,0,1,0,1,0,1,0,1
1628e530-248.jpg,1517.6428,1182.4807,376.9573,117.5193,0,0,1,0,1,0,1,0,1,0,1,0,1
1628e530-248.jpg,1420.9969,1184.6423,415.5143,115.3577,0,0,1,0,1,0,1,0,1,0,1,0,1
1628e530-248.jpg,1488.0535,1183.9991,366.6683,116.0009,0,0,1,0,1,0,1,0,1,0,1,0,1
1628e530-248.jpg,1509.4879,1181.0304,339.3754,118.9696,0,0,1,0,1,0,1,0,1,0,1,0,1
1628e530-248.jpg,1398.5837,1187.8621,450.1997,112.1379,0,0,1,0,1,0,1,0,1,0,1,0,1
1628e530-248.jpg,1398.4894,1190.7664,458.5823,109.2336,0,0,1,0,1,0,1,0,1,0,1,0,1
1628e530-248.jpg,1492.9125,1182.9344,377.9103,117.0656,0,0,1,0,1,0,1,0,1,0,1,0,1
1628e530-248.jpg,0.0,1259.028,445.0573,40.972,0,0,1,0,1,0,1,0,1,0,1,0,1
1628e530-248.jpg,1575.1792,1187.6133,264.8435,112.3867,0,0,1,0,1,0,1,0,1,0,1,0,1
1628e530-248.jpg,0.0,1250.2739,453.5104,49.7261,0,0,1,0,1,0,1,0,1,0,1,0,1
1628e530-248.jpg,13.3454,1243.5902,449.1752,56.4098,0,0,1,0,1,0,1,0,1,0,1,0,1
1628e530-248.jpg,24.8332,1277.3678,470.7373,22.6322,0,0,1,0,1,0,1,0,1,0,1,0,1
1628e530-248.jpg,0.0,1262.5231,465.1747,37.4769,0,0,1,0,1,0,1,0,1,0,1,0,1
1628e530-248.jpg,1582.4257,1186.427,256.3954,113.573,0,0,1,0,1,0,1,0,1,0,1,0,1
1628e530-248.jpg,26.3065,1266.4056,379.7209,33.5944,0,0,1,0,1,0,1,0,1,0,1,0,1
1628e530-248.jpg,46.0655,1251.9124,360.3718,48.0876,0,0,1,0,1,0,1,0,1,0,1,0,1
1628e530-248.jpg,0.0,1280.0021,461.1399,19.9979,0,0,1,0,1,0,1,0,1,0,1,0,1
1628e530-248.jpg,24.6129,1261.8167,391.3678,38.1833,0,0,1,0,1,0,1,0,1,0,1,0,1
1628e530-248.jpg,1592.9458,1199.337,224.5709,96.7198,0,0,1,0,1,0,1,0,1,0,1,0,1
1628e530-248.jpg,40.6575,1255.7249,361.8803,44.2751,0,0,1,0,1,0,1,0,1,0,1,0,1
1628e530-248.jpg,30.3768,1244.7452,385.1334,55.2548,0,0,1,0,1,0,1,0,1,0,1,0,1
1628e530-248.jpg,0.0,0.0,39.147,252.6903,0,0,1,0,1,0,1,0,1,0,1,0,1
1628e530-248.jpg,1555.9634,1182.9089,348.4905,117.0911,0,0,1,0,1,0,1,0,1,0,1,0,1
1628e530-248.jpg,0.0,0.0,33.5397,250.8458,0,0,1,0,1,0,1,0,1,0,1,0,1
1628e530-248.jpg,23.0287,1270.801,373.3633,29.199,0,0,1,0,1,0,1,0,1,0,1,0,1
1628e530-248.jpg,1502.1106,1175.5892,350.9124,124.4108,0,0,1,0,1,0,1,0,1,0,1,0,1
1628e530-248.jpg,192.5982,1081.4142,206.2072,75.0786,0,0,1,0,1,0,1,0,1,0,1,0,1
1726933b-15.jpg,1298.7058,837.1675,215.1757,226.8166,1,1,1,0,1,0,1,0,1,0,1,0,1
1726933b-15.jpg,1458.5667,744.7388,219.8933,234.4662,1,1,1,0,1,0,1,0,1,0,1,0,1
1726933b-15.jpg,1494.0497,471.5094,327.5897,333.1374,1,1,1,0,1,0,1,0,1,0,1,0,1
1726933b-15.jpg,1634.9467,230.7473,321.3101,308.4555,1,1,1,0,1,0,1,0,1,0,1,0,1
1726933b-15.jpg,65.6384,65.1124,315.2589,308.4479,3,1,1,1,1,1,1,0,1,0,1,0,1
1726933b-15.jpg,132.0912,340.6798,333.6517,331.8387,2,1,1,1,1,0,1,0,1,0,1,0,1
1726933b-15.jpg,90.4107,0.5024,219.0772,82.0704,0,0,1,0,1,0,1,0,1,0,1,0,1
1726933b-15.jpg,65.0532,0.4288,246.8177,82.9877,0,0,1,0,1,0,1,0,1,0,1,0,1
1726933b-15.jpg,68.564,2.6159,268.2958,116.0321,0,0,1,0,1,0,1,0,1,0,1,0,1
1726933b-15.jpg,499.7084,971.1878,59.7241,122.533,0,0,1,0,1,0,1,0,1,0,1,0,1
1726933b-15.jpg,500.2283,971.8237,57.7379,116.7176,0,0,1,0,1,0,1,0,1,0,1,0,1
1726933b-15.jpg,0.0,0.0,17.4791,257.8774,0,0,1,0,1,0,1,0,1,0,1,0,1
1726933b-15.jpg,37.9168,2.5268,288.1186,112.1141,0,0,1,0,1,0,1,0,1,0,1,0,1
1726933b-15.jpg,96.6066,0.0,216.6196,78.7252,0,0,1,0,1,0,1,0,1,0,1,0,1
1726933b-15.jpg,0.0,0.0,45.2296,255.7894,0,0,1,0,1,0,1,0,1,0,1,0,1
1726933b-15.jpg,72.9051,0.0,241.7546,76.9796,0,0,1,0,1,0,1,0,1,0,1,0,1
1726933b-15.jpg,46.6822,0.1312,266.0011,88.0285,0,0,1,0,1,0,1,0,1,0,1,0,1
1726933b-15.jpg,500.5173,959.1332,58.9579,136.5577,0,0,1,0,1,0,1,0,1,0,1,0,1
1726933b-15.jpg,500.0764,956.7369,58.712,124.7856,0,0,1,0,1,0,1,0,1,0,1,0,1
1726933b-15.jpg,499.5406,970.7704,58.5442,121.8552,0,0,1,0,1,0,1,0,1,0,1,0,1
1726933b-15.jpg,122.5779,0.1251,193.1107,82.4001,0,0,1,0,1,0,1,0,1,0,1,0,1
1726933b-15.jpg,16.3918,1.6064,305.4392,114.5557,0,0,1,0,1,0,1,0,1,0,1,0,1
1726933b-15.jpg,0.0,1296.3098,123.4753,3.6902,0,0,1,0,1,0,1,0,1,0,1,0,1
1726933b-15.jpg,0.0142,715.8389,39.1358,242.2198,0,0,1,0,1,0,1,0,1,0,1,0,1
1726933b-15.jpg,498.4218,967.3823,62.619,129.6074,0,0,1,0,1,0,1,0,1,0,1,0,1
1726933b-15.jpg,0.0,1296.489,135.9604,3.511,0,0,1,0,1,0,1,0,1,0,1,0,1
1726933b-15.jpg,499.3959,975.6703,58.4381,114.4188,0,0,1,0,1,0,1,0,1,0,1,0,1
1726933b-15.jpg,71.6441,0.0,228.7326,59.4767,0,0,1,0,1,0,1,0,1,0,1,0,1
1726933b-15.jpg,500.0163,970.8531,57.8121,114.1199,0,0,1,0,1,0,1,0,1,0,1,0,1
1726933b-15.jpg,30.1583,0.1969,275.2004,94.5151,0,0,1,0,1,0,1,0,1,0,1,0,1
1726933b-15.jpg,1650.4717,1227.313,209.0217,72.0494,0,0,1,0,1,0,1,0,1,0,1,0,1
1726933b-15.jpg,58.6809,0.0,256.5198,80.6084,0,0,1,0,1,0,1,0,1,0,1,0,1
1726933b-15.jpg,0.0,0.0,15.7624,321.0292,0,0,1,0,1,0,1,0,1,0,1,0,1
1726933b-15.jpg,1957.5724,403.5438,42.4276,359.4918,0,0,1,0,1,0,1,0,1,0,1,0,1
1726933b-15.jpg,0.0075,716.3725,45.0688,230.6476,0,0,1,0,1,0,1,0,1,0,1,0,1
1726933b-15.jpg,0.0,1215.5022,44.1807,83.7627,0,0,1,0,1,0,1,0,1,0,1,0,1
1726933b-15.jpg,1658.0455,1229.328,205.9915,69.9905,0,0,1,0,1,0,1,0,1,0,1,0,1
1726933b-15.jpg,0.0,0.0,44.3321,236.8972,0,0,1,0,1,0,1,0,1,0,1,0,1
1726933b-15.jpg,0.0,1285.88,233.1536,14.12,0,0,1,0,1,0,1,0,1,0,1,0,1
1726933b-15.jpg,1652.2877,1227.1769,201.641,72.1538,0,0,1,0,1,0,1,0,1,0,1,0,1
1726933b-15.jpg,1971.1395,484.9111,28.8246,249.6889,0,0,1,0,1,0,1,0,1,0,1,0,1
1726933b-15.jpg,1954.9978,428.9321,45.0022,382.9093,0,0,1,0,1,0,1,0,1,0,1,0,1
1726933b-15.jpg,0.0655,711.8383,51.7495,282.1887,0,0,1,0,1,0,1,0,1,0,1,0,1
1726933b-15.jpg,63.3446,0.0,259.6395,114.5445,0,0,1,0,1,0,1,0,1,0,1,0,1
1726933b-15.jpg,500.9973,951.2509,58.1247,117.2997,0,0,1,0,1,0,1,0,1,0,1,0,1
1726933b-15.jpg,34.7662,0.0,286.4052,109.5171,0,0,1,0,1,0,1,0,1,0,1,0,1
1726933b-15.jpg,0.0837,710.3118,54.8388,256.3644,0,0,1,0,1,0,1,0,1,0,1,0,1
1726933b-15.jpg,0.0328,719.0969,56.5912,233.4774,0,0,1,0,1,0,1,0,1,0,1,0,1
1726933b-15.jpg,11.3273,0.0,305.0051,109.7926,0,0,1,0,1,0,1,0,1,0,1,0,1
1726933b-15.jpg,0.0,837.77,44.3324,462.23,0,0,1,0,1,0,1,0,1,0,1,0,1
1726933b-15.jpg,0.0,1158.3123,35.8712,141.6877,0,0,1,0,1,0,1,0,1,0,1,0,1
1726933b-15.jpg,53.437,0.0,253.8442,87.6498,0,0,1,0,1,0,1,0,1,0,1,0,1
1726933b-15.jpg,1955.7153,392.7752,44.2847,351.774,0,0,1,0,1,0,1,0,1,0,1,0,1
1726933b-15.jpg,1811.6951,1173.5405,188.3049,126.4595,0,0,1,0,1,0,1,0,1,0,1,0,1
1726933b-15.jpg,0.0045,718.5472,63.7502,211.6024,0,0,1,0,1,0,1,0,1,0,1,0,1
1726933b-15.jpg,1709.26,1222.772,129.5231,70.3534,0,0,1,0,1,0,1,0,1,0,1,0,1
1a972cce-219.jpg,61.2289,360.7256,93.7696,244.0882,1,1,1,0,1,0,1,0,1,0,1,0,1
1a972cce-219.jpg,141.4512,367.2928,96.948,302.0623,2,1,1,1,1,0,1,0,1,0,1,0,1
1a972cce-219.jpg,202.5775,385.3816,122.9431,295.357,3,1,1,1,1,1,1,0,1,0,1,0,1
1a972cce-219.jpg,309.9092,380.2043,154.2668,293.5323,3,1,1,1,1,1,1,0,1,0,1,0,1
1a972cce-219.jpg,439.5491,325.2221,165.9022,303.197,1,1,1,0,1,0,1,0,1,0,1,0,1
1a972cce-219.jpg,90.8522,614.2878,107.8752,212.3103,1,1,1,0,1,0,1,0,1,0,1,0,1
1a972cce-219.jpg,190.3245,655.7577,132.0176,258.6144,2,1,1,1,1,0,1,0,1,0,1,0,1
1a972cce-219.jpg,296.9634,659.644,137.4758,302.2668,1,1,1,0,1,0,1,0,1,0,1,0,1
1a972cce-219.jpg,407.6581,625.401,134.5715,257.2936,2,1,1,1,1,0,1,0,1,0,1,0,1
1a972cce-219.jpg,525.0703,613.2542,170.6914,367.6248,2,1,1,1,1,0,1,0,1,0,1,0,1
1a972cce-219.jpg,585.2675,348.4749,213.3033,268.1135,1,1,1,0,1,0,1,0,1,0,1,0,1
1a972cce-219.jpg,754.1345,353.2804,275.1949,300.3365,1,1,1,0,1,0,1,0,1,0,1,0,1
1a972cce-219.jpg,673.9244,613.1725,186.2759,295.6869,3,1,1,1,1,1,1,0,1,0,1,0,1
1a972cce-219.jpg,847.7675,639.8229,152.976,245.887,3,1,1,1,1,1,1,0,1,0,1,0,1
1a972cce-219.jpg,990.765,631.688,162.031,275.8015,3,1,1,1,1,1,1,0,1,0,1,0,1
1a972cce-219.jpg,1019.3763,340.2434,268.4291,311.7318,1,1,1,0,1,0,1,0,1,0,1,0,1
1a972cce-219.jpg,1131.1482,626.6544,149.1531,276.381,2,1,1,1,1,0,1,0,1,0,1,0,1
1a972cce-219.jpg,1276.3748,357.453,206.1368,271.3112,3,1,1,1,1,1,1,0,1,0,1,0,1
1a972cce-219.jpg,1461.8561,330.2211,199.113,309.424,2,1,1,1,1,0,1,0,1,0,1,0,1
1a972cce-219.jpg,1267.8479,600.1215,198.4735,314.834,3,1,1,1,1,1,1,0,1,0,1,0,1
1a972cce-219.jpg,1430.3225,604.8874,143.4443,279.2265,2,1,1,1,1,0,1,0,1,0,1,0,1
1a972cce-219.jpg,1637.0176,376.7107,141.037,301.5609,2,1,1,1,1,0,1,0,1,0,1,0,1
1a972cce-219.jpg,1759.6918,368.3879,110.6095,285.2247,3,1,1,1,1,1,1,0,1,0,1,0,1
1a972cce-219.jpg,1525.6829,650.1415,185.4995,281.6686,3,1,1,1,1,1,1,0,1,0,1,0,1
1a972cce-219.jpg,1692.4856,648.9142,133.9379,188.8115,2,1,1,1,1,0,1,0,1,0,1,0,1
1a972cce-219.jpg,1845.0955,332.6413,103.186,221.6545,2,1,1,1,1,0,1,0,1,0,1,0,1
1ab9d8be-30.jpg,77.6397,0.1437,325.2216,193.5961,4,1,1,1,1,1,1,1,1,0,1,0,1
1ab9d8be-30.jpg,134.358,162.2426,348.1628,335.8994,3,1,1,1,1,1,1,0,1,0,1,0,1
1ab9d8be-30.jpg,265.4344,436.9844,294.1404,314.9974,2,1,1,1,1,0,1,0,1,0,1,0,1
1ab9d8be-30.jpg,398.0469,690.5902,235.7884,255.2006,2,1,1,1,1,0,1,0,1,0,1,0,1
1ab9d8be-30.jpg,533.206,865.6182,204.2713,242.1055,2,1,1,1,1,0,1,0,1,0,1,0,1
1ab9d8be-30.jpg,714.5932,953.0117,186.6281,198.3757,2,1,1,1,1,0,1,0,1,0,1,0,1
1ab9d8be-30.jpg,1061.3765,968.2708,168.004,204.4464,1,1,1,0,1,0,1,0,1,0,1,0,1
1ab9d8be-30.jpg,1213.0908,929.1364,182.2527,211.4353,2,1,1,1,1,0,1,0,1,0,1,0,1
1ab9d8be-30.jpg,1357.5834,835.6374,211.5006,238.9734,2,1,1,1,1,0,1,0,1,0,1,0,1
1ab9d8be-30.jpg,893.158,978.8641,173.9403,194.4507,1,1,1,0,1,0,1,0,1,0,1,0,1
1ab9d8be-30.jpg,1639.833,1.6891,294.6752,170.9849,4,1,1,1,1,1,1,1,1,0,1,0,1
1ab9d8be-30.jpg,1456.3593,636.8272,232.8849,257.2629,2,1,1,1,1,0,1,0,1,0,1,0,1
1ab9d8be-30.jpg,1525.3341,395.0401,282.2732,316.2257,2,1,1,1,1,0,1,0,1,0,1,0,1
1ab9d8be-30.jpg,1566.5789,135.1563,328.6393,309.4366,2,1,1,1,1,0,1,0,1,0,1,0,1
1ab9d8be-30.jpg,0.0067,358.1462,34.1491,306.4226,0,0,1,0,1,0,1,0,1,0,1,0,1
1ab9d8be-30.jpg,0.0,344.0399,35.4412,309.1304,0,0,1,0,1,0,1,0,1,0,1,0,1
1ab9d8be-30.jpg,0.0285,369.6181,32.7553,306.7019,0,0,1,0,1,0,1,0,1,0,1,0,1
1ab9d8be-30.jpg,0.0,0.0,19.1326,263.5408,0,0,1,0,1,0,1,0,1,0,1,0,1
1ab9d8be-30.jpg,0.0934,281.1766,35.3666,413.8069,0,0,1,0,1,0,1,0,1,0,1,0,1
1ab9d8be-30.jpg,0.0,331.174,35.9837,311.203,0,0,1,0,1,0,1,0,1,0,1,0,1
1ab9d8be-30.jpg,0.0,377.6476,26.1821,289.3626,0,0,1,0,1,0,1,0,1,0,1,0,1
1ab9d8be-30.jpg,0.0,365.2011,26.2853,289.8658,0,0,1,0,1,0,1,0,1,0,1,0,1
1ab9d8be-30.jpg,0.0,394.0854,25.9816,284.4551,0,0,1,0,1,0,1,0,1,0,1,0,1
1ab9d8be-30.jpg,0.0,0.0,53.0861,265.1364,0,0,1,0,1,0,1,0,1,0,1,0,1
1ab9d8be-30.jpg,0.0631,305.3984,33.0728,404.8185,0,0,1,0,1,0,1,0,1,0,1,0,1
1ab9d8be-30.jpg,0.0,254.8047,40.4302,444.9285,0,0,1,0,1,0,1,0,1,0,1,0,1
1ab9d8be-30.jpg,0.2079,560.7563,89.1699,447.5737,0,0,1,0,1,0,1,0,1,0,1,0,1
1ab9d8be-30.jpg,0.1299,580.7979,93.9633,460.0052,0,0,1,0,1,0,1,0,1,0,1,0,1
1ab9d8be-30.jpg,0.0,225.6464,43.4218,457.4391,0,0,1,0,1,0,1,0,1,0,1,0,1
1ab9d8be-30.jpg,0.0,410.1191,25.9143,283.2419,0,0,1,0,1,0,1,0,1,0,1,0,1
1ab9d8be-30.jpg,0.0673,384.996,31.8595,304.0032,0,0,1,0,1,0,1,0,1,0,1,0,1
1ab9d8be-30.jpg,0.0,334.5194,34.9322,437.4063,0,0,1,0,1,0,1,0,1,0,1,0,1
1ab9d8be-30.jpg,1.6387,0.0,107.703,205.5201,0,0,1,0,1,0,1,0,1,0,1,0,1
1ab9d8be-30.jpg,0.0,319.1382,36.496,312.558,0,0,1,0,1,0,1,0,1,0,1,0,1
1ab9d8be-30.jpg,0.0,268.9231,38.5387,312.5156,0,0,1,0,1,0,1,0,1,0,1,0,1
1ab9d8be-30.jpg,0.0,416.3116,51.7516,443.7917,0,0,1,0,1,0,1,0,1,0,1,0,1
1ab9d8be-30.jpg,0.0,362.3418,41.2953,455.1125,0,0,1,0,1,0,1,0,1,0,1,0,1
1ab9d8be-30.jpg,0.0,94.0156,82.3461,647.4014,0,0,1,0,1,0,1,0,1,0,1,0,1
1ab9d8be-30.jpg,0.0,133.4895,77.1297,615.0923,0,0,1,0,1,0,1,0,1,0,1,0,1
1ab9d8be-30.jpg,0.0,351.3476,26.5904,293.4324,0,0,1,0,1,0,1,0,1,0,1,0,1
1ab9d8be-30.jpg,0.0,60.6255,83.0151,647.2536,0,0,1,0,1,0,1,0,1,0,1,0,1
1ab9d8be-30.jpg,0.0885,600.2739,103.6435,473.1392,0,0,1,0,1,0,1,0,1,0,1,0,1
1ab9d8be-30.jpg,1835.9604,0.0,164.0396,245.8302,0,0,1,0,1,0,1,0,1,0,1,0,1
1ab9d8be-30.jpg,0.0652,531.4501,97.4208,653.3295,0,0,1,0,1,0,1,0,1,0,1,0,1
1ab9d8be-30.jpg,0.0592,400.9337,31.7635,301.3447,0,0,1,0,1,0,1,0,1,0,1,0,1
1ab9d8be-30.jpg,0.0,391.6645,48.935,446.2602,0,0,1,0,1,0,1,0,1,0,1,0,1
1ab9d8be-30.jpg,188.5938,0.0,262.6622,36.3298,0,0,1,0,1,0,1,0,1,0,1,0,1
1ab9d8be-30.jpg,0.0,281.0306,37.9253,314.1867,0,0,1,0,1,0,1,0,1,0,1,0,1
1ab9d8be-30.jpg,0.319,531.0901,86.4565,465.3078,0,0,1,0,1,0,1,0,1,0,1,0,1
1ab9d8be-30.jpg,0.0,500.416,92.7743,598.8558,0,0,1,0,1,0,1,0,1,0,1,0,1
1ab9d8be-30.jpg,914.8713,1155.5867,120.4969,36.1503,0,0,1,0,1,0,1,0,1,0,1,0,1
1ab9d8be-30.jpg,2.8859,0.0,104.2819,249.6727,0,0,1,0,1,0,1,0,1,0,1,0,1
1ab9d8be-30.jpg,0.0129,305.6848,36.773,315.4854,0,0,1,0,1,0,1,0,1,0,1,0,1
1ab9d8be-30.jpg,0.0,36.0725,78.6975,646.6948,0,0,1,0,1,0,1,0,1,0,1,0,1
1ab9d8be-30.jpg,0.9527,0.0,71.8054,171.5931,0,0,1,0,1,0,1,0,1,0,1,0,1
1ab9d8be-30.jpg,1887.4423,0.0,112.5577,288.8615,0,0,1,0,1,0,1,0,1,0,1,0,1
1ab9d8be-30.jpg,10.9793,0.2532,95.9579,214.082,0,0,1,0,1,0,1,0,1,0,1,0,1
1ab9d8be-30.jpg,0.0,436.4447,51.509,434.5587,0,0,1,0,1,0,1,0,1,0,1,0,1
1ab9d8be-30.jpg,81.8906,1038.4535,287.2502,260.707,0,0,1,0,1,0,1,0,1,0,1,0,1
1ab9d8be-30.jpg,0.0,198.044,45.4637,465.4739,0,0,1,0,1,0,1,0,1,0,1,0,1
1ab9d8be-30.jpg,903.233,1156.0085,133.2426,35.9409,0,0,1,0,1,0,1,0,1,0,1,0,1
1ab9d8be-30.jpg,0.0,422.3437,25.8087,284.6712,0,0,1,0,1,0,1,0,1,0,1,0,1
1ab9d8be-30.jpg,0.2915,559.2797,102.3936,674.7803,0,0,1,0,1,0,1,0,1,0,1,0,1
1ab9d8be-30.jpg,0.0,170.5256,68.8113,599.3425,0,0,1,0,1,0,1,0,1,0,1,0,1
1acfb1d2-64.jpg,712.4715,68.9707,251.8602,222.8748,2,1,1,1,1,0,1,0,1,0,1,0,1
1acfb1d2-64.jpg,942.097,110.1546,246.905,200.7575,2,1,1,1,1,0,1,0,1,0,1,0,1
1acfb1d2-64.jpg,1175.5911,174.5515,202.7286,169.5666,2,1,1,1,1,0,1,0,1,0,1,0,1
1acfb1d2-64.jpg,559.0189,190.0472,212.1402,182.6616,2,1,1,1,1,0,1,0,1,0,1,0,1
1acfb1d2-64.jpg,355.3817,476.0396,241.2776,204.2283,1,1,1,0,1,0,1,0,1,0,1,0,1
1acfb1d2-64.jpg,316.1339,661.2747,251.6685,192.3675,1,1,1,0,1,0,1,0,1,0,1,0,1
1acfb1d2-64.jpg,233.3277,818.2314,315.5096,317.657,2,1,1,1,1,0,1,0,1,0,1,0,1
1acfb1d2-64.jpg,149.3103,1051.5417,299.2862,242.6602,2,1,1,1,1,0,1,0,1,0,1,0,1
1acfb1d2-64.jpg,411.9412,272.6806,224.9418,221.4436,1,1,1,0,1,0,1,0,1,0,1,0,1
1acfb1d2-64.jpg,1307.8838,274.385,208.7545,219.5323,1,1,1,0,1,0,1,0,1,0,1,0,1
1acfb1d2-64.jpg,1365.5751,472.2109,249.4958,209.0778,1,1,1,0,1,0,1,0,1,0,1,0,1
1acfb1d2-64.jpg,1430.7471,645.5676,237.4536,203.9708,1,1,1,0,1,0,1,0,1,0,1,0,1
1acfb1d2-64.jpg,1463.1508,801.8046,308.653,320.6205,3,1,1,1,1,1,1,0,1,0,1,0,1
1acfb1d2-64.jpg,1562.4453,1023.7276,297.0942,269.6913,2,1,1,1,1,0,1,0,1,0,1,0,1
1acfb1d2-64.jpg,1587.2208,1255.999,307.1975,44.001,0,0,1,0,1,0,1,0,1,0,1,0,1
1acfb1d2-64.jpg,1612.9673,1257.8738,281.2629,42.1262,0,0,1,0,1,0,1,0,1,0,1,0,1
1acfb1d2-64.jpg,34.9946,1277.7406,483.026,22.2594,0,0,1,0,1,0,1,0,1,0,1,0,1
1acfb1d2-64.jpg,1598.4833,1254.3331,293.2827,45.6669,0,0,1,0,1,0,1,0,1,0,1,0,1
1acfb1d2-64.jpg,2.2332,1275.3032,517.3811,24.6968,0,0,1,0,1,0,1,0,1,0,1,0,1
1acfb1d2-64.jpg,0.0,1274.6572,506.3924,25.3428,0,0,1,0,1,0,1,0,1,0,1,0,1
1acfb1d2-64.jpg,72.7763,1280.7528,453.8903,19.2472,0,0,1,0,1,0,1,0,1,0,1,0,1
1acfb1d2-64.jpg,1435.1919,1274.7714,509.2369,25.2286,0,0,1,0,1,0,1,0,1,0,1,0,1
1acfb1d2-64.jpg,1592.9371,1253.1769,306.6173,46.8231,0,0,1,0,1,0,1,0,1,0,1,0,1
1acfb1d2-64.jpg,28.0604,306.2746,307.8134,384.5415,0,0,1,0,1,0,1,0,1,0,1,0,1
1acfb1d2-64.jpg,1463.6614,1271.7791,482.9037,28.2209,0,0,1,0,1,0,1,0,1,0,1,0,1
1acfb1d2-64.jpg,26.9126,306.2385,309.2216,414.6854,0,0,1,0,1,0,1,0,1,0,1,0,1
1acfb1d2-64.jpg,22.8459,309.0128,315.9505,373.1833,0,0,1,0,1,0,1,0,1,0,1,0,1
1acfb1d2-64.jpg,1645.0651,1259.4031,251.7819,40.5969,0,0,1,0,1,0,1,0,1,0,1,0,1
1acfb1d2-64.jpg,0.0,1266.3081,499.8453,33.6919,0,0,1,0,1,0,1,0,1,0,1,0,1
1acfb1d2-64.jpg,1402.6688,1278.2639,508.8878,21.7361,0,0,1,0,1,0,1,0,1,0,1,0,1
1acfb1d2-64.jpg,26.679,318.5887,309.9311,368.6535,0,0,1,0,1,0,1,0,1,0,1,0,1
1acfb1d2-64.jpg,0.0,1263.6704,495.5901,36.3296,0,0,1,0,1,0,1,0,1,0,1,0,1
1acfb1d2-64.jpg,95.5731,1260.7883,310.2423,39.2117,0,0,1,0,1,0,1,0,1,0,1,0,1
1acfb1d2-64.jpg,1678.9362,1257.2028,194.0323,42.7972,0,0,1,0,1,0,1,0,1,0,1,0,1
1acfb1d2-64.jpg,24.744,318.1361,311.4918,387.6788,0,0,1,0,1,0,1,0,1,0,1,0,1
1acfb1d2-64.jpg,125.7532,1261.5162,282.1614,38.4838,0,0,1,0,1,0,1,0,1,0,1,0,1
1acfb1d2-64.jpg,1709.8308,1260.8759,175.7164,39.1241,0,0,1,0,1,0,1,0,1,0,1,0,1
1acfb1d2-64.jpg,1652.6268,1257.8569,217.1367,42.1227,0,0,1,0,1,0,1,0,1,0,1,0,1
1acfb1d2-64.jpg,1664.6038,1258.1852,197.6097,41.8148,0,0,1,0,1,0,1,0,1,0,1,0,1
1acfb1d2-64.jpg,0.0,1275.1716,503.2307,24.8284,0,0,1,0,1,0,1,0,1,0,1,0,1
1acfb1d2-64.jpg,1717.7355,1263.0863,170.129,36.9137,0,0,1,0,1,0,1,0,1,0,1,0,1
1acfb1d2-64.jpg,1591.6851,1252.2441,298.0381,47.7559,0,0,1,0,1,0,1,0,1,0,1,0,1
1acfb1d2-64.jpg,0.0,635.1096,18.8916,163.6517,0,0,1,0,1,0,1,0,1,0,1,0,1
1acfb1d2-64.jpg,1416.5935,1245.1771,514.6355,54.8229,0,0,1,0,1,0,1,0,1,0,1,0,1
1acfb1d2-64.jpg,24.6101,318.5755,316.9659,358.9989,0,0,1,0,1,0,1,0,1,0,1,0,1
1acfb1d2-64.jpg,34.2749,1257.7496,466.2573,42.2504,0,0,1,0,1,0,1,0,1,0,1,0,1
1acfb1d2-64.jpg,1678.5132,1258.4792,219.4088,41.5208,0,0,1,0,1,0,1,0,1,0,1,0,1
1acfb1d2-64.jpg,0.0,1266.2927,509.9143,33.7073,0,0,1,0,1,0,1,0,1,0,1,0,1
1acfb1d2-64.jpg,98.6994,228.5326,280.0277,153.1149,0,0,1,0,1,0,1,0,1,0,1,0,1
1acfb1d2-64.jpg,101.7091,231.0321,174.8994,122.6816,0,0,1,0,1,0,1,0,1,0,1,0,1
1acfb1d2-64.jpg,102.3743,231.3307,174.5461,121.7637,0,0,1,0,1,0,1,0,1,0,1,0,1
1acfb1d2-64.jpg,368.897,0.0,321.9681,55.2058,0,0,1,0,1,0,1,0,1,0,1,0,1
1acfb1d2-64.jpg,0.0,643.9445,17.8672,156.0536,0,0,1,0,1,0,1,0,1,0,1,0,1
1acfb1d2-64.jpg,1489.8862,1272.9321,462.2197,27.0679,0,0,1,0,1,0,1,0,1,0,1,0,1
1acfb1d2-64.jpg,1459.9746,1244.7493,466.9911,55.2507,0,0,1,0,1,0,1,0,1,0,1,0,1
1acfb1d2-64.jpg,1671.9663,1258.3077,209.0981,41.6923,0,0,1,0,1,0,1,0,1,0,1,0,1
1acfb1d2-64.jpg,1704.954,1259.3463,188.0032,40.6537,0,0,1,0,1,0,1,0,1,0,1,0,1
1acfb1d2-64.jpg,355.5785,0.0,347.7514,53.9693,0,0,1,0,1,0,1,0,1,0,1,0,1
1acfb1d2-64.jpg,0.0,642.5939,18.1216,218.424,0,0,1,0,1,0,1,0,1,0,1,0,1
1acfb1d2-64.jpg,86.3883,1261.2075,313.9367,38.7925,0,0,1,0,1,0,1,0,1,0,1,0,1
1acfb1d2-64.jpg,1174.0043,256.8824,278.3756,169.6131,0,0,1,0,1,0,1,0,1,0,1,0,1
1acfb1d2-64.jpg,21.8851,315.0871,312.6477,403.4365,0,0,1,0,1,0,1,0,1,0,1,0,1
1acfb1d2-64.jpg,390.7948,0.0799,292.197,48.6102,0,0,1,0,1,0,1,0,1,0,1,0,1
1acfb1d2-64.jpg,0.0,625.1429,19.3077,185.8433,0,0,1,0,1,0,1,0,1,0,1,0,1
1cec23d6-9.jpg,28.641,3.5085,344.8864,330.047,5,1,1,1,1,1,1,1,1,1,1,0,1
1cec23d6-9.jpg,1448.2042,539.7238,234.816,223.786,1,1,1,0,1,0,1,0,1,0,1,0,1
1cec23d6-9.jpg,1464.9781,248.352,385.9435,366.1554,3,1,1,1,1,1,1,0,1,0,1,0,1
1cec23d6-9.jpg,1590.7355,0.0,350.3757,316.913,1,1,1,0,1,0,1,0,1,0,1,0,1
1cec23d6-9.jpg,1734.3319,0.1319,201.0505,25.8899,0,0,1,0,1,0,1,0,1,0,1,0,1
1cec23d6-9.jpg,1745.011,0.0327,180.3607,21.8185,0,0,1,0,1,0,1,0,1,0,1,0,1
1cec23d6-9.jpg,1742.889,0.0346,189.1045,21.1378,0,0,1,0,1,0,1,0,1,0,1,0,1
1cec23d6-9.jpg,1723.9901,0.0249,209.095,24.155,0,0,1,0,1,0,1,0,1,0,1,0,1
1cec23d6-9.jpg,1644.8628,0.0,324.5266,39.888,0,0,1,0,1,0,1,0,1,0,1,0,1
1cec23d6-9.jpg,1727.619,0.1725,218.7888,27.2062,0,0,1,0,1,0,1,0,1,0,1,0,1
1cec23d6-9.jpg,1713.2847,0.0657,202.8062,22.9169,0,0,1,0,1,0,1,0,1,0,1,0,1
1cec23d6-9.jpg,1743.8429,0.0,187.1826,20.2768,0,0,1,0,1,0,1,0,1,0,1,0,1
1cec23d6-9.jpg,1673.33,0.0,270.9114,32.6509,0,0,1,0,1,0,1,0,1,0,1,0,1
1cec23d6-9.jpg,1707.7678,0.1305,246.8427,27.5729,0,0,1,0,1,0,1,0,1,0,1,0,1
1cec23d6-9.jpg,1683.2334,0.0374,294.8678,39.092,0,0,1,0,1,0,1,0,1,0,1,0,1
1cec23d6-9.jpg,1736.7321,0.0593,202.1775,22.3541,0,0,1,0,1,0,1,0,1,0,1,0,1
1cec23d6-9.jpg,1701.7849,0.1189,240.7764,27.8977,0,0,1,0,1,0,1,0,1,0,1,0,1
1cec23d6-9.jpg,1665.5629,0.0,305.2776,53.3346,0,0,1,0,1,0,1,0,1,0,1,0,1
1cec23d6-9.jpg,1698.0776,0.0,252.399,31.5176,0,0,1,0,1,0,1,0,1,0,1,0,1
1cec23d6-9.jpg,1650.7405,0.0,295.0996,37.6717,0,0,1,0,1,0,1,0,1,0,1,0,1
1cec23d6-9.jpg,1741.8762,0.0,191.7816,19.3466,0,0,1,0,1,0,1,0,1,0,1,0,1
1cec23d6-9.jpg,1689.6068,0.0,232.6107,31.5077,0,0,1,0,1,0,1,0,1,0,1,0,1
1cec23d6-9.jpg,1714.8918,0.0199,241.7454,31.2509,0,0,1,0,1,0,1,0,1,0,1,0,1
1cec23d6-9.jpg,1656.9872,0.0,295.5116,42.7591,0,0,1,0,1,0,1,0,1,0,1,0,1
1cec23d6-9.jpg,1926.3912,1090.8497,73.6088,209.1503,0,0,1,0,1,0,1,0,1,0,1,0,1
1cec23d6-9.jpg,1683.0581,0.077,229.1177,23.5696,0,0,1,0,1,0,1,0,1,0,1,0,1
1cec23d6-9.jpg,1715.4961,0.0,216.6229,29.5121,0,0,1,0,1,0,1,0,1,0,1,0,1
1cec23d6-9.jpg,1667.986,0.0,301.0818,34.9828,0,0,1,0,1,0,1,0,1,0,1,0,1
1cec23d6-9.jpg,1697.2935,0.0,259.28,32.1334,0,0,1,0,1,0,1,0,1,0,1,0,1
1cec23d6-9.jpg,1751.863,0.0,186.8054,18.7167,0,0,1,0,1,0,1,0,1,0,1,0,1
1cec23d6-9.jpg,1669.6007,0.0,250.9247,34.1038,0,0,1,0,1,0,1,0,1,0,1,0,1
1cec23d6-9.jpg,1724.7456,0.0,222.4373,29.2169,0,0,1,0,1,0,1,0,1,0,1,0,1
1cec23d6-9.jpg,0.0,566.1438,120.7358,223.0232,0,0,1,0,1,0,1,0,1,0,1,0,1
1cec23d6-9.jpg,1718.1675,0.019,241.1644,30.8676,0,0,1,0,1,0,1,0,1,0,1,0,1
1cec23d6-9.jpg,1655.5077,0.0,281.7001,36.0508,0,0,1,0,1,0,1,0,1,0,1,0,1
1cec23d6-9.jpg,1698.1392,0.0643,244.0815,27.5278,0,0,1,0,1,0,1,0,1,0,1,0,1
1cec23d6-9.jpg,1735.929,0.0,211.3781,29.7592,0,0,1,0,1,0,1,0,1,0,1,0,1
1cec23d6-9.jpg,1683.6796,0.2936,309.1447,57.4913,0,0,1,0,1,0,1,0,1,0,1,0,1
1cec23d6-9.jpg,1623.9865,0.0,328.2413,45.3743,0,0,1,0,1,0,1,0,1,0,1,0,1
1cec23d6-9.jpg,1941.3689,1092.6888,58.6311,207.3112,0,0,1,0,1,0,1,0,1,0,1,0,1
1cec23d6-9.jpg,1868.8622,1093.3727,131.1378,206.6273,0,0,1,0,1,0,1,0,1,0,1,0,1
1cec23d6-9.jpg,0.0,567.277,109.3967,331.8127,0,0,1,0,1,0,1,0,1,0,1,0,1
1cec23d6-9.jpg,1661.5045,0.0,288.678,51.5376,0,0,1,0,1,0,1,0,1,0,1,0,1
1cec23d6-9.jpg,1636.2129,0.0,321.6919,56.1949,0,0,1,0,1,0,1,0,1,0,1,0,1
1cec23d6-9.jpg,1649.1943,553.5798,62.3722,207.906,0,0,1,0,1,0,1,0,1,0,1,0,1
1cec23d6-9.jpg,1669.3455,0.0757,257.3479,24.3492,0,0,1,0,1,0,1,0,1,0,1,0,1
1cec23d6-9.jpg,1752.3987,0.0029,196.0365,21.6324,0,0,1,0,1,0,1,0,1,0,1,0,1
1cec23d6-9.jpg,1648.2794,556.2657,63.9701,195.9576,0,0,1,0,1,0,1,0,1,0,1,0,1
1cec23d6-9.jpg,1907.0198,1075.9406,92.9802,224.0594,0,0,1,0,1,0,1,0,1,0,1,0,1
1cec23d6-9.jpg,1653.281,604.5052,54.4319,162.3501,0,0,1,0,1,0,1,0,1,0,1,0,1
1cec23d6-9.jpg,1650.9739,595.8861,54.8492,166.9247,0,0,1,0,1,0,1,0,1,0,1,0,1
1cec23d6-9.jpg,0.0,562.4009,94.1979,379.9799,0,0,1,0,1,0,1,0,1,0,1,0,1
1cec23d6-9.jpg,1641.7949,0.871,320.0596,92.7453,0,0,1,0,1,0,1,0,1,0,1,0,1
1cec23d6-9.jpg,1650.2566,543.6281,59.835,215.4724,0,0,1,0,1,0,1,0,1,0,1,0,1
1d032251-191.jpg,237.2449,396.9333,134.0491,240.6688,4,1,1,1,1,1,1,1,1,0,1,0,1
1d032251-191.jpg,507.482,353.8988,205.4228,281.6219,4,1,1,1,1,1,1,1,1,0,1,0,1
1d032251-191.jpg,1279.8495,383.5804,208.3552,263.298,4,1,1,1,1,1,1,1,1,0,1,0,1
1d032251-191.jpg,1648.5729,365.1111,157.6302,258.9338,4,1,1,1,1,1,1,1,1,0,1,0,1
1d032251-191.jpg,1785.5449,357.7957,107.4913,221.9345,4,1,1,1,1,1,1,1,1,0,1,0,1
1d032251-191.jpg,344.9146,352.8658,215.5016,306.6062,1,1,1,0,1,0,1,0,1,0,1,0,1
1d032251-191.jpg,159.6396,571.6153,142.5502,178.516,1,1,1,0,1,0,1,0,1,0,1,0,1
1d032251-191.jpg,292.9938,618.6187,108.718,154.0901,1,1,1,0,1,0,1,0,1,0,1,0,1
1d032251-191.jpg,376.5646,629.9699,180.7658,205.9095,1,1,1,0,1,0,1,0,1,0,1,0,1
1d032251-191.jpg,543.4873,607.7853,176.3826,236.787,1,1,1,0,1,0,1,0,1,0,1,0,1
1d032251-191.jpg,696.7368,302.2708,308.8417,361.3824,4,1,1,1,1,1,1,1,1,0,1,0,1
1d032251-191.jpg,990.8562,322.7547,308.7932,337.8646,4,1,1,1,1,1,1,1,1,0,1,0,1
1d032251-191.jpg,1241.6406,612.2795,177.4838,200.6506,1,1,1,0,1,0,1,0,1,0,1,0,1
1d032251-191.jpg,1414.437,622.1955,173.4022,196.1198,1,1,1,0,1,0,1,0,1,0,1,0,1
1d032251-191.jpg,1472.1195,323.7827,211.6584,326.0679,2,1,1,1,1,0,1,0,1,0,1,0,1
1d032251-191.jpg,1580.4879,580.184,174.358,189.705,1,1,1,0,1,0,1,0,1,0,1,0,1
1d032251-191.jpg,1745.4041,548.2634,181.6895,252.9982,1,1,1,0,1,0,1,0,1,0,1,0,1
1d032251-191.jpg,1879.6417,263.6097,111.6749,215.0355,2,1,1,1,1,0,1,0,1,0,1,0,1
1d032251-191.jpg,712.2347,0.0193,481.6208,53.3579,0,0,1,0,1,0,1,0,1,0,1,0,1
1d032251-191.jpg,702.9017,0.0814,484.639,53.7098,0,0,1,0,1,0,1,0,1,0,1,0,1
1d032251-191.jpg,658.8577,0.1263,528.0688,56.579,0,0,1,0,1,0,1,0,1,0,1,0,1
1d032251-191.jpg,697.124,0.1309,462.4637,52.7255,0,0,1,0,1,0,1,0,1,0,1,0,1
1d032251-191.jpg,689.5704,0.2304,505.9324,56.4068,0,0,1,0,1,0,1,0,1,0,1,0,1
1d2efdc8-14.jpg,1311.5085,182.0549,196.6594,195.2411,1,1,1,0,1,0,1,0,1,0,1,0,1
1d2efdc8-14.jpg,1406.6824,503.4765,280.7019,303.962,3,1,1,1,1,1,1,0,1,0,1,0,1
1d2efdc8-14.jpg,133.3335,813.974,286.0787,265.1431,1,1,1,0,1,0,1,0,1,0,1,0,1
1d2efdc8-14.jpg,1516.7717,739.1108,270.1592,293.9899,1,1,1,0,1,0,1,0,1,0,1,0,1
1d2efdc8-14.jpg,148.2903,559.6954,286.6924,292.9708,3,1,1,1,1,1,1,0,1,0,1,0,1
1d2efdc8-14.jpg,1587.1558,979.6649,268.5283,277.2201,0,0,1,0,1,0,1,0,1,0,1,0,1
1d2efdc8-14.jpg,1583.5319,977.6403,257.1556,276.1,0,0,1,0,1,0,1,0,1,0,1,0,1
1d2efdc8-14.jpg,1589.2292,976.8802,264.4943,276.588,0,0,1,0,1,0,1,0,1,0,1,0,1
1d2efdc8-14.jpg,1589.6903,978.8264,262.9376,275.3828,0,0,1,0,1,0,1,0,1,0,1,0,1
1d2efdc8-14.jpg,1582.4137,980.0451,257.1381,276.3809,0,0,1,0,1,0,1,0,1,0,1,0,1
1d2efdc8-14.jpg,1583.4144,981.0986,262.9299,273.7409,0,0,1,0,1,0,1,0,1,0,1,0,1
1d2efdc8-14.jpg,1590.3336,980.1595,267.2433,273.1985,0,0,1,0,1,0,1,0,1,0,1,0,1
1d2efdc8-14.jpg,1587.8695,982.4238,266.2812,272.3242,0,0,1,0,1,0,1,0,1,0,1,0,1
1d2efdc8-14.jpg,1583.5477,978.8663,255.196,276.0212,0,0,1,0,1,0,1,0,1,0,1,0,1
1d2efdc8-14.jpg,1587.0875,980.4226,261.2441,272.3604,0,0,1,0,1,0,1,0,1,0,1,0,1
1d2efdc8-14.jpg,1587.259,981.7051,267.0393,275.1075,0,0,1,0,1,0,1,0,1,0,1,0,1
1d2efdc8-14.jpg,1587.4152,982.5817,264.6481,273.5008,0,0,1,0,1,0,1,0,1,0,1,0,1
1d2efdc8-14.jpg,1590.2006,978.8358,268.4128,275.4711,0,0,1,0,1,0,1,0,1,0,1,0,1
1d2efdc8-14.jpg,1585.2711,979.4283,261.9437,273.3492,0,0,1,0,1,0,1,0,1,0,1,0,1
1d2efdc8-14.jpg,1583.0715,983.1383,269.0647,275.1617,0,0,1,0,1,0,1,0,1,0,1,0,1
1d2efdc8-14.jpg,1586.3439,983.3248,268.5156,271.2124,0,0,1,0,1,0,1,0,1,0,1,0,1
1d2efdc8-14.jpg,1584.6608,982.4731,261.9178,271.3893,0,0,1,0,1,0,1,0,1,0,1,0,1
1d2efdc8-14.jpg,1588.6387,978.9717,266.4639,274.8885,0,0,1,0,1,0,1,0,1,0,1,0,1
1d2efdc8-14.jpg,1584.66,978.9988,260.6017,274.9286,0,0,1,0,1,0,1,0,1,0,1,0,1
1d2efdc8-14.jpg,1586.5994,982.5924,266.6057,271.1833,0,0,1,0,1,0,1,0,1,0,1,0,1
1d2efdc8-14.jpg,1589.3457,980.4512,266.8541,273.5138,0,0,1,0,1,0,1,0,1,0,1,0,1
1d2efdc8-14.jpg,1581.606,984.4288,271.1875,271.1876,0,0,1,0,1,0,1,0,1,0,1,0,1
1d2efdc8-14.jpg,1586.0958,980.0098,259.1998,273.1029,0,0,1,0,1,0,1,0,1,0,1,0,1
1d2efdc8-14.jpg,1579.0547,980.4403,274.506,273.7145,0,0,1,0,1,0,1,0,1,0,1,0,1
1d2efdc8-14.jpg,45.9534,1282.4961,424.6822,17.5039,0,0,1,0,1,0,1,0,1,0,1,0,1
1d2efdc8-14.jpg,20.8108,1282.4049,441.4391,17.5951,0,0,1,0,1,0,1,0,1,0,1,0,1
1d2efdc8-14.jpg,0.0,1283.9045,454.8063,16.0955,0,0,1,0,1,0,1,0,1,0,1,0,1
1d2efdc8-14.jpg,91.2181,1284.8119,397.9947,15.1881,0,0,1,0,1,0,1,0,1,0,1,0,1
1d2efdc8-14.jpg,1845.8982,237.5383,154.1018,308.644,0,0,1,0,1,0,1,0,1,0,1,0,1
1d2efdc8-14.jpg,0.1388,1169.0872,83.2134,130.9128,0,0,1,0,1,0,1,0,1,0,1,0,1
1d2efdc8-14.jpg,61.8098,0.0,344.4208,514.3176,0,0,1,0,1,0,1,0,1,0,1,0,1
1d2efdc8-14.jpg,38.4164,0.431,378.7863,504.7528,0,0,1,0,1,0,1,0,1,0,1,0,1
1d2efdc8-14.jpg,0.0,1193.8019,80.7283,106.1981,0,0,1,0,1,0,1,0,1,0,1,0,1
1d2efdc8-14.jpg,0.0,1286.7772,441.5938,13.2228,0,0,1,0,1,0,1,0,1,0,1,0,1
1d2efdc8-14.jpg,60.4961,0.0,378.5612,509.2111,0,0,1,0,1,0,1,0,1,0,1,0,1
1d2efdc8-14.jpg,1725.7704,991.31,159.6779,263.0236,0,0,1,0,1,0,1,0,1,0,1,0,1
1d2efdc8-14.jpg,128.7158,1288.2209,269.8526,11.7791,0,0,1,0,1,0,1,0,1,0,1,0,1
1d2efdc8-14.jpg,42.5915,7.9083,369.273,475.9367,0,0,1,0,1,0,1,0,1,0,1,0,1
1d2efdc8-14.jpg,61.1886,1.6041,350.0081,521.5523,0,0,1,0,1,0,1,0,1,0,1,0,1
1d2efdc8-14.jpg,155.0857,1285.321,240.3466,14.679,0,0,1,0,1,0,1,0,1,0,1,0,1
1d2efdc8-14.jpg,0.0,1231.1682,76.2338,68.6289,0,0,1,0,1,0,1,0,1,0,1,0,1
1d2efdc8-14.jpg,42.7382,0.0,382.1204,506.1924,0,0,1,0,1,0,1,0,1,0,1,0,1
1d2efdc8-14.jpg,46.4015,4.8031,362.1989,506.8949,0,0,1,0,1,0,1,0,1,0,1,0,1
1d2efdc8-14.jpg,0.0,0.0,12.5867,255.069,0,0,1,0,1,0,1,0,1,0,1,0,1
1d2efdc8-14.jpg,0.0,0.0,35.5767,254.7782,0,0,1,0,1,0,1,0,1,0,1,0,1
1d2efdc8-14.jpg,1844.4749,193.0633,155.5251,341.1654,0,0,1,0,1,0,1,0,1,0,1,0,1
1d2efdc8-14.jpg,96.4721,0.0,155.3113,28.8544,0,0,1,0,1,0,1,0,1,0,1,0,1
1d2efdc8-14.jpg,156.1467,1290.1605,239.0741,9.8395,0,0,1,0,1,0,1,0,1,0,1,0,1
1d2efdc8-14.jpg,1843.6947,238.8167,156.3053,313.1209,0,0,1,0,1,0,1,0,1,0,1,0,1
1d2efdc8-14.jpg,1842.0952,243.8235,157.9048,318.8741,0,0,1,0,1,0,1,0,1,0,1,0,1
1e1b26b1-246.jpg,205.8274,409.5001,243.3635,246.1336,1,1,1,0,1,0,1,0,1,0,1,0,1
1e1b26b1-246.jpg,236.1957,632.3647,270.5459,205.863,1,1,1,0,1,0,1,0,1,0,1,0,1
1e1b26b1-246.jpg,430.6699,453.8254,228.4809,285.0818,1,1,1,0,1,0,1,0,1,0,1,0,1
1e1b26b1-246.jpg,615.1614,387.4799,258.3134,343.3181,1,1,1,0,1,0,1,0,1,0,1,0,1
1e1b26b1-246.jpg,771.5139,672.8275,271.9722,363.7609,1,1,1,0,1,0,1,0,1,0,1,0,1
1e1b26b1-246.jpg,860.4167,390.0294,286.3412,318.9125,1,1,1,0,1,0,1,0,1,0,1,0,1
1e1b26b1-246.jpg,1781.4927,362.4279,211.1014,316.479,1,1,1,0,1,0,1,0,1,0,1,0,1
1e1b26b1-246.jpg,1843.2957,641.5744,151.2394,322.9609,1,1,1,0,1,0,1,0,1,0,1,0,1
1e1b26b1-246.jpg,1968.1128,349.9697,31.8872,352.119,0,0,1,0,1,0,1,0,1,0,1,0,1
1e1b26b1-246.jpg,1967.3658,358.8143,32.6342,353.3249,0,0,1,0,1,0,1,0,1,0,1,0,1
1e1b26b1-246.jpg,1969.9073,337.3313,30.0927,347.446,0,0,1,0,1,0,1,0,1,0,1,0,1
1e1b26b1-246.jpg,119.1761,580.0675,132.9548,126.6653,0,0,1,0,1,0,1,0,1,0,1,0,1
1e1b26b1-246.jpg,125.6732,579.0685,133.5111,128.9025,0,0,1,0,1,0,1,0,1,0,1,0,1
1e1b26b1-246.jpg,1969.3403,398.5979,30.6597,315.6941,0,0,1,0,1,0,1,0,1,0,1,0,1
1e1b26b1-246.jpg,1210.7961,0.0329,225.35,54.8904,0,0,1,0,1,0,1,0,1,0,1,0,1
1e1b26b1-246.jpg,1977.5079,442.9204,22.4921,267.3038,0,0,1,0,1,0,1,0,1,0,1,0,1
1e1b26b1-246.jpg,1977.3344,433.2804,22.6656,261.8593,0,0,1,0,1,0,1,0,1,0,1,0,1
1e1b26b1-246.jpg,1974.0479,361.3868,25.9301,270.271,0,0,1,0,1,0,1,0,1,0,1,0,1
1e1b26b1-246.jpg,1960.8706,347.5689,39.1294,268.6307,0,0,1,0,1,0,1,0,1,0,1,0,1
1e1b26b1-246.jpg,1977.5402,420.0972,22.4598,268.9799,0,0,1,0,1,0,1,0,1,0,1,0,1
1e1b26b1-246.jpg,1978.0212,456.8746,21.9368,270.8629,0,0,1,0,1,0,1,0,1,0,1,0,1
1e1b26b1-246.jpg,1968.4021,375.888,31.5979,339.1102,0,0,1,0,1,0,1,0,1,0,1,0,1
1e1b26b1-246.jpg,1973.5405,354.6394,26.3267,255.8536,0,0,1,0,1,0,1,0,1,0,1,0,1
1e1b26b1-246.jpg,1973.2191,342.2242,26.7809,312.9414,0,0,1,0,1,0,1,0,1,0,1,0,1
1e1b26b1-246.jpg,1976.1068,373.6552,23.8918,270.1847,0,0,1,0,1,0,1,0,1,0,1,0,1
1e1b26b1-246.jpg,1972.1863,418.6443,27.8137,285.4872,0,0,1,0,1,0,1,0,1,0,1,0,1
1e1b26b1-246.jpg,1962.9768,346.4348,37.0232,252.456,0,0,1,0,1,0,1,0,1,0,1,0,1
1e1b26b1-246.jpg,1978.365,472.6751,21.4321,271.6023,0,0,1,0,1,0,1,0,1,0,1,0,1
1e1b26b1-246.jpg,1214.2443,0.0,259.5364,55.0158,0,0,1,0,1,0,1,0,1,0,1,0,1
1e1b26b1-246.jpg,1974.995,354.4328,24.7723,235.624,0,0,1,0,1,0,1,0,1,0,1,0,1
1e1b26b1-246.jpg,122.2427,579.5316,123.9957,130.3901,0,0,1,0,1,0,1,0,1,0,1,0,1
1e1b26b1-246.jpg,1957.7568,352.7385,42.2432,283.5539,0,0,1,0,1,0,1,0,1,0,1,0,1
1e1b26b1-246.jpg,1378.3096,0.0,247.3899,21.8265,0,0,1,0,1,0,1,0,1,0,1,0,1
1e1b26b1-246.jpg,1978.8032,494.802,20.9912,241.4719,0,0,1,0,1,0,1,0,1,0,1,0,1
1e1b26b1-246.jpg,1954.1782,506.0359,45.8218,258.0588,0,0,1,0,1,0,1,0,1,0,1,0,1
1e1b26b1-246.jpg,1209.1281,0.0,261.4547,54.3931,0,0,1,0,1,0,1,0,1,0,1,0,1
1e1b26b1-246.jpg,1963.3975,340.5794,36.6025,241.6999,0,0,1,0,1,0,1,0,1,0,1,0,1
1e1b26b1-246.jpg,1185.6825,0.0475,394.1931,51.595,0,0,1,0,1,0,1,0,1,0,1,0,1
1e1b26b1-246.jpg,1978.2861,405.4164,21.6412,278.3766,0,0,1,0,1,0,1,0,1,0,1,0,1
1e1b26b1-246.jpg,1857.0421,1082.577,142.9579,217.423,0,0,1,0,1,0,1,0,1,0,1,0,1
1e1b26b1-246.jpg,1979.8268,509.3698,19.8356,242.2158,0,0,1,0,1,0,1,0,1,0,1,0,1
1e1b26b1-246.jpg,1385.5576,0.0,257.7247,21.1271,0,0,1,0,1,0,1,0,1,0,1,0,1
1e1b26b1-246.jpg,231.3657,622.7562,63.6423,70.1036,0,0,1,0,1,0,1,0,1,0,1,0,1
1e1b26b1-246.jpg,1963.6078,492.9776,36.3922,256.498,0,0,1,0,1,0,1,0,1,0,1,0,1
1e1b26b1-246.jpg,1186.77,0.0803,416.2245,57.2576,0,0,1,0,1,0,1,0,1,0,1,0,1
1e1b26b1-246.jpg,121.268,581.7177,138.4341,126.1658,0,0,1,0,1,0,1,0,1,0,1,0,1
1e1b26b1-246.jpg,1977.9995,383.2801,21.9299,275.1921,0,0,1,0,1,0,1,0,1,0,1,0,1
1e1b26b1-246.jpg,1976.9955,355.5389,22.7462,216.8928,0,0,1,0,1,0,1,0,1,0,1,0,1
1e1b26b1-246.jpg,1966.1777,470.1596,33.8223,282.6559,0,0,1,0,1,0,1,0,1,0,1,0,1
1e1b26b1-246.jpg,1212.0677,0.0,295.3206,58.9348,0,0,1,0,1,0,1,0,1,0,1,0,1
1e1b26b1-246.jpg,1975.3088,443.1736,24.6912,255.2843,0,0,1,0,1,0,1,0,1,0,1,0,1
1e1b26b1-246.jpg,1980.9872,522.5392,18.5448,249.2347,0,0,1,0,1,0,1,0,1,0,1,0,1
1e1b26b1-246.jpg,1369.7085,0.0059,246.358,23.524,0,0,1,0,1,0,1,0,1,0,1,0,1
1e1b26b1-246.jpg,120.6198,579.9246,126.0317,128.3722,0,0,1,0,1,0,1,0,1,0,1,0,1
1e1b26b1-246.jpg,1183.8309,0.0,365.147,58.1569,0,0,1,0,1,0,1,0,1,0,1,0,1
1e1b26b1-246.jpg,1966.7145,452.5909,33.2855,282.5728,0,0,1,0,1,0,1,0,1,0,1,0,1
1e1b26b1-246.jpg,233.5654,625.6005,64.3565,64.7391,0,0,1,0,1,0,1,0,1,0,1,0,1
1e1b26b1-246.jpg,1397.6158,0.0,239.516,21.4161,0,0,1,0,1,0,1,0,1,0,1,0,1
1f0c7ba1-68.jpg,164.2991,709.0939,120.8334,105.5858,1,1,1,0,1,0,1,0,1,0,1,0,1
1f0c7ba1-68.jpg,1451.3724,416.8901,187.6012,295.6343,1,1,1,0,1,0,1,0,1,0,1,0,1
1f0c7ba1-68.jpg,1340.8807,624.393,183.1473,303.5737,1,1,1,0,1,0,1,0,1,0,1,0,1
1f0c7ba1-68.jpg,79.2911,474.6068,202.8898,238.7985,0,0,1,0,1,0,1,0,1,0,1,0,1
1f0c7ba1-68.jpg,81.5724,475.0778,201.8391,237.424,0,0,1,0,1,0,1,0,1,0,1,0,1
1f0c7ba1-68.jpg,69.315,468.6484,207.808,242.3918,0,0,1,0,1,0,1,0,1,0,1,0,1
1f0c7ba1-68.jpg,72.3949,470.6297,206.6374,241.6274,0,0,1,0,1,0,1,0,1,0,1,0,1
1f0c7ba1-68.jpg,82.9506,0.2405,212.9955,26.0621,0,0,1,0,1,0,1,0,1,0,1,0,1
1f0c7ba1-68.jpg,79.5288,0.1446,212.9704,25.3238,0,0,1,0,1,0,1,0,1,0,1,0,1
1f0c7ba1-68.jpg,36.8828,657.5966,147.5101,127.8688,0,0,1,0,1,0,1,0,1,0,1,0,1
1f0c7ba1-68.jpg,74.1532,468.6838,199.8645,246.2827,0,0,1,0,1,0,1,0,1,0,1,0,1
20635337-63.jpg,17.4661,956.0303,367.9704,308.0459,4,1,1,1,1,1,1,1,1,0,1,0,1
20635337-63.jpg,79.3843,652.4468,358.4892,322.4438,3,1,1,1,1,1,1,0,1,0,1,0,1
20635337-63.jpg,203.5489,469.2361,305.7364,230.6975,1,1,1,0,1,0,1,0,1,0,1,0,1
20635337-63.jpg,308.9332,275.5176,267.1417,224.7929,1,1,1,0,1,0,1,0,1,0,1,0,1
20635337-63.jpg,625.0943,54.5535,200.9552,182.8205,1,1,1,0,1,0,1,0,1,0,1,0,1
20635337-63.jpg,805.9769,11.8293,179.7375,183.2106,1,1,1,0,1,0,1,0,1,0,1,0,1
20635337-63.jpg,979.8893,21.3985,181.5594,171.7665,1,1,1,0,1,0,1,0,1,0,1,0,1
20635337-63.jpg,1146.229,32.723,212.177,180.8086,1,1,1,0,1,0,1,0,1,0,1,0,1
20635337-63.jpg,1274.449,96.6295,216.9526,196.3095,1,1,1,0,1,0,1,0,1,0,1,0,1
20635337-63.jpg,1488.3503,422.1077,274.6604,237.4935,1,1,1,0,1,0,1,0,1,0,1,0,1
20635337-63.jpg,1541.4132,612.0163,347.7477,329.287,3,1,1,1,1,1,1,0,1,0,1,0,1
20635337-63.jpg,1599.7965,910.0364,368.9365,321.6593,4,1,1,1,1,1,1,1,1,0,1,0,1
20635337-63.jpg,90.5953,3.0252,324.0274,371.0116,0,0,1,0,1,0,1,0,1,0,1,0,1
20635337-63.jpg,0.0,413.5534,26.8529,155.5034,0,0,1,0,1,0,1,0,1,0,1,0,1
20635337-63.jpg,90.5683,4.0301,324.6551,335.3369,0,0,1,0,1,0,1,0,1,0,1,0,1
20635337-63.jpg,83.0321,0.0,333.441,399.6735,0,0,1,0,1,0,1,0,1,0,1,0,1
20635337-63.jpg,0.0,391.1331,29.6275,186.8384,0,0,1,0,1,0,1,0,1,0,1,0,1
20635337-63.jpg,80.6289,0.1968,337.8524,389.6939,0,0,1,0,1,0,1,0,1,0,1,0,1
20635337-63.jpg,87.3736,4.1363,325.6973,371.6693,0,0,1,0,1,0,1,0,1,0,1,0,1
20635337-63.jpg,0.0,362.5244,26.8527,208.7108,0,0,1,0,1,0,1,0,1,0,1,0,1
20635337-63.jpg,80.7299,0.0,335.8326,405.101,0,0,1,0,1,0,1,0,1,0,1,0,1
20635337-63.jpg,0.0,380.962,28.6772,197.3419,0,0,1,0,1,0,1,0,1,0,1,0,1
20635337-63.jpg,92.9891,3.3949,318.3265,347.9982,0,0,1,0,1,0,1,0,1,0,1,0,1
20635337-63.jpg,0.0,411.7032,26.7366,172.2733,0,0,1,0,1,0,1,0,1,0,1,0,1
20635337-63.jpg,0.0,356.1106,28.5884,218.4095,0,0,1,0,1,0,1,0,1,0,1,0,1
20635337-63.jpg,0.0,408.3335,28.4308,163.7836,0,0,1,0,1,0,1,0,1,0,1,0,1
20635337-63.jpg,88.0084,7.3881,333.9983,354.4518,0,0,1,0,1,0,1,0,1,0,1,0,1
20635337-63.jpg,0.0,429.8837,26.6604,155.4808,0,0,1,0,1,0,1,0,1,0,1,0,1
20635337-63.jpg,79.5305,9.531,344.4035,377.5831,0,0,1,0,1,0,1,0,1,0,1,0,1
20635337-63.jpg,92.3848,6.8594,332.9504,353.7864,0,0,1,0,1,0,1,0,1,0,1,0,1
20635337-63.jpg,0.0,373.225,27.8057,204.0015,0,0,1,0,1,0,1,0,1,0,1,0,1
20635337-63.jpg,1675.3018,0.1217,324.6982,57.1959,0,0,1,0,1,0,1,0,1,0,1,0,1
20635337-63.jpg,0.0,426.1922,25.6168,190.1228,0,0,1,0,1,0,1,0,1,0,1,0,1
20635337-63.jpg,0.0194,400.5775,29.0534,184.2809,0,0,1,0,1,0,1,0,1,0,1,0,1
20635337-63.jpg,93.285,5.7374,326.7713,353.8274,0,0,1,0,1,0,1,0,1,0,1,0,1
20635337-63.jpg,0.0017,426.5873,29.6807,144.558,0,0,1,0,1,0,1,0,1,0,1,0,1
20635337-63.jpg,0.0,401.9441,31.2281,207.6715,0,0,1,0,1,0,1,0,1,0,1,0,1
20635337-63.jpg,0.0,372.2477,28.0756,164.7884,0,0,1,0,1,0,1,0,1,0,1,0,1
20635337-63.jpg,86.827,9.8077,340.9974,377.3245,0,0,1,0,1,0,1,0,1,0,1,0,1
20635337-63.jpg,89.8626,9.8481,332.1724,375.9556,0,0,1,0,1,0,1,0,1,0,1,0,1
20635337-63.jpg,0.0,373.1516,19.2443,106.9734,0,0,1,0,1,0,1,0,1,0,1,0,1
20635337-63.jpg,0.0,358.6778,25.3356,207.3165,0,0,1,0,1,0,1,0,1,0,1,0,1
20635337-63.jpg,1735.7704,0.1824,261.1443,29.7525,0,0,1,0,1,0,1,0,1,0,1,0,1
20635337-63.jpg,88.2224,5.6496,327.5303,327.4567,0,0,1,0,1,0,1,0,1,0,1,0,1
20635337-63.jpg,67.615,0.0,357.4061,396.2173,0,0,1,0,1,0,1,0,1,0,1,0,1
20635337-63.jpg,0.0,353.9513,30.2276,214.6573,0,0,1,0,1,0,1,0,1,0,1,0,1
20635337-63.jpg,0.0,367.3626,21.3237,199.6193,0,0,1,0,1,0,1,0,1,0,1,0,1
20635337-63.jpg,0.0074,377.5904,19.1774,98.6028,0,0,1,0,1,0,1,0,1,0,1,0,1
20635337-63.jpg,1736.1727,0.2214,243.5538,38.1604,0,0,1,0,1,0,1,0,1,0,1,0,1
20635337-63.jpg,73.0286,9.9293,351.176,372.0156,0,0,1,0,1,0,1,0,1,0,1,0,1
20635337-63.jpg,0.0,425.2411,31.1205,173.2878,0,0,1,0,1,0,1,0,1,0,1,0,1
20635337-63.jpg,1716.3633,0.2103,251.9307,38.4564,0,0,1,0,1,0,1,0,1,0,1,0,1
20635337-63.jpg,0.0,425.119,21.1535,206.8916,0,0,1,0,1,0,1,0,1,0,1,0,1
20635337-63.jpg,1750.8896,0.2175,249.1104,29.5326,0,0,1,0,1,0,1,0,1,0,1,0,1
20635337-63.jpg,1726.2747,0.0,273.7253,36.9281,0,0,1,0,1,0,1,0,1,0,1,0,1
20635337-63.jpg,0.0875,372.2248,28.1571,101.9921,0,0,1,0,1,0,1,0,1,0,1,0,1
20635337-63.jpg,1739.5928,0.1019,255.1941,38.1376,0,0,1,0,1,0,1,0,1,0,1,0,1
20635337-63.jpg,75.3362,0.0,354.1642,394.3723,0,0,1,0,1,0,1,0,1,0,1,0,1
20635337-63.jpg,73.7384,7.8115,343.3035,320.6895,0,0,1,0,1,0,1,0,1,0,1,0,1
20635337-63.jpg,0.0,362.9405,30.4004,211.0067,0,0,1,0,1,0,1,0,1,0,1,0,1
20635337-63.jpg,1654.2721,0.0328,345.7279,42.5282,0,0,1,0,1,0,1,0,1,0,1,0,1
20635337-63.jpg,1697.8566,0.0972,302.1434,30.1523,0,0,1,0,1,0,1,0,1,0,1,0,1
236480b3-32.jpg,418.4057,506.6056,214.0853,209.5599,2,1,1,1,1,0,1,0,1,0,1,0,1
236480b3-32.jpg,214.3637,471.5459,216.335,200.2523,2,1,1,1,1,0,1,0,1,0,1,0,1
236480b3-32.jpg,243.6245,655.4835,294.418,171.0588,2,1,1,1,1,0,1,0,1,0,1,0,1
236480b3-32.jpg,612.2267,515.0264,160.9622,214.0291,2,1,1,1,1,0,1,0,1,0,1,0,1
236480b3-32.jpg,505.9337,712.4824,235.679,167.9633,2,1,1,1,1,0,1,0,1,0,1,0,1
236480b3-32.jpg,761.2267,477.6317,227.8156,277.2737,2,1,1,1,1,0,1,0,1,0,1,0,1
236480b3-32.jpg,905.5584,727.5078,249.0015,269.3117,2,1,1,1,1,0,1,0,1,0,1,0,1
236480b3-32.jpg,983.6156,453.7246,283.6541,296.4023,2,1,1,1,1,0,1,0,1,0,1,0,1
236480b3-32.jpg,1422.4713,716.0262,224.0684,283.446,2,1,1,1,1,0,1,0,1,0,1,0,1
236480b3-32.jpg,1141.7684,708.6115,283.3683,313.2042,2,1,1,1,1,0,1,0,1,0,1,0,1
236480b3-32.jpg,731.6426,734.2664,193.1461,210.7697,2,1,1,1,1,0,1,0,1,0,1,0,1
236480b3-32.jpg,1513.319,402.0867,351.4946,372.752,1,1,1,0,1,0,1,0,1,0,1,0,1
236480b3-32.jpg,1249.5317,452.5718,274.825,294.065,1,1,1,0,1,0,1,0,1,0,1,0,1
236480b3-32.jpg,1839.5948,420.2231,155.6743,365.311,1,1,1,0,1,0,1,0,1,0,1,0,1
236480b3-32.jpg,214.9122,485.6133,49.7482,164.8192,0,0,1,0,1,0,1,0,1,0,1,0,1
236480b3-32.jpg,216.6995,504.5421,50.117,146.3561,0,0,1,0,1,0,1,0,1,0,1,0,1
236480b3-32.jpg,1965.041,726.5302,34.959,242.9092,0,0,1,0,1,0,1,0,1,0,1,0,1
236480b3-32.jpg,1971.8586,753.0634,28.0997,186.4248,0,0,1,0,1,0,1,0,1,0,1,0,1
236480b3-32.jpg,1969.1047,736.6755,30.7976,221.9595,0,0,1,0,1,0,1,0,1,0,1,0,1
236480b3-32.jpg,1965.9054,734.6016,34.0946,253.1715,0,0,1,0,1,0,1,0,1,0,1,0,1
236480b3-32.jpg,1963.5525,731.2891,36.4475,218.9965,0,0,1,0,1,0,1,0,1,0,1,0,1
236480b3-32.jpg,1968.3003,742.0789,31.5735,229.8668,0,0,1,0,1,0,1,0,1,0,1,0,1
236480b3-32.jpg,212.7151,475.7245,48.2397,175.2072,0,0,1,0,1,0,1,0,1,0,1,0,1
236480b3-32.jpg,216.2212,496.5054,62.6847,159.6564,0,0,1,0,1,0,1,0,1,0,1,0,1
236480b3-32.jpg,1976.5903,752.1348,23.309,179.3734,0,0,1,0,1,0,1,0,1,0,1,0,1
236480b3-32.jpg,1961.8777,764.3693,37.0013,203.7712,0,0,1,0,1,0,1,0,1,0,1,0,1
236480b3-32.jpg,1974.3767,729.3789,25.6233,234.2184,0,0,1,0,1,0,1,0,1,0,1,0,1
236480b3-32.jpg,1962.759,739.9344,37.241,197.7148,0,0,1,0,1,0,1,0,1,0,1,0,1
236480b3-32.jpg,1973.4617,732.2142,26.5383,245.5269,0,0,1,0,1,0,1,0,1,0,1,0,1
236480b3-32.jpg,1962.5355,760.7338,35.9576,197.7779,0,0,1,0,1,0,1,0,1,0,1,0,1
236480b3-32.jpg,1965.8075,748.1748,34.1925,252.3099,0,0,1,0,1,0,1,0,1,0,1,0,1
236480b3-32.jpg,1968.2335,757.1783,31.6482,225.7088,0,0,1,0,1,0,1,0,1,0,1,0,1
236480b3-32.jpg,1980.3409,739.8304,19.4282,184.0212,0,0,1,0,1,0,1,0,1,0,1,0,1
236480b3-32.jpg,1972.5708,753.0806,27.4292,230.7726,0,0,1,0,1,0,1,0,1,0,1,0,1
236480b3-32.jpg,0.0,84.7701,68.2383,140.3068,0,0,1,0,1,0,1,0,1,0,1,0,1
236480b3-32.jpg,1968.4618,773.5309,31.4805,223.8338,0,0,1,0,1,0,1,0,1,0,1,0,1
236480b3-32.jpg,1959.647,768.4446,40.313,225.8721,0,0,1,0,1,0,1,0,1,0,1,0,1
236480b3-32.jpg,0.0,88.2092,75.3475,128.4231,0,0,1,0,1,0,1,0,1,0,1,0,1
236480b3-32.jpg,1963.0575,745.7197,36.9178,261.9277,0,0,1,0,1,0,1,0,1,0,1,0,1
236480b3-32.jpg,217.5555,527.5501,51.668,124.0403,0,0,1,0,1,0,1,0,1,0,1,0,1
236480b3-32.jpg,214.4672,481.7108,60.1415,173.1325,0,0,1,0,1,0,1,0,1,0,1,0,1
236480b3-32.jpg,1961.8105,740.6371,38.1122,284.5658,0,0,1,0,1,0,1,0,1,0,1,0,1
236480b3-32.jpg,1965.4215,761.1722,34.5785,250.8362,0,0,1,0,1,0,1,0,1,0,1,0,1
236480b3-32.jpg,0.0,89.2971,74.3741,123.5255,0,0,1,0,1,0,1,0,1,0,1,0,1
236480b3-32.jpg,1963.5117,717.1412,36.4883,213.0775,0,0,1,0,1,0,1,0,1,0,1,0,1
236480b3-32.jpg,1981.7922,721.6536,17.9395,188.9835,0,0,1,0,1,0,1,0,1,0,1,0,1
236480b3-32.jpg,217.9788,520.1495,63.846,138.0352,0,0,1,0,1,0,1,0,1,0,1,0,1
236480b3-32.jpg,1975.4258,750.6687,24.5742,204.8004,0,0,1,0,1,0,1,0,1,0,1,0,1
236480b3-32.jpg,1970.677,754.0203,29.323,252.754,0,0,1,0,1,0,1,0,1,0,1,0,1
236480b3-32.jpg,212.4185,475.5615,43.9211,159.2675,0,0,1,0,1,0,1,0,1,0,1,0,1
236480b3-32.jpg,0.0,88.7119,91.9592,116.7137,0,0,1,0,1,0,1,0,1,0,1,0,1
236480b3-32.jpg,203.3164,491.398,42.3978,153.531,0,0,1,0,1,0,1,0,1,0,1,0,1
236480b3-32.jpg,202.8618,478.2368,41.5485,130.2832,0,0,1,0,1,0,1,0,1,0,1,0,1
236480b3-32.jpg,0.0,0.0,0.0,246.4872,0,0,1,0,1,0,1,0,1,0,1,0,1
236480b3-32.jpg,1970.1553,785.6647,29.8333,215.5511,0,0,1,0,1,0,1,0,1,0,1,0,1
236480b3-32.jpg,0.0,80.2438,56.9095,151.4569,0,0,1,0,1,0,1,0,1,0,1,0,1
236480b3-32.jpg,1962.495,725.063,37.505,274.36,0,0,1,0,1,0,1,0,1,0,1,0,1
236480b3-32.jpg,202.7487,478.6735,43.784,170.4714,0,0,1,0,1,0,1,0,1,0,1,0,1
236480b3-32.jpg,1965.028,753.4019,34.972,212.1436,0,0,1,0,1,0,1,0,1,0,1,0,1
236480b3-32.jpg,211.7936,461.3518,61.9279,193.1718,0,0,1,0,1,0,1,0,1,0,1,0,1
236480b3-32.jpg,1218.537,0.2372,240.7284,73.2535,0,0,1,0,1,0,1,0,1,0,1,0,1
236480b3-32.jpg,1004.8868,0.0305,454.7445,112.0628,0,0,1,0,1,0,1,0,1,0,1,0,1
236480b3-32.jpg,1975.7954,641.9491,24.2046,141.2565,0,0,1,0,1,0,1,0,1,0,1,0,1
236480b3-32.jpg,1976.2554,609.9867,23.7446,176.6857,0,0,1,0,1,0,1,0,1,0,1,0,1
23d7d71d-121.jpg,1736.3627,315.3259,202.3888,165.4653,1,1,1,0,1,0,1,0,1,0,1,0,1
23d7d71d-121.jpg,1937.2491,303.6505,62.5413,78.844,0,0,1,0,1,0,1,0,1,0,1,0,1
23d7d71d-121.jpg,1937.4003,307.1299,62.4698,67.0285,0,0,1,0,1,0,1,0,1,0,1,0,1
23d7d71d-121.jpg,1933.1366,297.8813,66.8529,93.833,0,0,1,0,1,0,1,0,1,0,1,0,1
23d7d71d-121.jpg,0.0,0.0,10.1815,251.6347,0,0,1,0,1,0,1,0,1,0,1,0,1
23d7d71d-121.jpg,1938.7933,303.3312,61.0028,83.1956,0,0,1,0,1,0,1,0,1,0,1,0,1
23d7d71d-121.jpg,1934.8212,276.7763,65.1287,122.183,0,0,1,0,1,0,1,0,1,0,1,0,1
23d7d71d-121.jpg,1682.9296,992.6378,317.0704,307.3622,0,0,1,0,1,0,1,0,1,0,1,0,1
23d7d71d-121.jpg,1670.0398,991.0151,329.7592,308.9849,0,0,1,0,1,0,1,0,1,0,1,0,1
23d7d71d-121.jpg,1938.8119,306.6993,61.1881,72.8926,0,0,1,0,1,0,1,0,1,0,1,0,1
23d7d71d-121.jpg,0.0,0.0,91.3356,258.4852,0,0,1,0,1,0,1,0,1,0,1,0,1
23d7d71d-121.jpg,1929.9008,309.4157,70.0992,61.1346,0,0,1,0,1,0,1,0,1,0,1,0,1
23d7d71d-121.jpg,0.0,0.0,0.0,300.9744,0,0,1,0,1,0,1,0,1,0,1,0,1
23d7d71d-121.jpg,1936.7269,301.5568,63.1832,133.517,0,0,1,0,1,0,1,0,1,0,1,0,1
23d7d71d-121.jpg,1630.7021,0.0,369.2979,181.5081,0,0,1,0,1,0,1,0,1,0,1,0,1
23d7d71d-121.jpg,1936.028,309.7449,63.4796,95.8752,0,0,1,0,1,0,1,0,1,0,1,0,1
23d7d71d-121.jpg,1668.8148,968.1177,331.1852,331.8823,0,0,1,0,1,0,1,0,1,0,1,0,1
23d7d71d-121.jpg,1939.9708,298.1357,59.8335,90.0604,0,0,1,0,1,0,1,0,1,0,1,0,1
23d7d71d-121.jpg,1935.3356,309.2365,64.6644,85.2286,0,0,1,0,1,0,1,0,1,0,1,0,1
25848956-23.jpg,1296.0032,476.7781,255.619,202.5703,3,1,1,1,1,1,1,0,1,0,1,0,1
25848956-23.jpg,1321.204,622.4036,295.1823,193.5578,3,1,1,1,1,1,1,0,1,0,1,0,1
25848956-23.jpg,76.1063,606.3831,115.8793,227.793,1,1,1,0,1,0,1,0,1,0,1,0,1
25848956-23.jpg,1080.8295,617.4908,248.5389,214.7371,3,1,1,1,1,1,1,0,1,0,1,0,1
25848956-23.jpg,1804.0079,345.1125,192.6998,165.7323,4,1,1,1,1,1,1,1,1,0,1,0,1
25848956-23.jpg,1546.0142,410.7836,258.2667,186.1542,2,1,1,1,1,0,1,0,1,0,1,0,1
25848956-23.jpg,1581.1724,493.4057,332.8175,206.0927,1,1,1,0,1,0,1,0,1,0,1,0,1
25848956-23.jpg,1584.2998,56.406,100.8698,69.0571,0,0,1,0,1,0,1,0,1,0,1,0,1
25848956-23.jpg,1584.177,59.1043,103.3802,75.3596,0,0,1,0,1,0,1,0,1,0,1,0,1
25848956-23.jpg,1583.8063,56.6625,101.0132,69.6235,0,0,1,0,1,0,1,0,1,0,1,0,1
25848956-23.jpg,1583.8865,59.404,101.323,78.391,0,0,1,0,1,0,1,0,1,0,1,0,1
25848956-23.jpg,1580.7976,56.829,104.301,63.0462,0,0,1,0,1,0,1,0,1,0,1,0,1
25848956-23.jpg,1584.1699,55.9222,100.2664,62.3568,0,0,1,0,1,0,1,0,1,0,1,0,1
25848956-23.jpg,1582.9117,55.9259,100.2158,63.0065,0,0,1,0,1,0,1,0,1,0,1,0,1
25848956-23.jpg,1612.9398,57.3356,72.3137,57.4996,0,0,1,0,1,0,1,0,1,0,1,0,1
25848956-23.jpg,1615.0215,58.4167,71.748,53.504,0,0,1,0,1,0,1,0,1,0,1,0,1
25848956-23.jpg,1592.6813,55.2737,94.2334,88.627,0,0,1,0,1,0,1,0,1,0,1,0,1
25848956-23.jpg,1843.1647,0.2652,156.8353,37.9833,0,0,1,0,1,0,1,0,1,0,1,0,1
25848956-23.jpg,1845.1796,0.1513,154.8204,29.006,0,0,1,0,1,0,1,0,1,0,1,0,1
25848956-23.jpg,1591.5287,55.2078,98.3517,95.2637,0,0,1,0,1,0,1,0,1,0,1,0,1
25848956-23.jpg,1587.1471,57.3531,96.6429,81.9088,0,0,1,0,1,0,1,0,1,0,1,0,1
25848956-23.jpg,804.8992,1030.1215,465.1203,269.8785,0,0,1,0,1,0,1,0,1,0,1,0,1
25848956-23.jpg,1983.6681,348.8922,15.9501,152.5764,0,0,1,0,1,0,1,0,1,0,1,0,1
25848956-23.jpg,1983.2194,341.7157,16.5134,183.3274,0,0,1,0,1,0,1,0,1,0,1,0,1
25848956-23.jpg,0.0,0.0,13.3031,254.8225,0,0,1,0,1,0,1,0,1,0,1,0,1
25848956-23.jpg,1841.9292,0.0467,158.0708,24.8652,0,0,1,0,1,0,1,0,1,0,1,0,1
25848956-23.jpg,1632.1602,58.8683,54.9316,52.2483,0,0,1,0,1,0,1,0,1,0,1,0,1
25848956-23.jpg,1862.1959,0.1381,137.8041,47.3526,0,0,1,0,1,0,1,0,1,0,1,0,1
25848956-23.jpg,466.8533,0.0,435.2209,83.5022,0,0,1,0,1,0,1,0,1,0,1,0,1
25848956-23.jpg,1588.7491,55.7506,97.504,77.3644,0,0,1,0,1,0,1,0,1,0,1,0,1
25848956-23.jpg,1583.7103,66.1126,108.4178,81.4265,0,0,1,0,1,0,1,0,1,0,1,0,1
25848956-23.jpg,443.5349,1273.4927,214.4121,26.5073,0,0,1,0,1,0,1,0,1,0,1,0,1
25848956-23.jpg,445.9368,1273.3995,231.4048,26.6005,0,0,1,0,1,0,1,0,1,0,1,0,1
25848956-23.jpg,466.4306,0.0,441.6912,91.7107,0,0,1,0,1,0,1,0,1,0,1,0,1
25cc2c51-280.jpg,545.5263,458.8211,181.2653,224.3732,1,1,1,0,1,0,1,0,1,0,1,0,1
25cc2c51-280.jpg,599.7824,605.1553,210.1697,233.4853,1,1,1,0,1,0,1,0,1,0,1,0,1
25cc2c51-280.jpg,717.8556,402.9808,230.6931,264.3456,2,1,1,1,1,0,1,0,1,0,1,0,1
25cc2c51-280.jpg,789.9772,618.686,151.8345,138.1421,1,1,1,0,1,0,1,0,1,0,1,0,1
25cc2c51-280.jpg,932.9911,433.0281,130.256,248.845,2,1,1,1,1,0,1,0,1,0,1,0,1
25cc2c51-280.jpg,1039.0066,421.7634,128.8734,279.2307,1,1,1,0,1,0,1,0,1,0,1,0,1
25cc2c51-280.jpg,1140.4718,436.7703,90.7772,249.5619,1,1,1,0,1,0,1,0,1,0,1,0,1
25cc2c51-280.jpg,1057.1136,685.4951,48.835,78.4147,1,1,1,0,1,0,1,0,1,0,1,0,1
25cc2c51-280.jpg,1104.2006,693.0341,34.6917,61.2147,1,1,1,0,1,0,1,0,1,0,1,0,1
25cc2c51-280.jpg,958.7175,640.405,100.4136,90.2161,1,1,1,0,1,0,1,0,1,0,1,0,1
25cc2c51-280.jpg,1212.2351,452.2451,54.946,203.5312,1,1,1,0,1,0,1,0,1,0,1,0,1
25cc2c51-280.jpg,1003.1306,679.7269,57.378,54.5417,0,0,1,0,1,0,1,0,1,0,1,0,1
25cc2c51-280.jpg,1008.1627,680.2555,58.7748,72.7171,0,0,1,0,1,0,1,0,1,0,1,0,1
25cc2c51-280.jpg,12.9274,0.0099,458.5241,58.4429,0,0,1,0,1,0,1,0,1,0,1,0,1
25cc2c51-280.jpg,1403.7225,844.0337,192.2793,299.9707,0,0,1,0,1,0,1,0,1,0,1,0,1
25cc2c51-280.jpg,1003.1162,676.0124,57.9128,58.1744,0,0,1,0,1,0,1,0,1,0,1,0,1
25cc2c51-280.jpg,928.0704,611.0181,65.8798,78.8546,0,0,1,0,1,0,1,0,1,0,1,0,1
25cc2c51-280.jpg,1006.9958,678.3276,55.6857,57.9619,0,0,1,0,1,0,1,0,1,0,1,0,1
25cc2c51-280.jpg,926.8277,616.9368,47.572,66.1907,0,0,1,0,1,0,1,0,1,0,1,0,1
25cc2c51-280.jpg,1006.9858,680.8802,55.231,66.3845,0,0,1,0,1,0,1,0,1,0,1,0,1
25cc2c51-280.jpg,0.0,0.0,3.1421,245.0635,0,0,1,0,1,0,1,0,1,0,1,0,1
25cc2c51-280.jpg,925.1702,618.3381,45.4849,61.2063,0,0,1,0,1,0,1,0,1,0,1,0,1
25cc2c51-280.jpg,0.0,0.0212,473.9818,61.4342,0,0,1,0,1,0,1,0,1,0,1,0,1
25cc2c51-280.jpg,1403.4224,841.838,195.6824,305.0934,0,0,1,0,1,0,1,0,1,0,1,0,1
25cc2c51-280.jpg,41.0284,0.0,444.4874,55.8255,0,0,1,0,1,0,1,0,1,0,1,0,1
25cc2c51-280.jpg,1404.952,842.9905,193.2716,304.6705,0,0,1,0,1,0,1,0,1,0,1,0,1
25cc2c51-280.jpg,1407.5803,841.4299,189.8545,299.6967,0,0,1,0,1,0,1,0,1,0,1,0,1
25cc2c51-280.jpg,944.674,621.317,57.296,70.0099,0,0,1,0,1,0,1,0,1,0,1,0,1
25cc2c51-280.jpg,0.0,0.0,28.5076,247.2303,0,0,1,0,1,0,1,0,1,0,1,0,1
25cc2c51-280.jpg,925.3698,616.1307,45.8014,62.2767,0,0,1,0,1,0,1,0,1,0,1,0,1
25cc2c51-280.jpg,41.7995,0.0,421.8168,64.4532,0,0,1,0,1,0,1,0,1,0,1,0,1
25cc2c51-280.jpg,0.0,0.0,0.0,286.8629,0,0,1,0,1,0,1,0,1,0,1,0,1
25cc2c51-280.jpg,934.3536,619.7371,50.6843,70.3855,0,0,1,0,1,0,1,0,1,0,1,0,1
25cc2c51-280.jpg,63.6574,0.077,402.4326,64.1591,0,0,1,0,1,0,1,0,1,0,1,0,1
25cc2c51-280.jpg,0.0,0.0295,437.2325,65.1691,0,0,1,0,1,0,1,0,1,0,1,0,1
25cc2c51-280.jpg,923.358,602.7885,68.8769,118.603,0,0,1,0,1,0,1,0,1,0,1,0,1
25cc2c51-280.jpg,930.1598,619.2408,47.2599,78.9938,0,0,1,0,1,0,1,0,1,0,1,0,1
25cc2c51-280.jpg,929.9035,620.9824,53.3312,60.2985,0,0,1,0,1,0,1,0,1,0,1,0,1
25cc2c51-280.jpg,0.0,0.1717,290.2677,70.1521,0,0,1,0,1,0,1,0,1,0,1,0,1
25cc2c51-280.jpg,924.5599,670.8215,55.6539,80.4855,0,0,1,0,1,0,1,0,1,0,1,0,1
25cc2c51-280.jpg,13.4669,0.0456,421.3032,68.2599,0,0,1,0,1,0,1,0,1,0,1,0,1
25cc2c51-280.jpg,924.1459,614.5181,43.6663,68.2518,0,0,1,0,1,0,1,0,1,0,1,0,1
25cc2c51-280.jpg,930.0413,612.598,60.0101,78.3752,0,0,1,0,1,0,1,0,1,0,1,0,1
25cc2c51-280.jpg,85.1382,0.0864,425.1465,53.9257,0,0,1,0,1,0,1,0,1,0,1,0,1
25cc2c51-280.jpg,135.9617,0.4274,296.6596,49.651,0,0,1,0,1,0,1,0,1,0,1,0,1
25cc2c51-280.jpg,1405.8329,840.7963,194.6146,306.3859,0,0,1,0,1,0,1,0,1,0,1,0,1
25cc2c51-280.jpg,31.5277,0.0,443.6621,75.9605,0,0,1,0,1,0,1,0,1,0,1,0,1
25cc2c51-280.jpg,1406.604,842.4165,187.4304,295.5339,0,0,1,0,1,0,1,0,1,0,1,0,1
25cc2c51-280.jpg,0.0,0.0,502.9023,70.8334,0,0,1,0,1,0,1,0,1,0,1,0,1
25cc2c51-280.jpg,19.9303,0.0,439.0504,65.142,0,0,1,0,1,0,1,0,1,0,1,0,1
25cc2c51-280.jpg,0.0,0.0,370.9301,71.5516,0,0,1,0,1,0,1,0,1,0,1,0,1
25cc2c51-280.jpg,1405.2222,831.5557,196.0142,318.782,0,0,1,0,1,0,1,0,1,0,1,0,1
25cc2c51-280.jpg,0.0,0.0,32.2716,295.3116,0,0,1,0,1,0,1,0,1,0,1,0,1
25cc2c51-280.jpg,1241.2125,471.0771,45.4969,198.1948,0,0,1,0,1,0,1,0,1,0,1,0,1
25cc2c51-280.jpg,0.0,0.0,451.583,75.004,0,0,1,0,1,0,1,0,1,0,1,0,1
25cc2c51-280.jpg,0.0,0.0,473.5196,88.2614,0,0,1,0,1,0,1,0,1,0,1,0,1
25cc2c51-280.jpg,1405.3186,842.7794,189.0988,302.8296,0,0,1,0,1,0,1,0,1,0,1,0,1
25cc2c51-280.jpg,929.707,680.7169,50.869,74.0838,0,0,1,0,1,0,1,0,1,0,1,0,1
25cc2c51-280.jpg,923.9712,617.3495,44.986,60.7075,0,0,1,0,1,0,1,0,1,0,1,0,1
25cc2c51-280.jpg,0.0,0.0,447.795,71.8837,0,0,1,0,1,0,1,0,1,0,1,0,1
25cc2c51-280.jpg,1021.1157,680.1053,52.3968,77.0447,0,0,1,0,1,0,1,0,1,0,1,0,1
25e14a52-265.jpg,74.3379,927.2932,369.0313,364.9227,1,1,1,0,1,0,1,0,1,0,1,0,1
25e14a52-265.jpg,182.1474,728.0224,313.046,252.3952,1,1,1,0,1,0,1,0,1,0,1,0,1
25e14a52-265.jpg,267.1467,499.854,319.3039,265.5549,1,1,1,0,1,0,1,0,1,0,1,0,1
25e14a52-265.jpg,547.4696,220.8494,252.6518,220.313,1,1,1,0,1,0,1,0,1,0,1,0,1
25e14a52-265.jpg,751.6959,132.1634,289.2235,258.0591,1,1,1,0,1,0,1,0,1,0,1,0,1
25e14a52-265.jpg,1037.8889,132.8505,276.6128,252.8996,1,1,1,0,1,0,1,0,1,0,1,0,1
25e14a52-265.jpg,1267.6978,242.0882,252.0046,189.171,1,1,1,0,1,0,1,0,1,0,1,0,1
25e14a52-265.jpg,1428.7861,368.6925,257.6078,244.4228,1,1,1,0,1,0,1,0,1,0,1,0,1
25e14a52-265.jpg,1452.2184,581.9806,324.1818,261.5102,2,1,1,1,1,0,1,0,1,0,1,0,1
25e14a52-265.jpg,1533.4757,815.5323,305.5336,234.3788,1,1,1,0,1,0,1,0,1,0,1,0,1
25e14a52-265.jpg,1556.8024,1019.1891,354.5677,280.8109,2,1,1,1,1,0,1,0,1,0,1,0,1
25e14a52-265.jpg,1508.7402,1279.5306,491.2598,20.4694,0,0,1,0,1,0,1,0,1,0,1,0,1
25e14a52-265.jpg,1533.4484,1281.0951,466.5516,18.9049,0,0,1,0,1,0,1,0,1,0,1,0,1
25e14a52-265.jpg,1460.394,1278.3416,535.4027,21.6584,0,0,1,0,1,0,1,0,1,0,1,0,1
25e14a52-265.jpg,1551.802,1283.6985,448.198,16.3015,0,0,1,0,1,0,1,0,1,0,1,0,1
25e14a52-265.jpg,1407.1401,1277.7906,583.5022,22.2094,0,0,1,0,1,0,1,0,1,0,1,0,1
25e14a52-265.jpg,1513.0988,1253.8842,408.5941,46.1158,0,0,1,0,1,0,1,0,1,0,1,0,1
25e14a52-265.jpg,1525.7008,1240.1963,402.2605,59.8037,0,0,1,0,1,0,1,0,1,0,1,0,1
25e14a52-265.jpg,1538.7776,1243.9463,385.3938,56.0537,0,0,1,0,1,0,1,0,1,0,1,0,1
25e14a52-265.jpg,1377.7552,1278.5173,583.0605,21.4827,0,0,1,0,1,0,1,0,1,0,1,0,1
25e14a52-265.jpg,1536.9078,1251.1953,390.5454,48.8047,0,0,1,0,1,0,1,0,1,0,1,0,1
25e14a52-265.jpg,1950.2604,331.2169,49.7396,405.943,0,0,1,0,1,0,1,0,1,0,1,0,1
25e14a52-265.jpg,0.0,1281.5422,474.552,18.4578,0,0,1,0,1,0,1,0,1,0,1,0,1
25e14a52-265.jpg,1516.0923,1260.5638,393.9541,39.4362,0,0,1,0,1,0,1,0,1,0,1,0,1
25e14a52-265.jpg,1949.6121,347.2864,50.3879,408.492,0,0,1,0,1,0,1,0,1,0,1,0,1
25e14a52-265.jpg,1950.0447,307.0837,49.9553,405.8662,0,0,1,0,1,0,1,0,1,0,1,0,1
25e14a52-265.jpg,0.0,1277.5372,487.6881,22.4628,0,0,1,0,1,0,1,0,1,0,1,0,1
25e14a52-265.jpg,1931.5383,0.0,68.4617,356.1498,0,0,1,0,1,0,1,0,1,0,1,0,1
25e14a52-265.jpg,1948.728,377.7383,51.272,408.0518,0,0,1,0,1,0,1,0,1,0,1,0,1
25e14a52-265.jpg,1934.2715,0.0,65.7285,328.4615,0,0,1,0,1,0,1,0,1,0,1,0,1
25e14a52-265.jpg,1933.017,0.0,66.983,334.6879,0,0,1,0,1,0,1,0,1,0,1,0,1
25e14a52-265.jpg,1571.4484,1287.348,428.5516,12.652,0,0,1,0,1,0,1,0,1,0,1,0,1
25e14a52-265.jpg,0.0,1229.6824,467.5384,70.3176,0,0,1,0,1,0,1,0,1,0,1,0,1
25e14a52-265.jpg,1936.2278,0.0,63.7722,303.3907,0,0,1,0,1,0,1,0,1,0,1,0,1
25e14a52-265.jpg,1562.9391,1251.8704,298.0564,47.7986,0,0,1,0,1,0,1,0,1,0,1,0,1
25e14a52-265.jpg,1946.739,318.4315,53.261,429.8262,0,0,1,0,1,0,1,0,1,0,1,0,1
25e14a52-265.jpg,3.0855,1288.2115,484.7007,11.7885,0,0,1,0,1,0,1,0,1,0,1,0,1
25e14a52-265.jpg,1344.2629,1281.3344,590.1606,18.6656,0,0,1,0,1,0,1,0,1,0,1,0,1
25e14a52-265.jpg,1944.5736,337.5136,55.4264,433.6726,0,0,1,0,1,0,1,0,1,0,1,0,1
25e14a52-265.jpg,1932.6454,0.0,67.3546,354.0228,0,0,1,0,1,0,1,0,1,0,1,0,1
25e14a52-265.jpg,122.4768,1165.3262,271.1378,134.0953,0,0,1,0,1,0,1,0,1,0,1,0,1
25e14a52-265.jpg,1528.7146,1233.7897,388.3762,66.2103,0,0,1,0,1,0,1,0,1,0,1,0,1
25e14a52-265.jpg,1932.8285,0.0,67.1715,351.8298,0,0,1,0,1,0,1,0,1,0,1,0,1
25e14a52-265.jpg,140.5182,1278.2007,401.8307,21.7993,0,0,1,0,1,0,1,0,1,0,1,0,1
25e14a52-265.jpg,1949.546,282.9745,50.454,406.2704,0,0,1,0,1,0,1,0,1,0,1,0,1
25e14a52-265.jpg,1933.7484,0.0,66.2516,310.0237,0,0,1,0,1,0,1,0,1,0,1,0,1
25e14a52-265.jpg,1946.384,295.8834,53.616,423.8139,0,0,1,0,1,0,1,0,1,0,1,0,1
25e14a52-265.jpg,1366.6271,1259.7148,599.7903,40.2852,0,0,1,0,1,0,1,0,1,0,1,0,1
25e14a52-265.jpg,1561.6536,1249.6193,306.2866,49.9985,0,0,1,0,1,0,1,0,1,0,1,0,1
25e14a52-265.jpg,1949.5189,400.2143,50.4811,408.8693,0,0,1,0,1,0,1,0,1,0,1,0,1
25e14a52-265.jpg,0.0,1280.7872,457.7431,19.2128,0,0,1,0,1,0,1,0,1,0,1,0,1
25e14a52-265.jpg,0.0,1206.6779,489.8108,93.3221,0,0,1,0,1,0,1,0,1,0,1,0,1
25e14a52-265.jpg,1941.0293,366.6474,58.9707,433.7552,0,0,1,0,1,0,1,0,1,0,1,0,1
25e14a52-265.jpg,1537.4309,1241.8468,435.4233,58.1532,0,0,1,0,1,0,1,0,1,0,1,0,1
25e14a52-265.jpg,132.1977,1283.5819,381.7674,16.4181,0,0,1,0,1,0,1,0,1,0,1,0,1
25e14a52-265.jpg,1949.8433,264.3391,50.1567,395.2999,0,0,1,0,1,0,1,0,1,0,1,0,1
25e14a52-265.jpg,1933.1807,0.0,66.8193,348.5605,0,0,1,0,1,0,1,0,1,0,1,0,1
25e14a52-265.jpg,975.0309,1219.4017,213.2662,79.9702,0,0,1,0,1,0,1,0,1,0,1,0,1
25e14a52-265.jpg,1950.6725,227.832,49.3275,363.6232,0,0,1,0,1,0,1,0,1,0,1,0,1
25e14a52-265.jpg,1937.2029,0.0,62.7971,250.4985,0,0,1,0,1,0,1,0,1,0,1,0,1
25e14a52-265.jpg,996.9852,1218.6527,193.4349,81.3473,0,0,1,0,1,0,1,0,1,0,1,0,1
25f69e77-229.jpg,93.55,949.5245,337.3834,288.2614,1,1,1,0,1,0,1,0,1,0,1,0,1
25f69e77-229.jpg,180.5164,651.462,361.4187,352.8732,3,1,1,1,1,1,1,0,1,0,1,0,1
25f69e77-229.jpg,281.897,474.0386,305.1676,252.0934,1,1,1,0,1,0,1,0,1,0,1,0,1
25f69e77-229.jpg,1435.4958,295.2592,252.9844,253.4114,1,1,1,0,1,0,1,0,1,0,1,0,1
25f69e77-229.jpg,1470.59,653.8545,354.9987,335.2768,3,1,1,1,1,1,1,0,1,0,1,0,1
25f69e77-229.jpg,1596.4427,934.7717,304.7489,282.8053,2,1,1,1,1,0,1,0,1,0,1,0,1
25f69e77-229.jpg,1728.5404,1157.8456,194.9711,125.8837,3,1,1,1,1,1,1,0,1,0,1,0,1
25f69e77-229.jpg,1557.9417,1285.7886,442.0583,14.2114,0,0,1,0,1,0,1,0,1,0,1,0,1
25f69e77-229.jpg,80.9395,1186.3102,289.4512,85.3705,0,0,1,0,1,0,1,0,1,0,1,0,1
25f69e77-229.jpg,1588.6431,1290.0378,411.3569,9.9622,0,0,1,0,1,0,1,0,1,0,1,0,1
25f69e77-229.jpg,80.7149,1181.1674,336.7961,108.6855,0,0,1,0,1,0,1,0,1,0,1,0,1
25f69e77-229.jpg,80.6577,1179.7937,305.1175,98.2938,0,0,1,0,1,0,1,0,1,0,1,0,1
25f69e77-229.jpg,83.981,1177.3019,255.7396,109.4448,0,0,1,0,1,0,1,0,1,0,1,0,1
25f69e77-229.jpg,83.3722,1169.6339,267.2411,126.0311,0,0,1,0,1,0,1,0,1,0,1,0,1
25f69e77-229.jpg,84.2689,1187.5258,275.372,83.348,0,0,1,0,1,0,1,0,1,0,1,0,1
25f69e77-229.jpg,73.489,1157.0514,283.0616,140.2672,0,0,1,0,1,0,1,0,1,0,1,0,1
25f69e77-229.jpg,79.7432,1186.756,305.1768,99.3553,0,0,1,0,1,0,1,0,1,0,1,0,1
25f69e77-229.jpg,1542.162,1284.554,457.838,15.446,0,0,1,0,1,0,1,0,1,0,1,0,1
25f69e77-229.jpg,87.7494,1182.6946,234.8521,89.4673,0,0,1,0,1,0,1,0,1,0,1,0,1
25f69e77-229.jpg,0.0,426.6328,74.6261,467.9001,0,0,1,0,1,0,1,0,1,0,1,0,1
25f69e77-229.jpg,81.9398,1183.863,249.4812,94.4087,0,0,1,0,1,0,1,0,1,0,1,0,1
25f69e77-229.jpg,82.7166,1177.4983,249.5914,121.2219,0,0,1,0,1,0,1,0,1,0,1,0,1
25f69e77-229.jpg,0.0,531.3735,63.9588,378.4315,0,0,1,0,1,0,1,0,1,0,1,0,1
25f69e77-229.jpg,81.5694,1181.7052,268.2805,101.8518,0,0,1,0,1,0,1,0,1,0,1,0,1
25f69e77-229.jpg,87.5751,1181.3738,232.6353,114.3969,0,0,1,0,1,0,1,0,1,0,1,0,1
25f69e77-229.jpg,0.0,519.3318,68.9209,378.1603,0,0,1,0,1,0,1,0,1,0,1,0,1
25f69e77-229.jpg,84.3659,1188.6326,299.5845,94.6648,0,0,1,0,1,0,1,0,1,0,1,0,1
25f69e77-229.jpg,83.1216,1172.4769,260.9643,127.146,0,0,1,0,1,0,1,0,1,0,1,0,1
25f69e77-229.jpg,84.1742,1168.9657,288.7287,115.7128,0,0,1,0,1,0,1,0,1,0,1,0,1
25f69e77-229.jpg,0.0,552.4658,54.6953,366.5693,0,0,1,0,1,0,1,0,1,0,1,0,1
25f69e77-229.jpg,0.0,519.7396,65.978,375.0407,0,0,1,0,1,0,1,0,1,0,1,0,1
25f69e77-229.jpg,86.295,1178.7944,269.6065,94.6937,0,0,1,0,1,0,1,0,1,0,1,0,1
25f69e77-229.jpg,82.9133,1168.4435,297.5031,123.4104,0,0,1,0,1,0,1,0,1,0,1,0,1
25f69e77-229.jpg,68.6414,1178.7495,261.5895,121.2505,0,0,1,0,1,0,1,0,1,0,1,0,1
25f69e77-229.jpg,82.2328,1181.96,252.8766,89.5576,0,0,1,0,1,0,1,0,1,0,1,0,1
25f69e77-229.jpg,87.365,1186.4281,199.0353,80.5496,0,0,1,0,1,0,1,0,1,0,1,0,1
25f69e77-229.jpg,83.1137,1183.2404,196.6102,84.5616,0,0,1,0,1,0,1,0,1,0,1,0,1
25f69e77-229.jpg,75.1065,1164.7526,274.1618,134.6364,0,0,1,0,1,0,1,0,1,0,1,0,1
25f69e77-229.jpg,76.2749,1178.8804,266.6848,121.0986,0,0,1,0,1,0,1,0,1,0,1,0,1
25f69e77-229.jpg,85.573,1186.2346,166.8529,85.4644,0,0,1,0,1,0,1,0,1,0,1,0,1
25f69e77-229.jpg,0.5018,411.6376,82.8053,465.716,0,0,1,0,1,0,1,0,1,0,1,0,1
25f69e77-229.jpg,0.0,486.5159,72.0048,398.0268,0,0,1,0,1,0,1,0,1,0,1,0,1
25f69e77-229.jpg,0.0,557.4941,60.3418,342.4158,0,0,1,0,1,0,1,0,1,0,1,0,1
25f69e77-229.jpg,72.9961,1180.2542,276.578,119.7255,0,0,1,0,1,0,1,0,1,0,1,0,1
25f69e77-229.jpg,0.0,411.0221,80.2219,467.673,0,0,1,0,1,0,1,0,1,0,1,0,1
25f69e77-229.jpg,85.7289,1181.9128,233.2562,81.475,0,0,1,0,1,0,1,0,1,0,1,0,1
25f69e77-229.jpg,0.2697,524.106,71.4336,372.0994,0,0,1,0,1,0,1,0,1,0,1,0,1
25f69e77-229.jpg,0.3136,521.55,69.9646,386.6469,0,0,1,0,1,0,1,0,1,0,1,0,1
25f69e77-229.jpg,0.2533,503.3598,72.6801,383.8246,0,0,1,0,1,0,1,0,1,0,1,0,1
25f69e77-229.jpg,1153.5831,0.1597,234.5629,27.2952,0,0,1,0,1,0,1,0,1,0,1,0,1
25f69e77-229.jpg,82.1619,1173.1395,263.4852,95.6288,0,0,1,0,1,0,1,0,1,0,1,0,1
25f69e77-229.jpg,83.3727,1163.2789,270.7171,118.5807,0,0,1,0,1,0,1,0,1,0,1,0,1
25f69e77-229.jpg,1151.6707,0.12,225.5242,25.7191,0,0,1,0,1,0,1,0,1,0,1,0,1
25f69e77-229.jpg,0.8083,409.7744,80.4333,485.2805,0,0,1,0,1,0,1,0,1,0,1,0,1
25f69e77-229.jpg,1145.3506,0.0538,228.4312,23.7114,0,0,1,0,1,0,1,0,1,0,1,0,1
25f69e77-229.jpg,1137.7727,0.0,226.299,22.7586,0,0,1,0,1,0,1,0,1,0,1,0,1
25f69e77-229.jpg,1627.7195,1291.5343,372.2805,8.4657,0,0,1,0,1,0,1,0,1,0,1,0,1
27b9908b-255.jpg,46.4031,586.6488,115.1478,97.5569,1,1,1,0,1,0,1,0,1,0,1,0,1
27b9908b-255.jpg,419.6367,685.2347,192.9189,161.2318,1,1,1,0,1,0,1,0,1,0,1,0,1
27b9908b-255.jpg,540.7525,470.7251,213.8065,245.8315,1,1,1,0,1,0,1,0,1,0,1,0,1
27b9908b-255.jpg,609.4956,661.9421,160.9408,174.6409,1,1,1,0,1,0,1,0,1,0,1,0,1
27b9908b-255.jpg,1113.1831,722.7235,151.2537,94.2894,1,1,1,0,1,0,1,0,1,0,1,0,1
27b9908b-255.jpg,1303.3984,442.3826,191.9962,248.0482,1,1,1,0,1,0,1,0,1,0,1,0,1
27b9908b-255.jpg,1281.3777,657.327,180.1738,181.5605,1,1,1,0,1,0,1,0,1,0,1,0,1
27b9908b-255.jpg,1612.3165,477.7759,131.2454,201.418,1,1,1,0,1,0,1,0,1,0,1,0,1
27b9908b-255.jpg,1691.5073,641.8495,131.9016,140.6376,2,1,1,1,1,0,1,0,1,0,1,0,1
27b9908b-255.jpg,1725.2386,507.9285,94.8287,156.0012,1,1,1,0,1,0,1,0,1,0,1,0,1
27b9908b-255.jpg,1803.9419,486.4866,94.4935,137.545,1,1,1,0,1,0,1,0,1,0,1,0,1
27da6333-278.jpg,181.2164,23.5821,325.2177,324.676,1,1,1,0,1,0,1,0,1,0,1,0,1
27da6333-278.jpg,254.6759,293.8931,328.3426,326.7081,2,1,1,1,1,0,1,0,1,0,1,0,1
27da6333-278.jpg,288.3685,579.8339,276.4077,254.3265,1,1,1,0,1,0,1,0,1,0,1,0,1
27da6333-278.jpg,648.3197,984.7705,199.2144,171.0948,1,1,1,0,1,0,1,0,1,0,1,0,1
27da6333-278.jpg,752.1804,1060.6342,194.4888,143.2081,1,1,1,0,1,0,1,0,1,0,1,0,1
27da6333-278.jpg,1211.4833,977.1703,203.0381,204.7504,1,1,1,0,1,0,1,0,1,0,1,0,1
27da6333-278.jpg,1347.5096,841.6338,242.1139,249.9301,4,1,1,1,1,1,1,1,1,0,1,0,1
27da6333-278.jpg,1396.8231,647.6513,283.9702,244.8031,1,1,1,0,1,0,1,0,1,0,1,0,1
27da6333-278.jpg,1438.6672,377.198,334.0428,335.2411,2,1,1,1,1,0,1,0,1,0,1,0,1
27da6333-278.jpg,1560.838,95.4767,337.9874,341.8161,3,1,1,1,1,1,1,0,1,0,1,0,1
27da6333-278.jpg,894.834,1024.0184,180.1522,174.2985,1,1,1,0,1,0,1,0,1,0,1,0,1
27da6333-278.jpg,1929.0249,986.6453,70.9751,291.4528,0,0,1,0,1,0,1,0,1,0,1,0,1
27da6333-278.jpg,1937.2772,1070.7461,62.7228,193.5508,0,0,1,0,1,0,1,0,1,0,1,0,1
27da6333-278.jpg,1932.7759,1022.5536,67.2241,260.3653,0,0,1,0,1,0,1,0,1,0,1,0,1
27da6333-278.jpg,1930.9673,973.1839,69.0327,301.903,0,0,1,0,1,0,1,0,1,0,1,0,1
27da6333-278.jpg,1930.5226,958.2167,69.332,315.2432,0,0,1,0,1,0,1,0,1,0,1,0,1
27da6333-278.jpg,1928.8608,973.1584,71.1392,298.9868,0,0,1,0,1,0,1,0,1,0,1,0,1
27da6333-278.jpg,1932.2727,1004.6782,67.4652,286.2212,0,0,1,0,1,0,1,0,1,0,1,0,1
27da6333-278.jpg,1928.0481,964.1174,71.9519,335.8826,0,0,1,0,1,0,1,0,1,0,1,0,1
27da6333-278.jpg,1938.3495,1077.8004,61.6505,201.6952,0,0,1,0,1,0,1,0,1,0,1,0,1
27da6333-278.jpg,1931.5304,963.9877,68.4696,336.0123,0,0,1,0,1,0,1,0,1,0,1,0,1
27da6333-278.jpg,1933.3763,1007.4453,66.6237,292.4861,0,0,1,0,1,0,1,0,1,0,1,0,1
27da6333-278.jpg,1939.061,1083.0217,60.9199,214.2109,0,0,1,0,1,0,1,0,1,0,1,0,1
27da6333-278.jpg,1940.2147,1069.3514,59.7853,215.0289,0,0,1,0,1,0,1,0,1,0,1,0,1
27da6333-278.jpg,376.6189,1018.868,84.5324,96.4012,0,0,1,0,1,0,1,0,1,0,1,0,1
27da6333-278.jpg,1929.9042,1034.7532,70.0958,265.2468,0,0,1,0,1,0,1,0,1,0,1,0,1
27da6333-278.jpg,1934.4139,1069.5713,65.5861,228.4056,0,0,1,0,1,0,1,0,1,0,1,0,1
27da6333-278.jpg,383.5073,1016.0953,79.8445,98.0519,0,0,1,0,1,0,1,0,1,0,1,0,1
27da6333-278.jpg,381.453,1013.4792,82.0435,101.7897,0,0,1,0,1,0,1,0,1,0,1,0,1
27da6333-278.jpg,1937.0389,1086.4698,62.8594,213.5302,0,0,1,0,1,0,1,0,1,0,1,0,1
27da6333-278.jpg,1933.5632,1083.594,66.4368,165.3857,0,0,1,0,1,0,1,0,1,0,1,0,1
27da6333-278.jpg,1927.1688,933.0681,72.8312,356.5776,0,0,1,0,1,0,1,0,1,0,1,0,1
27da6333-278.jpg,1927.5957,944.7418,72.4043,355.2582,0,0,1,0,1,0,1,0,1,0,1,0,1
27da6333-278.jpg,1930.3046,995.1425,69.6954,304.8575,0,0,1,0,1,0,1,0,1,0,1,0,1
27da6333-278.jpg,1931.4171,1079.4938,68.5829,220.5062,0,0,1,0,1,0,1,0,1,0,1,0,1
27da6333-278.jpg,1934.6067,1061.3235,65.157,237.1914,0,0,1,0,1,0,1,0,1,0,1,0,1
27da6333-278.jpg,374.8629,1015.8527,87.1491,97.2923,0,0,1,0,1,0,1,0,1,0,1,0,1
27da6333-278.jpg,372.6906,1016.7578,94.4958,98.751,0,0,1,0,1,0,1,0,1,0,1,0,1
27da6333-278.jpg,1924.3964,1077.5692,75.6036,222.4308,0,0,1,0,1,0,1,0,1,0,1,0,1
27da6333-278.jpg,378.4453,1011.8211,84.5832,101.5084,0,0,1,0,1,0,1,0,1,0,1,0,1
27da6333-278.jpg,1923.3558,912.5483,76.6442,387.4517,0,0,1,0,1,0,1,0,1,0,1,0,1
27da6333-278.jpg,0.0,0.0,17.5084,255.2322,0,0,1,0,1,0,1,0,1,0,1,0,1
27da6333-278.jpg,1938.6101,1054.5322,61.3899,218.3976,0,0,1,0,1,0,1,0,1,0,1,0,1
27da6333-278.jpg,378.6977,1012.2266,83.9182,103.0367,0,0,1,0,1,0,1,0,1,0,1,0,1
27da6333-278.jpg,377.5435,1007.0623,90.3358,106.0561,0,0,1,0,1,0,1,0,1,0,1,0,1
27da6333-278.jpg,1877.8442,1076.509,122.1558,223.491,0,0,1,0,1,0,1,0,1,0,1,0,1
27da6333-278.jpg,1236.5026,976.205,166.1234,67.568,0,0,1,0,1,0,1,0,1,0,1,0,1
27da6333-278.jpg,0.0,0.0,31.3193,257.0475,0,0,1,0,1,0,1,0,1,0,1,0,1
27da6333-278.jpg,370.0205,1007.8606,95.8746,106.0818,0,0,1,0,1,0,1,0,1,0,1,0,1
27da6333-278.jpg,1958.0994,1078.6798,41.9006,188.4098,0,0,1,0,1,0,1,0,1,0,1,0,1
27da6333-278.jpg,370.4458,1012.611,93.8796,101.2169,0,0,1,0,1,0,1,0,1,0,1,0,1
27da6333-278.jpg,1234.6173,976.2047,154.8313,67.452,0,0,1,0,1,0,1,0,1,0,1,0,1
27da6333-278.jpg,383.8145,1017.2104,75.027,98.5106,0,0,1,0,1,0,1,0,1,0,1,0,1
27da6333-278.jpg,384.6485,1013.5281,75.7093,100.6914,0,0,1,0,1,0,1,0,1,0,1,0,1
27da6333-278.jpg,377.0706,1011.3237,86.481,104.5332,0,0,1,0,1,0,1,0,1,0,1,0,1
27da6333-278.jpg,1924.453,1030.3505,75.547,269.6495,0,0,1,0,1,0,1,0,1,0,1,0,1
27da6333-278.jpg,1899.3195,1078.4762,100.6805,221.5238,0,0,1,0,1,0,1,0,1,0,1,0,1
27da6333-278.jpg,0.0,359.686,59.8507,455.049,0,0,1,0,1,0,1,0,1,0,1,0,1
27da6333-278.jpg,379.6164,1011.2676,84.3351,103.7568,0,0,1,0,1,0,1,0,1,0,1,0,1
27da6333-278.jpg,1935.952,1073.4161,64.048,179.715,0,0,1,0,1,0,1,0,1,0,1,0,1
27da6333-278.jpg,381.7555,1023.6091,86.3133,91.2838,0,0,1,0,1,0,1,0,1,0,1,0,1
2ad7a994-114.jpg,16.1222,892.3094,290.2517,130.3026,3,1,1,1,1,1,1,0,1,0,1,0,1
2ad7a994-114.jpg,3.3679,621.7809,355.1523,278.531,3,1,1,1,1,1,1,0,1,0,1,0,1
2ad7a994-114.jpg,93.3324,455.5018,319.6088,214.6215,2,1,1,1,1,0,1,0,1,0,1,0,1
2ad7a994-114.jpg,1512.2034,218.3398,278.1796,265.6819,1,1,1,0,1,0,1,0,1,0,1,0,1
2ad7a994-114.jpg,1571.9471,389.7184,297.8198,236.7804,1,1,1,0,1,0,1,0,1,0,1,0,1
2ad7a994-114.jpg,1590.5194,560.9497,386.3899,317.9907,2,1,1,1,1,0,1,0,1,0,1,0,1
2ad7a994-114.jpg,0.1907,1239.9529,244.5345,59.7507,3,1,1,1,1,1,1,0,1,0,1,0,1
2ad7a994-114.jpg,1770.713,1046.4545,229.287,164.6328,3,1,1,1,1,1,1,0,1,0,1,0,1
2ad7a994-114.jpg,0.5383,0.0808,313.1799,202.5281,0,0,1,0,1,0,1,0,1,0,1,0,1
2ad7a994-114.jpg,0.117,0.0,310.8676,206.4169,0,0,1,0,1,0,1,0,1,0,1,0,1
2ad7a994-114.jpg,0.0,0.0,312.2639,205.451,0,0,1,0,1,0,1,0,1,0,1,0,1
2ad7a994-114.jpg,0.2202,0.0,313.4396,208.198,0,0,1,0,1,0,1,0,1,0,1,0,1
2ad7a994-114.jpg,1.6353,0.0403,311.244,214.9397,0,0,1,0,1,0,1,0,1,0,1,0,1
2ad7a994-114.jpg,0.0,0.0,316.0168,208.1353,0,0,1,0,1,0,1,0,1,0,1,0,1
2ad7a994-114.jpg,0.0,0.1003,318.5481,203.416,0,0,1,0,1,0,1,0,1,0,1,0,1
2ad7a994-114.jpg,0.6545,10.9977,161.0171,280.3468,0,0,1,0,1,0,1,0,1,0,1,0,1
2ad7a994-114.jpg,1.5898,0.0,162.1291,493.7835,0,0,1,0,1,0,1,0,1,0,1,0,1
2ad7a994-114.jpg,0.0,0.0,315.8028,205.582,0,0,1,0,1,0,1,0,1,0,1,0,1
2ad7a994-114.jpg,0.7017,5.2653,162.4298,287.9034,0,0,1,0,1,0,1,0,1,0,1,0,1
2ad7a994-114.jpg,1.2932,6.9334,160.7537,284.6371,0,0,1,0,1,0,1,0,1,0,1,0,1
2ad7a994-114.jpg,0.423,2.8762,159.3397,490.6192,0,0,1,0,1,0,1,0,1,0,1,0,1
2ad7a994-114.jpg,0.0,0.0,312.69,200.9128,0,0,1,0,1,0,1,0,1,0,1,0,1
2ad7a994-114.jpg,1.7478,3.0752,161.4143,399.0139,0,0,1,0,1,0,1,0,1,0,1,0,1
2ad7a994-114.jpg,1.0656,0.6753,305.4331,207.4378,0,0,1,0,1,0,1,0,1,0,1,0,1
2ad7a994-114.jpg,3.574,0.0,306.2503,214.5017,0,0,1,0,1,0,1,0,1,0,1,0,1
2ad7a994-114.jpg,0.1962,3.7836,163.5999,287.8219,0,0,1,0,1,0,1,0,1,0,1,0,1
2ad7a994-114.jpg,0.9559,3.7662,173.8163,484.119,0,0,1,0,1,0,1,0,1,0,1,0,1
2ad7a994-114.jpg,1971.717,1102.0024,28.283,197.9976,0,0,1,0,1,0,1,0,1,0,1,0,1
2ad7a994-114.jpg,0.1544,1.4635,163.2054,299.4573,0,0,1,0,1,0,1,0,1,0,1,0,1
2ad7a994-114.jpg,1976.9518,1138.1869,23.0482,161.8131,0,0,1,0,1,0,1,0,1,0,1,0,1
2ad7a994-114.jpg,0.6104,0.5127,309.7374,209.916,0,0,1,0,1,0,1,0,1,0,1,0,1
2b975f8c-52.jpg,713.5273,67.783,287.9948,224.7028,1,1,1,0,1,0,1,0,1,0,1,0,1
2b975f8c-52.jpg,547.013,204.1038,232.0165,231.905,1,1,1,0,1,0,1,0,1,0,1,0,1
2b975f8c-52.jpg,290.8083,547.5298,281.0665,234.5079,1,1,1,0,1,0,1,0,1,0,1,0,1
2b975f8c-52.jpg,204.6828,745.2093,300.6731,229.6719,1,1,1,0,1,0,1,0,1,0,1,0,1
2b975f8c-52.jpg,156.8169,953.3895,359.0382,335.5817,3,1,1,1,1,1,1,0,1,0,1,0,1
2b975f8c-52.jpg,1200.1946,164.1031,228.4446,210.3975,1,1,1,0,1,0,1,0,1,0,1,0,1
2b975f8c-52.jpg,1527.4036,906.814,356.1782,339.8229,3,1,1,1,1,1,1,0,1,0,1,0,1
2b975f8c-52.jpg,0.0,3.2727,433.6741,449.2862,0,0,1,0,1,0,1,0,1,0,1,0,1
2b975f8c-52.jpg,38.958,1285.9216,523.2993,14.0784,0,0,1,0,1,0,1,0,1,0,1,0,1
2b975f8c-52.jpg,1805.8048,103.6401,193.8114,377.3733,0,0,1,0,1,0,1,0,1,0,1,0,1
2b975f8c-52.jpg,395.8139,0.0,312.0636,87.9919,0,0,1,0,1,0,1,0,1,0,1,0,1
2b975f8c-52.jpg,1808.5674,98.1958,191.4326,382.4813,0,0,1,0,1,0,1,0,1,0,1,0,1
2b975f8c-52.jpg,1848.1259,439.8081,151.6632,438.6276,0,0,1,0,1,0,1,0,1,0,1,0,1
2b975f8c-52.jpg,382.2241,0.0,329.4313,108.0182,0,0,1,0,1,0,1,0,1,0,1,0,1
2b975f8c-52.jpg,0.9257,1282.2828,579.4129,17.7172,0,0,1,0,1,0,1,0,1,0,1,0,1
2b975f8c-52.jpg,1848.4551,441.8924,150.9121,465.3922,0,0,1,0,1,0,1,0,1,0,1,0,1
2b975f8c-52.jpg,393.509,0.0,309.4908,101.6045,0,0,1,0,1,0,1,0,1,0,1,0,1
2b975f8c-52.jpg,1803.5892,103.1853,196.4108,375.5516,0,0,1,0,1,0,1,0,1,0,1,0,1
2b975f8c-52.jpg,1848.4535,445.0519,151.3627,457.1352,0,0,1,0,1,0,1,0,1,0,1,0,1
2b975f8c-52.jpg,0.0,48.6494,445.1119,407.7046,0,0,1,0,1,0,1,0,1,0,1,0,1
2b975f8c-52.jpg,392.4547,0.0,297.4456,89.3561,0,0,1,0,1,0,1,0,1,0,1,0,1
2b975f8c-52.jpg,1812.6995,136.4518,187.3005,346.8403,0,0,1,0,1,0,1,0,1,0,1,0,1
2b975f8c-52.jpg,1813.6396,159.1183,186.3604,319.0707,0,0,1,0,1,0,1,0,1,0,1,0,1
2b975f8c-52.jpg,1813.0518,121.0533,186.9482,359.462,0,0,1,0,1,0,1,0,1,0,1,0,1
2b975f8c-52.jpg,0.0,1230.918,578.1257,69.082,0,0,1,0,1,0,1,0,1,0,1,0,1
2b975f8c-52.jpg,1846.1389,433.2246,153.7152,423.5838,0,0,1,0,1,0,1,0,1,0,1,0,1
2b975f8c-52.jpg,1847.7489,439.6703,151.923,443.8137,0,0,1,0,1,0,1,0,1,0,1,0,1
2b975f8c-52.jpg,385.8139,0.0,330.0559,107.4375,0,0,1,0,1,0,1,0,1,0,1,0,1
2b975f8c-52.jpg,385.4534,0.0,330.8636,110.9565,0,0,1,0,1,0,1,0,1,0,1,0,1
2b975f8c-52.jpg,1808.6304,119.7658,191.3696,360.0645,0,0,1,0,1,0,1,0,1,0,1,0,1
2b975f8c-52.jpg,1812.1353,152.473,187.8647,324.7344,0,0,1,0,1,0,1,0,1,0,1,0,1
2b975f8c-52.jpg,0.4254,81.136,406.6208,364.9812,0,0,1,0,1,0,1,0,1,0,1,0,1
2b975f8c-52.jpg,1814.8363,149.0586,185.1637,328.6225,0,0,1,0,1,0,1,0,1,0,1,0,1
2b975f8c-52.jpg,1849.5138,442.1111,150.4862,475.1692,0,0,1,0,1,0,1,0,1,0,1,0,1
2b975f8c-52.jpg,0.0,1240.6183,551.9164,59.3817,0,0,1,0,1,0,1,0,1,0,1,0,1
2b975f8c-52.jpg,1848.53,447.0707,151.1536,425.1519,0,0,1,0,1,0,1,0,1,0,1,0,1
2b975f8c-52.jpg,1849.861,449.7466,150.139,439.1006,0,0,1,0,1,0,1,0,1,0,1,0,1
2b975f8c-52.jpg,1848.3776,441.5201,151.344,419.9698,0,0,1,0,1,0,1,0,1,0,1,0,1
2b975f8c-52.jpg,394.71,0.0,296.1478,94.7385,0,0,1,0,1,0,1,0,1,0,1,0,1
2b975f8c-52.jpg,354.7202,0.0,359.029,114.0912,0,0,1,0,1,0,1,0,1,0,1,0,1
2b975f8c-52.jpg,398.8999,0.0,295.0862,92.0982,0,0,1,0,1,0,1,0,1,0,1,0,1
2b975f8c-52.jpg,1848.0814,448.0921,151.9186,461.9306,0,0,1,0,1,0,1,0,1,0,1,0,1
2b975f8c-52.jpg,226.5509,1291.7659,238.2889,8.2341,0,0,1,0,1,0,1,0,1,0,1,0,1
2b975f8c-52.jpg,1850.8787,449.0451,149.1213,435.2197,0,0,1,0,1,0,1,0,1,0,1,0,1
2b975f8c-52.jpg,388.2435,0.0,328.2488,111.3315,0,0,1,0,1,0,1,0,1,0,1,0,1
2b975f8c-52.jpg,0.0,3.2011,415.7556,443.6719,0,0,1,0,1,0,1,0,1,0,1,0,1
2b975f8c-52.jpg,365.5539,0.0,357.1521,101.4491,0,0,1,0,1,0,1,0,1,0,1,0,1
2b975f8c-52.jpg,28.7697,1234.8792,517.1902,65.1208,0,0,1,0,1,0,1,0,1,0,1,0,1
2b975f8c-52.jpg,393.8001,0.0276,321.8867,68.2678,0,0,1,0,1,0,1,0,1,0,1,0,1
2b975f8c-52.jpg,1961.8313,0.0,37.3489,107.5936,0,0,1,0,1,0,1,0,1,0,1,0,1
2b975f8c-52.jpg,482.8517,0.1474,207.3505,39.1375,0,0,1,0,1,0,1,0,1,0,1,0,1
2b975f8c-52.jpg,182.557,1286.2476,409.2947,13.7524,0,0,1,0,1,0,1,0,1,0,1,0,1
2b975f8c-52.jpg,1958.3702,0.0,41.0614,111.2505,0,0,1,0,1,0,1,0,1,0,1,0,1
2b975f8c-52.jpg,0.0,15.8278,443.619,449.5707,0,0,1,0,1,0,1,0,1,0,1,0,1
2b975f8c-52.jpg,1972.0936,0.0,27.9037,114.4014,0,0,1,0,1,0,1,0,1,0,1,0,1
2b975f8c-52.jpg,1847.132,470.9084,152.868,438.263,0,0,1,0,1,0,1,0,1,0,1,0,1
2b975f8c-52.jpg,235.3269,1290.924,246.4895,9.076,0,0,1,0,1,0,1,0,1,0,1,0,1
2bfaa34c-259.jpg,51.2142,899.8251,331.3892,321.6722,1,1,1,0,1,0,1,0,1,0,1,0,1
2bfaa34c-259.jpg,159.7623,737.9061,277.2741,213.489,1,1,1,0,1,0,1,0,1,0,1,0,1
2bfaa34c-259.jpg,255.4069,557.9931,271.5731,231.9591,1,1,1,0,1,0,1,0,1,0,1,0,1
2bfaa34c-259.jpg,1484.6646,546.1931,272.6879,227.7698,1,1,1,0,1,0,1,0,1,0,1,0,1
2bfaa34c-259.jpg,1576.625,724.6495,259.4655,197.5261,1,1,1,0,1,0,1,0,1,0,1,0,1
2bfaa34c-259.jpg,1591.8149,867.4115,326.676,316.7755,2,1,1,1,1,0,1,0,1,0,1,0,1
2bfaa34c-259.jpg,1655.6333,1107.5415,327.5597,188.7961,0,0,1,0,1,0,1,0,1,0,1,0,1
2bfaa34c-259.jpg,1656.2502,1107.2748,319.5526,183.6385,0,0,1,0,1,0,1,0,1,0,1,0,1
2bfaa34c-259.jpg,1654.7743,1108.0713,325.3014,185.6176,0,0,1,0,1,0,1,0,1,0,1,0,1
2bfaa34c-259.jpg,1652.2898,1106.7059,328.8101,187.0785,0,0,1,0,1,0,1,0,1,0,1,0,1
2bfaa34c-259.jpg,1652.5254,1104.6487,328.6731,187.7322,0,0,1,0,1,0,1,0,1,0,1,0,1
2bfaa34c-259.jpg,1655.2274,1110.7869,308.6346,181.3328,0,0,1,0,1,0,1,0,1,0,1,0,1
2bfaa34c-259.jpg,1653.4105,1103.4976,317.9612,188.5083,0,0,1,0,1,0,1,0,1,0,1,0,1
2bfaa34c-259.jpg,1653.0576,1093.8958,297.604,205.0182,0,0,1,0,1,0,1,0,1,0,1,0,1
2bfaa34c-259.jpg,1655.6097,1101.632,321.3505,191.4778,0,0,1,0,1,0,1,0,1,0,1,0,1
2bfaa34c-259.jpg,1655.8713,1103.9031,318.285,194.8326,0,0,1,0,1,0,1,0,1,0,1,0,1
2bfaa34c-259.jpg,1656.7169,1098.4343,303.6122,199.4911,0,0,1,0,1,0,1,0,1,0,1,0,1
2bfaa34c-259.jpg,1655.1354,1101.3752,312.2516,192.7434,0,0,1,0,1,0,1,0,1,0,1,0,1
2bfaa34c-259.jpg,1656.6105,1096.2228,299.3622,203.6693,0,0,1,0,1,0,1,0,1,0,1,0,1
2bfaa34c-259.jpg,1653.6045,1102.2446,304.8535,197.306,0,0,1,0,1,0,1,0,1,0,1,0,1
2bfaa34c-259.jpg,1652.5614,1100.5085,322.2439,194.1329,0,0,1,0,1,0,1,0,1,0,1,0,1
2bfaa34c-259.jpg,1656.1025,1099.7064,314.9353,199.2039,0,0,1,0,1,0,1,0,1,0,1,0,1
2bfaa34c-259.jpg,1656.92,1102.7026,314.7843,196.0781,0,0,1,0,1,0,1,0,1,0,1,0,1
2bfaa34c-259.jpg,1651.2581,1098.0258,331.9458,201.9742,0,0,1,0,1,0,1,0,1,0,1,0,1
2bfaa34c-259.jpg,1652.147,1098.6583,324.1912,201.3417,0,0,1,0,1,0,1,0,1,0,1,0,1
2bfaa34c-259.jpg,1652.392,1090.958,252.8176,208.704,0,0,1,0,1,0,1,0,1,0,1,0,1
2bfaa34c-259.jpg,1657.1323,1106.187,316.761,193.0432,0,0,1,0,1,0,1,0,1,0,1,0,1
2bfaa34c-259.jpg,0.5061,440.7195,131.6086,394.2459,0,0,1,0,1,0,1,0,1,0,1,0,1
2bfaa34c-259.jpg,0.0803,438.1517,132.8627,400.2668,0,0,1,0,1,0,1,0,1,0,1,0,1
2bfaa34c-259.jpg,0.1922,420.2982,132.9402,430.3183,0,0,1,0,1,0,1,0,1,0,1,0,1
2bfaa34c-259.jpg,0.0,442.6226,131.5363,382.6499,0,0,1,0,1,0,1,0,1,0,1,0,1
2bfaa34c-259.jpg,0.0,444.1748,132.1063,379.7593,0,0,1,0,1,0,1,0,1,0,1,0,1
2bfaa34c-259.jpg,0.3252,447.9847,130.5179,389.0878,0,0,1,0,1,0,1,0,1,0,1,0,1
2bfaa34c-259.jpg,1652.4037,1103.406,312.8772,196.594,0,0,1,0,1,0,1,0,1,0,1,0,1
2bfaa34c-259.jpg,0.0477,447.0721,131.2343,379.6348,0,0,1,0,1,0,1,0,1,0,1,0,1
2bfaa34c-259.jpg,0.0,429.0241,133.4968,392.9991,0,0,1,0,1,0,1,0,1,0,1,0,1
2bfaa34c-259.jpg,0.0,419.0257,132.4777,425.1268,0,0,1,0,1,0,1,0,1,0,1,0,1
2bfaa34c-259.jpg,1660.1708,1108.5957,303.3058,190.2723,0,0,1,0,1,0,1,0,1,0,1,0,1
2bfaa34c-259.jpg,0.325,434.5235,132.4174,406.3383,0,0,1,0,1,0,1,0,1,0,1,0,1
2bfaa34c-259.jpg,0.1285,427.4231,133.6014,397.7417,0,0,1,0,1,0,1,0,1,0,1,0,1
2bfaa34c-259.jpg,0.3715,422.6652,133.9701,407.4647,0,0,1,0,1,0,1,0,1,0,1,0,1
2bfaa34c-259.jpg,0.1217,432.26,134.756,382.6463,0,0,1,0,1,0,1,0,1,0,1,0,1
2bfaa34c-259.jpg,1644.4045,1093.4067,287.7,206.5276,0,0,1,0,1,0,1,0,1,0,1,0,1
2bfaa34c-259.jpg,0.0,433.3659,132.666,396.3356,0,0,1,0,1,0,1,0,1,0,1,0,1
2bfaa34c-259.jpg,1652.6588,1099.5967,312.6111,197.3239,0,0,1,0,1,0,1,0,1,0,1,0,1
2bfaa34c-259.jpg,0.5822,457.0518,132.4065,353.9044,0,0,1,0,1,0,1,0,1,0,1,0,1
2bfaa34c-259.jpg,0.0,452.1267,135.0326,371.7772,0,0,1,0,1,0,1,0,1,0,1,0,1
2bfaa34c-259.jpg,1642.5062,1098.7377,357.4938,201.2623,0,0,1,0,1,0,1,0,1,0,1,0,1
2bfaa34c-259.jpg,0.4474,438.1379,134.8822,464.0835,0,0,1,0,1,0,1,0,1,0,1,0,1
2bfaa34c-259.jpg,1654.0039,1089.6096,279.7668,210.2122,0,0,1,0,1,0,1,0,1,0,1,0,1
2bfaa34c-259.jpg,1666.3175,1104.2185,307.6398,189.4888,0,0,1,0,1,0,1,0,1,0,1,0,1
2bfaa34c-259.jpg,1187.5264,0.1532,399.0911,42.6075,0,0,1,0,1,0,1,0,1,0,1,0,1
2bfaa34c-259.jpg,0.3619,435.4476,133.8058,381.3228,0,0,1,0,1,0,1,0,1,0,1,0,1
2bfaa34c-259.jpg,5.1391,1086.5068,323.7771,211.1649,0,0,1,0,1,0,1,0,1,0,1,0,1
2bfaa34c-259.jpg,1651.2211,1097.7941,342.8757,202.2059,0,0,1,0,1,0,1,0,1,0,1,0,1
2bfaa34c-259.jpg,1184.8159,0.086,368.8809,36.6586,0,0,1,0,1,0,1,0,1,0,1,0,1
2f7babeb-117.jpg,556.8293,497.8409,79.2798,81.2844,4,1,1,1,1,1,1,1,1,0,1,0,1
2f7babeb-117.jpg,546.282,564.9195,117.2633,123.0715,4,1,1,1,1,1,1,1,1,0,1,0,1
2f7babeb-117.jpg,624.7438,478.4199,191.0887,140.4132,2,1,1,1,1,0,1,0,1,0,1,0,1
2f7babeb-117.jpg,655.5842,601.2469,218.7073,125.97,1,1,1,0,1,0,1,0,1,0,1,0,1
2f7babeb-117.jpg,805.5186,468.3383,168.5455,164.4719,1,1,1,0,1,0,1,0,1,0,1,0,1
2f7babeb-117.jpg,861.694,603.6732,175.4324,157.649,1,1,1,0,1,0,1,0,1,0,1,0,1
2f7babeb-117.jpg,968.6869,472.0047,170.6561,171.6309,1,1,1,0,1,0,1,0,1,0,1,0,1
2f7babeb-117.jpg,1024.7219,596.2107,188.4691,199.7112,1,1,1,0,1,0,1,0,1,0,1,0,1
2f7babeb-117.jpg,1358.5605,632.8414,81.4718,123.9481,1,1,1,0,1,0,1,0,1,0,1,0,1
2f7babeb-117.jpg,1704.1812,373.8761,123.2616,215.6642,1,1,1,0,1,0,1,0,1,0,1,0,1
2f7babeb-117.jpg,0.0,370.8864,207.8852,339.9483,0,0,1,0,1,0,1,0,1,0,1,0,1
2f7babeb-117.jpg,0.0,0.0,101.0067,515.4067,0,0,1,0,1,0,1,0,1,0,1,0,1
2f7babeb-117.jpg,0.95,381.8562,209.4953,321.2223,0,0,1,0,1,0,1,0,1,0,1,0,1
2f7babeb-117.jpg,0.0,376.3686,208.8312,330.1211,0,0,1,0,1,0,1,0,1,0,1,0,1
2f7babeb-117.jpg,3.5355,381.1381,206.7461,321.9238,0,0,1,0,1,0,1,0,1,0,1,0,1
2f7babeb-117.jpg,750.0325,0.0722,254.8431,40.1644,0,0,1,0,1,0,1,0,1,0,1,0,1
2f7babeb-117.jpg,0.0068,0.0,101.5937,520.3522,0,0,1,0,1,0,1,0,1,0,1,0,1
2f7babeb-117.jpg,0.0006,0.0,109.9525,505.2412,0,0,1,0,1,0,1,0,1,0,1,0,1
2f7babeb-117.jpg,766.5895,0.0971,236.3647,39.7717,0,0,1,0,1,0,1,0,1,0,1,0,1
2f7babeb-117.jpg,0.1772,0.0,110.4955,498.5036,0,0,1,0,1,0,1,0,1,0,1,0,1
2f7babeb-117.jpg,731.9937,0.0608,244.6674,40.5315,0,0,1,0,1,0,1,0,1,0,1,0,1
2f7babeb-117.jpg,672.0584,0.1398,334.2652,46.276,0,0,1,0,1,0,1,0,1,0,1,0,1
2f7babeb-117.jpg,5.8159,370.4181,204.7907,334.8592,0,0,1,0,1,0,1,0,1,0,1,0,1
2f7babeb-117.jpg,0.0,0.0,99.6903,484.0364,0,0,1,0,1,0,1,0,1,0,1,0,1
2f7babeb-117.jpg,0.5089,0.0,106.5567,487.9306,0,0,1,0,1,0,1,0,1,0,1,0,1
2f7babeb-117.jpg,782.3074,0.1222,247.8148,26.8586,0,0,1,0,1,0,1,0,1,0,1,0,1
2f7babeb-117.jpg,0.0,375.5786,208.8506,333.5081,0,0,1,0,1,0,1,0,1,0,1,0,1
2f7babeb-117.jpg,0.1383,0.0,99.2772,505.4264,0,0,1,0,1,0,1,0,1,0,1,0,1
2f7babeb-117.jpg,0.0,334.2896,207.7847,373.4083,0,0,1,0,1,0,1,0,1,0,1,0,1
2f7babeb-117.jpg,774.0038,0.0077,243.7132,39.7021,0,0,1,0,1,0,1,0,1,0,1,0,1
2f7babeb-117.jpg,30.2631,373.2155,180.9644,325.9629,0,0,1,0,1,0,1,0,1,0,1,0,1
304a768a-10.jpg,478.2437,439.4687,245.4352,310.1419,2,1,1,1,1,0,1,0,1,0,1,0,1
304a768a-10.jpg,341.1074,511.4328,152.7669,210.9085,1,1,1,0,1,0,1,0,1,0,1,0,1
304a768a-10.jpg,270.0888,536.0558,89.1388,151.7954,1,1,1,0,1,0,1,0,1,0,1,0,1
304a768a-10.jpg,150.4041,527.6196,133.7812,183.6259,1,1,1,0,1,0,1,0,1,0,1,0,1
304a768a-10.jpg,48.2918,512.7734,109.6348,169.8955,1,1,1,0,1,0,1,0,1,0,1,0,1
304a768a-10.jpg,1402.3375,427.8345,230.4967,282.4116,2,1,1,1,1,0,1,0,1,0,1,0,1
304a768a-10.jpg,1328.563,572.8777,163.8895,246.3256,2,1,1,1,1,0,1,0,1,0,1,0,1
304a768a-10.jpg,1821.2456,431.7218,99.6799,157.3729,1,1,1,0,1,0,1,0,1,0,1,0,1
304a768a-10.jpg,1777.8927,581.1246,147.0116,147.1863,1,1,1,0,1,0,1,0,1,0,1,0,1
308f0530-211.jpg,174.3488,967.1358,277.2527,263.7073,1,1,1,0,1,0,1,0,1,0,1,0,1
308f0530-211.jpg,232.9566,746.4062,285.7739,296.496,1,1,1,0,1,0,1,0,1,0,1,0,1
308f0530-211.jpg,336.8147,590.4163,252.9471,210.1462,1,1,1,0,1,0,1,0,1,0,1,0,1
308f0530-211.jpg,1370.3739,473.7846,256.3397,210.9354,1,1,1,0,1,0,1,0,1,0,1,0,1
308f0530-211.jpg,1430.1479,651.3488,253.5162,198.1409,1,1,1,0,1,0,1,0,1,0,1,0,1
308f0530-211.jpg,1421.3704,828.0492,290.9995,277.7384,1,1,1,0,1,0,1,0,1,0,1,0,1
308f0530-211.jpg,1517.652,1023.8347,273.6084,245.0771,1,1,1,0,1,0,1,0,1,0,1,0,1
308f0530-211.jpg,0.0,889.7625,132.8787,335.566,0,0,1,0,1,0,1,0,1,0,1,0,1
308f0530-211.jpg,0.0,892.2642,130.2655,325.8735,0,0,1,0,1,0,1,0,1,0,1,0,1
308f0530-211.jpg,0.2544,1170.8877,206.0982,129.1123,0,0,1,0,1,0,1,0,1,0,1,0,1
308f0530-211.jpg,0.0,827.4177,134.5378,400.1508,0,0,1,0,1,0,1,0,1,0,1,0,1
308f0530-211.jpg,0.0,886.8754,131.608,345.2247,0,0,1,0,1,0,1,0,1,0,1,0,1
308f0530-211.jpg,0.0,1171.5565,211.7364,128.4435,0,0,1,0,1,0,1,0,1,0,1,0,1
308f0530-211.jpg,1857.1519,1075.9135,142.3667,210.3781,0,0,1,0,1,0,1,0,1,0,1,0,1
308f0530-211.jpg,1858.9718,1081.058,140.9576,206.6851,0,0,1,0,1,0,1,0,1,0,1,0,1
308f0530-211.jpg,0.0,1173.5105,214.3363,126.4895,0,0,1,0,1,0,1,0,1,0,1,0,1
308f0530-211.jpg,0.9857,1171.9445,205.7322,128.0555,0,0,1,0,1,0,1,0,1,0,1,0,1
308f0530-211.jpg,0.0,1171.3857,217.3026,128.5607,0,0,1,0,1,0,1,0,1,0,1,0,1
308f0530-211.jpg,1858.4758,1081.4883,140.7643,205.718,0,0,1,0,1,0,1,0,1,0,1,0,1
308f0530-211.jpg,0.0,1172.7207,211.458,127.2755,0,0,1,0,1,0,1,0,1,0,1,0,1
308f0530-211.jpg,0.1223,894.644,129.085,337.215,0,0,1,0,1,0,1,0,1,0,1,0,1
308f0530-211.jpg,0.1727,892.4418,128.9857,346.9026,0,0,1,0,1,0,1,0,1,0,1,0,1
308f0530-211.jpg,1802.459,658.5342,59.6611,113.091,0,0,1,0,1,0,1,0,1,0,1,0,1
308f0530-211.jpg,0.0741,885.5417,129.6988,341.235,0,0,1,0,1,0,1,0,1,0,1,0,1
308f0530-211.jpg,1857.0693,1078.6918,141.3655,206.674,0,0,1,0,1,0,1,0,1,0,1,0,1
308f0530-211.jpg,1860.0941,1080.6752,139.3356,203.6047,0,0,1,0,1,0,1,0,1,0,1,0,1
308f0530-211.jpg,0.0,828.4531,131.394,392.7872,0,0,1,0,1,0,1,0,1,0,1,0,1
308f0530-211.jpg,1861.334,1079.5413,138.646,205.5454,0,0,1,0,1,0,1,0,1,0,1,0,1
308f0530-211.jpg,1855.8735,1083.3937,142.8401,204.2902,0,0,1,0,1,0,1,0,1,0,1,0,1
308f0530-211.jpg,0.3562,1171.1638,202.5008,128.6769,0,0,1,0,1,0,1,0,1,0,1,0,1
308f0530-211.jpg,0.0,1171.2461,206.6011,128.7539,0,0,1,0,1,0,1,0,1,0,1,0,1
308f0530-211.jpg,0.0073,847.7693,129.8255,389.9464,0,0,1,0,1,0,1,0,1,0,1,0,1
308f0530-211.jpg,0.327,1171.5665,207.3655,128.4335,0,0,1,0,1,0,1,0,1,0,1,0,1
308f0530-211.jpg,1855.4297,1079.6718,143.4719,204.3932,0,0,1,0,1,0,1,0,1,0,1,0,1
308f0530-211.jpg,1.7401,1171.4181,202.5517,128.5819,0,0,1,0,1,0,1,0,1,0,1,0,1
308f0530-211.jpg,1868.5469,1078.3146,131.4531,209.3038,0,0,1,0,1,0,1,0,1,0,1,0,1
308f0530-211.jpg,1802.7378,644.3339,61.8607,128.7026,0,0,1,0,1,0,1,0,1,0,1,0,1
308f0530-211.jpg,1561.3049,1200.3044,192.9098,77.5798,0,0,1,0,1,0,1,0,1,0,1,0,1
308f0530-211.jpg,1564.5354,1195.9999,196.1349,80.9573,0,0,1,0,1,0,1,0,1,0,1,0,1
308f0530-211.jpg,1857.1553,1085.6897,142.8447,206.7166,0,0,1,0,1,0,1,0,1,0,1,0,1
308f0530-211.jpg,1799.5181,626.8193,65.0825,154.7397,0,0,1,0,1,0,1,0,1,0,1,0,1
308f0530-211.jpg,0.0,907.9382,133.2146,329.6616,0,0,1,0,1,0,1,0,1,0,1,0,1
308f0530-211.jpg,1858.2001,1084.1403,141.7999,209.2029,0,0,1,0,1,0,1,0,1,0,1,0,1
308f0530-211.jpg,0.0,0.0,23.2952,255.8506,0,0,1,0,1,0,1,0,1,0,1,0,1
308f0530-211.jpg,1562.042,1259.5693,184.0155,40.4307,0,0,1,0,1,0,1,0,1,0,1,0,1
308f0530-211.jpg,1570.3917,1192.5339,199.0392,82.2496,0,0,1,0,1,0,1,0,1,0,1,0,1
308f0530-211.jpg,1871.2893,1076.6427,128.7107,207.6284,0,0,1,0,1,0,1,0,1,0,1,0,1
308f0530-211.jpg,1469.787,1286.1434,402.2012,13.8566,0,0,1,0,1,0,1,0,1,0,1,0,1
308f0530-211.jpg,1307.4896,0.1556,279.4796,51.4832,0,0,1,0,1,0,1,0,1,0,1,0,1
308f0530-211.jpg,6.2946,938.5594,118.0455,136.5305,0,0,1,0,1,0,1,0,1,0,1,0,1
308f0530-211.jpg,0.0,0.0,57.9492,256.5291,0,0,1,0,1,0,1,0,1,0,1,0,1
308f0530-211.jpg,1596.1676,1250.5577,112.6171,43.4139,0,0,1,0,1,0,1,0,1,0,1,0,1
308f0530-211.jpg,274.0194,305.91,117.312,186.8624,0,0,1,0,1,0,1,0,1,0,1,0,1
308f0530-211.jpg,1560.283,1205.2832,190.4773,70.3336,0,0,1,0,1,0,1,0,1,0,1,0,1
308f0530-211.jpg,1566.4121,1260.6517,181.1926,39.2643,0,0,1,0,1,0,1,0,1,0,1,0,1
308f0530-211.jpg,1543.969,1216.1755,130.9531,58.2252,0,0,1,0,1,0,1,0,1,0,1,0,1
308f0530-211.jpg,1302.4642,0.1802,301.1443,58.472,0,0,1,0,1,0,1,0,1,0,1,0,1
3110e5d1-155.jpg,124.1054,35.0485,326.5701,272.6231,3,1,1,1,1,1,1,0,1,0,1,0,1
3110e5d1-155.jpg,206.3443,274.3192,353.3019,339.3867,4,1,1,1,1,1,1,1,1,0,1,0,1
3110e5d1-155.jpg,1447.2031,0.0,326.7196,268.8187,5,1,1,1,1,1,1,1,1,1,1,0,1
3110e5d1-155.jpg,1461.9437,247.4862,341.537,329.0782,5,1,1,1,1,1,1,1,1,1,1,0,1
3110e5d1-155.jpg,1403.1541,507.6604,267.3209,227.7847,1,1,1,0,1,0,1,0,1,0,1,0,1
3110e5d1-155.jpg,1.3283,1115.4371,317.6432,184.2384,0,0,1,0,1,0,1,0,1,0,1,0,1
3110e5d1-155.jpg,1846.359,889.8844,153.641,410.1156,0,0,1,0,1,0,1,0,1,0,1,0,1
3110e5d1-155.jpg,1845.0897,888.376,154.9103,411.624,0,0,1,0,1,0,1,0,1,0,1,0,1
3110e5d1-155.jpg,1925.5112,532.822,74.4888,433.9621,0,0,1,0,1,0,1,0,1,0,1,0,1
3110e5d1-155.jpg,1933.573,543.2479,66.427,398.4371,0,0,1,0,1,0,1,0,1,0,1,0,1
3110e5d1-155.jpg,1933.6874,539.6509,66.3126,394.8602,0,0,1,0,1,0,1,0,1,0,1,0,1
3110e5d1-155.jpg,2.4221,1110.9816,323.3832,188.955,0,0,1,0,1,0,1,0,1,0,1,0,1
3110e5d1-155.jpg,1837.7671,973.78,162.2329,326.22,0,0,1,0,1,0,1,0,1,0,1,0,1
3110e5d1-155.jpg,1918.948,539.824,81.052,449.264,0,0,1,0,1,0,1,0,1,0,1,0,1
3110e5d1-155.jpg,0.0,1104.4393,316.3024,195.5607,0,0,1,0,1,0,1,0,1,0,1,0,1
3110e5d1-155.jpg,1926.3289,535.0648,73.619,417.6281,0,0,1,0,1,0,1,0,1,0,1,0,1
3110e5d1-155.jpg,1941.9189,516.3167,58.0811,386.7688,0,0,1,0,1,0,1,0,1,0,1,0,1
3110e5d1-155.jpg,13.2124,1118.2614,297.8623,181.4532,0,0,1,0,1,0,1,0,1,0,1,0,1
3110e5d1-155.jpg,0.0,1132.6313,313.2733,167.3687,0,0,1,0,1,0,1,0,1,0,1,0,1
3110e5d1-155.jpg,1842.101,895.6333,157.899,404.3667,0,0,1,0,1,0,1,0,1,0,1,0,1
3110e5d1-155.jpg,1831.0238,896.0956,168.9762,403.9044,0,0,1,0,1,0,1,0,1,0,1,0,1
3110e5d1-155.jpg,1831.7891,900.0765,168.2109,399.9235,0,0,1,0,1,0,1,0,1,0,1,0,1
3110e5d1-155.jpg,1842.9878,805.8368,157.0122,494.1632,0,0,1,0,1,0,1,0,1,0,1,0,1
3110e5d1-155.jpg,1921.0194,544.0075,78.9688,428.152,0,0,1,0,1,0,1,0,1,0,1,0,1
3110e5d1-155.jpg,1911.9425,508.2116,88.0575,486.8793,0,0,1,0,1,0,1,0,1,0,1,0,1
3110e5d1-155.jpg,1848.5792,868.8307,151.4208,431.1693,0,0,1,0,1,0,1,0,1,0,1,0,1
3110e5d1-155.jpg,1932.8392,449.8721,67.1608,538.3105,0,0,1,0,1,0,1,0,1,0,1,0,1
3110e5d1-155.jpg,1834.2072,865.3046,165.7928,434.6954,0,0,1,0,1,0,1,0,1,0,1,0,1
3110e5d1-155.jpg,0.0,1089.1686,321.397,210.8314,0,0,1,0,1,0,1,0,1,0,1,0,1
3110e5d1-155.jpg,1847.3904,867.2975,152.6096,432.7025,0,0,1,0,1,0,1,0,1,0,1,0,1
3110e5d1-155.jpg,0.0,0.0,19.4168,258.9201,0,0,1,0,1,0,1,0,1,0,1,0,1
3110e5d1-155.jpg,1939.6804,512.3108,60.3196,400.3835,0,0,1,0,1,0,1,0,1,0,1,0,1
3110e5d1-155.jpg,1836.064,834.8684,163.936,465.1316,0,0,1,0,1,0,1,0,1,0,1,0,1
3110e5d1-155.jpg,1842.9973,913.776,157.0027,386.224,0,0,1,0,1,0,1,0,1,0,1,0,1
3110e5d1-155.jpg,1947.3525,482.713,52.6475,367.9146,0,0,1,0,1,0,1,0,1,0,1,0,1
3110e5d1-155.jpg,1921.8914,483.415,78.1086,524.1749,0,0,1,0,1,0,1,0,1,0,1,0,1
3110e5d1-155.jpg,1910.59,552.4953,89.41,463.6767,0,0,1,0,1,0,1,0,1,0,1,0,1
3110e5d1-155.jpg,1946.8035,451.6869,53.1965,334.5095,0,0,1,0,1,0,1,0,1,0,1,0,1
3110e5d1-155.jpg,0.0,551.8917,70.2843,395.0609,0,0,1,0,1,0,1,0,1,0,1,0,1
3110e5d1-155.jpg,1941.9014,431.5645,58.0986,524.1875,0,0,1,0,1,0,1,0,1,0,1,0,1
3110e5d1-155.jpg,8.0312,1142.4614,303.9179,157.5386,0,0,1,0,1,0,1,0,1,0,1,0,1
3110e5d1-155.jpg,1844.3909,810.2241,155.6091,489.7759,0,0,1,0,1,0,1,0,1,0,1,0,1
3110e5d1-155.jpg,0.0,0.0,54.8081,258.6755,0,0,1,0,1,0,1,0,1,0,1,0,1
3110e5d1-155.jpg,1915.1902,558.7726,84.8098,437.0831,0,0,1,0,1,0,1,0,1,0,1,0,1
3110e5d1-155.jpg,1830.9089,924.5087,169.0911,375.4913,0,0,1,0,1,0,1,0,1,0,1,0,1
3110e5d1-155.jpg,1910.9799,464.9489,89.0201,551.499,0,0,1,0,1,0,1,0,1,0,1,0,1
3110e5d1-155.jpg,1908.4958,500.4294,91.5042,530.4984,0,0,1,0,1,0,1,0,1,0,1,0,1
3110e5d1-155.jpg,0.0,508.1716,65.9567,439.3943,0,0,1,0,1,0,1,0,1,0,1,0,1
3110e5d1-155.jpg,29.5799,1114.1119,284.2731,185.2566,0,0,1,0,1,0,1,0,1,0,1,0,1
3110e5d1-155.jpg,116.8763,0.0,351.267,73.4045,0,0,1,0,1,0,1,0,1,0,1,0,1
3110e5d1-155.jpg,1524.275,0.074,196.0469,24.4634,0,0,1,0,1,0,1,0,1,0,1,0,1
3110e5d1-155.jpg,0.0,1129.5033,312.3124,170.3756,0,0,1,0,1,0,1,0,1,0,1,0,1
3110e5d1-155.jpg,1836.9387,839.8632,163.0613,460.1368,0,0,1,0,1,0,1,0,1,0,1,0,1
3110e5d1-155.jpg,1904.0822,529.4152,95.8362,439.5977,0,0,1,0,1,0,1,0,1,0,1,0,1
3110e5d1-155.jpg,1490.8092,0.0844,191.4736,26.3799,0,0,1,0,1,0,1,0,1,0,1,0,1
31921a82-125.jpg,172.6805,400.6704,209.7559,149.675,3,1,1,1,1,1,1,0,1,0,1,0,1
31921a82-125.jpg,181.1561,528.287,234.6864,132.2535,2,1,1,1,1,0,1,0,1,0,1,0,1
31921a82-125.jpg,372.883,436.566,249.6305,199.8698,2,1,1,1,1,0,1,0,1,0,1,0,1
31921a82-125.jpg,608.502,478.1804,247.0579,195.2375,2,1,1,1,1,0,1,0,1,0,1,0,1
31921a82-125.jpg,386.7995,599.1191,304.6638,182.6475,2,1,1,1,1,0,1,0,1,0,1,0,1
31921a82-125.jpg,657.4761,627.8264,264.4195,188.1924,2,1,1,1,1,0,1,0,1,0,1,0,1
31921a82-125.jpg,878.3121,407.3138,260.9463,294.9114,1,1,1,0,1,0,1,0,1,0,1,0,1
31921a82-125.jpg,1012.0083,625.1122,219.0288,266.6645,1,1,1,0,1,0,1,0,1,0,1,0,1
31921a82-125.jpg,1146.6985,448.0401,241.2856,268.0204,1,1,1,0,1,0,1,0,1,0,1,0,1
31921a82-125.jpg,1230.679,596.4604,200.6964,243.8519,1,1,1,0,1,0,1,0,1,0,1,0,1
31921a82-125.jpg,1626.4401,433.8004,224.6182,291.6853,1,1,1,0,1,0,1,0,1,0,1,0,1
31921a82-125.jpg,1876.7754,401.6705,79.3278,248.6478,2,1,1,1,1,0,1,0,1,0,1,0,1
31921a82-125.jpg,1784.0853,687.8436,84.2136,153.1717,2,1,1,1,1,0,1,0,1,0,1,0,1
31921a82-125.jpg,152.3697,431.8961,52.9545,88.7105,0,0,1,0,1,0,1,0,1,0,1,0,1
31921a82-125.jpg,152.727,438.8105,52.2101,79.4133,0,0,1,0,1,0,1,0,1,0,1,0,1
31921a82-125.jpg,151.832,435.3824,52.3724,86.6705,0,0,1,0,1,0,1,0,1,0,1,0,1
31921a82-125.jpg,153.0762,432.8546,54.3358,87.0557,0,0,1,0,1,0,1,0,1,0,1,0,1
31921a82-125.jpg,153.0608,426.5843,55.5509,95.9474,0,0,1,0,1,0,1,0,1,0,1,0,1
31921a82-125.jpg,151.8325,440.5637,51.5593,78.3172,0,0,1,0,1,0,1,0,1,0,1,0,1
31921a82-125.jpg,157.8752,424.6588,42.7385,84.4671,0,0,1,0,1,0,1,0,1,0,1,0,1
31921a82-125.jpg,144.1691,440.7847,59.4596,76.6855,0,0,1,0,1,0,1,0,1,0,1,0,1
31921a82-125.jpg,913.9557,656.4243,109.6735,112.3095,0,0,1,0,1,0,1,0,1,0,1,0,1
31921a82-125.jpg,350.7676,650.8388,51.1981,50.2894,0,0,1,0,1,0,1,0,1,0,1,0,1
31921a82-125.jpg,912.4834,662.4991,106.6988,104.3423,0,0,1,0,1,0,1,0,1,0,1,0,1
31921a82-125.jpg,158.2241,420.8707,47.6718,97.6086,0,0,1,0,1,0,1,0,1,0,1,0,1
31921a82-125.jpg,352.4225,644.7919,51.7433,57.9646,0,0,1,0,1,0,1,0,1,0,1,0,1
31921a82-125.jpg,159.9391,428.1234,41.1991,78.7288,0,0,1,0,1,0,1,0,1,0,1,0,1
31921a82-125.jpg,144.2679,444.8386,57.3493,73.53,0,0,1,0,1,0,1,0,1,0,1,0,1
31921a82-125.jpg,349.0591,653.9227,52.1191,49.7766,0,0,1,0,1,0,1,0,1,0,1,0,1
3325a022-38.jpg,616.713,399.9204,268.1544,300.4898,1,1,1,0,1,0,1,0,1,0,1,0,1
3325a022-38.jpg,873.2532,461.0936,257.3166,302.2798,1,1,1,0,1,0,1,0,1,0,1,0,1
3325a022-38.jpg,410.0357,466.2888,229.5188,231.0924,1,1,1,0,1,0,1,0,1,0,1,0,1
3325a022-38.jpg,1120.1681,415.0435,334.2159,337.8613,1,1,1,0,1,0,1,0,1,0,1,0,1
3325a022-38.jpg,1680.3253,422.0597,110.0212,286.3168,1,1,1,0,1,0,1,0,1,0,1,0,1
3325a022-38.jpg,1757.1113,382.8512,126.2524,264.5367,1,1,1,0,1,0,1,0,1,0,1,0,1
3325a022-38.jpg,1441.5365,388.2053,263.0425,326.518,1,1,1,0,1,0,1,0,1,0,1,0,1
3325a022-38.jpg,1739.7919,998.9782,259.8453,282.6234,0,0,1,0,1,0,1,0,1,0,1,0,1
3325a022-38.jpg,1732.447,1011.381,267.553,269.8246,0,0,1,0,1,0,1,0,1,0,1,0,1
3325a022-38.jpg,1672.6837,1062.8851,327.2194,216.6736,0,0,1,0,1,0,1,0,1,0,1,0,1
3325a022-38.jpg,1704.0823,1037.9116,295.9177,240.858,0,0,1,0,1,0,1,0,1,0,1,0,1
3325a022-38.jpg,1738.1069,1036.219,261.6669,247.8831,0,0,1,0,1,0,1,0,1,0,1,0,1
3325a022-38.jpg,0.0,368.813,37.4029,252.7319,0,0,1,0,1,0,1,0,1,0,1,0,1
3325a022-38.jpg,1728.1322,1050.2737,271.6797,231.9077,0,0,1,0,1,0,1,0,1,0,1,0,1
3415b7b1-178.jpg,251.985,583.9876,321.5103,294.8917,5,1,1,1,1,1,1,1,1,1,1,0,1
3415b7b1-178.jpg,198.5809,836.961,317.1822,303.3455,1,1,1,0,1,0,1,0,1,0,1,0,1
3415b7b1-178.jpg,390.5112,468.5026,254.9608,169.1529,1,1,1,0,1,0,1,0,1,0,1,0,1
3415b7b1-178.jpg,409.7924,347.2115,229.0782,193.0544,4,1,1,1,1,1,1,1,1,0,1,0,1
3415b7b1-178.jpg,459.808,158.1048,180.9082,224.6006,1,1,1,0,1,0,1,0,1,0,1,0,1
3415b7b1-178.jpg,1261.8684,131.0639,183.191,228.7839,1,1,1,0,1,0,1,0,1,0,1,0,1
3415b7b1-178.jpg,1178.4683,371.1509,196.2688,161.4312,3,1,1,1,1,1,1,0,1,0,1,0,1
3415b7b1-178.jpg,1316.8673,273.7811,227.2334,215.9883,2,1,1,1,1,0,1,0,1,0,1,0,1
3415b7b1-178.jpg,1322.9442,414.5759,341.261,320.9349,4,1,1,1,1,1,1,1,1,0,1,0,1
3415b7b1-178.jpg,1441.2699,678.2497,311.9164,275.0065,4,1,1,1,1,1,1,1,1,0,1,0,1
3415b7b1-178.jpg,1558.4207,902.9677,258.4811,262.8859,6,1,1,1,1,1,1,1,1,1,1,1,1
3415b7b1-178.jpg,1575.6823,1233.5696,263.8115,66.4304,0,0,1,0,1,0,1,0,1,0,1,0,1
3415b7b1-178.jpg,1573.2894,1230.6677,269.5436,68.9376,0,0,1,0,1,0,1,0,1,0,1,0,1
3415b7b1-178.jpg,1577.9614,1230.3047,261.6859,69.6953,0,0,1,0,1,0,1,0,1,0,1,0,1
3415b7b1-178.jpg,1581.4375,1232.7804,255.4882,67.2196,0,0,1,0,1,0,1,0,1,0,1,0,1
3415b7b1-178.jpg,1572.6434,1230.4895,272.8733,69.4081,0,0,1,0,1,0,1,0,1,0,1,0,1
3415b7b1-178.jpg,1581.6006,1233.035,256.0295,66.965,0,0,1,0,1,0,1,0,1,0,1,0,1
3415b7b1-178.jpg,1571.9181,1229.6633,277.7753,69.9786,0,0,1,0,1,0,1,0,1,0,1,0,1
3415b7b1-178.jpg,1574.3047,1229.3481,265.2869,70.5231,0,0,1,0,1,0,1,0,1,0,1,0,1
3415b7b1-178.jpg,1510.4738,1234.1464,362.2103,65.8536,0,0,1,0,1,0,1,0,1,0,1,0,1
3415b7b1-178.jpg,1510.233,1234.0525,371.1506,65.9475,0,0,1,0,1,0,1,0,1,0,1,0,1
3415b7b1-178.jpg,1526.6726,1235.267,356.0802,64.733,0,0,1,0,1,0,1,0,1,0,1,0,1
3415b7b1-178.jpg,1527.9492,1235.2274,364.1555,64.7726,0,0,1,0,1,0,1,0,1,0,1,0,1
3415b7b1-178.jpg,1573.1896,1240.0898,290.8927,59.7622,0,0,1,0,1,0,1,0,1,0,1,0,1
3415b7b1-178.jpg,1644.8885,1239.3486,184.3704,60.6514,0,0,1,0,1,0,1,0,1,0,1,0,1
3415b7b1-178.jpg,199.7758,1273.6587,173.4666,26.3413,0,0,1,0,1,0,1,0,1,0,1,0,1
3415b7b1-178.jpg,1572.2581,1234.0338,327.7469,65.9662,0,0,1,0,1,0,1,0,1,0,1,0,1
3415b7b1-178.jpg,1887.8143,521.1458,112.1857,501.5963,0,0,1,0,1,0,1,0,1,0,1,0,1
3415b7b1-178.jpg,429.9184,1226.0282,213.2104,73.3621,0,0,1,0,1,0,1,0,1,0,1,0,1
3415b7b1-178.jpg,1565.8845,1230.0107,298.432,69.9893,0,0,1,0,1,0,1,0,1,0,1,0,1
3415b7b1-178.jpg,428.7991,1224.3882,228.1944,75.2429,0,0,1,0,1,0,1,0,1,0,1,0,1
3415b7b1-178.jpg,421.6119,1221.464,251.4515,78.2684,0,0,1,0,1,0,1,0,1,0,1,0,1
3415b7b1-178.jpg,1880.6085,505.7745,119.3915,497.8824,0,0,1,0,1,0,1,0,1,0,1,0,1
3415b7b1-178.jpg,426.1378,1225.5709,231.6216,74.0547,0,0,1,0,1,0,1,0,1,0,1,0,1
3415b7b1-178.jpg,427.326,1225.1156,222.0126,74.8844,0,0,1,0,1,0,1,0,1,0,1,0,1
3415b7b1-178.jpg,193.7215,1274.6262,197.3488,25.3738,0,0,1,0,1,0,1,0,1,0,1,0,1
3415b7b1-178.jpg,429.0062,1225.327,217.5094,74.4735,0,0,1,0,1,0,1,0,1,0,1,0,1
3415b7b1-178.jpg,427.4591,1225.5244,226.9259,74.4646,0,0,1,0,1,0,1,0,1,0,1,0,1
3415b7b1-178.jpg,1891.3472,641.3669,108.6528,476.3048,0,0,1,0,1,0,1,0,1,0,1,0,1
3415b7b1-178.jpg,181.3652,1275.0817,190.7832,24.9183,0,0,1,0,1,0,1,0,1,0,1,0,1
3415b7b1-178.jpg,421.3907,1221.212,295.9019,78.316,0,0,1,0,1,0,1,0,1,0,1,0,1
3415b7b1-178.jpg,1516.0388,1233.7799,356.0186,66.2201,0,0,1,0,1,0,1,0,1,0,1,0,1
3415b7b1-178.jpg,189.4848,1270.9043,193.4858,28.9843,0,0,1,0,1,0,1,0,1,0,1,0,1
3415b7b1-178.jpg,430.3424,1225.5129,220.6917,74.2748,0,0,1,0,1,0,1,0,1,0,1,0,1
3415b7b1-178.jpg,1625.1228,1238.7148,205.1144,61.2852,0,0,1,0,1,0,1,0,1,0,1,0,1
3415b7b1-178.jpg,430.7843,1224.876,215.3745,74.7303,0,0,1,0,1,0,1,0,1,0,1,0,1
3415b7b1-178.jpg,1893.9415,637.0076,106.0585,481.3513,0,0,1,0,1,0,1,0,1,0,1,0,1
3415b7b1-178.jpg,1875.1349,473.0964,124.8651,493.5931,0,0,1,0,1,0,1,0,1,0,1,0,1
3415b7b1-178.jpg,406.2301,1204.4614,478.6654,95.5386,0,0,1,0,1,0,1,0,1,0,1,0,1
3415b7b1-178.jpg,1504.5435,1233.1011,377.1694,66.8989,0,0,1,0,1,0,1,0,1,0,1,0,1
3415b7b1-178.jpg,163.1512,1272.8402,215.6877,27.1321,0,0,1,0,1,0,1,0,1,0,1,0,1
3415b7b1-178.jpg,1895.6729,662.5134,104.3271,479.8858,0,0,1,0,1,0,1,0,1,0,1,0,1
3415b7b1-178.jpg,1631.3328,1239.354,213.5647,60.646,0,0,1,0,1,0,1,0,1,0,1,0,1
3415b7b1-178.jpg,202.9659,1276.7148,201.3933,23.2852,0,0,1,0,1,0,1,0,1,0,1,0,1
3415b7b1-178.jpg,407.8225,1207.9623,477.2637,92.0377,0,0,1,0,1,0,1,0,1,0,1,0,1
3415b7b1-178.jpg,1875.3093,500.3042,124.6216,505.1078,0,0,1,0,1,0,1,0,1,0,1,0,1
3415b7b1-178.jpg,1895.4224,532.2708,104.5776,537.2302,0,0,1,0,1,0,1,0,1,0,1,0,1
3415b7b1-178.jpg,1879.3938,517.7343,120.6062,415.8459,0,0,1,0,1,0,1,0,1,0,1,0,1
3415b7b1-178.jpg,1879.9984,510.1107,120.0016,417.0519,0,0,1,0,1,0,1,0,1,0,1,0,1
3415b7b1-178.jpg,1875.1423,520.22,124.8577,407.6283,0,0,1,0,1,0,1,0,1,0,1,0,1
3415b7b1-178.jpg,1573.6864,1231.9155,274.0703,68.0845,0,0,1,0,1,0,1,0,1,0,1,0,1
36cf3e90-180.jpg,1083.2134,396.0936,160.566,280.0895,1,1,1,0,1,0,1,0,1,0,1,0,1
36cf3e90-180.jpg,138.7079,0.0,455.4471,118.468,0,0,1,0,1,0,1,0,1,0,1,0,1
36cf3e90-180.jpg,141.4514,0.0,451.5244,118.7238,0,0,1,0,1,0,1,0,1,0,1,0,1
36cf3e90-180.jpg,123.4398,0.0,451.5864,118.3869,0,0,1,0,1,0,1,0,1,0,1,0,1
36cf3e90-180.jpg,127.9656,0.0,445.0497,118.2701,0,0,1,0,1,0,1,0,1,0,1,0,1
36cf3e90-180.jpg,139.1628,0.0,451.6785,118.8048,0,0,1,0,1,0,1,0,1,0,1,0,1
36cf3e90-180.jpg,129.4671,0.0,460.9097,118.6799,0,0,1,0,1,0,1,0,1,0,1,0,1
36cf3e90-180.jpg,164.6252,54.4268,391.6633,619.6074,0,0,1,0,1,0,1,0,1,0,1,0,1
36cf3e90-180.jpg,157.5009,0.2984,442.5297,117.4211,0,0,1,0,1,0,1,0,1,0,1,0,1
36cf3e90-180.jpg,149.3698,0.0923,457.9985,118.6812,0,0,1,0,1,0,1,0,1,0,1,0,1
36cf3e90-180.jpg,115.7162,0.0,461.3388,117.6754,0,0,1,0,1,0,1,0,1,0,1,0,1
36cf3e90-180.jpg,1024.601,123.5614,102.3075,142.0716,0,0,1,0,1,0,1,0,1,0,1,0,1
36cf3e90-180.jpg,200.0356,0.0226,364.0316,115.5583,0,0,1,0,1,0,1,0,1,0,1,0,1
36cf3e90-180.jpg,165.6617,59.523,387.8,606.4362,0,0,1,0,1,0,1,0,1,0,1,0,1
36cf3e90-180.jpg,185.527,0.9794,381.1307,117.2653,0,0,1,0,1,0,1,0,1,0,1,0,1
36cf3e90-180.jpg,162.1015,51.4426,392.3463,640.0114,0,0,1,0,1,0,1,0,1,0,1,0,1
36cf3e90-180.jpg,28.7718,36.334,175.113,582.1552,0,0,1,0,1,0,1,0,1,0,1,0,1
36cf3e90-180.jpg,181.2063,0.0,383.8253,116.0723,0,0,1,0,1,0,1,0,1,0,1,0,1
36cf3e90-180.jpg,303.3235,0.1583,545.0431,88.7851,0,0,1,0,1,0,1,0,1,0,1,0,1
36cf3e90-180.jpg,184.8701,0.0926,374.0075,116.2397,0,0,1,0,1,0,1,0,1,0,1,0,1
36cf3e90-180.jpg,659.2604,435.3039,87.855,262.9619,0,0,1,0,1,0,1,0,1,0,1,0,1
36cf3e90-180.jpg,31.5285,45.101,242.0583,578.0029,0,0,1,0,1,0,1,0,1,0,1,0,1
36cf3e90-180.jpg,174.509,0.2788,615.4786,101.1901,0,0,1,0,1,0,1,0,1,0,1,0,1
36cf3e90-180.jpg,30.124,37.1855,190.1497,566.6288,0,0,1,0,1,0,1,0,1,0,1,0,1
36cf3e90-180.jpg,217.7984,0.0,658.1904,107.3814,0,0,1,0,1,0,1,0,1,0,1,0,1
36cf3e90-180.jpg,165.3263,58.3356,391.1031,618.866,0,0,1,0,1,0,1,0,1,0,1,0,1
36cf3e90-180.jpg,506.5723,0.0,336.3608,83.3363,0,0,1,0,1,0,1,0,1,0,1,0,1
36cf3e90-180.jpg,126.9841,0.0,444.2793,116.5621,0,0,1,0,1,0,1,0,1,0,1,0,1
36cf3e90-180.jpg,1.35,13.6081,133.3455,616.8009,0,0,1,0,1,0,1,0,1,0,1,0,1
36cf3e90-180.jpg,514.0074,0.0,290.3935,84.6413,0,0,1,0,1,0,1,0,1,0,1,0,1
36cf3e90-180.jpg,167.8451,0.8784,394.1714,117.61,0,0,1,0,1,0,1,0,1,0,1,0,1
36cf3e90-180.jpg,164.0663,53.5288,387.7457,629.0389,0,0,1,0,1,0,1,0,1,0,1,0,1
36cf3e90-180.jpg,170.8653,0.0,388.9462,116.6916,0,0,1,0,1,0,1,0,1,0,1,0,1
36cf3e90-180.jpg,1028.5614,120.8061,98.2384,145.6072,0,0,1,0,1,0,1,0,1,0,1,0,1
36cf3e90-180.jpg,1028.0796,119.9266,110.4133,141.8761,0,0,1,0,1,0,1,0,1,0,1,0,1
36cf3e90-180.jpg,1025.6758,125.4962,98.624,137.8945,0,0,1,0,1,0,1,0,1,0,1,0,1
36cf3e90-180.jpg,132.9176,0.0368,434.9876,115.5006,0,0,1,0,1,0,1,0,1,0,1,0,1
36cf3e90-180.jpg,115.3517,0.0,474.8357,119.0443,0,0,1,0,1,0,1,0,1,0,1,0,1
36cf3e90-180.jpg,0.0,0.0,56.3805,249.86,0,0,1,0,1,0,1,0,1,0,1,0,1
36cf3e90-180.jpg,163.441,55.1703,389.0643,637.7939,0,0,1,0,1,0,1,0,1,0,1,0,1
36cf3e90-180.jpg,1024.0375,118.2473,115.8604,144.3628,0,0,1,0,1,0,1,0,1,0,1,0,1
36cf3e90-180.jpg,1024.4338,119.9931,117.7312,140.2686,0,0,1,0,1,0,1,0,1,0,1,0,1
36cf3e90-180.jpg,659.8307,436.3176,93.1356,267.3796,0,0,1,0,1,0,1,0,1,0,1,0,1
36cf3e90-180.jpg,31.7593,39.4543,250.054,566.853,0,0,1,0,1,0,1,0,1,0,1,0,1
36cf3e90-180.jpg,509.6441,0.0285,270.8235,81.8213,0,0,1,0,1,0,1,0,1,0,1,0,1
36cf3e90-180.jpg,31.2692,227.0555,160.8997,384.5211,0,0,1,0,1,0,1,0,1,0,1,0,1
36cf3e90-180.jpg,0.0,0.0,21.5598,250.5316,0,0,1,0,1,0,1,0,1,0,1,0,1
36cf3e90-180.jpg,0.2888,0.1109,210.9807,100.2159,0,0,1,0,1,0,1,0,1,0,1,0,1
36cf3e90-180.jpg,1025.2273,124.8476,101.9204,140.162,0,0,1,0,1,0,1,0,1,0,1,0,1
36cf3e90-180.jpg,1025.0269,119.9088,114.7617,141.0846,0,0,1,0,1,0,1,0,1,0,1,0,1
36cf3e90-180.jpg,505.1301,0.0,366.444,85.1052,0,0,1,0,1,0,1,0,1,0,1,0,1
381372b6-181.jpg,407.327,593.4333,172.721,117.2313,3,1,1,1,1,1,1,0,1,0,1,0,1
381372b6-181.jpg,389.7178,454.4973,119.0075,154.8483,1,1,1,0,1,0,1,0,1,0,1,0,1
381372b6-181.jpg,496.1026,520.1569,190.1389,151.248,1,1,1,0,1,0,1,0,1,0,1,0,1
381372b6-181.jpg,548.9141,647.894,262.3989,134.6345,3,1,1,1,1,1,1,0,1,0,1,0,1
381372b6-181.jpg,1905.3732,369.634,94.6268,276.7014,1,1,1,0,1,0,1,0,1,0,1,0,1
381372b6-181.jpg,1897.722,0.1736,102.278,86.9673,0,0,1,0,1,0,1,0,1,0,1,0,1
381372b6-181.jpg,0.0,0.0,6.2384,251.752,0,0,1,0,1,0,1,0,1,0,1,0,1
381372b6-181.jpg,1918.0204,0.0,81.6956,79.7478,0,0,1,0,1,0,1,0,1,0,1,0,1
381372b6-181.jpg,1877.3789,0.1117,122.6211,76.5936,0,0,1,0,1,0,1,0,1,0,1,0,1
381372b6-181.jpg,1885.6995,0.2673,114.3005,83.7072,0,0,1,0,1,0,1,0,1,0,1,0,1
381372b6-181.jpg,1242.1381,0.0,613.265,274.1256,0,0,1,0,1,0,1,0,1,0,1,0,1
381372b6-181.jpg,1910.115,0.0,89.8694,76.3844,0,0,1,0,1,0,1,0,1,0,1,0,1
381372b6-181.jpg,1499.8147,0.1955,500.1853,122.4505,0,0,1,0,1,0,1,0,1,0,1,0,1
381372b6-181.jpg,0.0,0.0,0.0,292.6954,0,0,1,0,1,0,1,0,1,0,1,0,1
381372b6-181.jpg,1236.6333,0.0,635.83,271.7152,0,0,1,0,1,0,1,0,1,0,1,0,1
381372b6-181.jpg,1948.0995,704.2024,51.9005,223.3751,0,0,1,0,1,0,1,0,1,0,1,0,1
381372b6-181.jpg,1899.3625,0.0,100.6375,87.273,0,0,1,0,1,0,1,0,1,0,1,0,1
381372b6-181.jpg,1941.7417,699.9938,58.2583,270.5327,0,0,1,0,1,0,1,0,1,0,1,0,1
381372b6-181.jpg,1853.481,0.2226,146.519,66.6298,0,0,1,0,1,0,1,0,1,0,1,0,1
381372b6-181.jpg,1507.3204,0.0,492.6796,126.0121,0,0,1,0,1,0,1,0,1,0,1,0,1
381372b6-181.jpg,1955.4318,702.0071,44.5682,208.0233,0,0,1,0,1,0,1,0,1,0,1,0,1
381372b6-181.jpg,1490.058,0.0,509.942,129.6252,0,0,1,0,1,0,1,0,1,0,1,0,1
381372b6-181.jpg,1433.5626,0.0794,566.4374,124.2343,0,0,1,0,1,0,1,0,1,0,1,0,1
381372b6-181.jpg,0.0,0.0,41.9051,256.4179,0,0,1,0,1,0,1,0,1,0,1,0,1
381372b6-181.jpg,1937.4865,35.7927,62.5135,128.3817,0,0,1,0,1,0,1,0,1,0,1,0,1
381372b6-181.jpg,1916.9498,0.0,83.0502,138.8063,0,0,1,0,1,0,1,0,1,0,1,0,1
381372b6-181.jpg,1251.5281,0.1014,601.6702,275.3218,0,0,1,0,1,0,1,0,1,0,1,0,1
381372b6-181.jpg,1862.5072,0.1738,137.0641,67.805,0,0,1,0,1,0,1,0,1,0,1,0,1
381372b6-181.jpg,1259.335,0.0,627.4246,278.9305,0,0,1,0,1,0,1,0,1,0,1,0,1
381372b6-181.jpg,1884.9999,0.0,115.0001,73.9804,0,0,1,0,1,0,1,0,1,0,1,0,1
381372b6-181.jpg,1956.7821,45.3727,43.2179,139.6682,0,0,1,0,1,0,1,0,1,0,1,0,1
381372b6-181.jpg,1974.5276,36.161,25.3345,146.9879,0,0,1,0,1,0,1,0,1,0,1,0,1
381372b6-181.jpg,1853.7163,0.0,146.2837,18.9412,0,0,1,0,1,0,1,0,1,0,1,0,1
381372b6-181.jpg,1255.7828,0.3722,604.1655,272.8127,0,0,1,0,1,0,1,0,1,0,1,0,1
381372b6-181.jpg,351.995,449.3081,64.4616,132.8874,0,0,1,0,1,0,1,0,1,0,1,0,1
381372b6-181.jpg,1422.0779,0.0,577.9221,134.9512,0,0,1,0,1,0,1,0,1,0,1,0,1
381372b6-181.jpg,1913.0887,0.0,86.9113,99.2609,0,0,1,0,1,0,1,0,1,0,1,0,1
3835a768-123.jpg,758.2693,465.3727,196.5352,238.9062,1,1,1,0,1,0,1,0,1,0,1,0,1
3835a768-123.jpg,731.9422,674.2142,170.7296,216.0323,1,1,1,0,1,0,1,0,1,0,1,0,1
3835a768-123.jpg,938.2985,541.3612,163.1407,168.6258,1,1,1,0,1,0,1,0,1,0,1,0,1
3835a768-123.jpg,1243.7935,550.7571,192.6553,138.1647,2,1,1,1,1,0,1,0,1,0,1,0,1
3835a768-123.jpg,1058.6293,678.8511,165.7024,161.8839,1,1,1,0,1,0,1,0,1,0,1,0,1
3835a768-123.jpg,1213.6976,669.2703,206.4246,132.021,1,1,1,0,1,0,1,0,1,0,1,0,1
3835a768-123.jpg,1425.9368,559.8578,72.564,83.0369,2,1,1,1,1,0,1,0,1,0,1,0,1
3835a768-123.jpg,1954.2635,416.1505,45.573,137.6106,0,0,1,0,1,0,1,0,1,0,1,0,1
3835a768-123.jpg,1947.9044,355.4314,52.0956,220.948,0,0,1,0,1,0,1,0,1,0,1,0,1
3835a768-123.jpg,1721.0984,667.0274,278.9016,341.9285,0,0,1,0,1,0,1,0,1,0,1,0,1
3835a768-123.jpg,1951.2959,412.2427,48.7041,153.6017,0,0,1,0,1,0,1,0,1,0,1,0,1
3835a768-123.jpg,1953.6676,364.6042,46.3324,213.7411,0,0,1,0,1,0,1,0,1,0,1,0,1
3835a768-123.jpg,1955.3356,418.5708,44.6481,144.3493,0,0,1,0,1,0,1,0,1,0,1,0,1
3835a768-123.jpg,1951.1234,400.4771,48.8766,181.7442,0,0,1,0,1,0,1,0,1,0,1,0,1
3835a768-123.jpg,1719.6458,657.2332,274.6394,353.4857,0,0,1,0,1,0,1,0,1,0,1,0,1
3835a768-123.jpg,1949.6891,394.8569,50.3109,168.0212,0,0,1,0,1,0,1,0,1,0,1,0,1
3835a768-123.jpg,1719.6415,670.5122,280.3585,338.4886,0,0,1,0,1,0,1,0,1,0,1,0,1
3835a768-123.jpg,1958.8755,417.9322,41.048,136.4392,0,0,1,0,1,0,1,0,1,0,1,0,1
3835a768-123.jpg,1947.9265,385.8731,52.0695,191.1555,0,0,1,0,1,0,1,0,1,0,1,0,1
3835a768-123.jpg,1720.0558,658.3781,277.9426,352.7336,0,0,1,0,1,0,1,0,1,0,1,0,1
3835a768-123.jpg,1947.0339,325.8171,52.9661,271.2115,0,0,1,0,1,0,1,0,1,0,1,0,1
3835a768-123.jpg,1720.4457,661.0513,279.5543,341.2697,0,0,1,0,1,0,1,0,1,0,1,0,1
3835a768-123.jpg,1720.3694,665.0018,279.6306,342.6628,0,0,1,0,1,0,1,0,1,0,1,0,1
3835a768-123.jpg,1950.5308,403.2236,49.3138,157.7242,0,0,1,0,1,0,1,0,1,0,1,0,1
3835a768-123.jpg,1953.6476,412.634,46.3524,149.9212,0,0,1,0,1,0,1,0,1,0,1,0,1
3835a768-123.jpg,1949.436,398.4925,50.564,227.3346,0,0,1,0,1,0,1,0,1,0,1,0,1
3835a768-123.jpg,1947.7794,396.3608,52.2206,178.7258,0,0,1,0,1,0,1,0,1,0,1,0,1
3835a768-123.jpg,1955.5504,415.9008,44.2932,140.4583,0,0,1,0,1,0,1,0,1,0,1,0,1
3835a768-123.jpg,1721.3608,671.071,267.5563,293.2379,0,0,1,0,1,0,1,0,1,0,1,0,1
3835a768-123.jpg,1942.179,377.8622,57.821,226.3096,0,0,1,0,1,0,1,0,1,0,1,0,1
3835a768-123.jpg,1957.6948,339.3849,42.3052,243.6733,0,0,1,0,1,0,1,0,1,0,1,0,1
3835a768-123.jpg,1718.3112,659.3589,281.2423,350.2003,0,0,1,0,1,0,1,0,1,0,1,0,1
3835a768-123.jpg,1951.2104,392.5673,48.7896,193.8463,0,0,1,0,1,0,1,0,1,0,1,0,1
3835a768-123.jpg,1947.4756,392.7757,52.5244,164.3398,0,0,1,0,1,0,1,0,1,0,1,0,1
3835a768-123.jpg,1944.2183,368.1385,55.7817,216.511,0,0,1,0,1,0,1,0,1,0,1,0,1
3835a768-123.jpg,1720.693,671.0377,215.7291,281.5489,0,0,1,0,1,0,1,0,1,0,1,0,1
3835a768-123.jpg,1721.2256,669.8729,267.3198,304.3641,0,0,1,0,1,0,1,0,1,0,1,0,1
3835a768-123.jpg,1947.7031,381.2144,52.2969,181.185,0,0,1,0,1,0,1,0,1,0,1,0,1
3835a768-123.jpg,1720.2366,657.7285,267.8196,353.9556,0,0,1,0,1,0,1,0,1,0,1,0,1
3835a768-123.jpg,1945.004,402.4773,54.9221,218.6007,0,0,1,0,1,0,1,0,1,0,1,0,1
3835a768-123.jpg,1944.667,354.2697,55.333,224.5409,0,0,1,0,1,0,1,0,1,0,1,0,1
3835a768-123.jpg,1721.4135,669.0854,278.5865,328.904,0,0,1,0,1,0,1,0,1,0,1,0,1
3835a768-123.jpg,1720.7615,670.0099,279.2385,335.3264,0,0,1,0,1,0,1,0,1,0,1,0,1
3835a768-123.jpg,1943.8633,395.0089,56.1367,230.2872,0,0,1,0,1,0,1,0,1,0,1,0,1
3835a768-123.jpg,1721.1578,670.5683,278.8422,339.866,0,0,1,0,1,0,1,0,1,0,1,0,1
3835a768-123.jpg,1719.2963,664.9579,280.7037,341.6199,0,0,1,0,1,0,1,0,1,0,1,0,1
3835a768-123.jpg,1721.3617,657.5839,278.6383,344.1378,0,0,1,0,1,0,1,0,1,0,1,0,1
3835a768-123.jpg,1961.4681,413.6879,38.1409,148.3202,0,0,1,0,1,0,1,0,1,0,1,0,1
3835a768-123.jpg,1720.1134,668.4847,279.8866,321.4355,0,0,1,0,1,0,1,0,1,0,1,0,1
3835a768-123.jpg,1950.2927,402.9029,49.7073,220.4401,0,0,1,0,1,0,1,0,1,0,1,0,1
38d34004-173.jpg,233.5002,451.3897,133.7189,238.5864,1,1,1,0,1,0,1,0,1,0,1,0,1
38d34004-173.jpg,525.817,617.7894,182.2026,170.4496,1,1,1,0,1,0,1,0,1,0,1,0,1
38d34004-173.jpg,1225.9667,362.5859,236.7236,265.0299,1,1,1,0,1,0,1,0,1,0,1,0,1
38d34004-173.jpg,1624.5375,587.5156,151.0269,171.7886,3,1,1,1,1,1,1,0,1,0,1,0,1
38d34004-173.jpg,1714.7341,559.5632,119.8864,98.7047,3,1,1,1,1,1,1,0,1,0,1,0,1
38d34004-173.jpg,554.747,0.0796,208.0118,27.3876,0,0,1,0,1,0,1,0,1,0,1,0,1
38d34004-173.jpg,528.49,0.0,249.5848,32.8149,0,0,1,0,1,0,1,0,1,0,1,0,1
38d34004-173.jpg,557.5482,0.1585,246.1572,40.7248,0,0,1,0,1,0,1,0,1,0,1,0,1
38d34004-173.jpg,518.4574,0.1294,201.2047,26.1383,0,0,1,0,1,0,1,0,1,0,1,0,1
38d34004-173.jpg,1816.3798,541.7205,88.8333,82.1119,0,0,1,0,1,0,1,0,1,0,1,0,1
38d34004-173.jpg,1810.8656,119.0112,189.1344,351.2228,0,0,1,0,1,0,1,0,1,0,1,0,1
38d34004-173.jpg,518.8333,0.1131,179.7972,25.6634,0,0,1,0,1,0,1,0,1,0,1,0,1
38d34004-173.jpg,538.6978,0.0,302.9423,44.855,0,0,1,0,1,0,1,0,1,0,1,0,1
38d34004-173.jpg,512.5807,0.1543,183.9764,25.6922,0,0,1,0,1,0,1,0,1,0,1,0,1
38d34004-173.jpg,451.1946,0.0,543.3036,58.1909,0,0,1,0,1,0,1,0,1,0,1,0,1
38d34004-173.jpg,564.4641,0.1215,247.3066,46.4931,0,0,1,0,1,0,1,0,1,0,1,0,1
38d34004-173.jpg,504.2383,0.0,218.9932,30.1482,0,0,1,0,1,0,1,0,1,0,1,0,1
38d34004-173.jpg,1816.941,113.6854,182.9091,389.9928,0,0,1,0,1,0,1,0,1,0,1,0,1
38d34004-173.jpg,42.9304,631.5497,61.4219,224.3453,0,0,1,0,1,0,1,0,1,0,1,0,1
38d34004-173.jpg,477.1742,0.0,554.4004,67.5342,0,0,1,0,1,0,1,0,1,0,1,0,1
38d34004-173.jpg,575.128,0.0,464.1196,80.0114,0,0,1,0,1,0,1,0,1,0,1,0,1
38d34004-173.jpg,517.3428,0.0,357.8917,53.4638,0,0,1,0,1,0,1,0,1,0,1,0,1
38d34004-173.jpg,1818.3845,542.9818,86.8439,89.9376,0,0,1,0,1,0,1,0,1,0,1,0,1
38d34004-173.jpg,493.7654,0.0,204.0108,30.4354,0,0,1,0,1,0,1,0,1,0,1,0,1
38d34004-173.jpg,41.1695,653.33,49.4504,191.3071,0,0,1,0,1,0,1,0,1,0,1,0,1
38d34004-173.jpg,44.019,622.9177,64.3137,240.3555,0,0,1,0,1,0,1,0,1,0,1,0,1
38d34004-173.jpg,568.6853,0.0376,220.7739,29.6364,0,0,1,0,1,0,1,0,1,0,1,0,1
38d34004-173.jpg,581.434,0.0206,424.7303,74.2519,0,0,1,0,1,0,1,0,1,0,1,0,1
3902c87a-245.jpg,7.8494,667.7178,166.1627,335.3666,1,1,1,0,1,0,1,0,1,0,1,0,1
3902c87a-245.jpg,1061.8793,363.6298,244.9525,326.7287,1,1,1,0,1,0,1,0,1,0,1,0,1
3902c87a-245.jpg,1283.0242,415.11,205.542,275.4281,1,1,1,0,1,0,1,0,1,0,1,0,1
3902c87a-245.jpg,1448.4503,602.4274,214.3511,170.5561,1,1,1,0,1,0,1,0,1,0,1,0,1
3902c87a-245.jpg,1471.8495,400.6685,210.2502,222.1653,1,1,1,0,1,0,1,0,1,0,1,0,1
3902c87a-245.jpg,0.1402,434.8609,38.8692,272.4017,0,0,1,0,1,0,1,0,1,0,1,0,1
3902c87a-245.jpg,1630.7048,503.4074,123.1476,119.3488,0,0,1,0,1,0,1,0,1,0,1,0,1
3902c87a-245.jpg,0.0,407.7,24.6977,279.7318,0,0,1,0,1,0,1,0,1,0,1,0,1
3902c87a-245.jpg,0.0,407.6751,25.0034,260.9388,0,0,1,0,1,0,1,0,1,0,1,0,1
3902c87a-245.jpg,1645.3335,503.0908,106.3286,99.0658,0,0,1,0,1,0,1,0,1,0,1,0,1
3902c87a-245.jpg,1647.7994,503.9084,104.0566,90.2033,0,0,1,0,1,0,1,0,1,0,1,0,1
3902c87a-245.jpg,1630.2013,502.9922,123.7603,123.0766,0,0,1,0,1,0,1,0,1,0,1,0,1
3902c87a-245.jpg,0.0,412.9333,27.5356,285.7664,0,0,1,0,1,0,1,0,1,0,1,0,1
3902c87a-245.jpg,0.0,480.0028,23.507,222.7343,0,0,1,0,1,0,1,0,1,0,1,0,1
3902c87a-245.jpg,0.0,425.8811,37.3167,281.4911,0,0,1,0,1,0,1,0,1,0,1,0,1
3902c87a-245.jpg,0.0376,471.5448,36.6836,235.8558,0,0,1,0,1,0,1,0,1,0,1,0,1
3902c87a-245.jpg,360.6122,0.0,446.1945,142.6075,0,0,1,0,1,0,1,0,1,0,1,0,1
3902c87a-245.jpg,0.0,503.1463,26.034,193.1915,0,0,1,0,1,0,1,0,1,0,1,0,1
3902c87a-245.jpg,0.0,403.8608,25.3963,265.8983,0,0,1,0,1,0,1,0,1,0,1,0,1
3902c87a-245.jpg,350.5942,0.0,452.6519,144.8026,0,0,1,0,1,0,1,0,1,0,1,0,1
3902c87a-245.jpg,1609.0471,503.1274,146.4546,138.6091,0,0,1,0,1,0,1,0,1,0,1,0,1
3902c87a-245.jpg,1664.9705,499.9361,88.3269,66.0875,0,0,1,0,1,0,1,0,1,0,1,0,1
3902c87a-245.jpg,1661.6937,504.4221,86.6611,65.0096,0,0,1,0,1,0,1,0,1,0,1,0,1
3902c87a-245.jpg,0.0,415.0602,24.4793,234.4965,0,0,1,0,1,0,1,0,1,0,1,0,1
3902c87a-245.jpg,378.4187,0.0,478.5594,129.5336,0,0,1,0,1,0,1,0,1,0,1,0,1
3902c87a-245.jpg,0.0744,488.071,36.7128,223.4339,0,0,1,0,1,0,1,0,1,0,1,0,1
3902c87a-245.jpg,0.0,397.1909,30.3508,247.1832,0,0,1,0,1,0,1,0,1,0,1,0,1
3902c87a-245.jpg,344.3871,0.017,444.9232,141.8639,0,0,1,0,1,0,1,0,1,0,1,0,1
3902c87a-245.jpg,376.4417,0.0,455.1738,141.0704,0,0,1,0,1,0,1,0,1,0,1,0,1
3902c87a-245.jpg,0.0,418.7161,32.4927,291.5039,0,0,1,0,1,0,1,0,1,0,1,0,1
3902c87a-245.jpg,1607.8994,517.2891,148.8667,140.7719,0,0,1,0,1,0,1,0,1,0,1,0,1
3902c87a-245.jpg,1655.8762,503.1788,95.4445,93.7639,0,0,1,0,1,0,1,0,1,0,1,0,1
3902c87a-245.jpg,0.0,422.6075,23.285,210.3291,0,0,1,0,1,0,1,0,1,0,1,0,1
3902c87a-245.jpg,329.7731,0.0,457.3707,147.6238,0,0,1,0,1,0,1,0,1,0,1,0,1
3902c87a-245.jpg,361.4642,0.0,468.2895,142.4928,0,0,1,0,1,0,1,0,1,0,1,0,1
3902c87a-245.jpg,0.0,414.2256,23.7823,291.0295,0,0,1,0,1,0,1,0,1,0,1,0,1
3902c87a-245.jpg,0.0,387.299,32.1718,273.5452,0,0,1,0,1,0,1,0,1,0,1,0,1
3902c87a-245.jpg,0.0,414.5085,28.57,202.2634,0,0,1,0,1,0,1,0,1,0,1,0,1
3902c87a-245.jpg,0.123,467.175,37.6119,264.562,0,0,1,0,1,0,1,0,1,0,1,0,1
3902c87a-245.jpg,1609.0336,527.8996,147.5891,128.8025,0,0,1,0,1,0,1,0,1,0,1,0,1
3902c87a-245.jpg,0.0,459.5707,23.7908,266.0307,0,0,1,0,1,0,1,0,1,0,1,0,1
3902c87a-245.jpg,1663.6658,501.9825,88.4376,65.8812,0,0,1,0,1,0,1,0,1,0,1,0,1
3902c87a-245.jpg,1649.9553,504.8577,99.5514,77.1845,0,0,1,0,1,0,1,0,1,0,1,0,1
3902c87a-245.jpg,751.0623,0.0,486.3885,102.772,0,0,1,0,1,0,1,0,1,0,1,0,1
3902c87a-245.jpg,1607.946,503.6743,147.9309,158.5609,0,0,1,0,1,0,1,0,1,0,1,0,1
3902c87a-245.jpg,373.9489,0.1732,479.6446,139.6012,0,0,1,0,1,0,1,0,1,0,1,0,1
3902c87a-245.jpg,431.5257,0.0,407.7671,151.8506,0,0,1,0,1,0,1,0,1,0,1,0,1
3902c87a-245.jpg,0.0,527.9277,36.1451,197.1763,0,0,1,0,1,0,1,0,1,0,1,0,1
3902c87a-245.jpg,0.0,426.7383,23.5776,289.9862,0,0,1,0,1,0,1,0,1,0,1,0,1
3902c87a-245.jpg,1610.9006,502.4083,158.3413,191.1877,0,0,1,0,1,0,1,0,1,0,1,0,1
3902c87a-245.jpg,408.3279,0.0,439.315,148.728,0,0,1,0,1,0,1,0,1,0,1,0,1
3902c87a-245.jpg,0.0,502.1463,35.3827,226.6068,0,0,1,0,1,0,1,0,1,0,1,0,1
3902c87a-245.jpg,0.0,441.5537,24.0133,282.9883,0,0,1,0,1,0,1,0,1,0,1,0,1
3902c87a-245.jpg,391.2459,0.0,447.0187,135.5515,0,0,1,0,1,0,1,0,1,0,1,0,1
3902c87a-245.jpg,404.8329,0.2284,464.6049,70.8429,0,0,1,0,1,0,1,0,1,0,1,0,1
3907e93b-236.jpg,218.2558,22.6403,318.9119,286.2979,4,1,1,1,1,1,1,1,1,0,1,0,1
3907e93b-236.jpg,267.5822,279.9951,327.5576,302.9945,3,1,1,1,1,1,1,0,1,0,1,0,1
3907e93b-236.jpg,353.9461,541.2594,259.3424,225.7572,1,1,1,0,1,0,1,0,1,0,1,0,1
3907e93b-236.jpg,1329.1578,715.1562,239.4006,236.8154,1,1,1,0,1,0,1,0,1,0,1,0,1
3907e93b-236.jpg,1438.3142,31.1419,317.6692,290.9041,3,1,1,1,1,1,1,0,1,0,1,0,1
3907e93b-236.jpg,0.0,0.0,69.106,394.2905,0,0,1,0,1,0,1,0,1,0,1,0,1
3907e93b-236.jpg,0.0,0.0,71.7589,418.2159,0,0,1,0,1,0,1,0,1,0,1,0,1
3907e93b-236.jpg,1935.6923,58.0011,64.3077,367.5289,0,0,1,0,1,0,1,0,1,0,1,0,1
3907e93b-236.jpg,1859.0349,0.0,140.9413,63.048,0,0,1,0,1,0,1,0,1,0,1,0,1
3907e93b-236.jpg,0.0,0.0,67.2533,366.1459,0,0,1,0,1,0,1,0,1,0,1,0,1
3907e93b-236.jpg,0.0,0.0,74.9519,401.4886,0,0,1,0,1,0,1,0,1,0,1,0,1
3907e93b-236.jpg,1939.3036,28.2674,60.6964,389.028,0,0,1,0,1,0,1,0,1,0,1,0,1
3907e93b-236.jpg,1931.8868,77.6112,68.1132,408.4934,0,0,1,0,1,0,1,0,1,0,1,0,1
3907e93b-236.jpg,0.0,0.0,74.9507,367.6029,0,0,1,0,1,0,1,0,1,0,1,0,1
3907e93b-236.jpg,1847.323,0.2991,152.677,68.7149,0,0,1,0,1,0,1,0,1,0,1,0,1
3907e93b-236.jpg,1861.0358,323.1029,138.9642,354.3579,0,0,1,0,1,0,1,0,1,0,1,0,1
3907e93b-236.jpg,1927.8845,54.7585,72.1155,347.3185,0,0,1,0,1,0,1,0,1,0,1,0,1
3907e93b-236.jpg,1850.5107,0.0,149.4893,63.1147,0,0,1,0,1,0,1,0,1,0,1,0,1
3907e93b-236.jpg,1927.5452,75.4168,72.3907,404.1909,0,0,1,0,1,0,1,0,1,0,1,0,1
3907e93b-236.jpg,0.012,0.0,75.0403,434.6548,0,0,1,0,1,0,1,0,1,0,1,0,1
3907e93b-236.jpg,0.0,243.98,139.6569,448.2459,0,0,1,0,1,0,1,0,1,0,1,0,1
3907e93b-236.jpg,1860.7032,320.7849,139.2968,358.4351,0,0,1,0,1,0,1,0,1,0,1,0,1
3907e93b-236.jpg,1854.7194,0.0,145.2806,62.0787,0,0,1,0,1,0,1,0,1,0,1,0,1
3907e93b-236.jpg,0.0475,0.0,75.2633,443.0325,0,0,1,0,1,0,1,0,1,0,1,0,1
3907e93b-236.jpg,1923.2102,100.5089,76.7517,419.1234,0,0,1,0,1,0,1,0,1,0,1,0,1
3907e93b-236.jpg,1926.3326,104.2325,73.6674,408.4042,0,0,1,0,1,0,1,0,1,0,1,0,1
3907e93b-236.jpg,1857.8438,0.0,142.1562,69.4527,0,0,1,0,1,0,1,0,1,0,1,0,1
3907e93b-236.jpg,0.0,0.0,63.6454,333.6892,0,0,1,0,1,0,1,0,1,0,1,0,1
3907e93b-236.jpg,1921.7064,17.236,78.2936,386.9348,0,0,1,0,1,0,1,0,1,0,1,0,1
3907e93b-236.jpg,1863.1851,297.1483,136.8149,386.3381,0,0,1,0,1,0,1,0,1,0,1,0,1
3907e93b-236.jpg,0.0,292.7846,143.2705,385.2463,0,0,1,0,1,0,1,0,1,0,1,0,1
3907e93b-236.jpg,0.0,264.8795,142.0234,433.8621,0,0,1,0,1,0,1,0,1,0,1,0,1
3907e93b-236.jpg,0.1115,0.0,74.3875,339.7866,0,0,1,0,1,0,1,0,1,0,1,0,1
3907e93b-236.jpg,1843.1508,0.0356,156.8492,61.4662,0,0,1,0,1,0,1,0,1,0,1,0,1
3907e93b-236.jpg,0.0819,0.0,75.7195,460.0539,0,0,1,0,1,0,1,0,1,0,1,0,1
3907e93b-236.jpg,1858.7063,344.367,141.2937,334.2391,0,0,1,0,1,0,1,0,1,0,1,0,1
3907e93b-236.jpg,0.0,240.7142,139.1794,442.7923,0,0,1,0,1,0,1,0,1,0,1,0,1
3907e93b-236.jpg,0.0,0.0,71.8467,511.5779,0,0,1,0,1,0,1,0,1,0,1,0,1
3907e93b-236.jpg,1846.554,0.0,152.9148,72.7568,0,0,1,0,1,0,1,0,1,0,1,0,1
3907e93b-236.jpg,1944.0518,26.9017,55.9482,374.2401,0,0,1,0,1,0,1,0,1,0,1,0,1
3907e93b-236.jpg,1867.3312,203.5953,132.6538,484.6876,0,0,1,0,1,0,1,0,1,0,1,0,1
3907e93b-236.jpg,1823.7638,0.1187,176.2362,60.6162,0,0,1,0,1,0,1,0,1,0,1,0,1
3907e93b-236.jpg,1866.0245,210.5824,133.9755,482.0706,0,0,1,0,1,0,1,0,1,0,1,0,1
3907e93b-236.jpg,1853.6669,445.373,146.3331,246.2051,0,0,1,0,1,0,1,0,1,0,1,0,1
3907e93b-236.jpg,1868.1454,0.0,131.8309,70.2861,0,0,1,0,1,0,1,0,1,0,1,0,1
3907e93b-236.jpg,1853.2063,0.0,146.4713,65.8421,0,0,1,0,1,0,1,0,1,0,1,0,1
3907e93b-236.jpg,1917.6316,124.8239,82.3684,409.0472,0,0,1,0,1,0,1,0,1,0,1,0,1
3907e93b-236.jpg,1862.4471,300.0197,137.5529,387.4137,0,0,1,0,1,0,1,0,1,0,1,0,1
3907e93b-236.jpg,0.0,0.0,63.5254,450.3039,0,0,1,0,1,0,1,0,1,0,1,0,1
3907e93b-236.jpg,0.0,0.0,84.4423,577.9112,0,0,1,0,1,0,1,0,1,0,1,0,1
3907e93b-236.jpg,1857.9012,273.6294,142.0988,421.0018,0,0,1,0,1,0,1,0,1,0,1,0,1
3907e93b-236.jpg,1868.3071,0.0,131.6929,58.6542,0,0,1,0,1,0,1,0,1,0,1,0,1
3907e93b-236.jpg,1941.5577,28.9472,58.4423,509.2069,0,0,1,0,1,0,1,0,1,0,1,0,1
3907e93b-236.jpg,0.0,0.0,59.0029,417.815,0,0,1,0,1,0,1,0,1,0,1,0,1
3907e93b-236.jpg,1859.947,356.0395,140.053,341.2146,0,0,1,0,1,0,1,0,1,0,1,0,1
3a073fb2-283.jpg,169.5193,942.9174,303.2687,247.4633,2,1,1,1,1,0,1,0,1,0,1,0,1
3a073fb2-283.jpg,234.4792,751.2098,295.1587,274.3429,2,1,1,1,1,0,1,0,1,0,1,0,1
3a073fb2-283.jpg,324.9316,603.4253,260.2733,206.4416,1,1,1,0,1,0,1,0,1,0,1,0,1
3a073fb2-283.jpg,337.9046,409.4815,279.073,233.4394,2,1,1,1,1,0,1,0,1,0,1,0,1
3a073fb2-283.jpg,491.5772,289.764,205.4459,216.0358,1,1,1,0,1,0,1,0,1,0,1,0,1
3a073fb2-283.jpg,608.5663,182.5536,184.5262,180.5217,1,1,1,0,1,0,1,0,1,0,1,0,1
3a073fb2-283.jpg,781.692,142.0737,249.9987,190.41,1,1,1,0,1,0,1,0,1,0,1,0,1
3a073fb2-283.jpg,1011.8312,178.3308,247.49,220.4314,1,1,1,0,1,0,1,0,1,0,1,0,1
3a073fb2-283.jpg,1240.2108,232.3565,202.8147,183.0594,1,1,1,0,1,0,1,0,1,0,1,0,1
3a073fb2-283.jpg,1392.1169,281.494,209.9189,217.5399,1,1,1,0,1,0,1,0,1,0,1,0,1
3a073fb2-283.jpg,1388.2616,466.0418,281.5157,204.9244,1,1,1,0,1,0,1,0,1,0,1,0,1
3a073fb2-283.jpg,1427.1932,643.2773,269.4147,180.876,1,1,1,0,1,0,1,0,1,0,1,0,1
3a073fb2-283.jpg,1455.2357,783.6614,299.459,264.7976,1,1,1,0,1,0,1,0,1,0,1,0,1
3a073fb2-283.jpg,1470.6322,994.1998,301.9009,227.2534,2,1,1,1,1,0,1,0,1,0,1,0,1
3a073fb2-283.jpg,0.0,0.0,118.2381,280.5742,0,0,1,0,1,0,1,0,1,0,1,0,1
3a073fb2-283.jpg,1731.9865,0.0,268.0135,269.9928,0,0,1,0,1,0,1,0,1,0,1,0,1
3a073fb2-283.jpg,1928.9639,528.015,71.0361,366.2205,0,0,1,0,1,0,1,0,1,0,1,0,1
3a073fb2-283.jpg,0.0,0.0,120.234,284.2692,0,0,1,0,1,0,1,0,1,0,1,0,1
3a073fb2-283.jpg,0.0,0.0,118.5546,243.9751,0,0,1,0,1,0,1,0,1,0,1,0,1
3a073fb2-283.jpg,1926.0433,628.126,73.9567,225.5298,0,0,1,0,1,0,1,0,1,0,1,0,1
3a073fb2-283.jpg,1928.2404,631.3606,71.7596,254.0508,0,0,1,0,1,0,1,0,1,0,1,0,1
3a073fb2-283.jpg,1926.7676,523.2981,73.2324,403.9252,0,0,1,0,1,0,1,0,1,0,1,0,1
3a073fb2-283.jpg,1934.3046,608.7283,65.6954,264.2171,0,0,1,0,1,0,1,0,1,0,1,0,1
3a073fb2-283.jpg,0.0,0.0,115.8795,284.9452,0,0,1,0,1,0,1,0,1,0,1,0,1
3a073fb2-283.jpg,1738.7671,0.0,261.2329,291.9671,0,0,1,0,1,0,1,0,1,0,1,0,1
3a073fb2-283.jpg,1737.6488,0.0,250.4432,282.2056,0,0,1,0,1,0,1,0,1,0,1,0,1
3a073fb2-283.jpg,1927.9703,538.9482,72.0297,354.7258,0,0,1,0,1,0,1,0,1,0,1,0,1
3a073fb2-283.jpg,1549.7239,0.0822,168.0427,30.7649,0,0,1,0,1,0,1,0,1,0,1,0,1
3a073fb2-283.jpg,1931.3805,634.9388,68.6195,252.1946,0,0,1,0,1,0,1,0,1,0,1,0,1
3a073fb2-283.jpg,1925.9772,628.5385,73.7659,254.1808,0,0,1,0,1,0,1,0,1,0,1,0,1
3a073fb2-283.jpg,1734.3203,0.0,256.1721,281.3983,0,0,1,0,1,0,1,0,1,0,1,0,1
3a073fb2-283.jpg,0.0,0.0,117.8426,240.5796,0,0,1,0,1,0,1,0,1,0,1,0,1
3a073fb2-283.jpg,1741.1776,0.5911,258.2057,299.1956,0,0,1,0,1,0,1,0,1,0,1,0,1
3a073fb2-283.jpg,1735.1896,0.0,264.65,280.173,0,0,1,0,1,0,1,0,1,0,1,0,1
3a073fb2-283.jpg,1747.0768,0.0,252.3082,303.9942,0,0,1,0,1,0,1,0,1,0,1,0,1
3a073fb2-283.jpg,1925.9379,631.4323,74.0621,259.2369,0,0,1,0,1,0,1,0,1,0,1,0,1
3a073fb2-283.jpg,0.0208,0.0,114.8854,271.1778,0,0,1,0,1,0,1,0,1,0,1,0,1
3a073fb2-283.jpg,0.0,0.0,119.8804,224.7098,0,0,1,0,1,0,1,0,1,0,1,0,1
3a073fb2-283.jpg,0.0,0.0,111.548,269.7788,0,0,1,0,1,0,1,0,1,0,1,0,1
3a073fb2-283.jpg,1777.9717,0.7985,222.0283,305.5086,0,0,1,0,1,0,1,0,1,0,1,0,1
3a073fb2-283.jpg,1925.6691,538.8648,74.3309,384.6783,0,0,1,0,1,0,1,0,1,0,1,0,1
3a073fb2-283.jpg,1930.4756,560.6772,69.5244,331.4296,0,0,1,0,1,0,1,0,1,0,1,0,1
3a073fb2-283.jpg,1734.0706,0.0,257.5795,298.5314,0,0,1,0,1,0,1,0,1,0,1,0,1
3a073fb2-283.jpg,1775.512,0.0,224.488,297.0222,0,0,1,0,1,0,1,0,1,0,1,0,1
3a073fb2-283.jpg,1737.6035,0.0,251.2609,293.3893,0,0,1,0,1,0,1,0,1,0,1,0,1
3a073fb2-283.jpg,1924.3585,630.2057,75.6415,256.8674,0,0,1,0,1,0,1,0,1,0,1,0,1
3a073fb2-283.jpg,1536.9108,0.1116,177.849,31.6325,0,0,1,0,1,0,1,0,1,0,1,0,1
3a073fb2-283.jpg,0.0,0.0,117.3974,283.5695,0,0,1,0,1,0,1,0,1,0,1,0,1
3a073fb2-283.jpg,1760.4991,1.0363,239.5009,305.0367,0,0,1,0,1,0,1,0,1,0,1,0,1
3a073fb2-283.jpg,1923.0831,527.1023,76.9169,389.324,0,0,1,0,1,0,1,0,1,0,1,0,1
3a073fb2-283.jpg,0.0,0.4767,125.364,268.4097,0,0,1,0,1,0,1,0,1,0,1,0,1
3a073fb2-283.jpg,1923.5477,512.6177,76.4523,405.2248,0,0,1,0,1,0,1,0,1,0,1,0,1
3a073fb2-283.jpg,1742.7615,0.0,256.7531,303.4438,0,0,1,0,1,0,1,0,1,0,1,0,1
3a073fb2-283.jpg,1567.6401,0.0552,157.2582,26.6333,0,0,1,0,1,0,1,0,1,0,1,0,1
3a073fb2-283.jpg,1422.2877,0.0,316.4683,43.089,0,0,1,0,1,0,1,0,1,0,1,0,1
3a073fb2-283.jpg,1824.2726,0.0,175.7274,306.7525,0,0,1,0,1,0,1,0,1,0,1,0,1
3a073fb2-283.jpg,1929.7866,565.587,70.2134,328.6456,0,0,1,0,1,0,1,0,1,0,1,0,1
3a073fb2-283.jpg,1922.2548,633.9053,77.0985,257.9148,0,0,1,0,1,0,1,0,1,0,1,0,1
3a073fb2-283.jpg,1789.1613,0.8711,210.8387,305.1234,0,0,1,0,1,0,1,0,1,0,1,0,1
3a073fb2-283.jpg,1488.4282,0.0,247.7925,42.2074,0,0,1,0,1,0,1,0,1,0,1,0,1
3a073fb2-283.jpg,1542.4292,0.0937,194.161,37.0658,0,0,1,0,1,0,1,0,1,0,1,0,1
3a073fb2-283.jpg,1741.9257,0.0,258.0743,287.4807,0,0,1,0,1,0,1,0,1,0,1,0,1
3a073fb2-283.jpg,0.0014,0.0,116.213,264.8969,0,0,1,0,1,0,1,0,1,0,1,0,1
3a073fb2-283.jpg,0.0,1251.5549,181.6463,48.4451,0,0,1,0,1,0,1,0,1,0,1,0,1
3a08245d-69.jpg,100.8303,1094.8314,321.5644,205.1686,2,1,1,1,1,0,1,0,1,0,1,0,1
3a08245d-69.jpg,141.3815,878.0565,348.7744,289.0467,3,1,1,1,1,1,1,0,1,0,1,0,1
3a08245d-69.jpg,238.8618,703.2446,240.6754,199.7887,1,1,1,0,1,0,1,0,1,0,1,0,1
3a08245d-69.jpg,303.3247,502.4309,287.299,231.2109,3,1,1,1,1,1,1,0,1,0,1,0,1
3a08245d-69.jpg,1441.1732,630.099,255.9948,210.3683,1,1,1,0,1,0,1,0,1,0,1,0,1
3a08245d-69.jpg,1475.3285,785.1834,330.7961,344.7541,3,1,1,1,1,1,1,0,1,0,1,0,1
3a08245d-69.jpg,1540.9265,1048.4744,330.4379,251.5256,3,1,1,1,1,1,1,0,1,0,1,0,1
3a08245d-69.jpg,81.8645,1281.9756,486.6521,18.0244,0,0,1,0,1,0,1,0,1,0,1,0,1
3a08245d-69.jpg,0.0,1280.0262,493.1717,19.9738,0,0,1,0,1,0,1,0,1,0,1,0,1
3a08245d-69.jpg,1396.8459,1277.5878,521.4083,22.4122,0,0,1,0,1,0,1,0,1,0,1,0,1
3a08245d-69.jpg,42.9589,1279.6025,494.0606,20.3975,0,0,1,0,1,0,1,0,1,0,1,0,1
3a08245d-69.jpg,0.0,1278.9879,492.5142,21.0121,0,0,1,0,1,0,1,0,1,0,1,0,1
3a08245d-69.jpg,85.1053,1283.4471,502.5772,16.5529,0,0,1,0,1,0,1,0,1,0,1,0,1
3a08245d-69.jpg,0.0,1282.8619,475.7244,17.1381,0,0,1,0,1,0,1,0,1,0,1,0,1
3a08245d-69.jpg,1422.7106,1278.3442,509.774,21.6558,0,0,1,0,1,0,1,0,1,0,1,0,1
3a08245d-69.jpg,1468.5808,1280.4485,493.293,19.5515,0,0,1,0,1,0,1,0,1,0,1,0,1
3a08245d-69.jpg,1356.3948,1278.7953,569.1731,21.2047,0,0,1,0,1,0,1,0,1,0,1,0,1
3a08245d-69.jpg,0.0,1285.6521,445.6879,14.3479,0,0,1,0,1,0,1,0,1,0,1,0,1
3a08245d-69.jpg,1493.2909,1283.2625,483.1963,16.7375,0,0,1,0,1,0,1,0,1,0,1,0,1
3a08245d-69.jpg,94.4058,1286.1173,512.6575,13.8827,0,0,1,0,1,0,1,0,1,0,1,0,1
3a08245d-69.jpg,1397.8269,1269.8663,507.9952,30.1337,0,0,1,0,1,0,1,0,1,0,1,0,1
3a08245d-69.jpg,1522.96,1286.0098,477.04,13.9902,0,0,1,0,1,0,1,0,1,0,1,0,1
3a08245d-69.jpg,1557.7118,1260.7198,297.7932,39.2802,0,0,1,0,1,0,1,0,1,0,1,0,1
3a08245d-69.jpg,1483.3466,1278.2255,394.2932,21.7745,0,0,1,0,1,0,1,0,1,0,1,0,1
3a08245d-69.jpg,1314.9259,1281.8719,580.1201,18.1281,0,0,1,0,1,0,1,0,1,0,1,0,1
3a08245d-69.jpg,1483.113,1277.1431,408.5492,22.8569,0,0,1,0,1,0,1,0,1,0,1,0,1
3a08245d-69.jpg,1492.7758,1275.3417,415.0402,24.6583,0,0,1,0,1,0,1,0,1,0,1,0,1
3a08245d-69.jpg,1563.8364,1263.1123,303.7686,36.8877,0,0,1,0,1,0,1,0,1,0,1,0,1
3a08245d-69.jpg,1342.1949,1269.6479,595.3712,30.3521,0,0,1,0,1,0,1,0,1,0,1,0,1
3a08245d-69.jpg,1720.7804,1278.9904,158.9874,21.0096,0,0,1,0,1,0,1,0,1,0,1,0,1
3a08245d-69.jpg,1863.1315,0.0,136.8685,378.7247,0,0,1,0,1,0,1,0,1,0,1,0,1
3a08245d-69.jpg,0.0,1285.667,400.3521,14.333,0,0,1,0,1,0,1,0,1,0,1,0,1
3a08245d-69.jpg,1832.1909,0.0,167.4426,282.4124,0,0,1,0,1,0,1,0,1,0,1,0,1
3a08245d-69.jpg,1862.328,0.0,137.672,403.5787,0,0,1,0,1,0,1,0,1,0,1,0,1
3a08245d-69.jpg,0.0,0.0,12.4271,254.1342,0,0,1,0,1,0,1,0,1,0,1,0,1
3a08245d-69.jpg,1514.5884,1271.2905,440.9851,28.7095,0,0,1,0,1,0,1,0,1,0,1,0,1
3a08245d-69.jpg,1701.8488,1277.8528,179.3145,22.1472,0,0,1,0,1,0,1,0,1,0,1,0,1
3a08245d-69.jpg,1711.8911,1279.0128,169.4031,20.9872,0,0,1,0,1,0,1,0,1,0,1,0,1
3a08245d-69.jpg,1860.5835,0.0,139.4165,391.9912,0,0,1,0,1,0,1,0,1,0,1,0,1
3a08245d-69.jpg,0.0,0.0,25.2864,254.5898,0,0,1,0,1,0,1,0,1,0,1,0,1
3a08245d-69.jpg,1284.3296,1267.6323,622.2677,32.3677,0,0,1,0,1,0,1,0,1,0,1,0,1
3a08245d-69.jpg,1952.5807,587.05,45.8798,244.7408,0,0,1,0,1,0,1,0,1,0,1,0,1
3a08245d-69.jpg,1541.2889,1259.1217,332.7797,40.6693,0,0,1,0,1,0,1,0,1,0,1,0,1
3a08245d-69.jpg,1860.167,0.0,139.833,333.2605,0,0,1,0,1,0,1,0,1,0,1,0,1
3a08245d-69.jpg,1500.228,1234.6598,391.2078,65.3402,0,0,1,0,1,0,1,0,1,0,1,0,1
3a08245d-69.jpg,1900.0156,886.9314,99.9844,413.0686,0,0,1,0,1,0,1,0,1,0,1,0,1
3a08245d-69.jpg,1545.7964,1258.821,314.6633,41.179,0,0,1,0,1,0,1,0,1,0,1,0,1
3a08245d-69.jpg,1859.7734,0.0,140.2266,344.9621,0,0,1,0,1,0,1,0,1,0,1,0,1
3a08245d-69.jpg,1956.504,579.5211,43.3342,325.892,0,0,1,0,1,0,1,0,1,0,1,0,1
3a08245d-69.jpg,1552.8306,1272.6511,233.8973,27.3489,0,0,1,0,1,0,1,0,1,0,1,0,1
3a08245d-69.jpg,1968.5615,640.6149,31.0486,189.0189,0,0,1,0,1,0,1,0,1,0,1,0,1
3a08245d-69.jpg,1729.9858,1270.9025,147.4292,29.0975,0,0,1,0,1,0,1,0,1,0,1,0,1
3a08245d-69.jpg,1712.679,1270.1998,163.2621,29.8002,0,0,1,0,1,0,1,0,1,0,1,0,1
3a08245d-69.jpg,1972.4056,649.8786,27.1888,208.0419,0,0,1,0,1,0,1,0,1,0,1,0,1
3a08245d-69.jpg,1909.1755,863.8766,90.8245,436.1234,0,0,1,0,1,0,1,0,1,0,1,0,1
3a08245d-69.jpg,0.0,0.0,11.3838,309.9714,0,0,1,0,1,0,1,0,1,0,1,0,1
3a08245d-69.jpg,0.0,0.1287,278.0275,51.937,0,0,1,0,1,0,1,0,1,0,1,0,1
3bd5f73c-34.jpg,790.716,31.7385,237.2357,233.1017,2,1,1,1,1,0,1,0,1,0,1,0,1
3bd5f73c-34.jpg,1021.0758,31.658,236.7428,236.1949,2,1,1,1,1,0,1,0,1,0,1,0,1
3bd5f73c-34.jpg,1239.2518,115.0859,198.4695,173.771,2,1,1,1,1,0,1,0,1,0,1,0,1
3bd5f73c-34.jpg,607.3959,100.5209,208.6088,197.603,1,1,1,0,1,0,1,0,1,0,1,0,1
3bd5f73c-34.jpg,448.4524,189.609,221.871,217.8615,2,1,1,1,1,0,1,0,1,0,1,0,1
3bd5f73c-34.jpg,345.8623,383.9111,275.1203,212.2862,2,1,1,1,1,0,1,0,1,0,1,0,1
3bd5f73c-34.jpg,293.3915,574.1979,270.5906,204.6661,2,1,1,1,1,0,1,0,1,0,1,0,1
3bd5f73c-34.jpg,236.3615,748.9462,324.1386,302.3939,1,1,1,0,1,0,1,0,1,0,1,0,1
3bd5f73c-34.jpg,234.469,1001.4226,244.1377,278.9246,1,1,1,0,1,0,1,0,1,0,1,0,1
3bd5f73c-34.jpg,1436.7222,395.7875,283.9664,226.5856,2,1,1,1,1,0,1,0,1,0,1,0,1
3bd5f73c-34.jpg,1529.5763,576.1205,258.2157,207.5377,2,1,1,1,1,0,1,0,1,0,1,0,1
3bd5f73c-34.jpg,1633.6188,964.0218,320.848,284.152,4,1,1,1,1,1,1,1,1,0,1,0,1
3bd5f73c-34.jpg,1532.8907,747.2647,315.1653,321.666,3,1,1,1,1,1,1,0,1,0,1,0,1
3bd5f73c-34.jpg,1636.0592,1251.1057,341.864,48.8943,0,0,1,0,1,0,1,0,1,0,1,0,1
3bd5f73c-34.jpg,1630.1273,1250.2278,334.0973,49.7722,0,0,1,0,1,0,1,0,1,0,1,0,1
3bd5f73c-34.jpg,1650.2299,1222.5414,349.7701,77.4586,0,0,1,0,1,0,1,0,1,0,1,0,1
3bd5f73c-34.jpg,1643.1396,1224.7163,356.8604,75.2837,0,0,1,0,1,0,1,0,1,0,1,0,1
3bd5f73c-34.jpg,1638.1721,1244.5732,338.2622,54.9025,0,0,1,0,1,0,1,0,1,0,1,0,1
3bd5f73c-34.jpg,1626.3317,1243.896,337.8632,55.485,0,0,1,0,1,0,1,0,1,0,1,0,1
3bd5f73c-34.jpg,1616.3137,1248.677,321.6736,51.1135,0,0,1,0,1,0,1,0,1,0,1,0,1
3bd5f73c-34.jpg,1646.6349,1222.1355,353.3651,77.8645,0,0,1,0,1,0,1,0,1,0,1,0,1
3bd5f73c-34.jpg,1627.2659,1251.568,346.219,48.432,0,0,1,0,1,0,1,0,1,0,1,0,1
3bd5f73c-34.jpg,1640.6942,1182.5459,359.3058,117.4541,0,0,1,0,1,0,1,0,1,0,1,0,1
3bd5f73c-34.jpg,1601.844,1240.8394,339.8389,58.2013,0,0,1,0,1,0,1,0,1,0,1,0,1
3bd5f73c-34.jpg,1584.7894,1230.0997,415.2106,69.9003,0,0,1,0,1,0,1,0,1,0,1,0,1
3bd5f73c-34.jpg,1623.1422,1244.0382,347.3243,55.0396,0,0,1,0,1,0,1,0,1,0,1,0,1
3bd5f73c-34.jpg,1654.1138,1239.0138,345.8862,60.9862,0,0,1,0,1,0,1,0,1,0,1,0,1
3bd5f73c-34.jpg,1604.9344,1183.4274,395.0656,116.5726,0,0,1,0,1,0,1,0,1,0,1,0,1
3bd5f73c-34.jpg,1634.5411,1252.7706,333.1516,47.182,0,0,1,0,1,0,1,0,1,0,1,0,1
3bd5f73c-34.jpg,1597.3713,1232.3094,402.6287,67.6906,0,0,1,0,1,0,1,0,1,0,1,0,1
3bd5f73c-34.jpg,1630.5989,1242.9939,334.9701,55.6875,0,0,1,0,1,0,1,0,1,0,1,0,1
3bd5f73c-34.jpg,1651.6316,1169.3643,348.3684,130.6357,0,0,1,0,1,0,1,0,1,0,1,0,1
3bd5f73c-34.jpg,1456.8389,1246.3037,543.1611,53.6963,0,0,1,0,1,0,1,0,1,0,1,0,1
3bd5f73c-34.jpg,1405.5597,1237.5885,594.4403,62.4115,0,0,1,0,1,0,1,0,1,0,1,0,1
3bd5f73c-34.jpg,1476.0341,1254.1611,523.9659,45.8389,0,0,1,0,1,0,1,0,1,0,1,0,1
3bd5f73c-34.jpg,1957.2258,0.0,42.3629,134.6606,0,0,1,0,1,0,1,0,1,0,1,0,1
3bd5f73c-34.jpg,1584.8854,1245.6846,320.62,53.8678,0,0,1,0,1,0,1,0,1,0,1,0,1
3bd5f73c-34.jpg,1581.3021,1256.7177,418.6979,43.2823,0,0,1,0,1,0,1,0,1,0,1,0,1
3bd5f73c-34.jpg,1872.9282,1232.1934,127.0718,67.614,0,0,1,0,1,0,1,0,1,0,1,0,1
3bd5f73c-34.jpg,1927.3204,1230.9597,72.3992,68.8826,0,0,1,0,1,0,1,0,1,0,1,0,1
3bd5f73c-34.jpg,1411.9285,1227.272,588.0715,72.728,0,0,1,0,1,0,1,0,1,0,1,0,1
3bd5f73c-34.jpg,1575.7747,1231.41,333.2505,67.3713,0,0,1,0,1,0,1,0,1,0,1,0,1
3bd5f73c-34.jpg,1699.181,1232.3767,300.819,67.6233,0,0,1,0,1,0,1,0,1,0,1,0,1
3bd5f73c-34.jpg,1700.3258,1265.8916,299.6742,34.1084,0,0,1,0,1,0,1,0,1,0,1,0,1
3bd5f73c-34.jpg,1495.8041,0.1208,179.675,23.3892,0,0,1,0,1,0,1,0,1,0,1,0,1
3bd5f73c-34.jpg,1498.0886,0.074,239.3707,22.224,0,0,1,0,1,0,1,0,1,0,1,0,1
3bd5f73c-34.jpg,597.2404,424.7275,261.7925,239.3873,0,0,1,0,1,0,1,0,1,0,1,0,1
3bd5f73c-34.jpg,593.3572,424.2303,265.1471,238.8219,0,0,1,0,1,0,1,0,1,0,1,0,1
3bd5f73c-34.jpg,1493.0828,0.0526,233.2397,21.2439,0,0,1,0,1,0,1,0,1,0,1,0,1
3bd5f73c-34.jpg,593.895,425.6301,263.5311,236.0467,0,0,1,0,1,0,1,0,1,0,1,0,1
3bd5f73c-34.jpg,1649.9828,1260.417,255.8525,39.583,0,0,1,0,1,0,1,0,1,0,1,0,1
3bd5f73c-34.jpg,1621.4519,1230.8712,378.5481,69.1288,0,0,1,0,1,0,1,0,1,0,1,0,1
3bd5f73c-34.jpg,1519.9001,0.1233,197.5146,22.4312,0,0,1,0,1,0,1,0,1,0,1,0,1
3bd5f73c-34.jpg,91.2312,1289.7133,446.1031,10.2867,0,0,1,0,1,0,1,0,1,0,1,0,1
3bd5f73c-34.jpg,1485.7334,0.0571,224.1123,21.3527,0,0,1,0,1,0,1,0,1,0,1,0,1
3bd5f73c-34.jpg,1625.1396,1242.5293,348.8647,56.126,0,0,1,0,1,0,1,0,1,0,1,0,1
3bd5f73c-34.jpg,119.511,1289.1736,436.7824,10.8264,0,0,1,0,1,0,1,0,1,0,1,0,1
3bd5f73c-34.jpg,592.6638,432.3939,266.0947,237.5782,0,0,1,0,1,0,1,0,1,0,1,0,1
3bd5f73c-34.jpg,1812.1277,1277.2017,158.2184,22.7983,0,0,1,0,1,0,1,0,1,0,1,0,1
3bd5f73c-34.jpg,1810.7397,1277.5458,154.8004,22.4542,0,0,1,0,1,0,1,0,1,0,1,0,1
3bd5f73c-34.jpg,0.0,0.0,99.9277,263.9772,0,0,1,0,1,0,1,0,1,0,1,0,1
3bd5f73c-34.jpg,1890.0656,1226.8107,109.8496,72.4816,0,0,1,0,1,0,1,0,1,0,1,0,1
3bd5f73c-34.jpg,1872.0269,1205.8647,127.8427,94.1353,0,0,1,0,1,0,1,0,1,0,1,0,1
3c1426f7-227.jpg,269.2565,598.9122,283.3537,236.3093,2,1,1,1,1,0,1,0,1,0,1,0,1
3c1426f7-227.jpg,527.5811,656.7567,197.0588,231.8724,1,1,1,0,1,0,1,0,1,0,1,0,1
3c1426f7-227.jpg,808.6297,393.9711,287.3583,344.5073,1,1,1,0,1,0,1,0,1,0,1,0,1
3c1426f7-227.jpg,707.7526,657.6642,259.7509,279.8967,1,1,1,0,1,0,1,0,1,0,1,0,1
3c1426f7-227.jpg,1323.3492,388.5983,263.1116,327.366,1,1,1,0,1,0,1,0,1,0,1,0,1
3c1426f7-227.jpg,1563.061,412.9498,255.3895,294.2626,1,1,1,0,1,0,1,0,1,0,1,0,1
3c1426f7-227.jpg,0.0,668.6939,22.4047,230.6889,0,0,1,0,1,0,1,0,1,0,1,0,1
3c1426f7-227.jpg,0.0,662.4803,20.8448,178.7665,0,0,1,0,1,0,1,0,1,0,1,0,1
3c1426f7-227.jpg,0.0839,661.8057,33.1648,258.1503,0,0,1,0,1,0,1,0,1,0,1,0,1
3c1426f7-227.jpg,0.0,652.0079,20.766,206.0387,0,0,1,0,1,0,1,0,1,0,1,0,1
3c1426f7-227.jpg,0.0,646.5144,21.6779,215.7097,0,0,1,0,1,0,1,0,1,0,1,0,1
3c1426f7-227.jpg,0.1123,657.7147,30.9771,197.2297,0,0,1,0,1,0,1,0,1,0,1,0,1
3c1426f7-227.jpg,0.0,0.0,11.0992,255.0632,0,0,1,0,1,0,1,0,1,0,1,0,1
3c1426f7-227.jpg,1029.6339,1295.6118,212.7931,4.3882,0,0,1,0,1,0,1,0,1,0,1,0,1
3c1426f7-227.jpg,0.1002,645.1066,30.5094,236.5899,0,0,1,0,1,0,1,0,1,0,1,0,1
3c1426f7-227.jpg,1036.2131,1293.1874,194.6021,6.8126,0,0,1,0,1,0,1,0,1,0,1,0,1
3c1426f7-227.jpg,0.0,501.994,17.2619,216.5912,0,0,1,0,1,0,1,0,1,0,1,0,1
3c1426f7-227.jpg,0.0583,635.8766,31.3667,243.9563,0,0,1,0,1,0,1,0,1,0,1,0,1
3c160c9c-50.jpg,26.7916,570.6355,293.8631,212.04,3,1,1,1,1,1,1,0,1,0,1,0,1
3c160c9c-50.jpg,1341.079,389.6174,288.689,360.52,1,1,1,0,1,0,1,0,1,0,1,0,1
3c160c9c-50.jpg,899.98,1223.2454,357.1781,76.7546,0,0,1,0,1,0,1,0,1,0,1,0,1
3c160c9c-50.jpg,888.7875,1224.625,367.8623,75.3113,0,0,1,0,1,0,1,0,1,0,1,0,1
3c160c9c-50.jpg,924.9951,1223.8958,329.5334,76.0294,0,0,1,0,1,0,1,0,1,0,1,0,1
3c160c9c-50.jpg,934.7019,1223.6819,320.0243,76.3181,0,0,1,0,1,0,1,0,1,0,1,0,1
3c160c9c-50.jpg,955.1083,1223.373,298.0842,76.4336,0,0,1,0,1,0,1,0,1,0,1,0,1
3c160c9c-50.jpg,961.4167,1224.0283,291.8926,75.9717,0,0,1,0,1,0,1,0,1,0,1,0,1
3c160c9c-50.jpg,882.3904,1223.3561,373.4662,76.5355,0,0,1,0,1,0,1,0,1,0,1,0,1
3c160c9c-50.jpg,0.0,0.0,377.6694,113.0128,0,0,1,0,1,0,1,0,1,0,1,0,1
3c160c9c-50.jpg,871.4636,1224.0312,384.0235,75.7164,0,0,1,0,1,0,1,0,1,0,1,0,1
3c160c9c-50.jpg,0.7892,0.0,392.127,119.9712,0,0,1,0,1,0,1,0,1,0,1,0,1
3c160c9c-50.jpg,0.0,0.0,314.521,119.5709,0,0,1,0,1,0,1,0,1,0,1,0,1
3c160c9c-50.jpg,0.0,0.0,303.5616,114.5994,0,0,1,0,1,0,1,0,1,0,1,0,1
3c160c9c-50.jpg,0.207,0.0,444.8123,123.6654,0,0,1,0,1,0,1,0,1,0,1,0,1
3c160c9c-50.jpg,0.0,0.0,419.7188,111.0555,0,0,1,0,1,0,1,0,1,0,1,0,1
3c160c9c-50.jpg,721.2959,1218.8379,666.8427,81.1621,0,0,1,0,1,0,1,0,1,0,1,0,1
3c160c9c-50.jpg,0.0,0.0,345.3217,103.604,0,0,1,0,1,0,1,0,1,0,1,0,1
3c160c9c-50.jpg,760.6003,1221.3362,641.8438,78.6638,0,0,1,0,1,0,1,0,1,0,1,0,1
3c160c9c-50.jpg,731.0776,1218.73,645.2645,81.27,0,0,1,0,1,0,1,0,1,0,1,0,1
3c160c9c-50.jpg,938.551,0.0,398.5997,143.2098,0,0,1,0,1,0,1,0,1,0,1,0,1
3c160c9c-50.jpg,0.2383,481.3863,51.1824,182.7535,0,0,1,0,1,0,1,0,1,0,1,0,1
3c160c9c-50.jpg,767.2884,1221.7572,628.6625,78.2428,0,0,1,0,1,0,1,0,1,0,1,0,1
3c160c9c-50.jpg,0.0,0.0,0.0,248.4861,0,0,1,0,1,0,1,0,1,0,1,0,1
3c160c9c-50.jpg,0.0,0.0,350.2166,102.4432,0,0,1,0,1,0,1,0,1,0,1,0,1
3c160c9c-50.jpg,0.0,0.0,459.3912,110.1088,0,0,1,0,1,0,1,0,1,0,1,0,1
3c160c9c-50.jpg,0.0,467.3068,56.1137,215.5127,0,0,1,0,1,0,1,0,1,0,1,0,1
3c160c9c-50.jpg,937.9158,0.0,272.3876,105.7319,0,0,1,0,1,0,1,0,1,0,1,0,1
3c160c9c-50.jpg,800.0797,1221.0323,579.9572,78.9677,0,0,1,0,1,0,1,0,1,0,1,0,1
3c160c9c-50.jpg,0.0,488.99,51.9696,167.3343,0,0,1,0,1,0,1,0,1,0,1,0,1
3c160c9c-50.jpg,0.0,0.0,482.3037,134.2538,0,0,1,0,1,0,1,0,1,0,1,0,1
3c160c9c-50.jpg,889.1548,1224.1055,485.4238,75.8945,0,0,1,0,1,0,1,0,1,0,1,0,1
3c160c9c-50.jpg,0.0,452.6676,60.8043,241.2234,0,0,1,0,1,0,1,0,1,0,1,0,1
3c160c9c-50.jpg,977.7096,1222.9187,277.1255,76.8907,0,0,1,0,1,0,1,0,1,0,1,0,1
3c160c9c-50.jpg,0.0,0.0,0.0,285.5967,0,0,1,0,1,0,1,0,1,0,1,0,1
3c160c9c-50.jpg,801.4814,1221.8976,591.0909,78.1024,0,0,1,0,1,0,1,0,1,0,1,0,1
3c160c9c-50.jpg,696.1653,1215.1221,624.3537,84.8779,0,0,1,0,1,0,1,0,1,0,1,0,1
3c160c9c-50.jpg,0.0,0.0,482.3113,105.5287,0,0,1,0,1,0,1,0,1,0,1,0,1
3c160c9c-50.jpg,0.0581,501.3773,48.9883,159.7153,0,0,1,0,1,0,1,0,1,0,1,0,1
3c160c9c-50.jpg,719.5963,1.4309,380.5559,208.6421,0,0,1,0,1,0,1,0,1,0,1,0,1
3c160c9c-50.jpg,932.8647,0.0423,205.72,27.7272,0,0,1,0,1,0,1,0,1,0,1,0,1
3c160c9c-50.jpg,0.222,441.6938,62.0887,246.7229,0,0,1,0,1,0,1,0,1,0,1,0,1
3c160c9c-50.jpg,0.0115,0.0,292.5966,128.8784,0,0,1,0,1,0,1,0,1,0,1,0,1
3c160c9c-50.jpg,1679.76,706.2647,100.6202,76.5027,0,0,1,0,1,0,1,0,1,0,1,0,1
3c160c9c-50.jpg,0.0,0.0,357.876,95.5362,0,0,1,0,1,0,1,0,1,0,1,0,1
3c160c9c-50.jpg,869.2305,1220.6431,460.4597,79.3569,0,0,1,0,1,0,1,0,1,0,1,0,1
3c160c9c-50.jpg,0.1108,509.6606,50.6927,145.0011,0,0,1,0,1,0,1,0,1,0,1,0,1
3c160c9c-50.jpg,0.0,0.0,325.2231,104.4026,0,0,1,0,1,0,1,0,1,0,1,0,1
3c160c9c-50.jpg,0.0,0.0,32.6683,256.5306,0,0,1,0,1,0,1,0,1,0,1,0,1
3c160c9c-50.jpg,1681.1809,710.2583,94.8552,73.1686,0,0,1,0,1,0,1,0,1,0,1,0,1
3c160c9c-50.jpg,1900.9846,0.0,99.0154,54.9649,0,0,1,0,1,0,1,0,1,0,1,0,1
3c160c9c-50.jpg,905.4958,1224.4683,463.1995,75.5317,0,0,1,0,1,0,1,0,1,0,1,0,1
3c6f6940-104.jpg,1436.7994,535.8386,191.1183,142.2047,2,1,1,1,1,0,1,0,1,0,1,0,1
3c6f6940-104.jpg,1304.9509,677.9194,273.1853,153.9925,1,1,1,0,1,0,1,0,1,0,1,0,1
3c6f6940-104.jpg,0.3228,818.6542,325.6427,446.1542,0,0,1,0,1,0,1,0,1,0,1,0,1
3c6f6940-104.jpg,0.9301,0.0226,219.8172,94.7877,0,0,1,0,1,0,1,0,1,0,1,0,1
3c6f6940-104.jpg,4.3129,0.4383,193.0188,97.0052,0,0,1,0,1,0,1,0,1,0,1,0,1
3c6f6940-104.jpg,5.1842,0.8459,190.7715,98.3794,0,0,1,0,1,0,1,0,1,0,1,0,1
3c6f6940-104.jpg,3.8022,0.4128,197.0827,96.2709,0,0,1,0,1,0,1,0,1,0,1,0,1
3c6f6940-104.jpg,0.0,649.6906,346.7574,622.158,0,0,1,0,1,0,1,0,1,0,1,0,1
3c6f6940-104.jpg,0.0,761.5729,297.4372,493.5352,0,0,1,0,1,0,1,0,1,0,1,0,1
3c6f6940-104.jpg,0.2261,0.0,216.0689,95.6185,0,0,1,0,1,0,1,0,1,0,1,0,1
3c6f6940-104.jpg,0.0,655.9949,337.7201,619.4424,0,0,1,0,1,0,1,0,1,0,1,0,1
3c6f6940-104.jpg,1.724,770.1476,323.7235,484.9958,0,0,1,0,1,0,1,0,1,0,1,0,1
3c6f6940-104.jpg,3.6283,0.7248,194.13,96.3869,0,0,1,0,1,0,1,0,1,0,1,0,1
3c6f6940-104.jpg,3.0574,0.1675,195.5641,97.1026,0,0,1,0,1,0,1,0,1,0,1,0,1
3c6f6940-104.jpg,1.2743,786.1225,324.9034,474.7079,0,0,1,0,1,0,1,0,1,0,1,0,1
3c6f6940-104.jpg,1.6197,0.0,224.7915,96.0328,0,0,1,0,1,0,1,0,1,0,1,0,1
3c6f6940-104.jpg,0.0,753.8156,278.1485,501.624,0,0,1,0,1,0,1,0,1,0,1,0,1
3c6f6940-104.jpg,1.4839,0.1797,207.7491,99.6787,0,0,1,0,1,0,1,0,1,0,1,0,1
3c6f6940-104.jpg,4.2801,1.747,195.1653,95.208,0,0,1,0,1,0,1,0,1,0,1,0,1
3c6f6940-104.jpg,0.0,780.7653,298.8838,479.7421,0,0,1,0,1,0,1,0,1,0,1,0,1
3c6f6940-104.jpg,4.224,0.2483,198.2579,98.42,0,0,1,0,1,0,1,0,1,0,1,0,1
3c6f6940-104.jpg,0.0,611.5555,338.1426,646.5978,0,0,1,0,1,0,1,0,1,0,1,0,1
3c6f6940-104.jpg,0.0,605.6804,330.8296,649.8964,0,0,1,0,1,0,1,0,1,0,1,0,1
3c6f6940-104.jpg,1.0521,0.0169,202.0914,94.6083,0,0,1,0,1,0,1,0,1,0,1,0,1
3c6f6940-104.jpg,0.8154,0.0,232.0788,95.6481,0,0,1,0,1,0,1,0,1,0,1,0,1
3c6f6940-104.jpg,1.2694,0.0,222.0542,95.685,0,0,1,0,1,0,1,0,1,0,1,0,1
3c6f6940-104.jpg,0.0,813.3888,301.631,451.0613,0,0,1,0,1,0,1,0,1,0,1,0,1
3c6f6940-104.jpg,0.0,643.9319,329.966,623.6702,0,0,1,0,1,0,1,0,1,0,1,0,1
3c6f6940-104.jpg,0.0,616.2742,337.534,646.0396,0,0,1,0,1,0,1,0,1,0,1,0,1
3c6f6940-104.jpg,2.454,0.1145,203.228,96.8969,0,0,1,0,1,0,1,0,1,0,1,0,1
3c6f6940-104.jpg,0.0,568.5666,337.4378,692.301,0,0,1,0,1,0,1,0,1,0,1,0,1
3c6f6940-104.jpg,0.0,572.7993,330.8707,688.4624,0,0,1,0,1,0,1,0,1,0,1,0,1
3c6f6940-104.jpg,0.0,762.1984,282.5635,504.4064,0,0,1,0,1,0,1,0,1,0,1,0,1
3c6f6940-104.jpg,0.0,0.0,3.4432,247.2024,0,0,1,0,1,0,1,0,1,0,1,0,1
3c6f6940-104.jpg,0.141,736.8762,277.7523,506.092,0,0,1,0,1,0,1,0,1,0,1,0,1
3c6f6940-104.jpg,0.0,266.3551,196.2483,359.806,0,0,1,0,1,0,1,0,1,0,1,0,1
3c6f6940-104.jpg,0.0,0.0,234.1961,95.5638,0,0,1,0,1,0,1,0,1,0,1,0,1
3c6f6940-104.jpg,0.0,267.7722,190.1443,356.4384,0,0,1,0,1,0,1,0,1,0,1,0,1
3c6f6940-104.jpg,11.8247,137.9657,381.793,268.2725,0,0,1,0,1,0,1,0,1,0,1,0,1
3c6f6940-104.jpg,0.0,0.0,24.2868,253.989,0,0,1,0,1,0,1,0,1,0,1,0,1
3c6f6940-104.jpg,0.0,735.2442,273.1565,501.8998,0,0,1,0,1,0,1,0,1,0,1,0,1
3c6f6940-104.jpg,0.0,768.1897,279.8093,498.3947,0,0,1,0,1,0,1,0,1,0,1,0,1
3c6f6940-104.jpg,230.592,689.0414,59.6355,92.3525,0,0,1,0,1,0,1,0,1,0,1,0,1
3c6f6940-104.jpg,0.0,242.8508,161.9122,414.6009,0,0,1,0,1,0,1,0,1,0,1,0,1
3c6f6940-104.jpg,0.0,576.4619,334.594,691.2357,0,0,1,0,1,0,1,0,1,0,1,0,1
3c6f6940-104.jpg,0.0,236.1673,161.382,403.5813,0,0,1,0,1,0,1,0,1,0,1,0,1
3c6f6940-104.jpg,0.2383,263.6931,217.4042,361.5251,0,0,1,0,1,0,1,0,1,0,1,0,1
3c6f6940-104.jpg,3.0453,0.8042,203.2324,99.0677,0,0,1,0,1,0,1,0,1,0,1,0,1
3c6f6940-104.jpg,1.8181,753.3796,285.8065,508.9498,0,0,1,0,1,0,1,0,1,0,1,0,1
3c6f6940-104.jpg,231.9451,691.0353,58.5765,89.9617,0,0,1,0,1,0,1,0,1,0,1,0,1
3c6f6940-104.jpg,0.0,262.3666,229.422,392.4821,0,0,1,0,1,0,1,0,1,0,1,0,1
3c6f6940-104.jpg,1.1307,0.051,210.5122,88.031,0,0,1,0,1,0,1,0,1,0,1,0,1
3cc802ee-202.jpg,703.9744,984.028,320.0369,240.4954,1,1,1,0,1,0,1,0,1,0,1,0,1
3cc802ee-202.jpg,712.3082,684.8514,347.6996,316.8755,1,1,1,0,1,0,1,0,1,0,1,0,1
3cc802ee-202.jpg,779.1067,503.1988,324.558,217.7885,1,1,1,0,1,0,1,0,1,0,1,0,1
3cc802ee-202.jpg,979.3818,757.3917,280.7903,233.296,1,1,1,0,1,0,1,0,1,0,1,0,1
3cc802ee-202.jpg,90.0478,719.2037,318.4521,386.0386,0,0,1,0,1,0,1,0,1,0,1,0,1
3cc802ee-202.jpg,93.544,721.9157,252.5461,349.0042,0,0,1,0,1,0,1,0,1,0,1,0,1
3cc802ee-202.jpg,94.8241,718.3302,272.7524,359.6165,0,0,1,0,1,0,1,0,1,0,1,0,1
3cc802ee-202.jpg,100.2218,716.4683,263.895,354.871,0,0,1,0,1,0,1,0,1,0,1,0,1
3cc802ee-202.jpg,102.1413,716.9465,273.6882,363.5443,0,0,1,0,1,0,1,0,1,0,1,0,1
3cc802ee-202.jpg,86.878,718.2092,242.7655,352.1144,0,0,1,0,1,0,1,0,1,0,1,0,1
3cc802ee-202.jpg,96.1179,720.269,258.6465,364.4295,0,0,1,0,1,0,1,0,1,0,1,0,1
3cc802ee-202.jpg,88.9235,719.1028,264.2458,366.5676,0,0,1,0,1,0,1,0,1,0,1,0,1
3cc802ee-202.jpg,92.3744,723.095,280.1013,351.6711,0,0,1,0,1,0,1,0,1,0,1,0,1
3cc802ee-202.jpg,98.6513,716.5012,289.2445,361.1199,0,0,1,0,1,0,1,0,1,0,1,0,1
3cc802ee-202.jpg,94.1419,716.8846,264.5778,364.9435,0,0,1,0,1,0,1,0,1,0,1,0,1
3cc802ee-202.jpg,1325.8617,0.0,419.0857,389.5026,0,0,1,0,1,0,1,0,1,0,1,0,1
3cc802ee-202.jpg,99.7934,715.2816,289.8522,363.4261,0,0,1,0,1,0,1,0,1,0,1,0,1
3cc802ee-202.jpg,90.4308,718.4909,278.6092,393.4893,0,0,1,0,1,0,1,0,1,0,1,0,1
3cc802ee-202.jpg,87.3909,713.2672,336.6948,392.217,0,0,1,0,1,0,1,0,1,0,1,0,1
3cc802ee-202.jpg,0.0,0.0,60.7072,250.6743,0,0,1,0,1,0,1,0,1,0,1,0,1
3cc802ee-202.jpg,0.2933,0.7674,85.5378,266.5375,0,0,1,0,1,0,1,0,1,0,1,0,1
3cc802ee-202.jpg,0.0,0.0,73.2181,248.7443,0,0,1,0,1,0,1,0,1,0,1,0,1
3cc802ee-202.jpg,94.3707,721.8586,245.329,369.1001,0,0,1,0,1,0,1,0,1,0,1,0,1
3cc802ee-202.jpg,0.0,0.0,83.8415,273.7842,0,0,1,0,1,0,1,0,1,0,1,0,1
3cc802ee-202.jpg,93.6684,721.1806,283.6383,356.6465,0,0,1,0,1,0,1,0,1,0,1,0,1
3cc802ee-202.jpg,0.0,0.0,87.4652,326.8488,0,0,1,0,1,0,1,0,1,0,1,0,1
3cc802ee-202.jpg,693.7287,0.0,610.1352,107.6429,0,0,1,0,1,0,1,0,1,0,1,0,1
3cc802ee-202.jpg,1321.8357,0.0,421.8665,381.5646,0,0,1,0,1,0,1,0,1,0,1,0,1
3cc802ee-202.jpg,664.4068,0.0,622.3381,109.0532,0,0,1,0,1,0,1,0,1,0,1,0,1
3cc802ee-202.jpg,0.1763,0.0,83.8375,209.1013,0,0,1,0,1,0,1,0,1,0,1,0,1
3cc802ee-202.jpg,91.199,718.9594,239.9706,352.7603,0,0,1,0,1,0,1,0,1,0,1,0,1
3cc802ee-202.jpg,973.0755,84.906,387.8975,212.0645,0,0,1,0,1,0,1,0,1,0,1,0,1
3cc802ee-202.jpg,91.0538,719.6866,246.8971,370.0132,0,0,1,0,1,0,1,0,1,0,1,0,1
3cc802ee-202.jpg,0.281,0.0,91.867,326.135,0,0,1,0,1,0,1,0,1,0,1,0,1
3cc802ee-202.jpg,675.2327,0.2005,604.7579,98.9921,0,0,1,0,1,0,1,0,1,0,1,0,1
3cc802ee-202.jpg,970.0291,88.304,392.3466,207.9156,0,0,1,0,1,0,1,0,1,0,1,0,1
3cc802ee-202.jpg,1327.3058,0.0,420.246,363.7739,0,0,1,0,1,0,1,0,1,0,1,0,1
3cc802ee-202.jpg,558.6414,0.0,542.0856,251.5852,0,0,1,0,1,0,1,0,1,0,1,0,1
3cc802ee-202.jpg,701.8167,0.0127,590.3083,100.2859,0,0,1,0,1,0,1,0,1,0,1,0,1
3cc802ee-202.jpg,91.7106,720.5921,278.7552,363.1179,0,0,1,0,1,0,1,0,1,0,1,0,1
3cc802ee-202.jpg,1323.6284,0.0,423.3148,389.9961,0,0,1,0,1,0,1,0,1,0,1,0,1
3cc802ee-202.jpg,1316.2943,0.0,424.6107,390.9232,0,0,1,0,1,0,1,0,1,0,1,0,1
3cc802ee-202.jpg,95.3589,716.5291,261.0301,373.8376,0,0,1,0,1,0,1,0,1,0,1,0,1
3cc802ee-202.jpg,738.0664,0.0,569.1075,109.5497,0,0,1,0,1,0,1,0,1,0,1,0,1
3cc802ee-202.jpg,1269.0305,0.0,471.9092,335.1761,0,0,1,0,1,0,1,0,1,0,1,0,1
3cc802ee-202.jpg,1323.7301,0.0,419.4167,382.5272,0,0,1,0,1,0,1,0,1,0,1,0,1
3cc802ee-202.jpg,1320.5532,5.5502,418.6039,349.8938,0,0,1,0,1,0,1,0,1,0,1,0,1
3cc802ee-202.jpg,95.7559,721.2427,239.9192,374.119,0,0,1,0,1,0,1,0,1,0,1,0,1
3cc802ee-202.jpg,977.301,85.3027,384.6882,213.4406,0,0,1,0,1,0,1,0,1,0,1,0,1
3cc802ee-202.jpg,0.0,0.0,73.2835,301.9168,0,0,1,0,1,0,1,0,1,0,1,0,1
3cc802ee-202.jpg,1209.8228,0.0,531.1638,343.6194,0,0,1,0,1,0,1,0,1,0,1,0,1
3cc802ee-202.jpg,96.3768,719.8552,285.4395,371.973,0,0,1,0,1,0,1,0,1,0,1,0,1
3cc802ee-202.jpg,942.2145,86.4303,428.3314,209.2201,0,0,1,0,1,0,1,0,1,0,1,0,1
3cc802ee-202.jpg,0.0,0.0,57.6178,298.2198,0,0,1,0,1,0,1,0,1,0,1,0,1
3e51d16f-233.jpg,55.5711,287.1151,200.0837,292.3961,2,1,1,1,1,0,1,0,1,0,1,0,1
3e51d16f-233.jpg,193.1961,599.5969,185.5145,260.3451,1,1,1,0,1,0,1,0,1,0,1,0,1
3e51d16f-233.jpg,289.8707,387.4552,238.9719,283.2059,3,1,1,1,1,1,1,0,1,0,1,0,1
3e51d16f-233.jpg,500.9429,393.4072,303.2969,302.5038,2,1,1,1,1,0,1,0,1,0,1,0,1
3e51d16f-233.jpg,1337.006,640.7228,170.1931,171.7029,1,1,1,0,1,0,1,0,1,0,1,0,1
3e51d16f-233.jpg,1592.5979,508.7168,166.8265,129.876,2,1,1,1,1,0,1,0,1,0,1,0,1
3e51d16f-233.jpg,1503.5465,619.6567,223.822,140.9476,3,1,1,1,1,1,1,0,1,0,1,0,1
3e51d16f-233.jpg,1701.1467,557.965,124.8383,118.0029,1,1,1,0,1,0,1,0,1,0,1,0,1
3e51d16f-233.jpg,246.3511,415.8007,80.8284,245.2067,0,0,1,0,1,0,1,0,1,0,1,0,1
3e51d16f-233.jpg,244.1513,416.3884,85.0983,247.8899,0,0,1,0,1,0,1,0,1,0,1,0,1
3e51d16f-233.jpg,244.9513,415.3722,86.0723,253.3232,0,0,1,0,1,0,1,0,1,0,1,0,1
3e51d16f-233.jpg,247.9316,435.1833,79.5091,223.9841,0,0,1,0,1,0,1,0,1,0,1,0,1
3e51d16f-233.jpg,252.5102,432.7046,73.6722,208.6175,0,0,1,0,1,0,1,0,1,0,1,0,1
3e51d16f-233.jpg,250.0296,427.1045,75.4489,211.2049,0,0,1,0,1,0,1,0,1,0,1,0,1
3e51d16f-233.jpg,240.3873,436.8262,86.138,222.6344,0,0,1,0,1,0,1,0,1,0,1,0,1
3e51d16f-233.jpg,251.8339,441.4352,72.3451,187.6454,0,0,1,0,1,0,1,0,1,0,1,0,1
3e51d16f-233.jpg,252.201,411.9543,73.9389,248.271,0,0,1,0,1,0,1,0,1,0,1,0,1
3e51d16f-233.jpg,253.9943,440.7088,70.8418,190.2237,0,0,1,0,1,0,1,0,1,0,1,0,1
3e51d16f-233.jpg,250.0178,409.3807,74.676,242.6494,0,0,1,0,1,0,1,0,1,0,1,0,1
3e51d16f-233.jpg,244.3011,428.5177,85.361,239.1266,0,0,1,0,1,0,1,0,1,0,1,0,1
3e51d16f-233.jpg,238.457,421.5327,102.8727,246.514,0,0,1,0,1,0,1,0,1,0,1,0,1
3e51d16f-233.jpg,292.3294,0.0,392.6937,61.8501,0,0,1,0,1,0,1,0,1,0,1,0,1
3e51d16f-233.jpg,273.7538,0.0,390.1477,59.8312,0,0,1,0,1,0,1,0,1,0,1,0,1
3e51d16f-233.jpg,253.088,440.8184,69.7402,174.1721,0,0,1,0,1,0,1,0,1,0,1,0,1
3e51d16f-233.jpg,299.493,0.0,410.8478,61.7991,0,0,1,0,1,0,1,0,1,0,1,0,1
3e51d16f-233.jpg,0.0,0.0,41.9296,251.598,0,0,1,0,1,0,1,0,1,0,1,0,1
3e51d16f-233.jpg,254.5185,440.7971,69.1432,175.541,0,0,1,0,1,0,1,0,1,0,1,0,1
3e51d16f-233.jpg,0.0,0.0,19.9729,251.9017,0,0,1,0,1,0,1,0,1,0,1,0,1
3e695421-170.jpg,297.8968,448.8263,127.5955,130.9405,2,1,1,1,1,0,1,0,1,0,1,0,1
3e695421-170.jpg,414.7731,455.2295,182.8522,178.8858,2,1,1,1,1,0,1,0,1,0,1,0,1
3e695421-170.jpg,308.9365,554.5417,121.8244,102.5073,1,1,1,0,1,0,1,0,1,0,1,0,1
3e695421-170.jpg,420.9,604.5668,229.7896,166.3416,2,1,1,1,1,0,1,0,1,0,1,0,1
3e695421-170.jpg,581.143,507.4348,170.8447,182.819,1,1,1,0,1,0,1,0,1,0,1,0,1
3e695421-170.jpg,719.5198,502.3199,186.4976,205.7269,1,1,1,0,1,0,1,0,1,0,1,0,1
3e695421-170.jpg,642.6776,663.7258,160.8845,152.8124,1,1,1,0,1,0,1,0,1,0,1,0,1
3e695421-170.jpg,794.2024,661.9138,202.9803,186.298,1,1,1,0,1,0,1,0,1,0,1,0,1
3e695421-170.jpg,895.6641,506.1074,209.5579,228.154,1,1,1,0,1,0,1,0,1,0,1,0,1
3e695421-170.jpg,1087.8834,496.5604,224.6288,231.6628,1,1,1,0,1,0,1,0,1,0,1,0,1
3e695421-170.jpg,1298.099,480.2339,241.2566,243.2481,1,1,1,0,1,0,1,0,1,0,1,0,1
3e695421-170.jpg,1528.0663,505.222,219.9368,187.8869,1,1,1,0,1,0,1,0,1,0,1,0,1
3e695421-170.jpg,1351.2188,711.1562,102.3295,49.3248,1,1,1,0,1,0,1,0,1,0,1,0,1
3e695421-170.jpg,1478.161,681.8542,131.0454,85.7383,1,1,1,0,1,0,1,0,1,0,1,0,1
3e695421-170.jpg,1746.5713,611.2957,76.9955,51.228,1,1,1,0,1,0,1,0,1,0,1,0,1
3e695421-170.jpg,1725.4049,648.8083,78.0846,61.1265,1,1,1,0,1,0,1,0,1,0,1,0,1
3e695421-170.jpg,1621.2694,678.835,101.6865,73.4033,1,1,1,0,1,0,1,0,1,0,1,0,1
3e695421-170.jpg,412.8628,468.4301,60.89,149.4061,0,0,1,0,1,0,1,0,1,0,1,0,1
3e695421-170.jpg,1788.5997,655.4301,38.3676,47.368,0,0,1,0,1,0,1,0,1,0,1,0,1
3e695421-170.jpg,413.7712,454.8874,58.5154,166.6664,0,0,1,0,1,0,1,0,1,0,1,0,1
3e695421-170.jpg,414.0866,497.0981,61.8358,121.8088,0,0,1,0,1,0,1,0,1,0,1,0,1
3e695421-170.jpg,1434.7227,699.4125,43.3407,57.0075,0,0,1,0,1,0,1,0,1,0,1,0,1
3e695421-170.jpg,0.0,0.0,6.0276,246.0651,0,0,1,0,1,0,1,0,1,0,1,0,1
3e695421-170.jpg,1794.771,651.1306,33.5862,43.8668,0,0,1,0,1,0,1,0,1,0,1,0,1
414e441d-281.jpg,356.1225,690.801,175.4247,123.4231,5,1,1,1,1,1,1,1,1,1,1,0,1
414e441d-281.jpg,345.6797,565.6758,147.3011,148.6071,2,1,1,1,1,0,1,0,1,0,1,0,1
414e441d-281.jpg,463.0038,547.8118,197.0363,173.0995,2,1,1,1,1,0,1,0,1,0,1,0,1
414e441d-281.jpg,499.6609,702.5438,245.1559,161.3959,1,1,1,0,1,0,1,0,1,0,1,0,1
414e441d-281.jpg,635.8715,554.78,137.9915,173.0026,1,1,1,0,1,0,1,0,1,0,1,0,1
414e441d-281.jpg,740.9297,521.9123,178.619,221.326,1,1,1,0,1,0,1,0,1,0,1,0,1
414e441d-281.jpg,722.8516,723.8351,146.0933,164.819,1,1,1,0,1,0,1,0,1,0,1,0,1
414e441d-281.jpg,892.0652,487.7398,248.4924,278.2441,1,1,1,0,1,0,1,0,1,0,1,0,1
414e441d-281.jpg,849.3086,714.1365,234.6433,220.4785,1,1,1,0,1,0,1,0,1,0,1,0,1
414e441d-281.jpg,1129.126,511.7749,237.6106,279.7502,1,1,1,0,1,0,1,0,1,0,1,0,1
414e441d-281.jpg,1083.9355,698.0675,193.8674,156.2124,1,1,1,0,1,0,1,0,1,0,1,0,1
414e441d-281.jpg,1351.8649,472.3634,290.6064,329.4773,2,1,1,1,1,0,1,0,1,0,1,0,1
414e441d-281.jpg,1623.7294,421.0769,280.3291,343.2567,2,1,1,1,1,0,1,0,1,0,1,0,1
414e441d-281.jpg,1888.5002,499.0902,111.4998,217.0474,2,1,1,1,1,0,1,0,1,0,1,0,1
414e441d-281.jpg,1608.7788,740.6656,159.0546,119.4626,1,1,1,0,1,0,1,0,1,0,1,0,1
414e441d-281.jpg,1471.5696,781.7451,128.9403,40.0701,1,1,1,0,1,0,1,0,1,0,1,0,1
414e441d-281.jpg,1780.7959,745.45,69.9821,71.4595,1,1,1,0,1,0,1,0,1,0,1,0,1
414e441d-281.jpg,1852.1101,683.5169,101.6819,123.4367,1,1,1,0,1,0,1,0,1,0,1,0,1
414e441d-281.jpg,1946.8333,716.6171,53.1667,87.2237,1,1,1,0,1,0,1,0,1,0,1,0,1
414e441d-281.jpg,324.1727,587.9288,46.6436,97.2582,0,0,1,0,1,0,1,0,1,0,1,0,1
414e441d-281.jpg,322.5658,584.8197,46.7954,101.6616,0,0,1,0,1,0,1,0,1,0,1,0,1
414e441d-281.jpg,321.3088,584.4539,50.2202,101.4658,0,0,1,0,1,0,1,0,1,0,1,0,1
414e441d-281.jpg,320.8839,591.7726,50.8707,95.1376,0,0,1,0,1,0,1,0,1,0,1,0,1
414e441d-281.jpg,322.4802,581.7146,48.2419,105.4038,0,0,1,0,1,0,1,0,1,0,1,0,1
414e441d-281.jpg,319.8127,586.162,53.3051,101.36,0,0,1,0,1,0,1,0,1,0,1,0,1
414e441d-281.jpg,319.3811,577.0765,46.5654,105.7556,0,0,1,0,1,0,1,0,1,0,1,0,1
414e441d-281.jpg,303.7084,584.189,60.8129,101.2932,0,0,1,0,1,0,1,0,1,0,1,0,1
414e441d-281.jpg,304.2993,587.2793,62.9556,98.6033,0,0,1,0,1,0,1,0,1,0,1,0,1
414e441d-281.jpg,301.9557,594.2978,64.2027,94.5121,0,0,1,0,1,0,1,0,1,0,1,0,1
42d89c9a-196.jpg,234.8477,379.4128,126.0181,218.6105,1,1,1,0,1,0,1,0,1,0,1,0,1
42d89c9a-196.jpg,90.7486,535.1468,95.7301,85.5879,2,1,1,1,1,0,1,0,1,0,1,0,1
42d89c9a-196.jpg,438.3744,547.8502,310.3767,224.0757,3,1,1,1,1,1,1,0,1,0,1,0,1
42d89c9a-196.jpg,338.716,343.9777,195.5059,262.434,1,1,1,0,1,0,1,0,1,0,1,0,1
42d89c9a-196.jpg,1628.8408,409.0819,136.9816,229.6148,1,1,1,0,1,0,1,0,1,0,1,0,1
42d89c9a-196.jpg,1736.3621,430.3645,89.2876,190.5563,1,1,1,0,1,0,1,0,1,0,1,0,1
42d89c9a-196.jpg,1790.3419,412.9704,112.2025,177.4647,1,1,1,0,1,0,1,0,1,0,1,0,1
42d89c9a-196.jpg,1696.502,597.2989,126.8501,127.7435,1,1,1,0,1,0,1,0,1,0,1,0,1
42d89c9a-196.jpg,629.8566,589.5448,122.5325,92.8223,0,0,1,0,1,0,1,0,1,0,1,0,1
42d89c9a-196.jpg,630.6849,589.9901,121.3255,93.1878,0,0,1,0,1,0,1,0,1,0,1,0,1
42d89c9a-196.jpg,1791.2666,0.0,208.7334,82.4415,0,0,1,0,1,0,1,0,1,0,1,0,1
42d89c9a-196.jpg,1796.2582,0.0,203.7418,86.0446,0,0,1,0,1,0,1,0,1,0,1,0,1
42d89c9a-196.jpg,1773.4238,0.0,226.5762,77.7605,0,0,1,0,1,0,1,0,1,0,1,0,1
42d89c9a-196.jpg,1856.5349,984.5764,143.4651,279.0466,0,0,1,0,1,0,1,0,1,0,1,0,1
446b990b-140.jpg,611.2982,382.3876,294.6511,312.3783,1,1,1,0,1,0,1,0,1,0,1,0,1
446b990b-140.jpg,860.4258,458.0756,229.3962,278.8908,1,1,1,0,1,0,1,0,1,0,1,0,1
446b990b-140.jpg,1081.4615,471.2119,214.1772,292.1357,1,1,1,0,1,0,1,0,1,0,1,0,1
446b990b-140.jpg,1266.5121,509.8665,162.7516,208.7266,1,1,1,0,1,0,1,0,1,0,1,0,1
446b990b-140.jpg,1423.6073,486.5107,213.0317,150.2395,4,1,1,1,1,1,1,1,1,0,1,0,1
446b990b-140.jpg,1412.6162,597.5848,165.9989,165.735,1,1,1,0,1,0,1,0,1,0,1,0,1
446b990b-140.jpg,1570.274,519.1593,100.0239,131.6218,4,1,1,1,1,1,1,1,1,0,1,0,1
446b990b-140.jpg,1622.8264,483.5157,72.7882,78.8643,0,0,1,0,1,0,1,0,1,0,1,0,1
446b990b-140.jpg,1623.3395,486.1266,69.4625,77.2814,0,0,1,0,1,0,1,0,1,0,1,0,1
446b990b-140.jpg,1630.3419,484.5816,66.8258,82.9516,0,0,1,0,1,0,1,0,1,0,1,0,1
446b990b-140.jpg,1622.9568,485.4559,73.024,78.6926,0,0,1,0,1,0,1,0,1,0,1,0,1
446b990b-140.jpg,1622.0696,484.9359,70.6809,79.6621,0,0,1,0,1,0,1,0,1,0,1,0,1
446b990b-140.jpg,1630.5361,486.7317,65.1324,77.8388,0,0,1,0,1,0,1,0,1,0,1,0,1
446b990b-140.jpg,1622.391,486.3956,70.9446,77.3325,0,0,1,0,1,0,1,0,1,0,1,0,1
446b990b-140.jpg,1622.11,485.8697,71.5988,78.7812,0,0,1,0,1,0,1,0,1,0,1,0,1
446b990b-140.jpg,1626.2369,481.6999,72.0538,86.0437,0,0,1,0,1,0,1,0,1,0,1,0,1
446b990b-140.jpg,1630.8258,486.0238,65.6449,78.9164,0,0,1,0,1,0,1,0,1,0,1,0,1
446b990b-140.jpg,1627.9709,490.0301,65.0752,78.1238,0,0,1,0,1,0,1,0,1,0,1,0,1
446b990b-140.jpg,1627.6371,483.7503,69.5332,94.447,0,0,1,0,1,0,1,0,1,0,1,0,1
446b990b-140.jpg,1629.0697,487.7833,65.8188,74.4118,0,0,1,0,1,0,1,0,1,0,1,0,1
446b990b-140.jpg,1622.4117,485.9115,70.7534,77.2112,0,0,1,0,1,0,1,0,1,0,1,0,1
446b990b-140.jpg,1620.3186,485.0128,74.2706,79.8028,0,0,1,0,1,0,1,0,1,0,1,0,1
446b990b-140.jpg,1621.0931,485.709,71.7976,79.2435,0,0,1,0,1,0,1,0,1,0,1,0,1
446b990b-140.jpg,1619.6785,485.2281,77.0867,78.3812,0,0,1,0,1,0,1,0,1,0,1,0,1
446b990b-140.jpg,1628.6025,491.4077,65.3264,72.1653,0,0,1,0,1,0,1,0,1,0,1,0,1
446b990b-140.jpg,1623.2994,487.0664,69.8547,75.6248,0,0,1,0,1,0,1,0,1,0,1,0,1
446b990b-140.jpg,1619.7618,483.7187,74.2611,82.2562,0,0,1,0,1,0,1,0,1,0,1,0,1
446b990b-140.jpg,1623.3165,486.8501,69.1903,75.4431,0,0,1,0,1,0,1,0,1,0,1,0,1
446b990b-140.jpg,1633.6506,489.0437,61.3495,73.5285,0,0,1,0,1,0,1,0,1,0,1,0,1
446b990b-140.jpg,1629.9166,484.628,68.0316,81.8387,0,0,1,0,1,0,1,0,1,0,1,0,1
446b990b-140.jpg,357.5829,0.1733,472.2853,249.7843,0,0,1,0,1,0,1,0,1,0,1,0,1
446b990b-140.jpg,346.721,0.469,480.0823,251.5724,0,0,1,0,1,0,1,0,1,0,1,0,1
446b990b-140.jpg,1634.3098,477.9671,66.095,103.604,0,0,1,0,1,0,1,0,1,0,1,0,1
446b990b-140.jpg,1651.5,516.0995,113.1443,203.8497,0,0,1,0,1,0,1,0,1,0,1,0,1
446b990b-140.jpg,590.769,1277.3706,204.0268,22.6294,0,0,1,0,1,0,1,0,1,0,1,0,1
446b990b-140.jpg,894.7339,0.0342,204.9082,33.0101,0,0,1,0,1,0,1,0,1,0,1,0,1
446b990b-140.jpg,581.8599,1275.0765,199.6695,24.9235,0,0,1,0,1,0,1,0,1,0,1,0,1
446b990b-140.jpg,902.8529,0.0537,192.3719,30.3116,0,0,1,0,1,0,1,0,1,0,1,0,1
446b990b-140.jpg,1618.2224,486.1896,76.6151,78.3066,0,0,1,0,1,0,1,0,1,0,1,0,1
446b990b-140.jpg,1618.9507,482.5703,73.6187,88.6284,0,0,1,0,1,0,1,0,1,0,1,0,1
446b990b-140.jpg,1620.1643,486.3095,71.8136,89.1482,0,0,1,0,1,0,1,0,1,0,1,0,1
44ea1618-6.jpg,962.982,382.1109,322.7693,334.271,1,1,1,0,1,0,1,0,1,0,1,0,1
44ea1618-6.jpg,302.1544,599.1776,240.0952,221.9849,1,1,1,0,1,0,1,0,1,0,1,0,1
44ea1618-6.jpg,109.3373,498.9124,182.4372,186.3634,1,1,1,0,1,0,1,0,1,0,1,0,1
44ea1618-6.jpg,679.2866,394.16,299.655,331.1228,1,1,1,0,1,0,1,0,1,0,1,0,1
44ea1618-6.jpg,1932.3242,370.252,66.1228,158.476,0,0,1,0,1,0,1,0,1,0,1,0,1
44ea1618-6.jpg,265.7136,609.0656,53.8333,105.9429,0,0,1,0,1,0,1,0,1,0,1,0,1
44ea1618-6.jpg,1933.6289,360.2186,65.0577,183.9365,0,0,1,0,1,0,1,0,1,0,1,0,1
44ea1618-6.jpg,580.8203,0.0,167.0999,20.6405,0,0,1,0,1,0,1,0,1,0,1,0,1
44ea1618-6.jpg,1930.1157,379.6623,69.2668,154.3263,0,0,1,0,1,0,1,0,1,0,1,0,1
44ea1618-6.jpg,265.329,619.3345,55.6398,91.9878,0,0,1,0,1,0,1,0,1,0,1,0,1
453f45eb-80.jpg,6.4541,627.8642,270.192,230.6378,2,1,1,1,1,0,1,0,1,0,1,0,1
453f45eb-80.jpg,833.254,0.0002,534.7266,119.21,0,0,1,0,1,0,1,0,1,0,1,0,1
453f45eb-80.jpg,858.0014,0.0,512.1817,124.1788,0,0,1,0,1,0,1,0,1,0,1,0,1
453f45eb-80.jpg,826.8358,0.0,541.9348,125.3401,0,0,1,0,1,0,1,0,1,0,1,0,1
453f45eb-80.jpg,785.3503,0.0,579.2124,118.5638,0,0,1,0,1,0,1,0,1,0,1,0,1
453f45eb-80.jpg,1921.8296,262.9109,78.1704,350.9974,0,0,1,0,1,0,1,0,1,0,1,0,1
453f45eb-80.jpg,1213.5255,1132.6212,319.0209,167.3788,0,0,1,0,1,0,1,0,1,0,1,0,1
453f45eb-80.jpg,1189.5166,0.071,162.667,24.9491,0,0,1,0,1,0,1,0,1,0,1,0,1
453f45eb-80.jpg,1211.4489,0.0509,146.246,23.2854,0,0,1,0,1,0,1,0,1,0,1,0,1
453f45eb-80.jpg,1919.3584,266.9697,80.6416,366.4474,0,0,1,0,1,0,1,0,1,0,1,0,1
453f45eb-80.jpg,873.339,0.1436,493.1461,116.6117,0,0,1,0,1,0,1,0,1,0,1,0,1
453f45eb-80.jpg,776.5812,0.0,587.7291,127.2439,0,0,1,0,1,0,1,0,1,0,1,0,1
453f45eb-80.jpg,0.0,0.0,0.3431,239.1208,0,0,1,0,1,0,1,0,1,0,1,0,1
453f45eb-80.jpg,0.0,1261.1017,94.5816,38.8983,0,0,1,0,1,0,1,0,1,0,1,0,1
453f45eb-80.jpg,1922.6986,248.9601,77.3014,348.9292,0,0,1,0,1,0,1,0,1,0,1,0,1
453f45eb-80.jpg,989.339,0.0,382.7125,110.9581,0,0,1,0,1,0,1,0,1,0,1,0,1
45813cc2-57.jpg,114.48,941.1482,310.1697,304.3281,3,1,1,1,1,1,1,0,1,0,1,0,1
45813cc2-57.jpg,173.2432,667.6011,282.8412,297.6692,2,1,1,1,1,0,1,0,1,0,1,0,1
45813cc2-57.jpg,179.3193,474.5929,219.7315,210.5041,1,1,1,0,1,0,1,0,1,0,1,0,1
45813cc2-57.jpg,269.2081,304.6835,203.458,219.5156,1,1,1,0,1,0,1,0,1,0,1,0,1
45813cc2-57.jpg,396.46,179.7468,187.0175,185.0462,1,1,1,0,1,0,1,0,1,0,1,0,1
45813cc2-57.jpg,1156.9698,230.8556,198.5033,218.1837,1,1,1,0,1,0,1,0,1,0,1,0,1
45813cc2-57.jpg,1258.8136,382.4259,207.7397,222.984,1,1,1,0,1,0,1,0,1,0,1,0,1
45813cc2-57.jpg,1297.1726,558.0106,298.1414,306.9971,2,1,1,1,1,0,1,0,1,0,1,0,1
45813cc2-57.jpg,1410.1362,816.5073,298.5127,304.6111,3,1,1,1,1,1,1,0,1,0,1,0,1
45813cc2-57.jpg,1478.7438,1087.6394,245.7683,203.5809,0,0,1,0,1,0,1,0,1,0,1,0,1
45813cc2-57.jpg,1478.2949,1086.5608,247.1302,202.2198,0,0,1,0,1,0,1,0,1,0,1,0,1
45813cc2-57.jpg,1470.1981,1084.7655,257.5681,215.2345,0,0,1,0,1,0,1,0,1,0,1,0,1
45813cc2-57.jpg,1478.563,1085.9298,245.4951,207.8306,0,0,1,0,1,0,1,0,1,0,1,0,1
45813cc2-57.jpg,1478.8042,1083.0546,245.2969,207.2521,0,0,1,0,1,0,1,0,1,0,1,0,1
45813cc2-57.jpg,1480.1045,1085.5709,243.2102,208.3931,0,0,1,0,1,0,1,0,1,0,1,0,1
45813cc2-57.jpg,1472.4449,1085.1589,256.0077,214.8411,0,0,1,0,1,0,1,0,1,0,1,0,1
45813cc2-57.jpg,1470.9382,1083.8865,254.3462,216.1135,0,0,1,0,1,0,1,0,1,0,1,0,1
45813cc2-57.jpg,1477.04,1083.6287,244.2876,211.3264,0,0,1,0,1,0,1,0,1,0,1,0,1
45813cc2-57.jpg,1470.8232,1084.5522,254.5236,215.4478,0,0,1,0,1,0,1,0,1,0,1,0,1
45813cc2-57.jpg,1470.5747,1084.9266,259.2856,215.0734,0,0,1,0,1,0,1,0,1,0,1,0,1
45813cc2-57.jpg,1471.521,1085.1053,258.7867,214.8947,0,0,1,0,1,0,1,0,1,0,1,0,1
45813cc2-57.jpg,1471.3322,1083.4309,257.2299,216.5691,0,0,1,0,1,0,1,0,1,0,1,0,1
45813cc2-57.jpg,1469.1665,1085.431,256.7806,214.569,0,0,1,0,1,0,1,0,1,0,1,0,1
45813cc2-57.jpg,1700.3538,817.5273,299.6462,482.4727,0,0,1,0,1,0,1,0,1,0,1,0,1
45813cc2-57.jpg,1470.7228,1083.3651,257.6046,216.6349,0,0,1,0,1,0,1,0,1,0,1,0,1
45813cc2-57.jpg,1470.8344,1071.7937,256.5938,228.2063,0,0,1,0,1,0,1,0,1,0,1,0,1
45813cc2-57.jpg,1713.3032,807.0979,286.6968,492.9021,0,0,1,0,1,0,1,0,1,0,1,0,1
45813cc2-57.jpg,1699.7295,801.3657,300.2705,498.6343,0,0,1,0,1,0,1,0,1,0,1,0,1
45813cc2-57.jpg,1706.844,863.01,293.156,436.99,0,0,1,0,1,0,1,0,1,0,1,0,1
45813cc2-57.jpg,1716.309,789.2401,283.691,510.7599,0,0,1,0,1,0,1,0,1,0,1,0,1
45813cc2-57.jpg,1273.4543,1257.5464,445.0853,42.4536,0,0,1,0,1,0,1,0,1,0,1,0,1
45813cc2-57.jpg,1467.4073,1085.2834,257.6697,214.7166,0,0,1,0,1,0,1,0,1,0,1,0,1
45813cc2-57.jpg,1471.7556,1084.4331,255.698,215.5669,0,0,1,0,1,0,1,0,1,0,1,0,1
45813cc2-57.jpg,1704.3721,841.2751,295.6279,458.7249,0,0,1,0,1,0,1,0,1,0,1,0,1
45813cc2-57.jpg,0.0,366.5215,38.0035,293.1067,0,0,1,0,1,0,1,0,1,0,1,0,1
45813cc2-57.jpg,1558.7856,1265.2954,157.3086,34.7046,0,0,1,0,1,0,1,0,1,0,1,0,1
45813cc2-57.jpg,1165.834,1262.8704,567.8154,37.1296,0,0,1,0,1,0,1,0,1,0,1,0,1
45813cc2-57.jpg,66.9712,1167.657,295.4594,122.1812,0,0,1,0,1,0,1,0,1,0,1,0,1
45813cc2-57.jpg,1246.0735,1275.9722,487.2609,24.0278,0,0,1,0,1,0,1,0,1,0,1,0,1
45813cc2-57.jpg,75.7714,1187.9833,309.5309,97.9,0,0,1,0,1,0,1,0,1,0,1,0,1
45813cc2-57.jpg,1591.0449,92.6411,161.9817,417.2617,0,0,1,0,1,0,1,0,1,0,1,0,1
45813cc2-57.jpg,0.0,357.9085,35.7817,282.1112,0,0,1,0,1,0,1,0,1,0,1,0,1
45813cc2-57.jpg,0.0,377.1167,29.0847,270.6976,0,0,1,0,1,0,1,0,1,0,1,0,1
45813cc2-57.jpg,1294.4403,1271.557,447.2158,28.443,0,0,1,0,1,0,1,0,1,0,1,0,1
45813cc2-57.jpg,1648.9052,860.5085,351.0948,439.4915,0,0,1,0,1,0,1,0,1,0,1,0,1
45813cc2-57.jpg,71.6319,1213.4493,271.8834,84.6531,0,0,1,0,1,0,1,0,1,0,1,0,1
45813cc2-57.jpg,1180.1252,1279.054,557.0828,20.946,0,0,1,0,1,0,1,0,1,0,1,0,1
45813cc2-57.jpg,1592.8628,114.2128,159.2849,419.0711,0,0,1,0,1,0,1,0,1,0,1,0,1
45813cc2-57.jpg,0.0,377.7218,40.1689,312.7632,0,0,1,0,1,0,1,0,1,0,1,0,1
45813cc2-57.jpg,74.2179,1187.171,281.6071,112.5912,0,0,1,0,1,0,1,0,1,0,1,0,1
45813cc2-57.jpg,75.5703,1215.2144,273.0189,82.8973,0,0,1,0,1,0,1,0,1,0,1,0,1
45813cc2-57.jpg,67.347,1197.6229,286.6365,99.5902,0,0,1,0,1,0,1,0,1,0,1,0,1
45813cc2-57.jpg,0.0,341.4652,34.0381,284.5077,0,0,1,0,1,0,1,0,1,0,1,0,1
45813cc2-57.jpg,0.0,367.7641,44.3218,351.4449,0,0,1,0,1,0,1,0,1,0,1,0,1
45813cc2-57.jpg,1655.6305,839.1505,344.3695,460.8495,0,0,1,0,1,0,1,0,1,0,1,0,1
45813cc2-57.jpg,1591.4871,23.9305,162.2253,489.9085,0,0,1,0,1,0,1,0,1,0,1,0,1
45813cc2-57.jpg,71.4175,1229.9607,266.4113,69.136,0,0,1,0,1,0,1,0,1,0,1,0,1
45813cc2-57.jpg,0.0224,370.2016,38.3756,312.3249,0,0,1,0,1,0,1,0,1,0,1,0,1
45813cc2-57.jpg,0.0,333.2829,33.4071,279.0613,0,0,1,0,1,0,1,0,1,0,1,0,1
4591b6b9-243.jpg,1296.8215,398.2033,231.73,281.1251,1,1,1,0,1,0,1,0,1,0,1,0,1
4591b6b9-243.jpg,1507.2001,394.5199,192.5308,308.3959,1,1,1,0,1,0,1,0,1,0,1,0,1
4591b6b9-243.jpg,1664.7672,458.5051,166.5269,250.7226,1,1,1,0,1,0,1,0,1,0,1,0,1
4591b6b9-243.jpg,1842.7229,619.4844,87.5225,72.7143,0,0,1,0,1,0,1,0,1,0,1,0,1
4591b6b9-243.jpg,1840.0702,621.1552,90.9675,78.714,0,0,1,0,1,0,1,0,1,0,1,0,1
4591b6b9-243.jpg,1842.7927,618.4232,86.6768,90.649,0,0,1,0,1,0,1,0,1,0,1,0,1
48aa0fe4-183.jpg,383.7179,926.1839,265.406,251.9747,4,1,1,1,1,1,1,1,1,0,1,0,1
48aa0fe4-183.jpg,436.7137,671.1104,273.2807,276.6033,4,1,1,1,1,1,1,1,1,0,1,0,1
48aa0fe4-183.jpg,545.7152,533.5553,225.8667,181.7071,1,1,1,0,1,0,1,0,1,0,1,0,1
48aa0fe4-183.jpg,652.2124,383.7322,181.5541,192.1111,1,1,1,0,1,0,1,0,1,0,1,0,1
48aa0fe4-183.jpg,770.1191,271.0204,160.3796,172.8933,1,1,1,0,1,0,1,0,1,0,1,0,1
48aa0fe4-183.jpg,1049.843,245.9213,139.8159,130.3641,1,1,1,0,1,0,1,0,1,0,1,0,1
48aa0fe4-183.jpg,1164.802,268.616,161.6781,167.3349,1,1,1,0,1,0,1,0,1,0,1,0,1
48aa0fe4-183.jpg,1272.6477,359.3434,189.0586,192.6303,1,1,1,0,1,0,1,0,1,0,1,0,1
48aa0fe4-183.jpg,1345.1334,505.2979,210.847,180.146,2,1,1,1,1,0,1,0,1,0,1,0,1
48aa0fe4-183.jpg,1379.8052,652.3921,263.0391,269.4148,3,1,1,1,1,1,1,0,1,0,1,0,1
48aa0fe4-183.jpg,1453.3767,890.319,265.2709,252.7819,5,1,1,1,1,1,1,1,1,1,1,0,1
48aa0fe4-183.jpg,1308.6698,11.9817,381.9844,373.1999,0,0,1,0,1,0,1,0,1,0,1,0,1
48aa0fe4-183.jpg,1305.2651,0.0,383.0596,382.8522,0,0,1,0,1,0,1,0,1,0,1,0,1
48aa0fe4-183.jpg,1306.5529,8.5697,385.6133,381.0927,0,0,1,0,1,0,1,0,1,0,1,0,1
48aa0fe4-183.jpg,1299.2632,0.0,384.2454,382.1168,0,0,1,0,1,0,1,0,1,0,1,0,1
48aa0fe4-183.jpg,1298.7787,0.0,392.2986,382.009,0,0,1,0,1,0,1,0,1,0,1,0,1
48aa0fe4-183.jpg,1301.6703,18.1852,383.076,360.5022,0,0,1,0,1,0,1,0,1,0,1,0,1
48aa0fe4-183.jpg,1315.3204,11.5815,377.4276,371.3521,0,0,1,0,1,0,1,0,1,0,1,0,1
48aa0fe4-183.jpg,1303.8617,17.0804,384.3362,359.427,0,0,1,0,1,0,1,0,1,0,1,0,1
48aa0fe4-183.jpg,1299.0367,14.9021,396.4453,366.8408,0,0,1,0,1,0,1,0,1,0,1,0,1
48aa0fe4-183.jpg,1303.974,15.0086,394.198,366.1994,0,0,1,0,1,0,1,0,1,0,1,0,1
48aa0fe4-183.jpg,0.0,0.0,295.1135,259.5394,0,0,1,0,1,0,1,0,1,0,1,0,1
48aa0fe4-183.jpg,1297.1868,20.9023,397.6809,358.4881,0,0,1,0,1,0,1,0,1,0,1,0,1
48aa0fe4-183.jpg,1297.7317,6.378,392.9323,381.0465,0,0,1,0,1,0,1,0,1,0,1,0,1
48aa0fe4-183.jpg,0.0,0.0,276.5761,265.5998,0,0,1,0,1,0,1,0,1,0,1,0,1
48aa0fe4-183.jpg,0.0,0.0,352.356,251.5393,0,0,1,0,1,0,1,0,1,0,1,0,1
48aa0fe4-183.jpg,1297.5044,21.0497,390.9694,361.646,0,0,1,0,1,0,1,0,1,0,1,0,1
48aa0fe4-183.jpg,1298.4788,29.7562,392.3904,351.2686,0,0,1,0,1,0,1,0,1,0,1,0,1
48aa0fe4-183.jpg,0.0,0.1377,399.7193,153.7257,0,0,1,0,1,0,1,0,1,0,1,0,1
48aa0fe4-183.jpg,1853.8784,1057.1187,146.1216,242.8813,0,0,1,0,1,0,1,0,1,0,1,0,1
48aa0fe4-183.jpg,0.2163,0.0,262.4495,263.808,0,0,1,0,1,0,1,0,1,0,1,0,1
48aa0fe4-183.jpg,1299.2861,40.0802,385.5056,338.0507,0,0,1,0,1,0,1,0,1,0,1,0,1
48aa0fe4-183.jpg,1298.6063,32.0273,386.3269,348.3444,0,0,1,0,1,0,1,0,1,0,1,0,1
48aa0fe4-183.jpg,1292.4408,253.4476,215.7433,125.8166,0,0,1,0,1,0,1,0,1,0,1,0,1
48aa0fe4-183.jpg,1296.7947,11.7337,392.2437,370.9631,0,0,1,0,1,0,1,0,1,0,1,0,1
48aa0fe4-183.jpg,1.9857,0.0,278.2711,208.0202,0,0,1,0,1,0,1,0,1,0,1,0,1
48aa0fe4-183.jpg,0.0,0.0,238.5295,267.9247,0,0,1,0,1,0,1,0,1,0,1,0,1
48aa0fe4-183.jpg,0.0,0.0,176.8072,272.7998,0,0,1,0,1,0,1,0,1,0,1,0,1
48aa0fe4-183.jpg,1280.4402,254.6213,229.7361,137.1088,0,0,1,0,1,0,1,0,1,0,1,0,1
48aa0fe4-183.jpg,1353.8743,0.5063,334.2513,115.1421,0,0,1,0,1,0,1,0,1,0,1,0,1
48aa0fe4-183.jpg,1301.1294,261.4665,216.7141,128.5555,0,0,1,0,1,0,1,0,1,0,1,0,1
48aa0fe4-183.jpg,1296.9623,2.0107,394.8508,385.0392,0,0,1,0,1,0,1,0,1,0,1,0,1
48aa0fe4-183.jpg,1951.1512,538.3846,48.8488,285.3006,0,0,1,0,1,0,1,0,1,0,1,0,1
48aa0fe4-183.jpg,1952.4536,552.7665,47.5449,277.2801,0,0,1,0,1,0,1,0,1,0,1,0,1
48aa0fe4-183.jpg,0.724,0.0,305.1634,259.2356,0,0,1,0,1,0,1,0,1,0,1,0,1
48aa0fe4-183.jpg,0.0,0.0,70.4585,272.2294,0,0,1,0,1,0,1,0,1,0,1,0,1
48aa0fe4-183.jpg,0.0,0.0,385.8102,212.877,0,0,1,0,1,0,1,0,1,0,1,0,1
48aa0fe4-183.jpg,0.0,0.0,250.2245,268.5349,0,0,1,0,1,0,1,0,1,0,1,0,1
48aa0fe4-183.jpg,0.0,0.0,251.846,265.2299,0,0,1,0,1,0,1,0,1,0,1,0,1
48aa0fe4-183.jpg,1855.5199,1036.2352,144.4801,263.7648,0,0,1,0,1,0,1,0,1,0,1,0,1
48aa0fe4-183.jpg,1499.757,1.3558,194.8033,302.1777,0,0,1,0,1,0,1,0,1,0,1,0,1
48aa0fe4-183.jpg,1298.1652,266.7944,221.1759,124.5402,0,0,1,0,1,0,1,0,1,0,1,0,1
48aa0fe4-183.jpg,65.0471,0.0,375.8436,101.2953,0,0,1,0,1,0,1,0,1,0,1,0,1
48aa0fe4-183.jpg,2.5535,0.0,268.2439,219.3506,0,0,1,0,1,0,1,0,1,0,1,0,1
48aa0fe4-183.jpg,1954.7722,563.8824,45.2278,289.2046,0,0,1,0,1,0,1,0,1,0,1,0,1
48aa0fe4-183.jpg,1857.4604,1223.3881,108.818,75.6107,0,0,1,0,1,0,1,0,1,0,1,0,1
48aa0fe4-183.jpg,1958.1093,568.3292,41.7626,245.5436,0,0,1,0,1,0,1,0,1,0,1,0,1
48aa0fe4-183.jpg,1949.9919,531.019,50.0081,272.5757,0,0,1,0,1,0,1,0,1,0,1,0,1
48aa0fe4-183.jpg,0.0,0.1182,401.4962,161.1042,0,0,1,0,1,0,1,0,1,0,1,0,1
48aa0fe4-183.jpg,1955.6141,554.6053,44.2031,252.0832,0,0,1,0,1,0,1,0,1,0,1,0,1
48aa0fe4-183.jpg,159.167,0.0,363.1205,89.6394,0,0,1,0,1,0,1,0,1,0,1,0,1
4960af30-167.jpg,192.4283,881.7193,269.2327,245.3571,5,1,1,1,1,1,1,1,1,1,1,0,1
4960af30-167.jpg,273.6283,670.2231,305.7439,268.3157,6,1,1,1,1,1,1,1,1,1,1,1,1
4960af30-167.jpg,406.5332,542.9577,220.2768,190.1664,6,1,1,1,1,1,1,1,1,1,1,1,1
4960af30-167.jpg,580.8632,285.2567,180.4885,201.5458,1,1,1,0,1,0,1,0,1,0,1,0,1
4960af30-167.jpg,1319.1907,669.046,291.0653,243.3607,6,1,1,1,1,1,1,1,1,1,1,1,1
4960af30-167.jpg,1412.1521,501.7407,199.2263,208.8137,2,1,1,1,1,0,1,0,1,0,1,0,1
4960af30-167.jpg,1371.7499,887.205,264.579,237.6764,4,1,1,1,1,1,1,1,1,0,1,0,1
4960af30-167.jpg,1385.0232,0.6316,453.2292,222.7893,0,0,1,0,1,0,1,0,1,0,1,0,1
4960af30-167.jpg,1312.6021,0.0,531.3639,220.1846,0,0,1,0,1,0,1,0,1,0,1,0,1
4960af30-167.jpg,1329.9415,0.7874,510.6658,218.14,0,0,1,0,1,0,1,0,1,0,1,0,1
4960af30-167.jpg,1412.2839,0.2272,424.6433,221.8309,0,0,1,0,1,0,1,0,1,0,1,0,1
4960af30-167.jpg,1325.8575,1.0429,512.7303,217.0568,0,0,1,0,1,0,1,0,1,0,1,0,1
4960af30-167.jpg,1307.6776,0.0,536.0243,217.7094,0,0,1,0,1,0,1,0,1,0,1,0,1
4960af30-167.jpg,1448.7572,1.7422,391.272,220.1673,0,0,1,0,1,0,1,0,1,0,1,0,1
4960af30-167.jpg,1370.3383,0.6648,468.9335,218.7551,0,0,1,0,1,0,1,0,1,0,1,0,1
4960af30-167.jpg,5.2547,0.0,412.6686,95.2012,0,0,1,0,1,0,1,0,1,0,1,0,1
4960af30-167.jpg,1.3877,0.0,371.0989,111.2807,0,0,1,0,1,0,1,0,1,0,1,0,1
4960af30-167.jpg,1874.0376,624.3514,125.9624,347.1724,0,0,1,0,1,0,1,0,1,0,1,0,1
4960af30-167.jpg,0.0,0.0,380.5495,94.5247,0,0,1,0,1,0,1,0,1,0,1,0,1
4960af30-167.jpg,0.0,0.0,429.1099,102.903,0,0,1,0,1,0,1,0,1,0,1,0,1
4960af30-167.jpg,0.0,0.0862,369.984,94.7246,0,0,1,0,1,0,1,0,1,0,1,0,1
4960af30-167.jpg,5.6421,0.1236,370.8066,101.8801,0,0,1,0,1,0,1,0,1,0,1,0,1
4960af30-167.jpg,0.3477,0.0,379.1774,119.5033,0,0,1,0,1,0,1,0,1,0,1,0,1
4960af30-167.jpg,0.0,0.0,405.9836,97.1065,0,0,1,0,1,0,1,0,1,0,1,0,1
4960af30-167.jpg,28.7537,0.0,387.8819,93.8034,0,0,1,0,1,0,1,0,1,0,1,0,1
4960af30-167.jpg,0.0,0.0,382.9463,92.7605,0,0,1,0,1,0,1,0,1,0,1,0,1
4960af30-167.jpg,1885.7734,631.4319,114.2266,365.8781,0,0,1,0,1,0,1,0,1,0,1,0,1
4960af30-167.jpg,2.8988,0.0,368.1922,93.0577,0,0,1,0,1,0,1,0,1,0,1,0,1
4960af30-167.jpg,1.0085,0.0,357.9674,160.0985,0,0,1,0,1,0,1,0,1,0,1,0,1
4960af30-167.jpg,0.0,0.0,465.3268,95.1203,0,0,1,0,1,0,1,0,1,0,1,0,1
4960af30-167.jpg,1419.0715,0.7742,420.7183,226.9041,0,0,1,0,1,0,1,0,1,0,1,0,1
4960af30-167.jpg,1179.1355,1218.7723,559.6316,81.2277,0,0,1,0,1,0,1,0,1,0,1,0,1
4960af30-167.jpg,40.2796,0.0,395.7519,96.8319,0,0,1,0,1,0,1,0,1,0,1,0,1
4960af30-167.jpg,1877.6252,636.2517,122.3748,357.6197,0,0,1,0,1,0,1,0,1,0,1,0,1
4960af30-167.jpg,0.0,0.0,458.7853,102.3802,0,0,1,0,1,0,1,0,1,0,1,0,1
4960af30-167.jpg,14.2321,0.0,373.3961,106.9417,0,0,1,0,1,0,1,0,1,0,1,0,1
4960af30-167.jpg,0.0,0.0,364.3266,96.8593,0,0,1,0,1,0,1,0,1,0,1,0,1
4960af30-167.jpg,19.2173,0.0,371.7987,100.5075,0,0,1,0,1,0,1,0,1,0,1,0,1
4960af30-167.jpg,0.0,0.0,8.1573,265.382,0,0,1,0,1,0,1,0,1,0,1,0,1
4960af30-167.jpg,0.0,0.0,369.2526,119.5084,0,0,1,0,1,0,1,0,1,0,1,0,1
4960af30-167.jpg,22.8949,0.0,376.5552,106.7697,0,0,1,0,1,0,1,0,1,0,1,0,1
4960af30-167.jpg,1446.9714,1.5465,396.3669,222.7961,0,0,1,0,1,0,1,0,1,0,1,0,1
4960af30-167.jpg,1875.4686,625.6607,124.5314,329.0018,0,0,1,0,1,0,1,0,1,0,1,0,1
4960af30-167.jpg,0.0,0.0,480.0605,95.5701,0,0,1,0,1,0,1,0,1,0,1,0,1
4960af30-167.jpg,1367.0194,0.0,475.0946,224.4543,0,0,1,0,1,0,1,0,1,0,1,0,1
4960af30-167.jpg,0.0,0.0712,365.2007,102.0177,0,0,1,0,1,0,1,0,1,0,1,0,1
4b32eec6-37.jpg,914.3509,448.64,98.7429,257.2065,1,1,1,0,1,0,1,0,1,0,1,0,1
4b32eec6-37.jpg,611.8568,489.0662,152.2405,275.575,1,1,1,0,1,0,1,0,1,0,1,0,1
4b32eec6-37.jpg,740.5483,695.765,97.3421,188.2936,1,1,1,0,1,0,1,0,1,0,1,0,1
4b32eec6-37.jpg,751.6927,439.1372,209.1618,295.3506,2,1,1,1,1,0,1,0,1,0,1,0,1
4b32eec6-37.jpg,551.9024,523.1166,76.2134,235.1749,0,0,1,0,1,0,1,0,1,0,1,0,1
4b32eec6-37.jpg,566.3571,544.3286,51.8583,173.8508,0,0,1,0,1,0,1,0,1,0,1,0,1
4b32eec6-37.jpg,547.8054,520.3265,79.1697,235.2632,0,0,1,0,1,0,1,0,1,0,1,0,1
4b32eec6-37.jpg,566.0963,539.591,56.3043,179.8872,0,0,1,0,1,0,1,0,1,0,1,0,1
4b32eec6-37.jpg,980.3843,454.8592,91.9299,225.7982,0,0,1,0,1,0,1,0,1,0,1,0,1
4b32eec6-37.jpg,576.8761,559.1091,47.4029,125.4368,0,0,1,0,1,0,1,0,1,0,1,0,1
4b32eec6-37.jpg,569.4404,537.5036,51.1233,201.2083,0,0,1,0,1,0,1,0,1,0,1,0,1
4b32eec6-37.jpg,574.4315,535.8497,49.2122,206.3825,0,0,1,0,1,0,1,0,1,0,1,0,1
4b32eec6-37.jpg,547.8641,496.3476,70.432,233.4234,0,0,1,0,1,0,1,0,1,0,1,0,1
4b32eec6-37.jpg,567.7225,548.8126,45.3334,144.1786,0,0,1,0,1,0,1,0,1,0,1,0,1
4b32eec6-37.jpg,576.3522,538.9962,48.676,211.702,0,0,1,0,1,0,1,0,1,0,1,0,1
4b32eec6-37.jpg,574.5062,541.0933,48.5206,177.4205,0,0,1,0,1,0,1,0,1,0,1,0,1
4b32eec6-37.jpg,546.476,512.5956,79.6317,245.1572,0,0,1,0,1,0,1,0,1,0,1,0,1
4b32eec6-37.jpg,576.4979,551.0435,47.36,130.2107,0,0,1,0,1,0,1,0,1,0,1,0,1
4b32eec6-37.jpg,0.0,0.0,8.059,240.9651,0,0,1,0,1,0,1,0,1,0,1,0,1
4b32eec6-37.jpg,577.5723,583.1412,46.1411,123.7803,0,0,1,0,1,0,1,0,1,0,1,0,1
4b32eec6-37.jpg,993.8771,515.2395,95.4721,145.8123,0,0,1,0,1,0,1,0,1,0,1,0,1
4b32eec6-37.jpg,557.2888,480.4268,54.5825,130.508,0,0,1,0,1,0,1,0,1,0,1,0,1
4b32eec6-37.jpg,567.4352,538.474,55.2144,194.7515,0,0,1,0,1,0,1,0,1,0,1,0,1
4b32eec6-37.jpg,526.7315,556.3023,57.9261,95.8914,0,0,1,0,1,0,1,0,1,0,1,0,1
4b32eec6-37.jpg,566.3619,545.2701,53.226,145.7844,0,0,1,0,1,0,1,0,1,0,1,0,1
4b32eec6-37.jpg,527.7563,569.9455,55.687,88.9492,0,0,1,0,1,0,1,0,1,0,1,0,1
4b32eec6-37.jpg,972.3232,447.6961,113.5719,243.8193,0,0,1,0,1,0,1,0,1,0,1,0,1
4b32eec6-37.jpg,553.522,480.0655,56.3932,82.6214,0,0,1,0,1,0,1,0,1,0,1,0,1
4b32eec6-37.jpg,982.3516,450.5564,81.5897,248.031,0,0,1,0,1,0,1,0,1,0,1,0,1
4b32eec6-37.jpg,572.7264,582.5395,55.6864,196.8607,0,0,1,0,1,0,1,0,1,0,1,0,1
4b32eec6-37.jpg,567.2809,518.8331,53.3716,213.0338,0,0,1,0,1,0,1,0,1,0,1,0,1
4b32eec6-37.jpg,565.544,521.4588,75.4184,244.4711,0,0,1,0,1,0,1,0,1,0,1,0,1
4b32eec6-37.jpg,965.4119,406.2485,116.2626,290.2769,0,0,1,0,1,0,1,0,1,0,1,0,1
4b32eec6-37.jpg,552.5647,545.6618,77.343,214.6185,0,0,1,0,1,0,1,0,1,0,1,0,1
4b32eec6-37.jpg,574.8953,539.6731,48.5371,182.6083,0,0,1,0,1,0,1,0,1,0,1,0,1
4b32eec6-37.jpg,0.0,0.0,42.6047,249.4131,0,0,1,0,1,0,1,0,1,0,1,0,1
4b32eec6-37.jpg,977.3805,457.3915,98.0875,216.814,0,0,1,0,1,0,1,0,1,0,1,0,1
4b32eec6-37.jpg,571.2645,485.2965,38.0521,74.4568,0,0,1,0,1,0,1,0,1,0,1,0,1
4b32eec6-37.jpg,522.7083,549.181,66.9288,186.4531,0,0,1,0,1,0,1,0,1,0,1,0,1
4b32eec6-37.jpg,993.2461,489.3724,73.229,223.2728,0,0,1,0,1,0,1,0,1,0,1,0,1
4b32eec6-37.jpg,519.9946,548.2067,69.1898,175.3981,0,0,1,0,1,0,1,0,1,0,1,0,1
4b32eec6-37.jpg,573.7223,594.8802,56.6149,198.9781,0,0,1,0,1,0,1,0,1,0,1,0,1
4b32eec6-37.jpg,976.6021,450.6402,103.3979,191.5023,0,0,1,0,1,0,1,0,1,0,1,0,1
4b32eec6-37.jpg,528.9088,593.9951,53.0524,75.9308,0,0,1,0,1,0,1,0,1,0,1,0,1
4b32eec6-37.jpg,991.5991,508.4591,93.2689,175.1324,0,0,1,0,1,0,1,0,1,0,1,0,1
4b32eec6-37.jpg,572.7776,502.6759,36.9468,104.5475,0,0,1,0,1,0,1,0,1,0,1,0,1
4b32eec6-37.jpg,0.0,0.0,0.8472,272.468,0,0,1,0,1,0,1,0,1,0,1,0,1
4b32eec6-37.jpg,572.132,546.1071,52.8261,200.0921,0,0,1,0,1,0,1,0,1,0,1,0,1
4b32eec6-37.jpg,572.5579,548.4969,54.1996,219.5123,0,0,1,0,1,0,1,0,1,0,1,0,1
4b32eec6-37.jpg,572.7342,540.0838,49.056,202.31,0,0,1,0,1,0,1,0,1,0,1,0,1
4b32eec6-37.jpg,527.0632,553.8629,59.855,80.0289,0,0,1,0,1,0,1,0,1,0,1,0,1
4b32eec6-37.jpg,1020.3295,502.6613,77.4618,116.4391,0,0,1,0,1,0,1,0,1,0,1,0,1
4b32eec6-37.jpg,959.7479,359.2905,100.1049,346.584,0,0,1,0,1,0,1,0,1,0,1,0,1
4b32eec6-37.jpg,579.0368,551.4623,46.9837,200.2969,0,0,1,0,1,0,1,0,1,0,1,0,1
4d17374f-174.jpg,765.7003,632.0652,84.7145,191.1743,1,1,1,0,1,0,1,0,1,0,1,0,1
4d17374f-174.jpg,0.0,0.0,422.3395,493.5956,0,0,1,0,1,0,1,0,1,0,1,0,1
4d17374f-174.jpg,0.0,0.0,419.6864,500.1627,0,0,1,0,1,0,1,0,1,0,1,0,1
4d17374f-174.jpg,890.6552,0.0,401.3466,110.5525,0,0,1,0,1,0,1,0,1,0,1,0,1
4d17374f-174.jpg,0.0,0.0,421.504,498.9743,0,0,1,0,1,0,1,0,1,0,1,0,1
4d17374f-174.jpg,771.3589,0.0801,530.4091,113.9478,0,0,1,0,1,0,1,0,1,0,1,0,1
4d17374f-174.jpg,783.0792,0.123,522.1813,111.5768,0,0,1,0,1,0,1,0,1,0,1,0,1
4d17374f-174.jpg,754.8907,0.0,550.4148,115.2047,0,0,1,0,1,0,1,0,1,0,1,0,1
4d17374f-174.jpg,933.3606,0.0,362.1267,106.2736,0,0,1,0,1,0,1,0,1,0,1,0,1
4d17374f-174.jpg,908.6733,0.0,381.9951,107.3908,0,0,1,0,1,0,1,0,1,0,1,0,1
4d17374f-174.jpg,0.0,0.0,425.1054,503.4212,0,0,1,0,1,0,1,0,1,0,1,0,1
4d17374f-174.jpg,897.3577,0.013,398.0891,111.056,0,0,1,0,1,0,1,0,1,0,1,0,1
4d17374f-174.jpg,0.0,0.0,431.6783,493.9293,0,0,1,0,1,0,1,0,1,0,1,0,1
4d17374f-174.jpg,0.0,0.0,427.4774,491.2299,0,0,1,0,1,0,1,0,1,0,1,0,1
4d17374f-174.jpg,0.0,0.0,429.126,492.9894,0,0,1,0,1,0,1,0,1,0,1,0,1
4d17374f-174.jpg,903.6053,0.0,392.1501,109.368,0,0,1,0,1,0,1,0,1,0,1,0,1
4d17374f-174.jpg,494.8995,0.047,407.7145,76.4369,0,0,1,0,1,0,1,0,1,0,1,0,1
4d17374f-174.jpg,502.0517,0.0,449.6933,76.3613,0,0,1,0,1,0,1,0,1,0,1,0,1
4d17374f-174.jpg,0.0,0.0,423.5168,505.3325,0,0,1,0,1,0,1,0,1,0,1,0,1
4d17374f-174.jpg,719.8335,0.0668,574.1678,125.2014,0,0,1,0,1,0,1,0,1,0,1,0,1
4d17374f-174.jpg,504.9644,0.0,436.5952,77.8534,0,0,1,0,1,0,1,0,1,0,1,0,1
4d17374f-174.jpg,1062.1562,254.5136,151.2295,195.6257,0,0,1,0,1,0,1,0,1,0,1,0,1
4d17374f-174.jpg,876.0643,0.0355,419.4974,111.6852,0,0,1,0,1,0,1,0,1,0,1,0,1
4d17374f-174.jpg,733.3198,0.0,569.5904,120.7712,0,0,1,0,1,0,1,0,1,0,1,0,1
4d17374f-174.jpg,501.9207,0.0,424.45,80.4845,0,0,1,0,1,0,1,0,1,0,1,0,1
4d17374f-174.jpg,506.5286,0.0,450.136,78.7432,0,0,1,0,1,0,1,0,1,0,1,0,1
4d17374f-174.jpg,512.5178,0.0,448.4173,81.1038,0,0,1,0,1,0,1,0,1,0,1,0,1
4d17374f-174.jpg,505.0645,0.0,440.7932,74.2738,0,0,1,0,1,0,1,0,1,0,1,0,1
4d17374f-174.jpg,1062.3378,254.8095,150.0342,195.8039,0,0,1,0,1,0,1,0,1,0,1,0,1
4d17374f-174.jpg,499.7742,0.0,481.942,79.7148,0,0,1,0,1,0,1,0,1,0,1,0,1
4d17374f-174.jpg,900.4625,0.0,396.7134,110.3238,0,0,1,0,1,0,1,0,1,0,1,0,1
4d17374f-174.jpg,876.7256,0.0736,412.4321,107.7613,0,0,1,0,1,0,1,0,1,0,1,0,1
4d17374f-174.jpg,1061.5997,254.0834,150.2322,198.0953,0,0,1,0,1,0,1,0,1,0,1,0,1
4d17374f-174.jpg,504.0113,0.0,427.0799,76.1857,0,0,1,0,1,0,1,0,1,0,1,0,1
4d17374f-174.jpg,1063.1138,251.4637,146.9486,199.3533,0,0,1,0,1,0,1,0,1,0,1,0,1
4d17374f-174.jpg,493.0691,0.0,466.2019,75.4882,0,0,1,0,1,0,1,0,1,0,1,0,1
4d17374f-174.jpg,500.4596,0.0985,439.9535,80.2351,0,0,1,0,1,0,1,0,1,0,1,0,1
4d17374f-174.jpg,494.9249,0.0,466.4166,68.609,0,0,1,0,1,0,1,0,1,0,1,0,1
4d17374f-174.jpg,858.6563,0.0,430.4496,112.4759,0,0,1,0,1,0,1,0,1,0,1,0,1
4d17374f-174.jpg,708.5749,0.0,584.032,137.6893,0,0,1,0,1,0,1,0,1,0,1,0,1
4d17374f-174.jpg,490.5667,0.0,469.7323,71.7158,0,0,1,0,1,0,1,0,1,0,1,0,1
4d17374f-174.jpg,1063.9304,252.6629,149.5392,198.5068,0,0,1,0,1,0,1,0,1,0,1,0,1
4d17374f-174.jpg,0.0,0.0,431.5815,493.1114,0,0,1,0,1,0,1,0,1,0,1,0,1
4d17374f-174.jpg,512.936,0.0,491.6782,84.6525,0,0,1,0,1,0,1,0,1,0,1,0,1
4d17374f-174.jpg,890.0492,0.0898,403.7407,110.6951,0,0,1,0,1,0,1,0,1,0,1,0,1
4d17374f-174.jpg,880.4209,1.1601,411.5441,111.8802,0,0,1,0,1,0,1,0,1,0,1,0,1
4d17374f-174.jpg,528.0068,0.0,391.1588,76.5107,0,0,1,0,1,0,1,0,1,0,1,0,1
4d17374f-174.jpg,0.7657,0.0,405.0272,487.548,0,0,1,0,1,0,1,0,1,0,1,0,1
4d17374f-174.jpg,862.7865,0.0816,432.1442,112.2757,0,0,1,0,1,0,1,0,1,0,1,0,1
4d17374f-174.jpg,496.7082,0.0,428.6031,83.5267,0,0,1,0,1,0,1,0,1,0,1,0,1
4d17374f-174.jpg,525.9032,0.0,396.0118,78.0273,0,0,1,0,1,0,1,0,1,0,1,0,1
500188bc-70.jpg,84.5139,667.6022,163.5618,206.9343,2,1,1,1,1,0,1,0,1,0,1,0,1
500188bc-70.jpg,251.0414,403.6634,294.849,355.8118,1,1,1,0,1,0,1,0,1,0,1,0,1
500188bc-70.jpg,853.7876,409.9279,294.5267,321.5398,1,1,1,0,1,0,1,0,1,0,1,0,1
500188bc-70.jpg,1368.9806,395.6828,245.6427,237.7048,1,1,1,0,1,0,1,0,1,0,1,0,1
500188bc-70.jpg,1568.8688,437.4214,196.6396,205.822,1,1,1,0,1,0,1,0,1,0,1,0,1
500188bc-70.jpg,1727.4587,454.5351,194.9585,193.1625,1,1,1,0,1,0,1,0,1,0,1,0,1
500188bc-70.jpg,1546.4259,615.4614,216.9015,255.8095,1,1,1,0,1,0,1,0,1,0,1,0,1
500188bc-70.jpg,1323.4038,609.2133,238.2489,284.4118,1,1,1,0,1,0,1,0,1,0,1,0,1
500188bc-70.jpg,1800.5547,503.132,199.4453,198.9845,0,0,1,0,1,0,1,0,1,0,1,0,1
500188bc-70.jpg,1804.0907,505.9051,195.9093,196.4275,0,0,1,0,1,0,1,0,1,0,1,0,1
500188bc-70.jpg,1827.8456,499.3244,172.1544,200.8347,0,0,1,0,1,0,1,0,1,0,1,0,1
500188bc-70.jpg,1756.5938,555.2034,243.4062,149.094,0,0,1,0,1,0,1,0,1,0,1,0,1
500188bc-70.jpg,1833.0295,501.3687,166.9705,198.6326,0,0,1,0,1,0,1,0,1,0,1,0,1
500188bc-70.jpg,1759.5043,579.7781,227.4071,123.6302,0,0,1,0,1,0,1,0,1,0,1,0,1
500188bc-70.jpg,1757.2185,560.0148,242.7815,142.7617,0,0,1,0,1,0,1,0,1,0,1,0,1
500188bc-70.jpg,1757.6101,546.6295,242.3899,157.1411,0,0,1,0,1,0,1,0,1,0,1,0,1
500188bc-70.jpg,1757.4012,543.4581,242.5988,162.2093,0,0,1,0,1,0,1,0,1,0,1,0,1
500188bc-70.jpg,1754.2385,540.8812,245.7615,163.037,0,0,1,0,1,0,1,0,1,0,1,0,1
500188bc-70.jpg,1755.1989,576.6146,234.9342,124.8611,0,0,1,0,1,0,1,0,1,0,1,0,1
500188bc-70.jpg,1757.1693,563.2009,238.7695,141.0038,0,0,1,0,1,0,1,0,1,0,1,0,1
500188bc-70.jpg,1754.187,567.3543,245.6554,134.2128,0,0,1,0,1,0,1,0,1,0,1,0,1
500188bc-70.jpg,1775.1221,577.2728,214.2216,123.7252,0,0,1,0,1,0,1,0,1,0,1,0,1
500188bc-70.jpg,1818.9185,519.2115,173.7156,177.8357,0,0,1,0,1,0,1,0,1,0,1,0,1
500188bc-70.jpg,1781.3179,528.9393,207.6687,172.9771,0,0,1,0,1,0,1,0,1,0,1,0,1
500188bc-70.jpg,1817.5022,506.2776,182.4978,194.6863,0,0,1,0,1,0,1,0,1,0,1,0,1
500188bc-70.jpg,1759.5657,534.6476,240.4343,168.8896,0,0,1,0,1,0,1,0,1,0,1,0,1
500188bc-70.jpg,1756.1512,559.4374,243.3533,145.4239,0,0,1,0,1,0,1,0,1,0,1,0,1
500188bc-70.jpg,1815.9662,527.9257,177.6306,172.6414,0,0,1,0,1,0,1,0,1,0,1,0,1
500188bc-70.jpg,1760.9615,603.7176,176.928,98.3697,0,0,1,0,1,0,1,0,1,0,1,0,1
500188bc-70.jpg,1806.9299,523.0818,185.0209,177.3239,0,0,1,0,1,0,1,0,1,0,1,0,1
500188bc-70.jpg,1800.4414,514.2266,190.4705,182.4148,0,0,1,0,1,0,1,0,1,0,1,0,1
500188bc-70.jpg,1859.2045,511.8813,140.7955,185.5597,0,0,1,0,1,0,1,0,1,0,1,0,1
500188bc-70.jpg,1890.3245,508.0254,109.6755,189.2816,0,0,1,0,1,0,1,0,1,0,1,0,1
500188bc-70.jpg,1787.75,527.44,212.25,177.2024,0,0,1,0,1,0,1,0,1,0,1,0,1
500188bc-70.jpg,1874.9579,519.0934,125.0421,170.144,0,0,1,0,1,0,1,0,1,0,1,0,1
500188bc-70.jpg,1754.2874,598.941,194.8174,99.449,0,0,1,0,1,0,1,0,1,0,1,0,1
500188bc-70.jpg,551.2261,1204.1332,266.3378,95.7349,0,0,1,0,1,0,1,0,1,0,1,0,1
512fcc4a-100.jpg,225.089,379.7933,277.5529,266.1218,2,1,1,1,1,0,1,0,1,0,1,0,1
512fcc4a-100.jpg,79.6093,24.5638,394.9733,395.9153,3,1,1,1,1,1,1,0,1,0,1,0,1
512fcc4a-100.jpg,1544.6082,18.4157,401.4198,379.6652,3,1,1,1,1,1,1,0,1,0,1,0,1
512fcc4a-100.jpg,1460.4578,338.0634,331.4536,352.019,2,1,1,1,1,0,1,0,1,0,1,0,1
512fcc4a-100.jpg,321.3465,616.6789,246.3685,240.0087,1,1,1,0,1,0,1,0,1,0,1,0,1
512fcc4a-100.jpg,475.2412,786.0251,227.7221,219.7903,1,1,1,0,1,0,1,0,1,0,1,0,1
512fcc4a-100.jpg,634.0249,876.7623,199.5254,180.6821,1,1,1,0,1,0,1,0,1,0,1,0,1
512fcc4a-100.jpg,827.5433,910.1248,178.813,179.088,1,1,1,0,1,0,1,0,1,0,1,0,1
512fcc4a-100.jpg,993.0109,914.1798,182.9775,157.9258,1,1,1,0,1,0,1,0,1,0,1,0,1
512fcc4a-100.jpg,1167.0414,861.0981,200.6168,202.273,1,1,1,0,1,0,1,0,1,0,1,0,1
512fcc4a-100.jpg,1350.744,772.069,214.4625,231.6024,1,1,1,0,1,0,1,0,1,0,1,0,1
512fcc4a-100.jpg,1517.2152,651.4268,219.0631,212.7103,1,1,1,0,1,0,1,0,1,0,1,0,1
512fcc4a-100.jpg,188.816,1274.9884,171.8752,25.0116,0,0,1,0,1,0,1,0,1,0,1,0,1
512fcc4a-100.jpg,201.1089,1272.7084,166.7749,27.2916,0,0,1,0,1,0,1,0,1,0,1,0,1
512fcc4a-100.jpg,198.6689,1272.7152,168.8852,27.2848,0,0,1,0,1,0,1,0,1,0,1,0,1
512fcc4a-100.jpg,200.3139,1272.1572,164.3061,27.8428,0,0,1,0,1,0,1,0,1,0,1,0,1
512fcc4a-100.jpg,196.0997,1274.1995,165.9808,25.8005,0,0,1,0,1,0,1,0,1,0,1,0,1
512fcc4a-100.jpg,208.0032,1273.4822,155.1299,26.5178,0,0,1,0,1,0,1,0,1,0,1,0,1
512fcc4a-100.jpg,1940.728,1109.293,59.272,190.707,0,0,1,0,1,0,1,0,1,0,1,0,1
512fcc4a-100.jpg,203.9303,1275.2246,162.6768,24.7754,0,0,1,0,1,0,1,0,1,0,1,0,1
512fcc4a-100.jpg,221.801,1274.8278,156.5935,25.1722,0,0,1,0,1,0,1,0,1,0,1,0,1
512fcc4a-100.jpg,213.7915,1270.9971,158.013,29.0029,0,0,1,0,1,0,1,0,1,0,1,0,1
512fcc4a-100.jpg,0.0,0.0,47.4877,262.4682,0,0,1,0,1,0,1,0,1,0,1,0,1
512fcc4a-100.jpg,230.2823,1266.4622,147.2454,33.5378,0,0,1,0,1,0,1,0,1,0,1,0,1
512fcc4a-100.jpg,1953.9147,1088.4886,46.0853,211.5114,0,0,1,0,1,0,1,0,1,0,1,0,1
512fcc4a-100.jpg,193.0447,1264.98,196.4898,35.02,0,0,1,0,1,0,1,0,1,0,1,0,1
512fcc4a-100.jpg,180.6585,1267.6954,201.0148,32.3046,0,0,1,0,1,0,1,0,1,0,1,0,1
512fcc4a-100.jpg,1962.7203,1201.2253,37.2797,98.7747,0,0,1,0,1,0,1,0,1,0,1,0,1
512fcc4a-100.jpg,184.6446,1271.5681,171.6814,28.4319,0,0,1,0,1,0,1,0,1,0,1,0,1
512fcc4a-100.jpg,1955.8783,1202.1274,44.1217,97.4951,0,0,1,0,1,0,1,0,1,0,1,0,1
512fcc4a-100.jpg,1964.5897,1186.8555,35.4103,112.5199,0,0,1,0,1,0,1,0,1,0,1,0,1
512fcc4a-100.jpg,1970.6288,1185.8938,29.2023,113.4678,0,0,1,0,1,0,1,0,1,0,1,0,1
512fcc4a-100.jpg,0.0,0.0,27.869,260.5432,0,0,1,0,1,0,1,0,1,0,1,0,1
512fcc4a-100.jpg,190.2136,1272.8323,167.6723,27.1677,0,0,1,0,1,0,1,0,1,0,1,0,1
512fcc4a-100.jpg,1868.496,1123.688,131.504,176.312,0,0,1,0,1,0,1,0,1,0,1,0,1
512fcc4a-100.jpg,0.0,0.0,36.5223,318.4891,0,0,1,0,1,0,1,0,1,0,1,0,1
512fcc4a-100.jpg,1719.5322,0.0,242.318,37.6785,0,0,1,0,1,0,1,0,1,0,1,0,1
512fcc4a-100.jpg,242.3017,1245.2162,150.1622,54.6234,0,0,1,0,1,0,1,0,1,0,1,0,1
512fcc4a-100.jpg,158.797,1266.0919,219.3093,33.9081,0,0,1,0,1,0,1,0,1,0,1,0,1
512fcc4a-100.jpg,1690.1445,0.0,286.4926,37.0544,0,0,1,0,1,0,1,0,1,0,1,0,1
512fcc4a-100.jpg,1702.6859,0.0193,243.4902,25.1634,0,0,1,0,1,0,1,0,1,0,1,0,1
512fcc4a-100.jpg,100.8715,0.0,372.747,70.7291,0,0,1,0,1,0,1,0,1,0,1,0,1
512fcc4a-100.jpg,1922.6185,1070.5452,77.3815,229.4548,0,0,1,0,1,0,1,0,1,0,1,0,1
512fcc4a-100.jpg,336.9778,1239.4731,63.6667,60.3649,0,0,1,0,1,0,1,0,1,0,1,0,1
512fcc4a-100.jpg,168.8956,1270.4109,177.5697,29.5891,0,0,1,0,1,0,1,0,1,0,1,0,1
512fcc4a-100.jpg,277.5008,1241.0447,129.2287,58.681,0,0,1,0,1,0,1,0,1,0,1,0,1
512fcc4a-100.jpg,160.1933,1273.3013,187.3594,26.6987,0,0,1,0,1,0,1,0,1,0,1,0,1
512fcc4a-100.jpg,0.0,0.0,84.2059,198.6402,0,0,1,0,1,0,1,0,1,0,1,0,1
512fcc4a-100.jpg,1950.9865,1057.7534,49.0135,242.2466,0,0,1,0,1,0,1,0,1,0,1,0,1
512fcc4a-100.jpg,1731.4673,0.0228,220.9789,25.744,0,0,1,0,1,0,1,0,1,0,1,0,1
512fcc4a-100.jpg,1966.9828,1156.804,33.0172,143.196,0,0,1,0,1,0,1,0,1,0,1,0,1
512fcc4a-100.jpg,1973.248,1162.3589,26.7003,137.6411,0,0,1,0,1,0,1,0,1,0,1,0,1
512fcc4a-100.jpg,228.785,1264.0588,164.4153,35.9412,0,0,1,0,1,0,1,0,1,0,1,0,1
512fcc4a-100.jpg,0.0,0.0,27.556,316.31,0,0,1,0,1,0,1,0,1,0,1,0,1
512fcc4a-100.jpg,508.2497,960.3419,133.4662,52.248,0,0,1,0,1,0,1,0,1,0,1,0,1
512fcc4a-100.jpg,75.8963,0.0,368.6687,66.8186,0,0,1,0,1,0,1,0,1,0,1,0,1
512fcc4a-100.jpg,337.7354,1240.4775,73.1239,59.2194,0,0,1,0,1,0,1,0,1,0,1,0,1
512fcc4a-100.jpg,1751.8832,0.0333,164.4912,23.7135,0,0,1,0,1,0,1,0,1,0,1,0,1
512fcc4a-100.jpg,69.1975,1275.0259,167.1862,24.9741,0,0,1,0,1,0,1,0,1,0,1,0,1
512fcc4a-100.jpg,203.2928,1256.3479,194.6309,43.6515,0,0,1,0,1,0,1,0,1,0,1,0,1
512fcc4a-100.jpg,1544.1298,0.0,414.8167,59.6486,0,0,1,0,1,0,1,0,1,0,1,0,1
512fcc4a-100.jpg,607.5497,1277.49,209.5961,22.51,0,0,1,0,1,0,1,0,1,0,1,0,1
52e40dc5-120.jpg,674.4562,165.3472,118.0187,132.8324,2,1,1,1,1,0,1,0,1,0,1,0,1
52e40dc5-120.jpg,459.2668,402.8634,185.0357,113.1059,3,1,1,1,1,1,1,0,1,0,1,0,1
52e40dc5-120.jpg,485.8263,468.2775,239.6768,204.0468,4,1,1,1,1,1,1,1,1,0,1,0,1
52e40dc5-120.jpg,533.0255,608.4403,192.2411,139.5847,1,1,1,0,1,0,1,0,1,0,1,0,1
52e40dc5-120.jpg,581.5968,686.5183,176.5353,166.0475,1,1,1,0,1,0,1,0,1,0,1,0,1
52e40dc5-120.jpg,1259.0519,753.0327,168.0894,187.1447,1,1,1,0,1,0,1,0,1,0,1,0,1
52e40dc5-120.jpg,1311.6794,688.7443,207.5847,163.514,1,1,1,0,1,0,1,0,1,0,1,0,1
52e40dc5-120.jpg,1361.2911,561.3073,248.9069,207.4042,2,1,1,1,1,0,1,0,1,0,1,0,1
52e40dc5-120.jpg,1487.3907,446.0852,227.5096,205.3204,5,1,1,1,1,1,1,1,1,1,1,0,1
52e40dc5-120.jpg,1639.8926,397.3294,108.0979,109.8529,1,1,1,0,1,0,1,0,1,0,1,0,1
52e40dc5-120.jpg,428.2562,0.0801,455.4525,55.9732,0,0,1,0,1,0,1,0,1,0,1,0,1
52e40dc5-120.jpg,444.3271,0.0,453.5588,121.9514,0,0,1,0,1,0,1,0,1,0,1,0,1
52e40dc5-120.jpg,423.1368,0.0183,438.1625,51.835,0,0,1,0,1,0,1,0,1,0,1,0,1
52e40dc5-120.jpg,468.1117,0.1588,414.7506,74.9154,0,0,1,0,1,0,1,0,1,0,1,0,1
52e40dc5-120.jpg,452.2717,0.1443,445.763,61.1032,0,0,1,0,1,0,1,0,1,0,1,0,1
52e40dc5-120.jpg,454.8034,0.0,437.1125,139.5549,0,0,1,0,1,0,1,0,1,0,1,0,1
52e40dc5-120.jpg,423.4852,0.0,455.5867,142.3471,0,0,1,0,1,0,1,0,1,0,1,0,1
52e40dc5-120.jpg,0.0,0.0,363.2549,143.1212,0,0,1,0,1,0,1,0,1,0,1,0,1
52e40dc5-120.jpg,0.0,0.0,360.2515,139.309,0,0,1,0,1,0,1,0,1,0,1,0,1
52e40dc5-120.jpg,0.0,0.0,8.5467,223.9753,0,0,1,0,1,0,1,0,1,0,1,0,1
52e40dc5-120.jpg,0.0,0.0,353.075,137.8188,0,0,1,0,1,0,1,0,1,0,1,0,1
536db3ad-17.jpg,768.4901,409.3153,286.9719,318.6449,1,1,1,0,1,0,1,0,1,0,1,0,1
536db3ad-17.jpg,1046.2133,433.8209,249.8108,263.652,4,1,1,1,1,1,1,1,1,0,1,0,1
536db3ad-17.jpg,1282.5106,379.1717,299.5735,333.2379,4,1,1,1,1,1,1,1,1,0,1,0,1
536db3ad-17.jpg,1558.0712,365.1898,228.2753,309.3943,2,1,1,1,1,0,1,0,1,0,1,0,1
536db3ad-17.jpg,1748.4833,306.9932,124.3828,305.941,1,1,1,0,1,0,1,0,1,0,1,0,1
536db3ad-17.jpg,1822.2473,226.8648,103.4966,290.3311,1,1,1,0,1,0,1,0,1,0,1,0,1
536db3ad-17.jpg,546.3602,428.9407,231.5881,281.799,2,1,1,1,1,0,1,0,1,0,1,0,1
536db3ad-17.jpg,356.0297,433.4692,204.0187,223.3813,2,1,1,1,1,0,1,0,1,0,1,0,1
536db3ad-17.jpg,134.2005,429.3441,234.4672,174.3002,3,1,1,1,1,1,1,0,1,0,1,0,1
536db3ad-17.jpg,63.2044,474.0722,73.7965,72.8669,4,1,1,1,1,1,1,1,1,0,1,0,1
536db3ad-17.jpg,75.637,552.4781,198.707,139.3962,1,1,1,0,1,0,1,0,1,0,1,0,1
536db3ad-17.jpg,251.4208,598.0662,288.2119,234.7065,5,1,1,1,1,1,1,1,1,1,1,0,1
536db3ad-17.jpg,512.8818,660.9449,234.4009,220.9871,2,1,1,1,1,0,1,0,1,0,1,0,1
536db3ad-17.jpg,718.2425,669.0606,244.502,281.8813,2,1,1,1,1,0,1,0,1,0,1,0,1
536db3ad-17.jpg,957.6453,638.9181,256.5115,326.3798,2,1,1,1,1,0,1,0,1,0,1,0,1
536db3ad-17.jpg,1785.7285,581.511,104.1007,235.1289,2,1,1,1,1,0,1,0,1,0,1,0,1
54d5b78d-250.jpg,921.7872,395.338,143.345,248.8835,1,1,1,0,1,0,1,0,1,0,1,0,1
54d5b78d-250.jpg,737.1537,0.1366,361.5806,102.7768,0,0,1,0,1,0,1,0,1,0,1,0,1
54d5b78d-250.jpg,723.5478,0.0,374.8337,104.8235,0,0,1,0,1,0,1,0,1,0,1,0,1
54d5b78d-250.jpg,0.0,0.0,146.289,361.6243,0,0,1,0,1,0,1,0,1,0,1,0,1
54d5b78d-250.jpg,0.0,0.0,139.6617,362.7421,0,0,1,0,1,0,1,0,1,0,1,0,1
54d5b78d-250.jpg,0.0,0.0,148.2089,361.6618,0,0,1,0,1,0,1,0,1,0,1,0,1
54d5b78d-250.jpg,0.0,0.0,145.6772,362.7809,0,0,1,0,1,0,1,0,1,0,1,0,1
54d5b78d-250.jpg,0.0,0.0,136.5119,359.173,0,0,1,0,1,0,1,0,1,0,1,0,1
54d5b78d-250.jpg,619.7525,0.2963,480.4697,105.2618,0,0,1,0,1,0,1,0,1,0,1,0,1
54d5b78d-250.jpg,0.0,0.0,123.1602,352.257,0,0,1,0,1,0,1,0,1,0,1,0,1
54d5b78d-250.jpg,0.0,0.0,143.6922,366.53,0,0,1,0,1,0,1,0,1,0,1,0,1
54d5b78d-250.jpg,666.7375,0.5102,432.8298,104.2281,0,0,1,0,1,0,1,0,1,0,1,0,1
54d5b78d-250.jpg,0.0,0.0,149.3854,326.0017,0,0,1,0,1,0,1,0,1,0,1,0,1
54d5b78d-250.jpg,584.647,0.1102,515.5694,107.3244,0,0,1,0,1,0,1,0,1,0,1,0,1
54d5b78d-250.jpg,0.0,0.0,132.7544,389.4452,0,0,1,0,1,0,1,0,1,0,1,0,1
54d5b78d-250.jpg,0.0,0.0,138.0536,362.9679,0,0,1,0,1,0,1,0,1,0,1,0,1
54d5b78d-250.jpg,0.0092,0.0,125.908,353.1767,0,0,1,0,1,0,1,0,1,0,1,0,1
54d5b78d-250.jpg,0.0,0.0,138.7418,356.944,0,0,1,0,1,0,1,0,1,0,1,0,1
54d5b78d-250.jpg,672.8365,0.3823,425.2846,104.0278,0,0,1,0,1,0,1,0,1,0,1,0,1
54d5b78d-250.jpg,0.0,0.0,143.065,347.5633,0,0,1,0,1,0,1,0,1,0,1,0,1
54d5b78d-250.jpg,0.0,0.0,143.6753,342.7504,0,0,1,0,1,0,1,0,1,0,1,0,1
54d5b78d-250.jpg,637.4744,0.0,462.8954,105.5374,0,0,1,0,1,0,1,0,1,0,1,0,1
54d5b78d-250.jpg,0.0,0.0,124.8009,397.5463,0,0,1,0,1,0,1,0,1,0,1,0,1
54d5b78d-250.jpg,705.9084,0.1805,394.1398,102.7827,0,0,1,0,1,0,1,0,1,0,1,0,1
54d5b78d-250.jpg,694.3929,0.0,407.6559,104.8861,0,0,1,0,1,0,1,0,1,0,1,0,1
54d5b78d-250.jpg,0.0,0.0,125.472,392.7894,0,0,1,0,1,0,1,0,1,0,1,0,1
54d5b78d-250.jpg,0.0,0.0,130.4291,387.674,0,0,1,0,1,0,1,0,1,0,1,0,1
54d5b78d-250.jpg,607.6445,0.0,493.5389,107.4707,0,0,1,0,1,0,1,0,1,0,1,0,1
54d5b78d-250.jpg,0.0,0.0,148.9806,272.5507,0,0,1,0,1,0,1,0,1,0,1,0,1
54d5b78d-250.jpg,725.6208,0.8464,373.0153,105.2309,0,0,1,0,1,0,1,0,1,0,1,0,1
54d5b78d-250.jpg,768.3884,0.3152,331.2796,101.8618,0,0,1,0,1,0,1,0,1,0,1,0,1
54d5b78d-250.jpg,0.6729,0.0,144.3421,341.4608,0,0,1,0,1,0,1,0,1,0,1,0,1
54d5b78d-250.jpg,0.1772,0.0,143.1301,360.1536,0,0,1,0,1,0,1,0,1,0,1,0,1
54d5b78d-250.jpg,767.1447,0.027,331.8186,103.8383,0,0,1,0,1,0,1,0,1,0,1,0,1
54d5b78d-250.jpg,702.2928,0.0,398.3372,106.9377,0,0,1,0,1,0,1,0,1,0,1,0,1
54d5b78d-250.jpg,0.0,0.0,148.7669,330.2569,0,0,1,0,1,0,1,0,1,0,1,0,1
54d5b78d-250.jpg,0.0,0.0,145.4995,330.6581,0,0,1,0,1,0,1,0,1,0,1,0,1
54d5b78d-250.jpg,0.0,0.0,146.5052,325.6024,0,0,1,0,1,0,1,0,1,0,1,0,1
54d5b78d-250.jpg,0.0,0.0,149.0362,276.9002,0,0,1,0,1,0,1,0,1,0,1,0,1
54d5b78d-250.jpg,562.3652,0.0068,542.7698,110.0031,0,0,1,0,1,0,1,0,1,0,1,0,1
54d5b78d-250.jpg,0.0,0.0,150.1134,272.7953,0,0,1,0,1,0,1,0,1,0,1,0,1
54d5b78d-250.jpg,0.0,0.0,148.4582,315.3117,0,0,1,0,1,0,1,0,1,0,1,0,1
54d5b78d-250.jpg,701.7333,0.0,396.8513,107.4594,0,0,1,0,1,0,1,0,1,0,1,0,1
54d5b78d-250.jpg,0.0,0.0,127.6375,364.9785,0,0,1,0,1,0,1,0,1,0,1,0,1
54d5b78d-250.jpg,29.7018,0.0,430.4977,517.0968,0,0,1,0,1,0,1,0,1,0,1,0,1
54d5b78d-250.jpg,42.2376,0.0,410.9937,495.1113,0,0,1,0,1,0,1,0,1,0,1,0,1
54d5b78d-250.jpg,48.9804,0.0,413.7419,485.8988,0,0,1,0,1,0,1,0,1,0,1,0,1
54d5b78d-250.jpg,30.03,0.0,433.911,541.5504,0,0,1,0,1,0,1,0,1,0,1,0,1
54d5b78d-250.jpg,691.9606,0.0109,410.6684,107.8098,0,0,1,0,1,0,1,0,1,0,1,0,1
54d5b78d-250.jpg,0.0,0.0,113.5546,360.9091,0,0,1,0,1,0,1,0,1,0,1,0,1
54d5b78d-250.jpg,0.0,0.0,115.6874,355.2124,0,0,1,0,1,0,1,0,1,0,1,0,1
55030f8b-29.jpg,525.3751,122.9129,218.7776,236.4839,2,1,1,1,1,0,1,0,1,0,1,0,1
55030f8b-29.jpg,716.3591,58.2417,250.0154,218.7172,1,1,1,0,1,0,1,0,1,0,1,0,1
55030f8b-29.jpg,962.7892,53.4214,258.4988,218.8671,1,1,1,0,1,0,1,0,1,0,1,0,1
55030f8b-29.jpg,277.5805,473.6723,275.1803,220.2233,3,1,1,1,1,1,1,0,1,0,1,0,1
55030f8b-29.jpg,123.7358,841.0163,333.9496,322.8079,4,1,1,1,1,1,1,1,1,0,1,0,1
55030f8b-29.jpg,109.8571,1093.3376,316.4271,206.6624,3,1,1,1,1,1,1,0,1,0,1,0,1
55030f8b-29.jpg,1213.2495,129.8866,190.3501,192.7744,1,1,1,0,1,0,1,0,1,0,1,0,1
55030f8b-29.jpg,1408.4156,271.5929,222.6194,237.9685,2,1,1,1,1,0,1,0,1,0,1,0,1
55030f8b-29.jpg,1569.7407,808.4019,308.1412,353.5511,4,1,1,1,1,1,1,1,1,0,1,0,1
55030f8b-29.jpg,1625.9495,1083.8167,328.5865,216.1833,3,1,1,1,1,1,1,0,1,0,1,0,1
55030f8b-29.jpg,0.0,118.2174,164.1433,396.8945,0,0,1,0,1,0,1,0,1,0,1,0,1
55030f8b-29.jpg,0.0,118.0124,164.789,354.0928,0,0,1,0,1,0,1,0,1,0,1,0,1
55030f8b-29.jpg,0.0,119.7578,164.0141,347.4344,0,0,1,0,1,0,1,0,1,0,1,0,1
55030f8b-29.jpg,0.0,114.8493,166.3193,404.0208,0,0,1,0,1,0,1,0,1,0,1,0,1
55030f8b-29.jpg,1476.3292,1281.7607,516.444,18.2393,0,0,1,0,1,0,1,0,1,0,1,0,1
55030f8b-29.jpg,0.046,112.6667,157.3118,308.8379,0,0,1,0,1,0,1,0,1,0,1,0,1
55030f8b-29.jpg,1.2953,120.5229,162.481,325.4563,0,0,1,0,1,0,1,0,1,0,1,0,1
55030f8b-29.jpg,0.6112,113.1832,157.5064,303.953,0,0,1,0,1,0,1,0,1,0,1,0,1
55030f8b-29.jpg,662.6696,226.9196,372.5456,258.6292,0,0,1,0,1,0,1,0,1,0,1,0,1
55030f8b-29.jpg,1491.8179,1277.1647,490.2355,22.8353,0,0,1,0,1,0,1,0,1,0,1,0,1
55030f8b-29.jpg,662.7937,230.6939,371.509,254.3415,0,0,1,0,1,0,1,0,1,0,1,0,1
55030f8b-29.jpg,1.5527,113.5284,161.4164,300.5497,0,0,1,0,1,0,1,0,1,0,1,0,1
55030f8b-29.jpg,0.3336,118.8004,162.4447,332.9716,0,0,1,0,1,0,1,0,1,0,1,0,1
55030f8b-29.jpg,6.3113,117.2226,159.1781,159.7936,0,0,1,0,1,0,1,0,1,0,1,0,1
55030f8b-29.jpg,1.0526,112.1809,161.6772,320.826,0,0,1,0,1,0,1,0,1,0,1,0,1
55030f8b-29.jpg,2.4034,112.9091,162.0034,235.4874,0,0,1,0,1,0,1,0,1,0,1,0,1
55030f8b-29.jpg,633.8781,245.3222,337.5343,237.5387,0,0,1,0,1,0,1,0,1,0,1,0,1
55030f8b-29.jpg,0.0,109.024,167.4982,510.2359,0,0,1,0,1,0,1,0,1,0,1,0,1
55030f8b-29.jpg,0.0,113.2503,166.8645,409.8965,0,0,1,0,1,0,1,0,1,0,1,0,1
55030f8b-29.jpg,665.9041,240.4836,315.2563,241.6118,0,0,1,0,1,0,1,0,1,0,1,0,1
55030f8b-29.jpg,0.0,104.1859,163.9551,504.8003,0,0,1,0,1,0,1,0,1,0,1,0,1
55030f8b-29.jpg,105.74,1282.7102,453.4949,17.2898,0,0,1,0,1,0,1,0,1,0,1,0,1
55030f8b-29.jpg,0.0,111.7626,156.0523,311.3131,0,0,1,0,1,0,1,0,1,0,1,0,1
55030f8b-29.jpg,652.3522,234.5892,357.9905,243.577,0,0,1,0,1,0,1,0,1,0,1,0,1
55030f8b-29.jpg,1448.8323,1284.2169,551.1677,15.7831,0,0,1,0,1,0,1,0,1,0,1,0,1
55030f8b-29.jpg,640.2578,247.7607,335.597,232.1411,0,0,1,0,1,0,1,0,1,0,1,0,1
55030f8b-29.jpg,636.5737,240.6722,337.2277,239.4462,0,0,1,0,1,0,1,0,1,0,1,0,1
55030f8b-29.jpg,0.1818,118.0869,150.1491,308.7617,0,0,1,0,1,0,1,0,1,0,1,0,1
55030f8b-29.jpg,107.9314,1285.2944,485.0897,14.7056,0,0,1,0,1,0,1,0,1,0,1,0,1
55030f8b-29.jpg,12.0657,117.7923,153.0864,175.6114,0,0,1,0,1,0,1,0,1,0,1,0,1
55030f8b-29.jpg,665.8472,247.0335,304.0777,240.1172,0,0,1,0,1,0,1,0,1,0,1,0,1
55030f8b-29.jpg,650.3273,231.3787,369.228,247.1695,0,0,1,0,1,0,1,0,1,0,1,0,1
55030f8b-29.jpg,671.2841,241.9384,317.5606,214.1525,0,0,1,0,1,0,1,0,1,0,1,0,1
55030f8b-29.jpg,665.0233,236.7897,325.7347,243.3685,0,0,1,0,1,0,1,0,1,0,1,0,1
55030f8b-29.jpg,640.0718,245.254,330.8807,238.1453,0,0,1,0,1,0,1,0,1,0,1,0,1
55030f8b-29.jpg,671.5233,244.5663,308.1166,210.6318,0,0,1,0,1,0,1,0,1,0,1,0,1
55030f8b-29.jpg,652.5137,224.1305,372.9896,263.5527,0,0,1,0,1,0,1,0,1,0,1,0,1
55030f8b-29.jpg,81.2368,0.2642,495.7103,349.2375,0,0,1,0,1,0,1,0,1,0,1,0,1
55030f8b-29.jpg,0.0,115.7251,149.2771,313.7663,0,0,1,0,1,0,1,0,1,0,1,0,1
55030f8b-29.jpg,640.2595,243.5061,330.4474,236.7033,0,0,1,0,1,0,1,0,1,0,1,0,1
55030f8b-29.jpg,4.3941,116.8005,160.2809,229.4179,0,0,1,0,1,0,1,0,1,0,1,0,1
55030f8b-29.jpg,0.0,113.2443,161.8856,369.3755,0,0,1,0,1,0,1,0,1,0,1,0,1
55030f8b-29.jpg,0.0,1274.205,483.6856,25.795,0,0,1,0,1,0,1,0,1,0,1,0,1
55030f8b-29.jpg,89.3373,0.0,358.5508,336.4573,0,0,1,0,1,0,1,0,1,0,1,0,1
55030f8b-29.jpg,1527.3712,1261.5469,472.6288,38.4531,0,0,1,0,1,0,1,0,1,0,1,0,1
55030f8b-29.jpg,0.0,0.0,188.0863,27.0531,0,0,1,0,1,0,1,0,1,0,1,0,1
55030f8b-29.jpg,77.5556,0.0,534.6044,347.5905,0,0,1,0,1,0,1,0,1,0,1,0,1
55030f8b-29.jpg,80.838,0.0,527.3201,342.1999,0,0,1,0,1,0,1,0,1,0,1,0,1
55030f8b-29.jpg,78.7415,0.0,495.5447,341.8775,0,0,1,0,1,0,1,0,1,0,1,0,1
55030f8b-29.jpg,74.1544,0.1702,536.248,356.1618,0,0,1,0,1,0,1,0,1,0,1,0,1
58fa6cff-198.jpg,190.4328,435.643,275.136,300.4997,1,1,1,0,1,0,1,0,1,0,1,0,1
58fa6cff-198.jpg,441.6617,435.3693,293.9556,296.9709,1,1,1,0,1,0,1,0,1,0,1,0,1
58fa6cff-198.jpg,1173.139,451.6985,185.7581,239.3913,1,1,1,0,1,0,1,0,1,0,1,0,1
58fa6cff-198.jpg,1205.5309,622.0693,168.0232,169.35,1,1,1,0,1,0,1,0,1,0,1,0,1
58fa6cff-198.jpg,1353.4702,585.8596,247.641,168.5608,3,1,1,1,1,1,1,0,1,0,1,0,1
58fa6cff-198.jpg,1353.7032,1272.702,177.6802,27.298,0,0,1,0,1,0,1,0,1,0,1,0,1
58fa6cff-198.jpg,1354.2183,1273.9211,180.7563,26.0789,0,0,1,0,1,0,1,0,1,0,1,0,1
58fa6cff-198.jpg,1436.0465,1254.3862,360.3966,45.6138,0,0,1,0,1,0,1,0,1,0,1,0,1
58fa6cff-198.jpg,0.599,0.8607,223.0725,128.1524,0,0,1,0,1,0,1,0,1,0,1,0,1
58fa6cff-198.jpg,1196.2683,0.0963,168.791,26.151,0,0,1,0,1,0,1,0,1,0,1,0,1
58fa6cff-198.jpg,1355.0967,1275.8477,187.546,24.1523,0,0,1,0,1,0,1,0,1,0,1,0,1
58fa6cff-198.jpg,1457.0493,1251.0627,354.1775,48.9373,0,0,1,0,1,0,1,0,1,0,1,0,1
58fa6cff-198.jpg,1163.2059,0.0943,145.256,21.8253,0,0,1,0,1,0,1,0,1,0,1,0,1
58fa6cff-198.jpg,1519.3627,1251.2678,261.7794,48.6229,0,0,1,0,1,0,1,0,1,0,1,0,1
58fa6cff-198.jpg,868.2655,1027.463,137.4077,149.3212,0,0,1,0,1,0,1,0,1,0,1,0,1
58fa6cff-198.jpg,833.0665,0.2897,375.2803,115.8776,0,0,1,0,1,0,1,0,1,0,1,0,1
58fa6cff-198.jpg,1422.559,1257.2096,355.0282,42.7904,0,0,1,0,1,0,1,0,1,0,1,0,1
58fa6cff-198.jpg,0.0,0.4729,223.9884,128.9647,0,0,1,0,1,0,1,0,1,0,1,0,1
58fa6cff-198.jpg,0.0,420.1992,29.2658,412.5499,0,0,1,0,1,0,1,0,1,0,1,0,1
58fa6cff-198.jpg,0.0,2.1456,224.0023,125.0328,0,0,1,0,1,0,1,0,1,0,1,0,1
58fa6cff-198.jpg,1336.9141,1266.9227,202.7642,33.0773,0,0,1,0,1,0,1,0,1,0,1,0,1
5ab17248-134.jpg,78.0775,556.0672,99.7468,111.1039,2,1,1,1,1,0,1,0,1,0,1,0,1
5ab17248-134.jpg,153.9692,472.5773,240.1028,217.1061,1,1,1,0,1,0,1,0,1,0,1,0,1
5ab17248-134.jpg,93.8197,654.2393,246.7782,117.5364,1,1,1,0,1,0,1,0,1,0,1,0,1
5ab17248-134.jpg,250.3383,649.9557,239.0886,208.7962,1,1,1,0,1,0,1,0,1,0,1,0,1
5ab17248-134.jpg,677.8031,526.0809,211.9688,252.0998,4,1,1,1,1,1,1,1,1,0,1,0,1
5ab17248-134.jpg,1237.4587,539.994,205.7988,242.5645,4,1,1,1,1,1,1,1,1,0,1,0,1
5ab17248-134.jpg,1618.7607,657.792,197.4189,208.2658,1,1,1,0,1,0,1,0,1,0,1,0,1
5ab17248-134.jpg,1768.8632,684.1185,153.2886,91.4885,1,1,1,0,1,0,1,0,1,0,1,0,1
5ab17248-134.jpg,0.0,176.3539,193.2355,478.6486,0,0,1,0,1,0,1,0,1,0,1,0,1
5ab17248-134.jpg,0.0,151.2833,195.122,502.9666,0,0,1,0,1,0,1,0,1,0,1,0,1
5ab17248-134.jpg,1867.5605,0.0,132.4395,149.5169,0,0,1,0,1,0,1,0,1,0,1,0,1
5ab17248-134.jpg,539.5515,1121.0543,402.3737,178.9457,0,0,1,0,1,0,1,0,1,0,1,0,1
5ab17248-134.jpg,557.9846,1119.8942,379.384,180.1058,0,0,1,0,1,0,1,0,1,0,1,0,1
5ab17248-134.jpg,1953.965,404.6191,46.035,287.0783,0,0,1,0,1,0,1,0,1,0,1,0,1
5b4153f1-222.jpg,64.7289,366.1797,85.3586,299.9864,3,1,1,1,1,1,1,0,1,0,1,0,1
5b4153f1-222.jpg,139.1016,368.6469,93.3335,289.101,3,1,1,1,1,1,1,0,1,0,1,0,1
5b4153f1-222.jpg,214.3332,334.3706,121.9728,304.2142,2,1,1,1,1,0,1,0,1,0,1,0,1
5b4153f1-222.jpg,294.0145,357.5006,204.5755,267.9433,1,1,1,0,1,0,1,0,1,0,1,0,1
5b4153f1-222.jpg,143.0896,653.3952,87.2796,286.4311,1,1,1,0,1,0,1,0,1,0,1,0,1
5b4153f1-222.jpg,447.2509,371.4421,241.2127,291.9814,3,1,1,1,1,1,1,0,1,0,1,0,1
5b4153f1-222.jpg,279.7425,619.9008,133.0154,344.5781,2,1,1,1,1,0,1,0,1,0,1,0,1
5b4153f1-222.jpg,385.0107,620.4885,175.146,287.2967,2,1,1,1,1,0,1,0,1,0,1,0,1
5b4153f1-222.jpg,527.7783,646.0153,150.9279,240.0287,2,1,1,1,1,0,1,0,1,0,1,0,1
5b4153f1-222.jpg,676.8566,356.2796,272.1104,318.0918,1,1,1,0,1,0,1,0,1,0,1,0,1
5b4153f1-222.jpg,658.7768,647.8541,154.1908,270.1126,3,1,1,1,1,1,1,0,1,0,1,0,1
5b4153f1-222.jpg,804.0596,641.0417,154.2385,271.3111,3,1,1,1,1,1,1,0,1,0,1,0,1
5b4153f1-222.jpg,949.9388,618.0857,216.2331,359.541,3,1,1,1,1,1,1,0,1,0,1,0,1
5b4153f1-222.jpg,940.9161,384.4777,214.2938,266.3334,2,1,1,1,1,0,1,0,1,0,1,0,1
5b4153f1-222.jpg,1140.3423,355.1412,236.4434,314.8748,2,1,1,1,1,0,1,0,1,0,1,0,1
5b4153f1-222.jpg,1124.6567,635.3872,192.2343,274.9952,3,1,1,1,1,1,1,0,1,0,1,0,1
5b4153f1-222.jpg,1350.4606,382.39,177.2236,314.8058,3,1,1,1,1,1,1,0,1,0,1,0,1
5b4153f1-222.jpg,1306.5879,669.4551,167.0425,271.6035,3,1,1,1,1,1,1,0,1,0,1,0,1
5b4153f1-222.jpg,1509.1312,380.489,148.0651,288.1106,3,1,1,1,1,1,1,0,1,0,1,0,1
5b4153f1-222.jpg,1461.283,632.7935,216.1693,247.6841,3,1,1,1,1,1,1,0,1,0,1,0,1
5b4153f1-222.jpg,1635.5797,375.3341,118.1953,247.4485,3,1,1,1,1,1,1,0,1,0,1,0,1
5b4153f1-222.jpg,1745.478,356.1393,120.8733,200.5195,3,1,1,1,1,1,1,0,1,0,1,0,1
5b4153f1-222.jpg,1669.896,542.3904,170.2651,235.5748,3,1,1,1,1,1,1,0,1,0,1,0,1
5b6ca6fe-112.jpg,140.4501,986.1572,327.423,285.5083,5,1,1,1,1,1,1,1,1,1,1,0,1
5b6ca6fe-112.jpg,170.7993,728.0155,332.9917,321.0656,5,1,1,1,1,1,1,1,1,1,1,0,1
5b6ca6fe-112.jpg,1501.2889,1021.2668,329.8851,270.3955,5,1,1,1,1,1,1,1,1,1,1,0,1
5b6ca6fe-112.jpg,1483.139,763.7483,326.5404,303.2549,5,1,1,1,1,1,1,1,1,1,1,0,1
5b6ca6fe-112.jpg,1464.4803,593.2601,276.4668,194.0854,3,1,1,1,1,1,1,0,1,0,1,0,1
5b6ca6fe-112.jpg,1411.0883,391.9841,274.3284,214.988,2,1,1,1,1,0,1,0,1,0,1,0,1
5b6ca6fe-112.jpg,258.8284,558.6257,267.8613,199.7078,4,1,1,1,1,1,1,1,1,0,1,0,1
5b6ca6fe-112.jpg,341.5854,371.6086,267.503,217.3624,3,1,1,1,1,1,1,0,1,0,1,0,1
5b6ca6fe-112.jpg,773.5201,52.5611,245.7813,196.1477,1,1,1,0,1,0,1,0,1,0,1,0,1
5b6ca6fe-112.jpg,1013.325,43.945,249.1373,196.2848,1,1,1,0,1,0,1,0,1,0,1,0,1
5b6ca6fe-112.jpg,1232.6178,118.3208,178.0116,171.7265,1,1,1,0,1,0,1,0,1,0,1,0,1
5b6ca6fe-112.jpg,1820.9503,0.0,177.9633,300.4482,0,0,1,0,1,0,1,0,1,0,1,0,1
5b6ca6fe-112.jpg,1817.9241,0.0,182.0759,301.806,0,0,1,0,1,0,1,0,1,0,1,0,1
5b6ca6fe-112.jpg,1821.3813,0.0,178.2303,302.4967,0,0,1,0,1,0,1,0,1,0,1,0,1
5b6ca6fe-112.jpg,1820.3796,0.3588,178.0297,300.5072,0,0,1,0,1,0,1,0,1,0,1,0,1
5b6ca6fe-112.jpg,1815.3252,0.0,184.5428,307.1479,0,0,1,0,1,0,1,0,1,0,1,0,1
5b6ca6fe-112.jpg,1820.2137,0.0,179.5479,308.4054,0,0,1,0,1,0,1,0,1,0,1,0,1
5b6ca6fe-112.jpg,1821.8712,0.0,177.3002,300.9444,0,0,1,0,1,0,1,0,1,0,1,0,1
5b6ca6fe-112.jpg,1897.5759,457.7471,102.4241,466.8175,0,0,1,0,1,0,1,0,1,0,1,0,1
5b6ca6fe-112.jpg,1819.7876,0.0,180.2124,301.0228,0,0,1,0,1,0,1,0,1,0,1,0,1
5b6ca6fe-112.jpg,1476.0458,1260.9487,358.1467,39.0513,0,0,1,0,1,0,1,0,1,0,1,0,1
5b6ca6fe-112.jpg,1904.2837,469.0398,95.7163,493.9126,0,0,1,0,1,0,1,0,1,0,1,0,1
5b6ca6fe-112.jpg,1901.5195,451.2994,98.4805,470.8832,0,0,1,0,1,0,1,0,1,0,1,0,1
5b6ca6fe-112.jpg,1822.0848,0.0,177.7114,301.1142,0,0,1,0,1,0,1,0,1,0,1,0,1
5b6ca6fe-112.jpg,1897.4135,469.5952,102.5865,405.2909,0,0,1,0,1,0,1,0,1,0,1,0,1
5b6ca6fe-112.jpg,1907.3591,465.2016,92.6409,496.9024,0,0,1,0,1,0,1,0,1,0,1,0,1
5b6ca6fe-112.jpg,1374.485,1275.7318,522.4484,24.2682,0,0,1,0,1,0,1,0,1,0,1,0,1
5b6ca6fe-112.jpg,1465.5751,1256.644,382.6652,43.356,0,0,1,0,1,0,1,0,1,0,1,0,1
5b6ca6fe-112.jpg,1893.767,468.5331,106.233,369.73,0,0,1,0,1,0,1,0,1,0,1,0,1
5b6ca6fe-112.jpg,1825.0217,1.5969,174.9783,293.7194,0,0,1,0,1,0,1,0,1,0,1,0,1
5b6ca6fe-112.jpg,1348.7397,1275.8879,546.3616,24.1121,0,0,1,0,1,0,1,0,1,0,1,0,1
5b6ca6fe-112.jpg,1487.58,1236.6573,353.6246,63.3427,0,0,1,0,1,0,1,0,1,0,1,0,1
5b6ca6fe-112.jpg,1897.4789,468.0357,102.5211,222.4644,0,0,1,0,1,0,1,0,1,0,1,0,1
5b6ca6fe-112.jpg,1897.387,448.5254,102.613,240.2931,0,0,1,0,1,0,1,0,1,0,1,0,1
5b6ca6fe-112.jpg,1810.4163,0.3171,189.3566,330.0324,0,0,1,0,1,0,1,0,1,0,1,0,1
5b6ca6fe-112.jpg,1416.5143,1277.8777,474.8384,22.1223,0,0,1,0,1,0,1,0,1,0,1,0,1
5b6ca6fe-112.jpg,1914.422,475.7839,85.578,500.2173,0,0,1,0,1,0,1,0,1,0,1,0,1
5b6ca6fe-112.jpg,1898.7656,477.7088,101.2344,212.9416,0,0,1,0,1,0,1,0,1,0,1,0,1
5b6ca6fe-112.jpg,1475.845,1242.6946,383.802,57.3054,0,0,1,0,1,0,1,0,1,0,1,0,1
5b6ca6fe-112.jpg,1913.8278,475.661,86.1591,498.7581,0,0,1,0,1,0,1,0,1,0,1,0,1
5b6ca6fe-112.jpg,1347.1119,1259.3734,543.1438,40.6266,0,0,1,0,1,0,1,0,1,0,1,0,1
5b6ca6fe-112.jpg,0.0153,516.4741,96.081,206.2271,0,0,1,0,1,0,1,0,1,0,1,0,1
5b6ca6fe-112.jpg,1800.5127,0.0,198.6691,340.5802,0,0,1,0,1,0,1,0,1,0,1,0,1
5b6ca6fe-112.jpg,1817.1162,1.589,173.3009,294.1444,0,0,1,0,1,0,1,0,1,0,1,0,1
5b6ca6fe-112.jpg,1821.9706,1.0045,178.0294,299.1423,0,0,1,0,1,0,1,0,1,0,1,0,1
5b6ca6fe-112.jpg,0.1877,516.5537,97.7119,219.5237,0,0,1,0,1,0,1,0,1,0,1,0,1
5b6ca6fe-112.jpg,1827.2842,4.8605,172.7158,291.3497,0,0,1,0,1,0,1,0,1,0,1,0,1
5b6ca6fe-112.jpg,1378.3075,1252.4119,504.9373,47.5881,0,0,1,0,1,0,1,0,1,0,1,0,1
5b6ca6fe-112.jpg,1896.8953,451.7966,103.1047,237.4767,0,0,1,0,1,0,1,0,1,0,1,0,1
5b6ca6fe-112.jpg,1816.7673,6.1805,173.1113,289.5018,0,0,1,0,1,0,1,0,1,0,1,0,1
5b6ca6fe-112.jpg,1898.9258,475.9202,101.0742,214.7127,0,0,1,0,1,0,1,0,1,0,1,0,1
5b6ca6fe-112.jpg,1817.5198,0.4567,182.4802,325.1788,0,0,1,0,1,0,1,0,1,0,1,0,1
5b6ca6fe-112.jpg,1823.7122,0.0,176.2878,303.3474,0,0,1,0,1,0,1,0,1,0,1,0,1
5b6ca6fe-112.jpg,1818.8612,0.0,181.1388,299.6024,0,0,1,0,1,0,1,0,1,0,1,0,1
5b6ca6fe-112.jpg,1802.1851,0.1728,189.2219,302.1686,0,0,1,0,1,0,1,0,1,0,1,0,1
5b6ca6fe-112.jpg,1463.2085,1271.9021,357.1721,28.0979,0,0,1,0,1,0,1,0,1,0,1,0,1
5b6ca6fe-112.jpg,1895.887,459.5604,104.113,232.4984,0,0,1,0,1,0,1,0,1,0,1,0,1
5b6ca6fe-112.jpg,1436.5431,1281.7489,469.6011,18.2511,0,0,1,0,1,0,1,0,1,0,1,0,1
5b6ca6fe-112.jpg,1481.3528,1255.0129,378.5461,44.9871,0,0,1,0,1,0,1,0,1,0,1,0,1
5b6ca6fe-112.jpg,1818.2091,0.3142,181.7909,300.838,0,0,1,0,1,0,1,0,1,0,1,0,1
5b6ca6fe-112.jpg,0.0,497.38,109.6056,379.4787,0,0,1,0,1,0,1,0,1,0,1,0,1
5b7fd5c5-261.jpg,218.439,670.028,158.974,126.2533,1,1,1,0,1,0,1,0,1,0,1,0,1
5b7fd5c5-261.jpg,228.5334,550.6006,108.2827,139.9841,1,1,1,0,1,0,1,0,1,0,1,0,1
5b7fd5c5-261.jpg,283.105,480.3145,148.3108,228.2368,1,1,1,0,1,0,1,0,1,0,1,0,1
5b7fd5c5-261.jpg,346.9023,678.7976,90.358,120.8408,1,1,1,0,1,0,1,0,1,0,1,0,1
5b7fd5c5-261.jpg,383.0953,408.3594,210.6222,278.7467,1,1,1,0,1,0,1,0,1,0,1,0,1
5b7fd5c5-261.jpg,572.8562,387.6473,230.0638,273.868,1,1,1,0,1,0,1,0,1,0,1,0,1
5b7fd5c5-261.jpg,556.3208,642.5727,199.4927,216.3083,2,1,1,1,1,0,1,0,1,0,1,0,1
5b7fd5c5-261.jpg,409.5396,662.7988,172.1375,172.6101,2,1,1,1,1,0,1,0,1,0,1,0,1
5b7fd5c5-261.jpg,731.6405,623.6665,170.611,195.575,2,1,1,1,1,0,1,0,1,0,1,0,1
5b7fd5c5-261.jpg,779.7555,341.6075,305.704,327.5813,1,1,1,0,1,0,1,0,1,0,1,0,1
5b7fd5c5-261.jpg,903.9308,628.3273,186.584,195.6169,1,1,1,0,1,0,1,0,1,0,1,0,1
5b7fd5c5-261.jpg,1073.2114,358.8529,295.3545,319.2435,1,1,1,0,1,0,1,0,1,0,1,0,1
5b7fd5c5-261.jpg,1084.2552,651.4725,172.9083,180.3666,1,1,1,0,1,0,1,0,1,0,1,0,1
5b7fd5c5-261.jpg,1256.3821,616.2102,155.1636,186.4061,1,1,1,0,1,0,1,0,1,0,1,0,1
5b7fd5c5-261.jpg,1347.8926,396.6866,218.3944,252.448,1,1,1,0,1,0,1,0,1,0,1,0,1
5b7fd5c5-261.jpg,1557.2239,318.8281,159.0386,171.8239,1,1,1,0,1,0,1,0,1,0,1,0,1
5b7fd5c5-261.jpg,1402.6417,610.5721,200.6305,228.7632,2,1,1,1,1,0,1,0,1,0,1,0,1
5b7fd5c5-261.jpg,1571.8291,588.4634,163.5693,215.2149,1,1,1,0,1,0,1,0,1,0,1,0,1
5b7fd5c5-261.jpg,1640.3274,435.6594,167.6041,219.3519,2,1,1,1,1,0,1,0,1,0,1,0,1
5b7fd5c5-261.jpg,1756.2531,614.6515,135.321,121.1183,3,1,1,1,1,1,1,0,1,0,1,0,1
5b7fd5c5-261.jpg,1798.1941,452.3306,122.0258,163.9223,1,1,1,0,1,0,1,0,1,0,1,0,1
5b7fd5c5-261.jpg,1558.8314,522.4734,75.209,93.4784,0,0,1,0,1,0,1,0,1,0,1,0,1
5b7fd5c5-261.jpg,1558.7444,521.7121,73.9702,93.7294,0,0,1,0,1,0,1,0,1,0,1,0,1
5b7fd5c5-261.jpg,1559.5062,521.8495,73.8739,97.0064,0,0,1,0,1,0,1,0,1,0,1,0,1
5c2f8957-162.jpg,423.0493,517.991,94.1513,155.984,1,1,1,0,1,0,1,0,1,0,1,0,1
5c2f8957-162.jpg,478.0434,509.1789,77.7766,165.5013,1,1,1,0,1,0,1,0,1,0,1,0,1
5c2f8957-162.jpg,527.8275,436.8932,150.5991,235.3064,1,1,1,0,1,0,1,0,1,0,1,0,1
5c2f8957-162.jpg,551.9305,642.2292,101.4097,158.638,1,1,1,0,1,0,1,0,1,0,1,0,1
5c2f8957-162.jpg,665.5508,430.7414,165.7877,249.3447,1,1,1,0,1,0,1,0,1,0,1,0,1
5c2f8957-162.jpg,637.7,627.6619,154.7784,208.1484,1,1,1,0,1,0,1,0,1,0,1,0,1
5c2f8957-162.jpg,1271.8108,616.1226,144.7588,211.4921,1,1,1,0,1,0,1,0,1,0,1,0,1
5c2f8957-162.jpg,1376.2911,435.6074,131.6276,211.3657,1,1,1,0,1,0,1,0,1,0,1,0,1
5c2f8957-162.jpg,1450.8766,488.3759,103.6759,172.0147,1,1,1,0,1,0,1,0,1,0,1,0,1
5c2f8957-162.jpg,1536.313,514.1439,61.0986,138.4346,1,1,1,0,1,0,1,0,1,0,1,0,1
5c2f8957-162.jpg,305.6468,579.1074,162.021,259.9186,0,0,1,0,1,0,1,0,1,0,1,0,1
5c2f8957-162.jpg,301.6371,575.4587,192.6999,260.3218,0,0,1,0,1,0,1,0,1,0,1,0,1
5c2f8957-162.jpg,313.9163,574.0847,167.522,260.298,0,0,1,0,1,0,1,0,1,0,1,0,1
5c2f8957-162.jpg,1391.7537,596.5337,71.0459,76.0494,0,0,1,0,1,0,1,0,1,0,1,0,1
5c2f8957-162.jpg,310.4112,577.1608,180.5538,262.4112,0,0,1,0,1,0,1,0,1,0,1,0,1
5c2f8957-162.jpg,302.6107,574.0438,197.1249,262.7847,0,0,1,0,1,0,1,0,1,0,1,0,1
5c2f8957-162.jpg,117.5789,222.5995,360.7029,390.3627,0,0,1,0,1,0,1,0,1,0,1,0,1
5c2f8957-162.jpg,115.7363,193.945,366.9451,432.6165,0,0,1,0,1,0,1,0,1,0,1,0,1
5c2f8957-162.jpg,134.4467,192.4389,363.8445,423.0952,0,0,1,0,1,0,1,0,1,0,1,0,1
5c2f8957-162.jpg,301.9539,574.601,204.0417,277.9588,0,0,1,0,1,0,1,0,1,0,1,0,1
5c2f8957-162.jpg,303.434,574.6447,179.0294,251.561,0,0,1,0,1,0,1,0,1,0,1,0,1
5c2f8957-162.jpg,1627.8622,473.1588,130.8044,335.9797,0,0,1,0,1,0,1,0,1,0,1,0,1
5c2f8957-162.jpg,113.0368,180.5081,370.9593,444.8202,0,0,1,0,1,0,1,0,1,0,1,0,1
5c2f8957-162.jpg,302.8918,573.0176,192.8647,255.9769,0,0,1,0,1,0,1,0,1,0,1,0,1
5c2f8957-162.jpg,1391.5896,593.7202,69.812,78.497,0,0,1,0,1,0,1,0,1,0,1,0,1
5c2f8957-162.jpg,1633.0349,463.8451,126.6849,343.8255,0,0,1,0,1,0,1,0,1,0,1,0,1
5c2f8957-162.jpg,142.8199,229.9484,325.8553,378.0621,0,0,1,0,1,0,1,0,1,0,1,0,1
5c2f8957-162.jpg,299.454,576.7137,204.8698,279.9429,0,0,1,0,1,0,1,0,1,0,1,0,1
5f1e9d66-212.jpg,176.233,94.8278,307.8882,281.907,2,1,1,1,1,0,1,0,1,0,1,0,1
5f1e9d66-212.jpg,247.8573,336.7129,315.7615,302.5623,1,1,1,0,1,0,1,0,1,0,1,0,1
5f1e9d66-212.jpg,374.4719,583.4065,241.0669,210.369,1,1,1,0,1,0,1,0,1,0,1,0,1
5f1e9d66-212.jpg,473.4673,741.1366,215.3822,231.6975,1,1,1,0,1,0,1,0,1,0,1,0,1
5f1e9d66-212.jpg,589.0897,898.402,182.0284,197.2618,1,1,1,0,1,0,1,0,1,0,1,0,1
5f1e9d66-212.jpg,1271.6257,867.9572,201.3354,196.6436,1,1,1,0,1,0,1,0,1,0,1,0,1
5f1e9d66-212.jpg,1367.7242,714.0559,211.3549,217.2243,1,1,1,0,1,0,1,0,1,0,1,0,1
5f1e9d66-212.jpg,1422.2517,552.7478,233.4652,209.2054,1,1,1,0,1,0,1,0,1,0,1,0,1
5f1e9d66-212.jpg,1545.2753,74.1113,280.9766,272.5717,2,1,1,1,1,0,1,0,1,0,1,0,1
5f1e9d66-212.jpg,1456.3934,312.0149,301.5717,285.6441,1,1,1,0,1,0,1,0,1,0,1,0,1
5f1e9d66-212.jpg,226.0222,1270.9048,136.8667,29.0952,0,0,1,0,1,0,1,0,1,0,1,0,1
5f1e9d66-212.jpg,250.6383,1266.9655,122.5802,33.0345,0,0,1,0,1,0,1,0,1,0,1,0,1
5f1e9d66-212.jpg,255.1653,1266.1451,118.9769,33.8549,0,0,1,0,1,0,1,0,1,0,1,0,1
5f1e9d66-212.jpg,258.0095,1265.1829,134.3968,34.8171,0,0,1,0,1,0,1,0,1,0,1,0,1
5f1e9d66-212.jpg,242.819,1269.3672,122.9284,30.6328,0,0,1,0,1,0,1,0,1,0,1,0,1
5f1e9d66-212.jpg,235.6048,1264.468,160.1611,35.532,0,0,1,0,1,0,1,0,1,0,1,0,1
5f1e9d66-212.jpg,211.075,1272.6641,151.1505,27.3359,0,0,1,0,1,0,1,0,1,0,1,0,1
5f1e9d66-212.jpg,259.9794,1263.4144,134.2818,36.5856,0,0,1,0,1,0,1,0,1,0,1,0,1
5f1e9d66-212.jpg,1528.3048,0.52,264.4585,85.8864,0,0,1,0,1,0,1,0,1,0,1,0,1
5f1e9d66-212.jpg,1541.7223,0.5744,255.3066,84.85,0,0,1,0,1,0,1,0,1,0,1,0,1
5f1e9d66-212.jpg,0.0,0.0,11.6395,256.1323,0,0,1,0,1,0,1,0,1,0,1,0,1
5f1e9d66-212.jpg,1526.3455,2.6171,299.4861,103.3284,0,0,1,0,1,0,1,0,1,0,1,0,1
5f1e9d66-212.jpg,1553.246,0.4553,235.6205,86.594,0,0,1,0,1,0,1,0,1,0,1,0,1
5f1e9d66-212.jpg,1530.3597,4.9233,281.0861,98.5873,0,0,1,0,1,0,1,0,1,0,1,0,1
5f1e9d66-212.jpg,1544.3467,0.0,258.0265,76.0459,0,0,1,0,1,0,1,0,1,0,1,0,1
5f1e9d66-212.jpg,243.2796,1261.8575,156.6707,38.1425,0,0,1,0,1,0,1,0,1,0,1,0,1
5f1e9d66-212.jpg,1553.9839,0.0,241.6256,79.7736,0,0,1,0,1,0,1,0,1,0,1,0,1
5f1e9d66-212.jpg,1529.6603,0.0,266.1537,75.8157,0,0,1,0,1,0,1,0,1,0,1,0,1
5f1e9d66-212.jpg,0.0,0.0,55.5258,258.0884,0,0,1,0,1,0,1,0,1,0,1,0,1
5f1e9d66-212.jpg,1869.8246,0.0,130.1754,87.1915,0,0,1,0,1,0,1,0,1,0,1,0,1
5f1e9d66-212.jpg,251.1665,1267.0774,166.3411,32.9226,0,0,1,0,1,0,1,0,1,0,1,0,1
5f1e9d66-212.jpg,219.9994,1263.4741,171.3939,36.5259,0,0,1,0,1,0,1,0,1,0,1,0,1
5f1e9d66-212.jpg,1532.172,0.0069,244.1586,78.9926,0,0,1,0,1,0,1,0,1,0,1,0,1
5f1e9d66-212.jpg,121.5441,1099.8152,148.6439,191.5979,0,0,1,0,1,0,1,0,1,0,1,0,1
5f1e9d66-212.jpg,121.7567,1097.949,149.4522,194.1786,0,0,1,0,1,0,1,0,1,0,1,0,1
5f1e9d66-212.jpg,120.6835,1099.722,148.8221,191.6257,0,0,1,0,1,0,1,0,1,0,1,0,1
5f1e9d66-212.jpg,1527.573,0.0056,241.5192,86.6329,0,0,1,0,1,0,1,0,1,0,1,0,1
5f1e9d66-212.jpg,95.8317,324.6311,62.2633,121.1403,0,0,1,0,1,0,1,0,1,0,1,0,1
5f1e9d66-212.jpg,205.4558,1274.3517,151.6918,25.6483,0,0,1,0,1,0,1,0,1,0,1,0,1
5f1e9d66-212.jpg,0.0,401.0475,110.4649,634.1477,0,0,1,0,1,0,1,0,1,0,1,0,1
5f1e9d66-212.jpg,1525.4855,0.0,239.777,73.0094,0,0,1,0,1,0,1,0,1,0,1,0,1
5f1e9d66-212.jpg,215.1745,1270.2443,147.9256,29.7557,0,0,1,0,1,0,1,0,1,0,1,0,1
5f1e9d66-212.jpg,1523.0427,0.5011,258.2168,88.5931,0,0,1,0,1,0,1,0,1,0,1,0,1
5f1e9d66-212.jpg,1883.0703,0.0,116.8672,151.5862,0,0,1,0,1,0,1,0,1,0,1,0,1
5f1e9d66-212.jpg,95.283,326.5813,61.6872,114.3603,0,0,1,0,1,0,1,0,1,0,1,0,1
5f1e9d66-212.jpg,1529.2308,0.0,252.8638,76.6792,0,0,1,0,1,0,1,0,1,0,1,0,1
5f1e9d66-212.jpg,1157.6786,930.0524,109.1469,49.8802,0,0,1,0,1,0,1,0,1,0,1,0,1
5f1e9d66-212.jpg,0.0,433.0802,109.8182,425.2115,0,0,1,0,1,0,1,0,1,0,1,0,1
5f1e9d66-212.jpg,1529.4478,0.0,267.2203,77.7102,0,0,1,0,1,0,1,0,1,0,1,0,1
5f1e9d66-212.jpg,0.0,0.0,2.0707,306.6557,0,0,1,0,1,0,1,0,1,0,1,0,1
5f1e9d66-212.jpg,1526.1528,0.0,268.0359,85.0289,0,0,1,0,1,0,1,0,1,0,1,0,1
5f1e9d66-212.jpg,119.3524,1097.9906,151.2624,193.7446,0,0,1,0,1,0,1,0,1,0,1,0,1
5f1e9d66-212.jpg,0.7558,398.7758,117.5046,643.4519,0,0,1,0,1,0,1,0,1,0,1,0,1
5f1e9d66-212.jpg,252.3409,1260.2423,173.2559,39.7437,0,0,1,0,1,0,1,0,1,0,1,0,1
5f1e9d66-212.jpg,1529.9363,0.0,241.3138,70.8148,0,0,1,0,1,0,1,0,1,0,1,0,1
5f1e9d66-212.jpg,1530.5966,0.0,249.7455,81.014,0,0,1,0,1,0,1,0,1,0,1,0,1
5f1e9d66-212.jpg,1864.861,0.2447,135.139,75.6132,0,0,1,0,1,0,1,0,1,0,1,0,1
5f1e9d66-212.jpg,94.8506,329.5376,66.9931,113.7052,0,0,1,0,1,0,1,0,1,0,1,0,1
5f1e9d66-212.jpg,207.94,1270.7045,146.4961,29.2955,0,0,1,0,1,0,1,0,1,0,1,0,1
5f1e9d66-212.jpg,95.6268,327.3969,66.7393,117.6393,0,0,1,0,1,0,1,0,1,0,1,0,1
618cea62-118.jpg,462.0798,406.5565,284.8387,302.1224,2,1,1,1,1,0,1,0,1,0,1,0,1
618cea62-118.jpg,1460.6194,363.3488,269.9517,312.2043,1,1,1,0,1,0,1,0,1,0,1,0,1
618cea62-118.jpg,119.0535,389.3766,168.0953,189.3692,1,1,1,0,1,0,1,0,1,0,1,0,1
618cea62-118.jpg,0.0,0.0,334.3154,77.3021,0,0,1,0,1,0,1,0,1,0,1,0,1
618cea62-118.jpg,0.0,0.0,330.2399,65.9616,0,0,1,0,1,0,1,0,1,0,1,0,1
618cea62-118.jpg,2.4885,0.0644,433.778,64.697,0,0,1,0,1,0,1,0,1,0,1,0,1
618cea62-118.jpg,0.0,0.0581,390.5899,64.6625,0,0,1,0,1,0,1,0,1,0,1,0,1
618cea62-118.jpg,0.7002,0.0,449.7207,92.3576,0,0,1,0,1,0,1,0,1,0,1,0,1
618cea62-118.jpg,0.0,0.0,410.3718,90.3979,0,0,1,0,1,0,1,0,1,0,1,0,1
618cea62-118.jpg,6.599,0.0009,458.6567,65.111,0,0,1,0,1,0,1,0,1,0,1,0,1
618cea62-118.jpg,0.0,326.0049,33.6267,257.1441,0,0,1,0,1,0,1,0,1,0,1,0,1
618cea62-118.jpg,1978.376,487.8855,21.418,170.2721,0,0,1,0,1,0,1,0,1,0,1,0,1
618cea62-118.jpg,0.0,0.0,312.7972,77.6963,0,0,1,0,1,0,1,0,1,0,1,0,1
618cea62-118.jpg,0.0,0.0,386.2939,89.0513,0,0,1,0,1,0,1,0,1,0,1,0,1
618cea62-118.jpg,1977.916,491.3887,21.7646,191.1848,0,0,1,0,1,0,1,0,1,0,1,0,1
618cea62-118.jpg,0.0,330.7075,28.7865,195.2903,0,0,1,0,1,0,1,0,1,0,1,0,1
618cea62-118.jpg,0.072,340.3299,34.609,243.9236,0,0,1,0,1,0,1,0,1,0,1,0,1
618cea62-118.jpg,0.0,0.1244,354.3759,65.5995,0,0,1,0,1,0,1,0,1,0,1,0,1
618cea62-118.jpg,0.0,0.0,26.9537,229.1529,0,0,1,0,1,0,1,0,1,0,1,0,1
618cea62-118.jpg,0.0,0.0,487.8885,89.2644,0,0,1,0,1,0,1,0,1,0,1,0,1
618cea62-118.jpg,0.0,0.0,0.1308,232.158,0,0,1,0,1,0,1,0,1,0,1,0,1
618cea62-118.jpg,0.0,0.0,309.4332,64.7143,0,0,1,0,1,0,1,0,1,0,1,0,1
618cea62-118.jpg,1963.9441,473.7211,35.4106,179.0066,0,0,1,0,1,0,1,0,1,0,1,0,1
618cea62-118.jpg,0.0202,321.2645,36.0144,247.9932,0,0,1,0,1,0,1,0,1,0,1,0,1
618cea62-118.jpg,1961.7004,473.3682,38.2996,201.5842,0,0,1,0,1,0,1,0,1,0,1,0,1
618cea62-118.jpg,0.1105,0.0104,319.0204,90.6228,0,0,1,0,1,0,1,0,1,0,1,0,1
618cea62-118.jpg,0.0,0.0,372.0803,66.6144,0,0,1,0,1,0,1,0,1,0,1,0,1
618cea62-118.jpg,0.0,325.4069,22.7993,222.8566,0,0,1,0,1,0,1,0,1,0,1,0,1
618cea62-118.jpg,0.0,0.0,489.6172,66.6127,0,0,1,0,1,0,1,0,1,0,1,0,1
618cea62-118.jpg,1977.9093,490.1289,22.0907,154.6012,0,0,1,0,1,0,1,0,1,0,1,0,1
618cea62-118.jpg,1959.5914,486.1701,40.4086,173.9799,0,0,1,0,1,0,1,0,1,0,1,0,1
618cea62-118.jpg,0.0,0.0,373.9369,81.359,0,0,1,0,1,0,1,0,1,0,1,0,1
618cea62-118.jpg,0.0,344.7187,23.2594,207.7606,0,0,1,0,1,0,1,0,1,0,1,0,1
61bc85f1-85.jpg,116.6102,414.7582,262.6967,207.9228,1,1,1,0,1,0,1,0,1,0,1,0,1
61bc85f1-85.jpg,183.6006,587.275,349.4193,207.0741,3,1,1,1,1,1,1,0,1,0,1,0,1
61bc85f1-85.jpg,361.5231,436.904,227.117,238.9516,1,1,1,0,1,0,1,0,1,0,1,0,1
61bc85f1-85.jpg,2.9178,489.0443,214.2958,180.9531,4,1,1,1,1,1,1,1,1,0,1,0,1
61bc85f1-85.jpg,1931.1024,412.8686,68.843,171.6546,0,0,1,0,1,0,1,0,1,0,1,0,1
61bc85f1-85.jpg,1934.3882,414.8992,65.5898,159.1995,0,0,1,0,1,0,1,0,1,0,1,0,1
61bc85f1-85.jpg,1932.5453,414.6566,67.4547,170.5658,0,0,1,0,1,0,1,0,1,0,1,0,1
61bc85f1-85.jpg,1930.0754,398.6651,69.4691,186.706,0,0,1,0,1,0,1,0,1,0,1,0,1
61bc85f1-85.jpg,1932.0132,414.7662,67.9868,168.7433,0,0,1,0,1,0,1,0,1,0,1,0,1
61bc85f1-85.jpg,1930.2335,395.9625,69.7665,188.3347,0,0,1,0,1,0,1,0,1,0,1,0,1
61bc85f1-85.jpg,1934.4526,420.2372,65.5474,149.6776,0,0,1,0,1,0,1,0,1,0,1,0,1
61bc85f1-85.jpg,1933.9512,410.8593,66.0328,169.733,0,0,1,0,1,0,1,0,1,0,1,0,1
61bc85f1-85.jpg,1930.9333,414.0581,68.9232,166.9753,0,0,1,0,1,0,1,0,1,0,1,0,1
61bc85f1-85.jpg,1928.8795,378.0251,71.1205,215.358,0,0,1,0,1,0,1,0,1,0,1,0,1
61bc85f1-85.jpg,1934.0328,401.0044,65.9672,177.3528,0,0,1,0,1,0,1,0,1,0,1,0,1
61bc85f1-85.jpg,1934.3441,422.3277,65.2832,149.2344,0,0,1,0,1,0,1,0,1,0,1,0,1
61bc85f1-85.jpg,1926.7117,314.7165,73.2883,284.713,0,0,1,0,1,0,1,0,1,0,1,0,1
61bc85f1-85.jpg,1928.2555,368.6498,71.5629,230.4408,0,0,1,0,1,0,1,0,1,0,1,0,1
61bc85f1-85.jpg,1930.877,414.0014,69.123,175.3351,0,0,1,0,1,0,1,0,1,0,1,0,1
61bc85f1-85.jpg,1930.5922,412.4268,69.4078,179.0316,0,0,1,0,1,0,1,0,1,0,1,0,1
61bc85f1-85.jpg,1931.8575,404.211,68.1425,181.9004,0,0,1,0,1,0,1,0,1,0,1,0,1
61bc85f1-85.jpg,1925.9755,304.4397,74.0245,299.6548,0,0,1,0,1,0,1,0,1,0,1,0,1
61bc85f1-85.jpg,1932.4308,407.3247,67.215,177.3763,0,0,1,0,1,0,1,0,1,0,1,0,1
61bc85f1-85.jpg,1934.2705,388.2148,65.7295,184.9257,0,0,1,0,1,0,1,0,1,0,1,0,1
61bc85f1-85.jpg,1931.4176,422.7785,68.5824,151.9478,0,0,1,0,1,0,1,0,1,0,1,0,1
61bc85f1-85.jpg,1929.8184,403.7742,70.1816,168.9887,0,0,1,0,1,0,1,0,1,0,1,0,1
61bc85f1-85.jpg,1941.338,406.3159,58.662,173.9689,0,0,1,0,1,0,1,0,1,0,1,0,1
61bc85f1-85.jpg,1934.8839,420.5877,64.4336,150.5882,0,0,1,0,1,0,1,0,1,0,1,0,1
61bc85f1-85.jpg,1933.5869,424.0136,66.4131,142.6553,0,0,1,0,1,0,1,0,1,0,1,0,1
61bc85f1-85.jpg,1935.9015,419.0409,63.8973,155.6449,0,0,1,0,1,0,1,0,1,0,1,0,1
61bc85f1-85.jpg,0.0,0.0,9.3362,256.7252,0,0,1,0,1,0,1,0,1,0,1,0,1
61bc85f1-85.jpg,1098.3226,0.0456,180.2622,67.7369,0,0,1,0,1,0,1,0,1,0,1,0,1
61bc85f1-85.jpg,11.2271,428.7673,122.147,116.3682,0,0,1,0,1,0,1,0,1,0,1,0,1
61bc85f1-85.jpg,1927.0233,358.5224,72.9767,263.9156,0,0,1,0,1,0,1,0,1,0,1,0,1
61bc85f1-85.jpg,0.0,0.0,22.5231,262.0904,0,0,1,0,1,0,1,0,1,0,1,0,1
61bc85f1-85.jpg,0.0,523.3467,17.7289,151.9084,0,0,1,0,1,0,1,0,1,0,1,0,1
61bc85f1-85.jpg,1923.9369,265.8384,76.0631,349.5507,0,0,1,0,1,0,1,0,1,0,1,0,1
61bc85f1-85.jpg,0.0,504.9712,18.3708,165.9037,0,0,1,0,1,0,1,0,1,0,1,0,1
61bc85f1-85.jpg,1941.8068,396.666,58.1932,178.7897,0,0,1,0,1,0,1,0,1,0,1,0,1
61bc85f1-85.jpg,1933.1709,420.2106,66.8291,151.4971,0,0,1,0,1,0,1,0,1,0,1,0,1
61bc85f1-85.jpg,0.0,0.0,7.7752,304.3388,0,0,1,0,1,0,1,0,1,0,1,0,1
61bc85f1-85.jpg,1921.1738,254.2263,78.8262,363.1141,0,0,1,0,1,0,1,0,1,0,1,0,1
61bc85f1-85.jpg,539.4661,505.9656,58.3159,162.8992,0,0,1,0,1,0,1,0,1,0,1,0,1
61bc85f1-85.jpg,0.0,536.7339,17.058,138.5562,0,0,1,0,1,0,1,0,1,0,1,0,1
61bc85f1-85.jpg,1943.3954,413.286,56.6046,159.8547,0,0,1,0,1,0,1,0,1,0,1,0,1
61bc85f1-85.jpg,1066.4235,0.0,214.6869,66.3262,0,0,1,0,1,0,1,0,1,0,1,0,1
61bc85f1-85.jpg,1934.7507,397.0682,65.2493,167.9169,0,0,1,0,1,0,1,0,1,0,1,0,1
61bc85f1-85.jpg,11.4854,423.4391,124.273,117.5947,0,0,1,0,1,0,1,0,1,0,1,0,1
642c620f-12.jpg,23.8281,514.945,185.2065,147.5388,2,1,1,1,1,0,1,0,1,0,1,0,1
642c620f-12.jpg,5.9216,647.2697,179.9979,180.1998,1,1,1,0,1,0,1,0,1,0,1,0,1
642c620f-12.jpg,197.6992,482.0113,353.4569,217.302,1,1,1,0,1,0,1,0,1,0,1,0,1
642c620f-12.jpg,181.5601,653.5697,339.8751,203.9561,1,1,1,0,1,0,1,0,1,0,1,0,1
642c620f-12.jpg,529.2935,495.4021,229.0452,189.2485,1,1,1,0,1,0,1,0,1,0,1,0,1
642c620f-12.jpg,974.8698,396.8883,281.8977,355.4245,2,1,1,1,1,0,1,0,1,0,1,0,1
642c620f-12.jpg,1263.9598,428.8672,247.7323,334.4751,1,1,1,0,1,0,1,0,1,0,1,0,1
642c620f-12.jpg,992.2341,635.7333,226.4421,242.1341,2,1,1,1,1,0,1,0,1,0,1,0,1
642c620f-12.jpg,1495.2667,439.1583,231.7302,367.4354,1,1,1,0,1,0,1,0,1,0,1,0,1
642c620f-12.jpg,1789.6881,361.0517,135.9314,290.1494,1,1,1,0,1,0,1,0,1,0,1,0,1
642c620f-12.jpg,1526.197,1258.0704,386.6306,41.9296,0,0,1,0,1,0,1,0,1,0,1,0,1
642c620f-12.jpg,1541.1749,1257.8164,368.9369,42.1836,0,0,1,0,1,0,1,0,1,0,1,0,1
642c620f-12.jpg,0.0,1068.6338,324.143,230.0284,0,0,1,0,1,0,1,0,1,0,1,0,1
642c620f-12.jpg,0.385,1063.0991,328.4816,235.59,0,0,1,0,1,0,1,0,1,0,1,0,1
642c620f-12.jpg,1497.4495,1258.1129,399.6307,41.8871,0,0,1,0,1,0,1,0,1,0,1,0,1
642c620f-12.jpg,0.2324,1064.3463,299.9297,233.9962,0,0,1,0,1,0,1,0,1,0,1,0,1
642c620f-12.jpg,1580.4185,1260.5161,269.4313,39.4839,0,0,1,0,1,0,1,0,1,0,1,0,1
642c620f-12.jpg,0.0,0.0,1.6303,248.1297,0,0,1,0,1,0,1,0,1,0,1,0,1
642c620f-12.jpg,1563.1066,1261.0966,298.275,38.9034,0,0,1,0,1,0,1,0,1,0,1,0,1
6559da65-217.jpg,86.228,953.6728,304.6165,249.2336,2,1,1,1,1,0,1,0,1,0,1,0,1
6559da65-217.jpg,155.4624,730.0298,309.6404,311.9438,4,1,1,1,1,1,1,1,1,0,1,0,1
6559da65-217.jpg,331.1455,478.8145,277.8313,233.7245,1,1,1,0,1,0,1,0,1,0,1,0,1
6559da65-217.jpg,599.8029,218.6779,221.5676,206.705,1,1,1,0,1,0,1,0,1,0,1,0,1
6559da65-217.jpg,784.9722,161.7954,252.0218,202.3077,1,1,1,0,1,0,1,0,1,0,1,0,1
6559da65-217.jpg,1251.0369,226.7892,219.3796,203.9517,1,1,1,0,1,0,1,0,1,0,1,0,1
6559da65-217.jpg,1391.7253,344.8961,218.5807,229.8561,1,1,1,0,1,0,1,0,1,0,1,0,1
6559da65-217.jpg,1447.7773,515.4474,270.6433,221.8364,2,1,1,1,1,0,1,0,1,0,1,0,1
6559da65-217.jpg,1513.9429,671.4361,268.95,195.0947,1,1,1,0,1,0,1,0,1,0,1,0,1
6559da65-217.jpg,1513.6045,831.0978,305.1213,281.358,3,1,1,1,1,1,1,0,1,0,1,0,1
6559da65-217.jpg,1638.7075,1007.3793,252.5864,260.6669,3,1,1,1,1,1,1,0,1,0,1,0,1
6559da65-217.jpg,0.0,0.0,193.9038,66.5826,0,0,1,0,1,0,1,0,1,0,1,0,1
6559da65-217.jpg,0.4156,0.0,202.2653,90.7325,0,0,1,0,1,0,1,0,1,0,1,0,1
6559da65-217.jpg,0.1015,0.1537,188.7215,73.1533,0,0,1,0,1,0,1,0,1,0,1,0,1
6559da65-217.jpg,0.0,0.0393,190.9892,65.677,0,0,1,0,1,0,1,0,1,0,1,0,1
6559da65-217.jpg,0.1215,0.6489,182.3609,159.6194,0,0,1,0,1,0,1,0,1,0,1,0,1
6559da65-217.jpg,0.0,0.6916,160.0405,169.2081,0,0,1,0,1,0,1,0,1,0,1,0,1
6559da65-217.jpg,0.0,0.0,186.7236,153.2757,0,0,1,0,1,0,1,0,1,0,1,0,1
6559da65-217.jpg,0.0,0.065,219.9702,162.5548,0,0,1,0,1,0,1,0,1,0,1,0,1
6559da65-217.jpg,0.4806,0.0,218.3361,149.2888,0,0,1,0,1,0,1,0,1,0,1,0,1
6559da65-217.jpg,0.3009,0.0,164.1216,81.7376,0,0,1,0,1,0,1,0,1,0,1,0,1
6559da65-217.jpg,3.9543,0.0,168.8676,132.3556,0,0,1,0,1,0,1,0,1,0,1,0,1
6559da65-217.jpg,4.6698,0.0,158.831,140.6766,0,0,1,0,1,0,1,0,1,0,1,0,1
6559da65-217.jpg,0.1303,0.0,209.5695,161.2817,0,0,1,0,1,0,1,0,1,0,1,0,1
6559da65-217.jpg,0.0,0.0369,162.6778,155.1319,0,0,1,0,1,0,1,0,1,0,1,0,1
6559da65-217.jpg,0.0315,0.139,219.0882,150.9892,0,0,1,0,1,0,1,0,1,0,1,0,1
6559da65-217.jpg,0.0,1041.058,155.5237,258.942,0,0,1,0,1,0,1,0,1,0,1,0,1
6559da65-217.jpg,0.0,0.0,42.1648,218.8055,0,0,1,0,1,0,1,0,1,0,1,0,1
6559da65-217.jpg,2.5486,0.4518,150.6115,158.8529,0,0,1,0,1,0,1,0,1,0,1,0,1
6559da65-217.jpg,0.2748,0.0,195.9778,136.763,0,0,1,0,1,0,1,0,1,0,1,0,1
6559da65-217.jpg,0.1544,0.0,230.2173,167.1269,0,0,1,0,1,0,1,0,1,0,1,0,1
6559da65-217.jpg,113.71,273.5094,134.4717,253.7846,0,0,1,0,1,0,1,0,1,0,1,0,1
6559da65-217.jpg,109.0763,272.5345,139.0149,287.985,0,0,1,0,1,0,1,0,1,0,1,0,1
6559da65-217.jpg,0.0,0.0,196.9922,86.4376,0,0,1,0,1,0,1,0,1,0,1,0,1
6559da65-217.jpg,0.0,0.0259,172.9151,134.0442,0,0,1,0,1,0,1,0,1,0,1,0,1
6559da65-217.jpg,0.0,0.0,224.7331,144.5337,0,0,1,0,1,0,1,0,1,0,1,0,1
6559da65-217.jpg,111.6376,271.1074,141.7775,304.5584,0,0,1,0,1,0,1,0,1,0,1,0,1
6559da65-217.jpg,0.0,0.4798,215.3602,194.772,0,0,1,0,1,0,1,0,1,0,1,0,1
6559da65-217.jpg,0.0,1006.2546,154.7568,293.7454,0,0,1,0,1,0,1,0,1,0,1,0,1
6559da65-217.jpg,0.1322,0.0176,177.0443,124.733,0,0,1,0,1,0,1,0,1,0,1,0,1
6559da65-217.jpg,0.0,0.0,1.1688,221.0449,0,0,1,0,1,0,1,0,1,0,1,0,1
6559da65-217.jpg,1707.9105,1253.4244,163.1927,46.5756,0,0,1,0,1,0,1,0,1,0,1,0,1
6559da65-217.jpg,109.8627,267.0672,144.0645,313.5042,0,0,1,0,1,0,1,0,1,0,1,0,1
6559da65-217.jpg,0.0,0.0,184.4871,64.0617,0,0,1,0,1,0,1,0,1,0,1,0,1
6559da65-217.jpg,102.8211,267.329,158.5166,375.4456,0,0,1,0,1,0,1,0,1,0,1,0,1
6559da65-217.jpg,104.9627,265.1841,148.5918,309.5739,0,0,1,0,1,0,1,0,1,0,1,0,1
6559da65-217.jpg,105.2669,268.3496,151.5956,383.9491,0,0,1,0,1,0,1,0,1,0,1,0,1
6559da65-217.jpg,113.7054,272.0725,135.9677,282.4232,0,0,1,0,1,0,1,0,1,0,1,0,1
6559da65-217.jpg,104.6514,261.9958,153.8225,328.3002,0,0,1,0,1,0,1,0,1,0,1,0,1
6559da65-217.jpg,0.0,0.0,140.294,166.3121,0,0,1,0,1,0,1,0,1,0,1,0,1
6559da65-217.jpg,0.0,1005.0462,155.8314,294.9538,0,0,1,0,1,0,1,0,1,0,1,0,1
6559da65-217.jpg,4.5999,1.1257,154.8219,140.5283,0,0,1,0,1,0,1,0,1,0,1,0,1
6559da65-217.jpg,97.6731,262.8831,162.7666,410.7003,0,0,1,0,1,0,1,0,1,0,1,0,1
6559da65-217.jpg,1653.2606,0.0,246.6404,115.4273,0,0,1,0,1,0,1,0,1,0,1,0,1
6559da65-217.jpg,0.094,1037.788,158.7126,262.212,0,0,1,0,1,0,1,0,1,0,1,0,1
6559da65-217.jpg,113.3188,275.7769,131.9847,277.5034,0,0,1,0,1,0,1,0,1,0,1,0,1
6559da65-217.jpg,112.4605,272.3432,136.795,293.709,0,0,1,0,1,0,1,0,1,0,1,0,1
6559da65-217.jpg,106.899,268.6456,147.2763,377.0037,0,0,1,0,1,0,1,0,1,0,1,0,1
6559da65-217.jpg,1.0478,1.0473,213.796,116.61,0,0,1,0,1,0,1,0,1,0,1,0,1
6559da65-217.jpg,102.1825,268.0325,159.3398,403.0793,0,0,1,0,1,0,1,0,1,0,1,0,1
6559da65-217.jpg,110.5873,263.3684,143.3028,333.4781,0,0,1,0,1,0,1,0,1,0,1,0,1
6926f4aa-2.jpg,0.0,409.0285,69.8767,283.4093,1,1,1,0,1,0,1,0,1,0,1,0,1
6926f4aa-2.jpg,39.1071,354.5779,268.8168,339.709,3,1,1,1,1,1,1,0,1,0,1,0,1
6926f4aa-2.jpg,297.6851,344.9247,274.5047,347.7542,1,1,1,0,1,0,1,0,1,0,1,0,1
6926f4aa-2.jpg,553.6317,422.2,279.6967,299.1326,1,1,1,0,1,0,1,0,1,0,1,0,1
6926f4aa-2.jpg,827.3861,388.6548,322.8174,352.5316,2,1,1,1,1,0,1,0,1,0,1,0,1
6926f4aa-2.jpg,691.7778,658.6575,265.3143,309.6375,1,1,1,0,1,0,1,0,1,0,1,0,1
6926f4aa-2.jpg,951.7069,677.2163,275.7847,309.6039,2,1,1,1,1,0,1,0,1,0,1,0,1
6926f4aa-2.jpg,1138.8029,448.9563,266.7991,309.4957,2,1,1,1,1,0,1,0,1,0,1,0,1
6926f4aa-2.jpg,1226.931,701.7283,257.5468,270.3421,2,1,1,1,1,0,1,0,1,0,1,0,1
6926f4aa-2.jpg,1397.1748,500.6163,225.5978,248.3561,2,1,1,1,1,0,1,0,1,0,1,0,1
6926f4aa-2.jpg,1470.113,720.2345,346.0803,223.4672,2,1,1,1,1,0,1,0,1,0,1,0,1
6926f4aa-2.jpg,1606.0455,509.4178,308.0651,225.3246,2,1,1,1,1,0,1,0,1,0,1,0,1
6926f4aa-2.jpg,1799.0759,652.6656,189.9418,220.6387,1,1,1,0,1,0,1,0,1,0,1,0,1
6926f4aa-2.jpg,1787.2318,689.0408,110.7338,48.9227,0,0,1,0,1,0,1,0,1,0,1,0,1
6926f4aa-2.jpg,467.7601,0.0229,354.7371,49.1199,0,0,1,0,1,0,1,0,1,0,1,0,1
6926f4aa-2.jpg,1787.3912,688.2086,111.7268,50.379,0,0,1,0,1,0,1,0,1,0,1,0,1
6926f4aa-2.jpg,1787.3966,685.4123,113.9404,52.0985,0,0,1,0,1,0,1,0,1,0,1,0,1
6926f4aa-2.jpg,504.8657,0.053,311.0187,44.9907,0,0,1,0,1,0,1,0,1,0,1,0,1
6926f4aa-2.jpg,1978.3323,628.6257,21.6677,219.4415,0,0,1,0,1,0,1,0,1,0,1,0,1
6926f4aa-2.jpg,1813.2578,0.0,186.2106,73.4805,0,0,1,0,1,0,1,0,1,0,1,0,1
6926f4aa-2.jpg,778.0455,0.0,259.4036,61.2457,0,0,1,0,1,0,1,0,1,0,1,0,1
6926f4aa-2.jpg,1970.0101,605.0828,29.9899,241.9074,0,0,1,0,1,0,1,0,1,0,1,0,1
6926f4aa-2.jpg,545.9534,0.1132,267.7119,43.03,0,0,1,0,1,0,1,0,1,0,1,0,1
6926f4aa-2.jpg,469.1193,0.0817,347.9999,48.1342,0,0,1,0,1,0,1,0,1,0,1,0,1
69a6f8ed-216.jpg,178.2032,517.2931,58.8272,156.5979,1,1,1,0,1,0,1,0,1,0,1,0,1
69a6f8ed-216.jpg,219.7775,483.3058,137.9321,219.9368,2,1,1,1,1,0,1,0,1,0,1,0,1
69a6f8ed-216.jpg,341.8893,468.3734,223.4363,277.6564,1,1,1,0,1,0,1,0,1,0,1,0,1
69a6f8ed-216.jpg,235.4144,688.454,56.2512,123.5874,1,1,1,0,1,0,1,0,1,0,1,0,1
69a6f8ed-216.jpg,267.7134,677.0496,96.1006,156.8456,1,1,1,0,1,0,1,0,1,0,1,0,1
69a6f8ed-216.jpg,349.9454,711.6091,129.6076,142.5686,1,1,1,0,1,0,1,0,1,0,1,0,1
69a6f8ed-216.jpg,550.7744,473.6843,251.5303,269.5648,1,1,1,0,1,0,1,0,1,0,1,0,1
69a6f8ed-216.jpg,595.2816,724.3411,150.453,151.0658,1,1,1,0,1,0,1,0,1,0,1,0,1
69a6f8ed-216.jpg,797.6124,493.2623,219.6871,235.6318,1,1,1,0,1,0,1,0,1,0,1,0,1
69a6f8ed-216.jpg,745.6713,661.3967,171.3222,215.1805,1,1,1,0,1,0,1,0,1,0,1,0,1
69a6f8ed-216.jpg,919.6706,670.3235,196.8893,215.6725,1,1,1,0,1,0,1,0,1,0,1,0,1
69a6f8ed-216.jpg,1006.3384,478.03,218.64,227.7061,1,1,1,0,1,0,1,0,1,0,1,0,1
69a6f8ed-216.jpg,1103.3624,665.2659,212.9119,208.3117,2,1,1,1,1,0,1,0,1,0,1,0,1
69a6f8ed-216.jpg,1212.7253,488.1026,186.3741,211.8478,1,1,1,0,1,0,1,0,1,0,1,0,1
69a6f8ed-216.jpg,1417.681,449.0239,296.2892,185.0098,3,1,1,1,1,1,1,0,1,0,1,0,1
69a6f8ed-216.jpg,1435.449,617.2269,247.4601,187.8184,4,1,1,1,1,1,1,1,1,0,1,0,1
69a6f8ed-216.jpg,1660.9883,546.9506,110.3683,164.0357,2,1,1,1,1,0,1,0,1,0,1,0,1
69a6f8ed-216.jpg,1695.5804,464.0287,74.6835,132.9301,0,0,1,0,1,0,1,0,1,0,1,0,1
6a015f5d-41.jpg,123.5754,20.3054,355.6731,389.9635,1,1,1,0,1,0,1,0,1,0,1,0,1
6a015f5d-41.jpg,468.9814,853.6606,229.5826,277.5606,1,1,1,0,1,0,1,0,1,0,1,0,1
6a015f5d-41.jpg,1454.3918,369.2416,294.2177,264.0539,1,1,1,0,1,0,1,0,1,0,1,0,1
6a015f5d-41.jpg,1495.0403,34.4496,354.8658,380.557,1,1,1,0,1,0,1,0,1,0,1,0,1
6a015f5d-41.jpg,1951.1387,676.1533,48.8613,239.3044,0,0,1,0,1,0,1,0,1,0,1,0,1
6a015f5d-41.jpg,1950.1743,662.2385,49.8257,288.5402,0,0,1,0,1,0,1,0,1,0,1,0,1
6a015f5d-41.jpg,1955.8146,685.2374,44.1437,255.7305,0,0,1,0,1,0,1,0,1,0,1,0,1
6a015f5d-41.jpg,1949.0509,679.9291,50.9491,230.0043,0,0,1,0,1,0,1,0,1,0,1,0,1
6a015f5d-41.jpg,1947.8726,657.8561,52.1274,259.4708,0,0,1,0,1,0,1,0,1,0,1,0,1
6a015f5d-41.jpg,0.4079,1010.5509,86.9973,289.4491,0,0,1,0,1,0,1,0,1,0,1,0,1
6a015f5d-41.jpg,0.1805,1011.0253,90.1627,288.9747,0,0,1,0,1,0,1,0,1,0,1,0,1
6a015f5d-41.jpg,0.275,964.8772,75.0504,335.1228,0,0,1,0,1,0,1,0,1,0,1,0,1
6a015f5d-41.jpg,0.0,945.0716,68.7672,354.9284,0,0,1,0,1,0,1,0,1,0,1,0,1
6a015f5d-41.jpg,1946.1228,666.7975,53.8772,239.9789,0,0,1,0,1,0,1,0,1,0,1,0,1
6a015f5d-41.jpg,1955.8018,673.793,44.1982,250.923,0,0,1,0,1,0,1,0,1,0,1,0,1
6a015f5d-41.jpg,1955.6743,689.866,44.3257,240.1512,0,0,1,0,1,0,1,0,1,0,1,0,1
6a015f5d-41.jpg,0.4026,981.2854,81.6734,318.7146,0,0,1,0,1,0,1,0,1,0,1,0,1
6a015f5d-41.jpg,0.277,959.3589,77.4695,340.6411,0,0,1,0,1,0,1,0,1,0,1,0,1
6a015f5d-41.jpg,1956.0764,689.3724,43.9236,236.2339,0,0,1,0,1,0,1,0,1,0,1,0,1
6a015f5d-41.jpg,1945.5208,652.7543,54.4792,297.6743,0,0,1,0,1,0,1,0,1,0,1,0,1
6a015f5d-41.jpg,1954.4636,694.6497,45.3651,262.8892,0,0,1,0,1,0,1,0,1,0,1,0,1
6a015f5d-41.jpg,0.6098,985.3184,83.2303,314.6816,0,0,1,0,1,0,1,0,1,0,1,0,1
6a015f5d-41.jpg,1958.0085,696.0673,41.9915,222.7087,0,0,1,0,1,0,1,0,1,0,1,0,1
6a015f5d-41.jpg,1946.3284,671.6056,53.6716,302.7201,0,0,1,0,1,0,1,0,1,0,1,0,1
6a015f5d-41.jpg,0.0,927.3717,63.043,372.6283,0,0,1,0,1,0,1,0,1,0,1,0,1
6a015f5d-41.jpg,1939.4243,651.9882,60.5757,330.0576,0,0,1,0,1,0,1,0,1,0,1,0,1
6a015f5d-41.jpg,1958.7257,688.8862,41.2743,242.3697,0,0,1,0,1,0,1,0,1,0,1,0,1
6a015f5d-41.jpg,1959.0555,692.7063,40.9445,230.633,0,0,1,0,1,0,1,0,1,0,1,0,1
6a015f5d-41.jpg,0.0025,935.103,75.267,364.897,0,0,1,0,1,0,1,0,1,0,1,0,1
6a015f5d-41.jpg,0.2053,1034.7059,91.6653,265.2941,0,0,1,0,1,0,1,0,1,0,1,0,1
6a015f5d-41.jpg,0.0,757.0009,56.7928,272.3531,0,0,1,0,1,0,1,0,1,0,1,0,1
6a015f5d-41.jpg,1957.1396,682.8901,42.8604,234.1833,0,0,1,0,1,0,1,0,1,0,1,0,1
6a015f5d-41.jpg,0.0,726.1284,57.9891,320.4216,0,0,1,0,1,0,1,0,1,0,1,0,1
6a015f5d-41.jpg,1946.6067,643.7782,53.3933,321.9651,0,0,1,0,1,0,1,0,1,0,1,0,1
6a015f5d-41.jpg,1928.4775,686.96,71.5225,333.1223,0,0,1,0,1,0,1,0,1,0,1,0,1
6a015f5d-41.jpg,0.0,753.0246,58.2008,290.8602,0,0,1,0,1,0,1,0,1,0,1,0,1
6a015f5d-41.jpg,1957.4897,705.2206,42.4832,224.3923,0,0,1,0,1,0,1,0,1,0,1,0,1
6a015f5d-41.jpg,1953.6354,668.6433,46.3646,237.7854,0,0,1,0,1,0,1,0,1,0,1,0,1
6a015f5d-41.jpg,0.0,848.1464,66.9809,451.8536,0,0,1,0,1,0,1,0,1,0,1,0,1
6a015f5d-41.jpg,1938.5471,667.5145,61.4529,307.0135,0,0,1,0,1,0,1,0,1,0,1,0,1
6a015f5d-41.jpg,0.0,912.5502,73.1548,387.4498,0,0,1,0,1,0,1,0,1,0,1,0,1
6a015f5d-41.jpg,0.0,924.1486,55.3835,375.8514,0,0,1,0,1,0,1,0,1,0,1,0,1
6a015f5d-41.jpg,1953.6276,667.5654,46.3486,323.438,0,0,1,0,1,0,1,0,1,0,1,0,1
6a015f5d-41.jpg,1949.9186,628.4333,50.0814,341.4832,0,0,1,0,1,0,1,0,1,0,1,0,1
6a015f5d-41.jpg,0.0,0.0,38.4324,251.8513,0,0,1,0,1,0,1,0,1,0,1,0,1
6a015f5d-41.jpg,0.2051,858.1848,58.3422,441.8152,0,0,1,0,1,0,1,0,1,0,1,0,1
6a015f5d-41.jpg,0.0,778.0665,57.9575,270.6144,0,0,1,0,1,0,1,0,1,0,1,0,1
6a015f5d-41.jpg,0.0,0.0,19.0635,255.185,0,0,1,0,1,0,1,0,1,0,1,0,1
6a015f5d-41.jpg,0.0,910.9692,36.599,267.0483,0,0,1,0,1,0,1,0,1,0,1,0,1
6a015f5d-41.jpg,0.0,799.7099,55.5171,204.6575,0,0,1,0,1,0,1,0,1,0,1,0,1
6a015f5d-41.jpg,0.0,908.8959,37.9013,294.149,0,0,1,0,1,0,1,0,1,0,1,0,1
6a015f5d-41.jpg,0.0,915.6462,46.3948,380.6151,0,0,1,0,1,0,1,0,1,0,1,0,1
6a015f5d-41.jpg,0.0,1035.3958,93.9713,264.6042,0,0,1,0,1,0,1,0,1,0,1,0,1
6a015f5d-41.jpg,1952.261,699.0274,47.5288,278.6617,0,0,1,0,1,0,1,0,1,0,1,0,1
6a4794c8-126.jpg,67.9043,403.626,76.4934,284.9982,2,1,1,1,1,0,1,0,1,0,1,0,1
6a4794c8-126.jpg,170.7823,402.2528,253.8428,315.2486,1,1,1,0,1,0,1,0,1,0,1,0,1
6a4794c8-126.jpg,211.1176,703.3437,93.9548,145.7731,2,1,1,1,1,0,1,0,1,0,1,0,1
6a4794c8-126.jpg,682.6751,424.4547,238.1642,277.6667,1,1,1,0,1,0,1,0,1,0,1,0,1
6a4794c8-126.jpg,693.3061,635.4155,204.2554,216.7327,1,1,1,0,1,0,1,0,1,0,1,0,1
6a4794c8-126.jpg,531.428,615.5802,166.8849,215.8625,1,1,1,0,1,0,1,0,1,0,1,0,1
6a4794c8-126.jpg,920.5306,362.9921,265.3369,318.537,2,1,1,1,1,0,1,0,1,0,1,0,1
6a4794c8-126.jpg,898.7045,622.5733,221.2757,266.0419,2,1,1,1,1,0,1,0,1,0,1,0,1
6a4794c8-126.jpg,1180.5217,451.8321,270.47,216.4041,2,1,1,1,1,0,1,0,1,0,1,0,1
6a4794c8-126.jpg,1438.6824,420.05,239.1036,213.1176,2,1,1,1,1,0,1,0,1,0,1,0,1
6a4794c8-126.jpg,1157.9152,621.5503,270.9836,174.9678,2,1,1,1,1,0,1,0,1,0,1,0,1
6a4794c8-126.jpg,1671.7156,450.4483,173.8914,103.6443,2,1,1,1,1,0,1,0,1,0,1,0,1
6a4794c8-126.jpg,1660.1508,516.6307,294.4851,166.2884,2,1,1,1,1,0,1,0,1,0,1,0,1
6a4794c8-126.jpg,1395.547,587.7267,309.2184,168.7985,2,1,1,1,1,0,1,0,1,0,1,0,1
6a4794c8-126.jpg,1956.7629,457.0813,43.2371,228.5305,0,0,1,0,1,0,1,0,1,0,1,0,1
6a4794c8-126.jpg,1959.7955,471.386,40.2045,201.1988,0,0,1,0,1,0,1,0,1,0,1,0,1
6a4794c8-126.jpg,1951.2991,457.8629,48.7009,212.756,0,0,1,0,1,0,1,0,1,0,1,0,1
6a4794c8-126.jpg,1960.9365,464.1015,39.0635,222.9345,0,0,1,0,1,0,1,0,1,0,1,0,1
6a4794c8-126.jpg,1674.012,673.1866,102.5703,41.8403,0,0,1,0,1,0,1,0,1,0,1,0,1
6a4794c8-126.jpg,1795.3098,509.5984,147.4373,100.313,0,0,1,0,1,0,1,0,1,0,1,0,1
6a4794c8-126.jpg,1674.8402,673.6818,105.1887,41.1917,0,0,1,0,1,0,1,0,1,0,1,0,1
6a4794c8-126.jpg,1959.2058,458.384,40.7891,233.089,0,0,1,0,1,0,1,0,1,0,1,0,1
6a4794c8-126.jpg,1527.516,601.6813,120.1705,55.4523,0,0,1,0,1,0,1,0,1,0,1,0,1
6a4794c8-126.jpg,1622.7577,470.3985,55.3414,119.6693,0,0,1,0,1,0,1,0,1,0,1,0,1
6a4794c8-126.jpg,1795.7028,509.5499,141.6729,61.0642,0,0,1,0,1,0,1,0,1,0,1,0,1
6a4794c8-126.jpg,1675.6981,668.382,94.3229,45.4381,0,0,1,0,1,0,1,0,1,0,1,0,1
6a4794c8-126.jpg,1958.7311,490.6957,41.2205,167.2492,0,0,1,0,1,0,1,0,1,0,1,0,1
6a4794c8-126.jpg,1534.6516,600.4138,154.6841,67.0193,0,0,1,0,1,0,1,0,1,0,1,0,1
6a4794c8-126.jpg,1964.4871,466.1092,35.5129,224.0682,0,0,1,0,1,0,1,0,1,0,1,0,1
6a4794c8-126.jpg,1941.124,483.1089,58.876,173.2181,0,0,1,0,1,0,1,0,1,0,1,0,1
6a4794c8-126.jpg,1493.1068,608.8102,142.1532,51.1581,0,0,1,0,1,0,1,0,1,0,1,0,1
6a4794c8-126.jpg,1676.186,675.598,98.246,41.3077,0,0,1,0,1,0,1,0,1,0,1,0,1
6a4794c8-126.jpg,1531.2069,600.9733,132.9403,54.8193,0,0,1,0,1,0,1,0,1,0,1,0,1
6a4794c8-126.jpg,1795.4509,509.1041,137.5592,59.2166,0,0,1,0,1,0,1,0,1,0,1,0,1
6a4794c8-126.jpg,1953.3752,474.5812,46.6248,202.8267,0,0,1,0,1,0,1,0,1,0,1,0,1
6a4794c8-126.jpg,1637.3328,458.5214,41.9543,130.7991,0,0,1,0,1,0,1,0,1,0,1,0,1
6b989eba-275.jpg,53.9852,487.3673,172.6335,187.6995,1,1,1,0,1,0,1,0,1,0,1,0,1
6b989eba-275.jpg,119.0219,641.2773,205.2786,158.5256,3,1,1,1,1,1,1,0,1,0,1,0,1
6b989eba-275.jpg,208.6036,512.269,204.6816,202.2716,1,1,1,0,1,0,1,0,1,0,1,0,1
6b989eba-275.jpg,392.489,486.884,171.7804,243.067,1,1,1,0,1,0,1,0,1,0,1,0,1
6b989eba-275.jpg,305.1181,689.9568,246.4709,167.986,2,1,1,1,1,0,1,0,1,0,1,0,1
6b989eba-275.jpg,532.2648,478.8923,200.9781,280.7756,1,1,1,0,1,0,1,0,1,0,1,0,1
6b989eba-275.jpg,505.9604,707.6177,201.4312,184.8287,1,1,1,0,1,0,1,0,1,0,1,0,1
6b989eba-275.jpg,717.3086,427.0419,279.9377,362.1844,1,1,1,0,1,0,1,0,1,0,1,0,1
6b989eba-275.jpg,679.8715,668.2117,253.488,281.4065,1,1,1,0,1,0,1,0,1,0,1,0,1
6b989eba-275.jpg,983.2805,397.0286,263.6721,332.0698,1,1,1,0,1,0,1,0,1,0,1,0,1
6b989eba-275.jpg,916.4802,665.4501,246.5401,278.5311,1,1,1,0,1,0,1,0,1,0,1,0,1
6b989eba-275.jpg,1224.8158,414.4068,272.4178,356.9159,1,1,1,0,1,0,1,0,1,0,1,0,1
6b989eba-275.jpg,1468.8572,361.682,310.2848,390.7356,1,1,1,0,1,0,1,0,1,0,1,0,1
6b989eba-275.jpg,1692.1414,670.4011,180.6221,247.545,1,1,1,0,1,0,1,0,1,0,1,0,1
6b989eba-275.jpg,1713.5386,389.781,167.5922,304.1078,1,1,1,0,1,0,1,0,1,0,1,0,1
6b989eba-275.jpg,1858.9332,428.2177,127.8344,327.1317,1,1,1,0,1,0,1,0,1,0,1,0,1
6c17749f-186.jpg,682.7982,572.96,121.8289,187.6823,1,1,1,0,1,0,1,0,1,0,1,0,1
6c17749f-186.jpg,801.3207,451.4455,177.8667,226.1589,2,1,1,1,1,0,1,0,1,0,1,0,1
6c17749f-186.jpg,960.3027,402.3746,181.6423,310.0416,2,1,1,1,1,0,1,0,1,0,1,0,1
6c17749f-186.jpg,783.2277,595.0845,72.3209,141.0556,1,1,1,0,1,0,1,0,1,0,1,0,1
6c17749f-186.jpg,37.38,295.3788,164.054,472.053,0,0,1,0,1,0,1,0,1,0,1,0,1
6c17749f-186.jpg,33.2395,296.1522,166.875,495.4229,0,0,1,0,1,0,1,0,1,0,1,0,1
6c17749f-186.jpg,27.4546,287.1118,171.252,495.6624,0,0,1,0,1,0,1,0,1,0,1,0,1
6c17749f-186.jpg,40.7532,294.8829,147.8943,487.3861,0,0,1,0,1,0,1,0,1,0,1,0,1
6c17749f-186.jpg,0.5648,270.9265,121.6278,524.4253,0,0,1,0,1,0,1,0,1,0,1,0,1
6c17749f-186.jpg,1.6112,276.6289,138.6868,540.2512,0,0,1,0,1,0,1,0,1,0,1,0,1
6c17749f-186.jpg,30.602,294.892,163.5861,480.1816,0,0,1,0,1,0,1,0,1,0,1,0,1
6c17749f-186.jpg,43.4737,296.2164,153.861,443.6069,0,0,1,0,1,0,1,0,1,0,1,0,1
6c17749f-186.jpg,31.1939,290.3604,153.1708,468.1649,0,0,1,0,1,0,1,0,1,0,1,0,1
6c17749f-186.jpg,36.9701,295.5111,150.4814,466.6414,0,0,1,0,1,0,1,0,1,0,1,0,1
6c17749f-186.jpg,25.5967,288.5981,169.4335,514.0514,0,0,1,0,1,0,1,0,1,0,1,0,1
6c17749f-186.jpg,38.8344,303.9413,155.1711,495.9055,0,0,1,0,1,0,1,0,1,0,1,0,1
6c17749f-186.jpg,0.0,265.0091,103.3423,528.2876,0,0,1,0,1,0,1,0,1,0,1,0,1
6c17749f-186.jpg,0.0,274.4634,105.9769,539.5208,0,0,1,0,1,0,1,0,1,0,1,0,1
6c17749f-186.jpg,138.8516,307.2915,359.6995,496.0616,0,0,1,0,1,0,1,0,1,0,1,0,1
6c17749f-186.jpg,584.3199,599.2875,55.0085,161.2823,0,0,1,0,1,0,1,0,1,0,1,0,1
6c17749f-186.jpg,28.0716,287.6142,169.2098,474.29,0,0,1,0,1,0,1,0,1,0,1,0,1
6c17749f-186.jpg,32.7688,304.0958,152.2283,482.2682,0,0,1,0,1,0,1,0,1,0,1,0,1
6c17749f-186.jpg,135.8567,304.7482,358.335,507.7823,0,0,1,0,1,0,1,0,1,0,1,0,1
6c17749f-186.jpg,583.0792,591.2782,57.6784,180.6322,0,0,1,0,1,0,1,0,1,0,1,0,1
6c17749f-186.jpg,0.0,289.5813,155.8806,459.3272,0,0,1,0,1,0,1,0,1,0,1,0,1
6c17749f-186.jpg,590.9366,576.7668,54.9894,207.0659,0,0,1,0,1,0,1,0,1,0,1,0,1
6c17749f-186.jpg,23.8549,286.886,163.218,488.6687,0,0,1,0,1,0,1,0,1,0,1,0,1
6c17749f-186.jpg,3.6098,275.6248,141.9024,504.2164,0,0,1,0,1,0,1,0,1,0,1,0,1
6c17749f-186.jpg,0.0,0.0573,608.8452,349.8049,0,0,1,0,1,0,1,0,1,0,1,0,1
6c17749f-186.jpg,135.8914,306.7279,366.3337,497.8098,0,0,1,0,1,0,1,0,1,0,1,0,1
6c17749f-186.jpg,0.0,0.0,630.8713,360.4475,0,0,1,0,1,0,1,0,1,0,1,0,1
6c17749f-186.jpg,29.9671,298.0709,149.5267,482.4592,0,0,1,0,1,0,1,0,1,0,1,0,1
6c17749f-186.jpg,140.7864,308.5442,367.3083,494.9121,0,0,1,0,1,0,1,0,1,0,1,0,1
6c17749f-186.jpg,0.0,0.0,660.2173,364.4568,0,0,1,0,1,0,1,0,1,0,1,0,1
6c17749f-186.jpg,0.0,0.0,13.0866,250.2582,0,0,1,0,1,0,1,0,1,0,1,0,1
6c17749f-186.jpg,579.1415,589.4408,64.778,157.5276,0,0,1,0,1,0,1,0,1,0,1,0,1
6c17749f-186.jpg,610.8119,475.0491,50.4564,121.0329,0,0,1,0,1,0,1,0,1,0,1,0,1
6c17749f-186.jpg,578.513,586.428,65.0377,171.4752,0,0,1,0,1,0,1,0,1,0,1,0,1
6c17749f-186.jpg,590.4515,577.0415,55.584,188.4624,0,0,1,0,1,0,1,0,1,0,1,0,1
6c17749f-186.jpg,0.0,262.3707,96.7569,507.2617,0,0,1,0,1,0,1,0,1,0,1,0,1
6c17749f-186.jpg,138.59,305.0838,357.7349,513.461,0,0,1,0,1,0,1,0,1,0,1,0,1
6c17749f-186.jpg,43.1584,298.4494,144.6207,458.8481,0,0,1,0,1,0,1,0,1,0,1,0,1
6c17749f-186.jpg,140.281,306.257,363.9254,500.5471,0,0,1,0,1,0,1,0,1,0,1,0,1
6c17749f-186.jpg,594.7038,580.7737,51.7444,178.5543,0,0,1,0,1,0,1,0,1,0,1,0,1
6c17749f-186.jpg,133.6713,303.4939,360.5837,512.8247,0,0,1,0,1,0,1,0,1,0,1,0,1
6c17749f-186.jpg,0.1281,267.1026,102.2412,509.9558,0,0,1,0,1,0,1,0,1,0,1,0,1
6c17749f-186.jpg,45.0975,298.2595,143.819,389.7238,0,0,1,0,1,0,1,0,1,0,1,0,1
6c17749f-186.jpg,35.3855,292.3056,151.8124,443.0193,0,0,1,0,1,0,1,0,1,0,1,0,1
6c17749f-186.jpg,41.6943,297.3716,146.6735,436.6046,0,0,1,0,1,0,1,0,1,0,1,0,1
6c17749f-186.jpg,572.1319,590.4823,66.9606,144.4089,0,0,1,0,1,0,1,0,1,0,1,0,1
6c17749f-186.jpg,555.8178,1255.571,349.8531,44.429,0,0,1,0,1,0,1,0,1,0,1,0,1
6c17749f-186.jpg,136.294,304.8059,379.6592,499.0529,0,0,1,0,1,0,1,0,1,0,1,0,1
6c17749f-186.jpg,44.0843,299.6755,145.3935,397.8125,0,0,1,0,1,0,1,0,1,0,1,0,1
6c17749f-186.jpg,583.7369,601.9214,48.8783,128.4435,0,0,1,0,1,0,1,0,1,0,1,0,1
6c829228-168.jpg,91.867,475.8523,59.4655,161.3435,2,1,1,1,1,0,1,0,1,0,1,0,1
6c829228-168.jpg,134.518,484.323,106.5195,167.2043,2,1,1,1,1,0,1,0,1,0,1,0,1
6c829228-168.jpg,290.9892,481.1757,146.8848,197.012,1,1,1,0,1,0,1,0,1,0,1,0,1
6c829228-168.jpg,419.2253,459.726,153.1495,220.8287,1,1,1,0,1,0,1,0,1,0,1,0,1
6c829228-168.jpg,546.2571,432.418,208.8277,230.835,1,1,1,0,1,0,1,0,1,0,1,0,1
6c829228-168.jpg,743.5547,413.9718,253.3688,246.5706,1,1,1,0,1,0,1,0,1,0,1,0,1
6c829228-168.jpg,984.7266,398.8027,255.6954,261.8896,1,1,1,0,1,0,1,0,1,0,1,0,1
6c829228-168.jpg,1228.8547,431.1747,186.8607,224.2722,1,1,1,0,1,0,1,0,1,0,1,0,1
6c829228-168.jpg,1396.4485,429.3448,136.9893,233.2818,1,1,1,0,1,0,1,0,1,0,1,0,1
6c829228-168.jpg,1503.9073,472.6263,118.2085,191.9308,1,1,1,0,1,0,1,0,1,0,1,0,1
6c829228-168.jpg,1579.4827,494.5316,92.3062,169.0624,1,1,1,0,1,0,1,0,1,0,1,0,1
6c829228-168.jpg,1657.168,456.3113,114.2395,176.1994,2,1,1,1,1,0,1,0,1,0,1,0,1
6c829228-168.jpg,113.67,638.6906,65.6806,76.8046,1,1,1,0,1,0,1,0,1,0,1,0,1
6c829228-168.jpg,151.4959,639.7231,154.1279,154.6157,1,1,1,0,1,0,1,0,1,0,1,0,1
6c829228-168.jpg,380.343,647.3121,166.3094,171.952,1,1,1,0,1,0,1,0,1,0,1,0,1
6c829228-168.jpg,538.5653,643.6925,138.5717,153.3793,1,1,1,0,1,0,1,0,1,0,1,0,1
6c829228-168.jpg,670.0739,615.1492,165.7444,163.9289,1,1,1,0,1,0,1,0,1,0,1,0,1
6c829228-168.jpg,840.6328,646.5897,134.6097,80.851,1,1,1,0,1,0,1,0,1,0,1,0,1
6c829228-168.jpg,977.8868,636.3495,155.9136,105.8068,1,1,1,0,1,0,1,0,1,0,1,0,1
6c829228-168.jpg,1132.5687,626.06,157.1178,129.1843,1,1,1,0,1,0,1,0,1,0,1,0,1
6c829228-168.jpg,1283.1166,636.6469,137.5801,132.7276,1,1,1,0,1,0,1,0,1,0,1,0,1
6c829228-168.jpg,1410.3193,634.6029,137.6052,160.3793,1,1,1,0,1,0,1,0,1,0,1,0,1
6c829228-168.jpg,1525.8682,653.9226,75.2625,129.1111,1,1,1,0,1,0,1,0,1,0,1,0,1
6c829228-168.jpg,1580.7112,624.1002,132.4246,145.6963,1,1,1,0,1,0,1,0,1,0,1,0,1
6e187bea-59.jpg,104.8434,583.9514,94.3904,97.1487,0,0,1,0,1,0,1,0,1,0,1,0,1
6e187bea-59.jpg,103.5841,584.5598,95.0259,96.8652,0,0,1,0,1,0,1,0,1,0,1,0,1
6e187bea-59.jpg,103.2739,584.403,95.3084,98.2491,0,0,1,0,1,0,1,0,1,0,1,0,1
6e187bea-59.jpg,107.8376,584.0544,97.0927,99.4782,0,0,1,0,1,0,1,0,1,0,1,0,1
6e187bea-59.jpg,106.2944,585.1962,98.2728,98.1469,0,0,1,0,1,0,1,0,1,0,1,0,1
6e187bea-59.jpg,104.5634,584.2597,95.0469,97.8525,0,0,1,0,1,0,1,0,1,0,1,0,1
6e187bea-59.jpg,104.1036,584.9183,95.1514,96.943,0,0,1,0,1,0,1,0,1,0,1,0,1
6e187bea-59.jpg,108.6613,579.9559,94.3436,98.6274,0,0,1,0,1,0,1,0,1,0,1,0,1
6e187bea-59.jpg,105.841,583.2277,99.3249,99.0942,0,0,1,0,1,0,1,0,1,0,1,0,1
6e187bea-59.jpg,108.3137,585.782,93.0368,97.5793,0,0,1,0,1,0,1,0,1,0,1,0,1
6e187bea-59.jpg,105.4581,584.2394,99.6373,97.2874,0,0,1,0,1,0,1,0,1,0,1,0,1
6e187bea-59.jpg,109.2704,583.8024,96.5971,97.981,0,0,1,0,1,0,1,0,1,0,1,0,1
6e187bea-59.jpg,104.846,584.1588,93.214,96.833,0,0,1,0,1,0,1,0,1,0,1,0,1
6e187bea-59.jpg,97.3842,577.24,101.8324,103.0745,0,0,1,0,1,0,1,0,1,0,1,0,1
6e187bea-59.jpg,107.725,587.2686,93.0027,96.3641,0,0,1,0,1,0,1,0,1,0,1,0,1
6e187bea-59.jpg,104.524,582.9458,94.3345,98.7918,0,0,1,0,1,0,1,0,1,0,1,0,1
6e187bea-59.jpg,90.4276,462.8979,59.2917,133.7139,0,0,1,0,1,0,1,0,1,0,1,0,1
6e187bea-59.jpg,92.0289,462.988,56.6974,138.7497,0,0,1,0,1,0,1,0,1,0,1,0,1
6e187bea-59.jpg,108.7277,584.716,98.1325,97.5834,0,0,1,0,1,0,1,0,1,0,1,0,1
6e187bea-59.jpg,105.8805,586.4196,88.4556,94.1355,0,0,1,0,1,0,1,0,1,0,1,0,1
6e187bea-59.jpg,89.0042,464.4266,60.6306,128.1407,0,0,1,0,1,0,1,0,1,0,1,0,1
6e187bea-59.jpg,105.1357,585.432,95.2353,95.2668,0,0,1,0,1,0,1,0,1,0,1,0,1
6e187bea-59.jpg,105.209,583.815,89.5376,97.9218,0,0,1,0,1,0,1,0,1,0,1,0,1
6e187bea-59.jpg,95.4895,573.4494,97.801,108.2295,0,0,1,0,1,0,1,0,1,0,1,0,1
6e187bea-59.jpg,95.8932,571.5776,104.4731,109.0422,0,0,1,0,1,0,1,0,1,0,1,0,1
6e187bea-59.jpg,88.8135,466.056,64.8236,132.2185,0,0,1,0,1,0,1,0,1,0,1,0,1
6e187bea-59.jpg,88.3436,463.3267,60.2432,139.6265,0,0,1,0,1,0,1,0,1,0,1,0,1
6e187bea-59.jpg,88.8648,456.6901,65.825,147.3792,0,0,1,0,1,0,1,0,1,0,1,0,1
6f9a3e84-218.jpg,121.2985,42.6432,323.0401,296.5963,3,1,1,1,1,1,1,0,1,0,1,0,1
6f9a3e84-218.jpg,177.5576,305.0838,324.5761,294.4544,3,1,1,1,1,1,1,0,1,0,1,0,1
6f9a3e84-218.jpg,266.516,557.192,243.7939,213.2911,1,1,1,0,1,0,1,0,1,0,1,0,1
6f9a3e84-218.jpg,1449.7094,636.3921,243.1437,234.9946,2,1,1,1,1,0,1,0,1,0,1,0,1
6f9a3e84-218.jpg,1488.0776,407.4533,321.0776,313.3249,1,1,1,0,1,0,1,0,1,0,1,0,1
6f9a3e84-218.jpg,1604.0782,222.2878,292.299,262.9507,6,1,1,1,1,1,1,1,1,1,1,1,1
6f9a3e84-218.jpg,1727.1011,6.3633,136.3378,249.9847,0,0,1,0,1,0,1,0,1,0,1,0,1
6f9a3e84-218.jpg,1724.8508,6.1131,153.9204,241.5845,0,0,1,0,1,0,1,0,1,0,1,0,1
6f9a3e84-218.jpg,1727.186,13.1271,150.9601,235.667,0,0,1,0,1,0,1,0,1,0,1,0,1
6f9a3e84-218.jpg,1728.1552,16.0511,149.837,234.3211,0,0,1,0,1,0,1,0,1,0,1,0,1
6f9a3e84-218.jpg,1839.5117,405.308,160.4883,471.0452,0,0,1,0,1,0,1,0,1,0,1,0,1
6f9a3e84-218.jpg,1734.666,5.1526,142.0369,255.0803,0,0,1,0,1,0,1,0,1,0,1,0,1
6f9a3e84-218.jpg,1888.4698,0.0,111.5302,426.5228,0,0,1,0,1,0,1,0,1,0,1,0,1
6f9a3e84-218.jpg,1729.5875,6.3181,139.399,251.27,0,0,1,0,1,0,1,0,1,0,1,0,1
6f9a3e84-218.jpg,1889.2092,0.0,110.7908,388.5594,0,0,1,0,1,0,1,0,1,0,1,0,1
6f9a3e84-218.jpg,1729.1958,1.6725,139.016,254.8219,0,0,1,0,1,0,1,0,1,0,1,0,1
6f9a3e84-218.jpg,1890.4362,0.0,109.5638,317.7142,0,0,1,0,1,0,1,0,1,0,1,0,1
6f9a3e84-218.jpg,1729.9045,10.0592,139.4108,247.8873,0,0,1,0,1,0,1,0,1,0,1,0,1
6f9a3e84-218.jpg,1727.8087,10.0455,137.0781,246.3525,0,0,1,0,1,0,1,0,1,0,1,0,1
6f9a3e84-218.jpg,1886.1304,0.0,113.7966,429.5197,0,0,1,0,1,0,1,0,1,0,1,0,1
6f9a3e84-218.jpg,1724.5974,3.4147,137.0105,251.7621,0,0,1,0,1,0,1,0,1,0,1,0,1
6f9a3e84-218.jpg,1733.2761,5.6028,137.3036,253.8389,0,0,1,0,1,0,1,0,1,0,1,0,1
6f9a3e84-218.jpg,1886.6703,0.0,113.3297,433.3927,0,0,1,0,1,0,1,0,1,0,1,0,1
6f9a3e84-218.jpg,1733.8243,8.1526,142.3408,254.6062,0,0,1,0,1,0,1,0,1,0,1,0,1
6f9a3e84-218.jpg,1727.0518,10.0058,151.2958,239.5742,0,0,1,0,1,0,1,0,1,0,1,0,1
6f9a3e84-218.jpg,1725.9312,3.4678,153.516,247.1677,0,0,1,0,1,0,1,0,1,0,1,0,1
6f9a3e84-218.jpg,1842.9935,385.459,157.0065,496.8493,0,0,1,0,1,0,1,0,1,0,1,0,1
6f9a3e84-218.jpg,1887.355,0.0,112.6091,373.4785,0,0,1,0,1,0,1,0,1,0,1,0,1
6f9a3e84-218.jpg,1839.5588,407.4634,160.4412,445.0051,0,0,1,0,1,0,1,0,1,0,1,0,1
6f9a3e84-218.jpg,1727.4366,12.231,150.0298,238.7346,0,0,1,0,1,0,1,0,1,0,1,0,1
6f9a3e84-218.jpg,1887.1205,0.0,112.8124,401.9999,0,0,1,0,1,0,1,0,1,0,1,0,1
6f9a3e84-218.jpg,1729.6892,6.0755,137.2528,255.2228,0,0,1,0,1,0,1,0,1,0,1,0,1
6f9a3e84-218.jpg,1838.125,423.7007,161.875,423.2818,0,0,1,0,1,0,1,0,1,0,1,0,1
6f9a3e84-218.jpg,1886.5624,0.0,113.3064,419.4583,0,0,1,0,1,0,1,0,1,0,1,0,1
6f9a3e84-218.jpg,1726.3303,6.4621,150.1141,248.3061,0,0,1,0,1,0,1,0,1,0,1,0,1
6f9a3e84-218.jpg,0.0,0.0,11.0954,251.1295,0,0,1,0,1,0,1,0,1,0,1,0,1
6f9a3e84-218.jpg,1727.1359,11.7114,148.7759,242.5841,0,0,1,0,1,0,1,0,1,0,1,0,1
6f9a3e84-218.jpg,687.3546,972.9644,123.0423,66.4845,0,0,1,0,1,0,1,0,1,0,1,0,1
6f9a3e84-218.jpg,1726.3662,6.4075,151.1265,247.2226,0,0,1,0,1,0,1,0,1,0,1,0,1
6f9a3e84-218.jpg,1841.3716,405.9843,158.6284,516.5853,0,0,1,0,1,0,1,0,1,0,1,0,1
6f9a3e84-218.jpg,1843.0946,387.4392,156.9054,471.0799,0,0,1,0,1,0,1,0,1,0,1,0,1
6f9a3e84-218.jpg,1742.947,1.7256,133.839,256.5261,0,0,1,0,1,0,1,0,1,0,1,0,1
6f9a3e84-218.jpg,1885.3153,0.0,114.4589,420.0551,0,0,1,0,1,0,1,0,1,0,1,0,1
6f9a3e84-218.jpg,1837.0364,455.1231,162.9636,395.2289,0,0,1,0,1,0,1,0,1,0,1,0,1
6f9a3e84-218.jpg,0.0,0.0,31.4202,238.8885,0,0,1,0,1,0,1,0,1,0,1,0,1
6f9a3e84-218.jpg,682.211,975.3031,129.1658,56.2141,0,0,1,0,1,0,1,0,1,0,1,0,1
6f9a3e84-218.jpg,1739.7369,3.7841,143.3815,269.1628,0,0,1,0,1,0,1,0,1,0,1,0,1
6f9a3e84-218.jpg,233.2333,1.2729,214.7457,77.8095,0,0,1,0,1,0,1,0,1,0,1,0,1
6f9a3e84-218.jpg,0.0,626.8114,17.1491,175.119,0,0,1,0,1,0,1,0,1,0,1,0,1
6f9a3e84-218.jpg,1909.5492,0.0404,90.0455,105.8734,0,0,1,0,1,0,1,0,1,0,1,0,1
6f9a3e84-218.jpg,289.8367,0.4563,164.1212,79.7852,0,0,1,0,1,0,1,0,1,0,1,0,1
6f9a3e84-218.jpg,1726.1467,2.1668,153.5271,249.8372,0,0,1,0,1,0,1,0,1,0,1,0,1
6f9a3e84-218.jpg,0.0,0.0,46.8132,253.817,0,0,1,0,1,0,1,0,1,0,1,0,1
6f9a3e84-218.jpg,1911.7181,1.9909,88.2819,88.6202,0,0,1,0,1,0,1,0,1,0,1,0,1
6f9a3e84-218.jpg,0.0,633.9778,17.1973,184.9331,0,0,1,0,1,0,1,0,1,0,1,0,1
6f9a3e84-218.jpg,1889.1147,0.0,110.8174,324.4933,0,0,1,0,1,0,1,0,1,0,1,0,1
70efe99b-152.jpg,389.7765,649.3601,197.8337,155.8414,1,1,1,0,1,0,1,0,1,0,1,0,1
70efe99b-152.jpg,0.0,0.0,15.0609,239.9651,0,0,1,0,1,0,1,0,1,0,1,0,1
70efe99b-152.jpg,294.9294,1264.6364,245.0542,35.3636,0,0,1,0,1,0,1,0,1,0,1,0,1
70efe99b-152.jpg,0.0,0.0,41.0742,239.6187,0,0,1,0,1,0,1,0,1,0,1,0,1
70fb9776-49.jpg,0.0,0.0,493.7723,576.72,0,0,1,0,1,0,1,0,1,0,1,0,1
70fb9776-49.jpg,0.0,0.0,489.3727,596.3708,0,0,1,0,1,0,1,0,1,0,1,0,1
70fb9776-49.jpg,0.0,0.0,498.4476,566.4307,0,0,1,0,1,0,1,0,1,0,1,0,1
70fb9776-49.jpg,0.0,0.0,499.1866,559.1152,0,0,1,0,1,0,1,0,1,0,1,0,1
70fb9776-49.jpg,0.0,0.0,494.8499,582.3941,0,0,1,0,1,0,1,0,1,0,1,0,1
70fb9776-49.jpg,0.0,0.0,488.1367,585.5377,0,0,1,0,1,0,1,0,1,0,1,0,1
70fb9776-49.jpg,0.0,0.0,501.6172,543.8297,0,0,1,0,1,0,1,0,1,0,1,0,1
70fb9776-49.jpg,0.0,0.0,502.8515,558.1973,0,0,1,0,1,0,1,0,1,0,1,0,1
70fb9776-49.jpg,37.7844,0.0,477.6966,527.8393,0,0,1,0,1,0,1,0,1,0,1,0,1
70fb9776-49.jpg,0.0,0.0,483.3561,605.921,0,0,1,0,1,0,1,0,1,0,1,0,1
70fb9776-49.jpg,63.5128,0.0,458.7932,523.5311,0,0,1,0,1,0,1,0,1,0,1,0,1
70fb9776-49.jpg,0.0,0.0,493.9043,571.8614,0,0,1,0,1,0,1,0,1,0,1,0,1
70fb9776-49.jpg,82.1518,0.0,437.4703,518.1391,0,0,1,0,1,0,1,0,1,0,1,0,1
70fb9776-49.jpg,0.0,0.0,9.7371,256.5483,0,0,1,0,1,0,1,0,1,0,1,0,1
70fb9776-49.jpg,474.7142,253.3073,71.0972,98.0393,0,0,1,0,1,0,1,0,1,0,1,0,1
70fb9776-49.jpg,0.0,0.0,503.6724,534.1346,0,0,1,0,1,0,1,0,1,0,1,0,1
70fb9776-49.jpg,33.2844,0.0,481.0462,528.533,0,0,1,0,1,0,1,0,1,0,1,0,1
70fb9776-49.jpg,0.0,0.0,62.1308,264.8083,0,0,1,0,1,0,1,0,1,0,1,0,1
70fb9776-49.jpg,530.4427,433.8451,89.2059,255.0897,0,0,1,0,1,0,1,0,1,0,1,0,1
70fb9776-49.jpg,0.0,0.0,0.0,305.5707,0,0,1,0,1,0,1,0,1,0,1,0,1
70fb9776-49.jpg,477.9504,258.4373,65.424,93.4999,0,0,1,0,1,0,1,0,1,0,1,0,1
70fb9776-49.jpg,63.797,0.0,460.2654,527.7833,0,0,1,0,1,0,1,0,1,0,1,0,1
70fb9776-49.jpg,1.4138,847.3267,352.6675,452.6733,0,0,1,0,1,0,1,0,1,0,1,0,1
70fb9776-49.jpg,476.8742,258.8802,65.2627,95.9384,0,0,1,0,1,0,1,0,1,0,1,0,1
70fb9776-49.jpg,0.8681,844.6598,315.2107,455.3402,0,0,1,0,1,0,1,0,1,0,1,0,1
70fb9776-49.jpg,475.7054,250.8993,71.5559,99.8333,0,0,1,0,1,0,1,0,1,0,1,0,1
70fb9776-49.jpg,531.1304,449.24,91.9387,272.6189,0,0,1,0,1,0,1,0,1,0,1,0,1
70fb9776-49.jpg,108.4395,0.0,413.4432,512.0667,0,0,1,0,1,0,1,0,1,0,1,0,1
70fb9776-49.jpg,83.2988,0.0,437.834,526.1285,0,0,1,0,1,0,1,0,1,0,1,0,1
70fb9776-49.jpg,665.1497,0.069,407.0173,62.757,0,0,1,0,1,0,1,0,1,0,1,0,1
70fb9776-49.jpg,534.2372,442.1253,83.6605,236.616,0,0,1,0,1,0,1,0,1,0,1,0,1
70fb9776-49.jpg,1005.9028,183.4348,264.3282,517.2345,0,0,1,0,1,0,1,0,1,0,1,0,1
70fb9776-49.jpg,1.1486,0.0,481.9947,600.5099,0,0,1,0,1,0,1,0,1,0,1,0,1
70fb9776-49.jpg,536.7522,448.0445,79.8754,228.7372,0,0,1,0,1,0,1,0,1,0,1,0,1
70fb9776-49.jpg,535.3826,443.9457,79.405,225.2914,0,0,1,0,1,0,1,0,1,0,1,0,1
70fb9776-49.jpg,477.8742,257.0509,67.1781,91.2465,0,0,1,0,1,0,1,0,1,0,1,0,1
70fb9776-49.jpg,532.517,436.749,84.1675,236.0056,0,0,1,0,1,0,1,0,1,0,1,0,1
70fb9776-49.jpg,999.8716,150.7976,275.7463,532.0397,0,0,1,0,1,0,1,0,1,0,1,0,1
70fb9776-49.jpg,524.0757,428.9176,92.0452,260.9007,0,0,1,0,1,0,1,0,1,0,1,0,1
70fb9776-49.jpg,0.1744,846.6156,334.8531,453.3844,0,0,1,0,1,0,1,0,1,0,1,0,1
70fb9776-49.jpg,477.7103,258.5996,66.5378,93.4515,0,0,1,0,1,0,1,0,1,0,1,0,1
70fb9776-49.jpg,472.2564,261.9615,70.9128,93.2827,0,0,1,0,1,0,1,0,1,0,1,0,1
70fb9776-49.jpg,0.0,0.0,508.6637,510.5421,0,0,1,0,1,0,1,0,1,0,1,0,1
70fb9776-49.jpg,659.1136,0.1532,383.657,62.8483,0,0,1,0,1,0,1,0,1,0,1,0,1
70fb9776-49.jpg,995.0719,120.2159,282.4476,527.6898,0,0,1,0,1,0,1,0,1,0,1,0,1
70fb9776-49.jpg,0.0,0.0,63.1159,241.2378,0,0,1,0,1,0,1,0,1,0,1,0,1
70fb9776-49.jpg,475.5898,255.8441,64.8012,101.7349,0,0,1,0,1,0,1,0,1,0,1,0,1
70fb9776-49.jpg,540.6228,439.2603,58.666,248.0675,0,0,1,0,1,0,1,0,1,0,1,0,1
70fb9776-49.jpg,1003.2919,74.2736,275.4332,696.8054,0,0,1,0,1,0,1,0,1,0,1,0,1
70fb9776-49.jpg,662.1948,0.0575,414.4738,64.1035,0,0,1,0,1,0,1,0,1,0,1,0,1
7315db47-224.jpg,96.0451,127.0845,325.8732,290.3033,4,1,1,1,1,1,1,1,1,0,1,0,1
7315db47-224.jpg,182.6572,371.2834,306.2078,324.6075,4,1,1,1,1,1,1,1,1,0,1,0,1
7315db47-224.jpg,309.1512,649.3966,218.4399,232.0187,4,1,1,1,1,1,1,1,1,0,1,0,1
7315db47-224.jpg,452.2537,754.0866,218.4832,231.1168,3,1,1,1,1,1,1,0,1,0,1,0,1
7315db47-224.jpg,561.116,918.6129,201.7162,226.7029,3,1,1,1,1,1,1,0,1,0,1,0,1
7315db47-224.jpg,737.5071,986.4323,190.3721,182.9592,3,1,1,1,1,1,1,0,1,0,1,0,1
7315db47-224.jpg,862.3074,1053.2537,153.7482,160.1753,5,1,1,1,1,1,1,1,1,1,1,0,1
7315db47-224.jpg,1002.2399,1040.038,151.6309,153.1755,5,1,1,1,1,1,1,1,1,1,1,0,1
7315db47-224.jpg,1148.9397,984.2829,171.2952,206.5237,5,1,1,1,1,1,1,1,1,1,1,0,1
7315db47-224.jpg,1247.3782,888.8019,213.1525,261.67,5,1,1,1,1,1,1,1,1,1,1,0,1
7315db47-224.jpg,1357.688,775.7446,203.7533,246.3079,5,1,1,1,1,1,1,1,1,1,1,0,1
7315db47-224.jpg,1471.0499,685.4822,195.7866,234.3109,1,1,1,0,1,0,1,0,1,0,1,0,1
7315db47-224.jpg,1496.5265,434.9151,283.2855,306.5962,2,1,1,1,1,0,1,0,1,0,1,0,1
7315db47-224.jpg,1609.6168,206.2705,261.2313,278.3652,3,1,1,1,1,1,1,0,1,0,1,0,1
7315db47-224.jpg,1641.5181,31.1197,240.0001,207.91,3,1,1,1,1,1,1,0,1,0,1,0,1
7315db47-224.jpg,84.0451,0.8009,287.7261,169.4177,0,0,1,0,1,0,1,0,1,0,1,0,1
7315db47-224.jpg,90.1588,0.8227,285.3174,167.1012,0,0,1,0,1,0,1,0,1,0,1,0,1
7315db47-224.jpg,99.8941,0.8233,255.51,167.3835,0,0,1,0,1,0,1,0,1,0,1,0,1
7315db47-224.jpg,93.1978,0.0,290.6064,163.0282,0,0,1,0,1,0,1,0,1,0,1,0,1
7315db47-224.jpg,0.0375,983.971,49.613,303.1879,0,0,1,0,1,0,1,0,1,0,1,0,1
7315db47-224.jpg,101.4076,0.0,278.9438,165.4311,0,0,1,0,1,0,1,0,1,0,1,0,1
7315db47-224.jpg,0.0,979.4067,51.8032,311.7903,0,0,1,0,1,0,1,0,1,0,1,0,1
7315db47-224.jpg,115.6975,1.0231,249.9206,172.4223,0,0,1,0,1,0,1,0,1,0,1,0,1
7315db47-224.jpg,705.8824,0.1205,223.5722,37.888,0,0,1,0,1,0,1,0,1,0,1,0,1
7315db47-224.jpg,93.5305,1.0476,267.1972,171.3845,0,0,1,0,1,0,1,0,1,0,1,0,1
7315db47-224.jpg,719.0027,0.0921,211.5265,37.616,0,0,1,0,1,0,1,0,1,0,1,0,1
7315db47-224.jpg,0.0,980.4703,59.2808,316.9744,0,0,1,0,1,0,1,0,1,0,1,0,1
7315db47-224.jpg,95.4816,0.632,210.246,179.2005,0,0,1,0,1,0,1,0,1,0,1,0,1
7315db47-224.jpg,90.2122,1.5529,262.9145,172.415,0,0,1,0,1,0,1,0,1,0,1,0,1
7315db47-224.jpg,98.5274,0.5173,252.3092,171.9149,0,0,1,0,1,0,1,0,1,0,1,0,1
7315db47-224.jpg,91.2764,0.5049,267.4709,174.7095,0,0,1,0,1,0,1,0,1,0,1,0,1
7315db47-224.jpg,0.0,963.3572,52.53,335.2827,0,0,1,0,1,0,1,0,1,0,1,0,1
7315db47-224.jpg,109.1657,0.0,273.3862,169.1455,0,0,1,0,1,0,1,0,1,0,1,0,1
7315db47-224.jpg,102.2937,1.0107,264.8333,158.078,0,0,1,0,1,0,1,0,1,0,1,0,1
7315db47-224.jpg,707.1787,0.1556,208.926,38.5817,0,0,1,0,1,0,1,0,1,0,1,0,1
7315db47-224.jpg,96.7196,1.1095,265.5738,157.6544,0,0,1,0,1,0,1,0,1,0,1,0,1
7315db47-224.jpg,0.6745,993.6705,62.3442,289.0088,0,0,1,0,1,0,1,0,1,0,1,0,1
7315db47-224.jpg,0.3333,998.4575,63.4858,284.4001,0,0,1,0,1,0,1,0,1,0,1,0,1
7315db47-224.jpg,95.1992,0.1175,283.0846,155.7722,0,0,1,0,1,0,1,0,1,0,1,0,1
7315db47-224.jpg,84.8995,2.7569,238.5941,175.1662,0,0,1,0,1,0,1,0,1,0,1,0,1
7315db47-224.jpg,95.025,1.3323,303.7814,159.1071,0,0,1,0,1,0,1,0,1,0,1,0,1
7315db47-224.jpg,88.7298,0.0,283.253,155.0141,0,0,1,0,1,0,1,0,1,0,1,0,1
745d312c-272.jpg,21.6756,66.5231,316.5105,318.6256,2,1,1,1,1,0,1,0,1,0,1,0,1
745d312c-272.jpg,46.5341,352.3647,374.178,393.3806,2,1,1,1,1,0,1,0,1,0,1,0,1
745d312c-272.jpg,254.0013,653.9185,260.6874,266.7447,2,1,1,1,1,0,1,0,1,0,1,0,1
745d312c-272.jpg,408.0056,824.5061,245.9872,280.1552,1,1,1,0,1,0,1,0,1,0,1,0,1
745d312c-272.jpg,1406.4661,816.4421,249.0992,268.0854,2,1,1,1,1,0,1,0,1,0,1,0,1
745d312c-272.jpg,1549.1748,646.1141,259.1636,261.9848,2,1,1,1,1,0,1,0,1,0,1,0,1
745d312c-272.jpg,1621.6628,341.1331,334.5071,371.2068,2,1,1,1,1,0,1,0,1,0,1,0,1
745d312c-272.jpg,1663.4022,83.5137,309.5958,276.1915,3,1,1,1,1,1,1,0,1,0,1,0,1
745d312c-272.jpg,1679.0781,0.0,320.9219,162.8128,0,0,1,0,1,0,1,0,1,0,1,0,1
745d312c-272.jpg,1676.3475,0.0478,323.6525,161.2968,0,0,1,0,1,0,1,0,1,0,1,0,1
745d312c-272.jpg,1678.1393,0.0,320.9191,163.6845,0,0,1,0,1,0,1,0,1,0,1,0,1
745d312c-272.jpg,1670.7896,0.0,329.2104,151.499,0,0,1,0,1,0,1,0,1,0,1,0,1
745d312c-272.jpg,0.4535,0.0,96.6277,153.1696,0,0,1,0,1,0,1,0,1,0,1,0,1
745d312c-272.jpg,1666.7437,0.2042,333.2563,156.18,0,0,1,0,1,0,1,0,1,0,1,0,1
745d312c-272.jpg,0.5979,0.1354,118.895,159.668,0,0,1,0,1,0,1,0,1,0,1,0,1
745d312c-272.jpg,1686.1945,0.0,312.3901,164.0266,0,0,1,0,1,0,1,0,1,0,1,0,1
745d312c-272.jpg,1683.4181,0.0,316.5819,160.1735,0,0,1,0,1,0,1,0,1,0,1,0,1
745d312c-272.jpg,0.0,0.0,76.0662,163.5074,0,0,1,0,1,0,1,0,1,0,1,0,1
745d312c-272.jpg,1678.6196,0.0,321.3804,166.2142,0,0,1,0,1,0,1,0,1,0,1,0,1
745d312c-272.jpg,0.0,0.0,94.1041,165.8481,0,0,1,0,1,0,1,0,1,0,1,0,1
745d312c-272.jpg,0.6044,0.0,71.3535,135.1277,0,0,1,0,1,0,1,0,1,0,1,0,1
745d312c-272.jpg,1685.1532,0.0,313.9252,165.388,0,0,1,0,1,0,1,0,1,0,1,0,1
745d312c-272.jpg,688.6149,0.0,67.7488,82.2007,0,0,1,0,1,0,1,0,1,0,1,0,1
745d312c-272.jpg,1542.38,1269.579,187.3956,30.421,0,0,1,0,1,0,1,0,1,0,1,0,1
745d312c-272.jpg,1553.1041,1269.4722,176.7943,30.5278,0,0,1,0,1,0,1,0,1,0,1,0,1
745d312c-272.jpg,1847.7596,845.3947,152.2122,452.6,0,0,1,0,1,0,1,0,1,0,1,0,1
745d312c-272.jpg,1893.1271,0.043,106.8729,146.0055,0,0,1,0,1,0,1,0,1,0,1,0,1
745d312c-272.jpg,1733.158,0.0,266.3082,159.2905,0,0,1,0,1,0,1,0,1,0,1,0,1
745d312c-272.jpg,689.5265,1.7461,62.6854,77.8942,0,0,1,0,1,0,1,0,1,0,1,0,1
745d312c-272.jpg,1661.5807,0.8978,327.4078,165.9214,0,0,1,0,1,0,1,0,1,0,1,0,1
745d312c-272.jpg,692.6122,0.0867,54.6753,52.234,0,0,1,0,1,0,1,0,1,0,1,0,1
745d312c-272.jpg,0.0,0.0,45.7645,255.5099,0,0,1,0,1,0,1,0,1,0,1,0,1
745d312c-272.jpg,0.0,0.0,19.5952,261.887,0,0,1,0,1,0,1,0,1,0,1,0,1
745d312c-272.jpg,0.0,0.0,84.3119,170.9205,0,0,1,0,1,0,1,0,1,0,1,0,1
745d312c-272.jpg,1708.8121,0.0,289.7782,166.3351,0,0,1,0,1,0,1,0,1,0,1,0,1
745d312c-272.jpg,1.5027,344.052,124.5073,427.0051,0,0,1,0,1,0,1,0,1,0,1,0,1
745d312c-272.jpg,1652.8839,0.2912,324.8402,145.8814,0,0,1,0,1,0,1,0,1,0,1,0,1
745d312c-272.jpg,1848.9645,823.5423,150.9987,476.4577,0,0,1,0,1,0,1,0,1,0,1,0,1
745d312c-272.jpg,0.6938,0.0,69.8088,137.4565,0,0,1,0,1,0,1,0,1,0,1,0,1
745d312c-272.jpg,0.1882,0.0,66.4589,141.6938,0,0,1,0,1,0,1,0,1,0,1,0,1
745d312c-272.jpg,1888.126,0.0,111.874,150.4701,0,0,1,0,1,0,1,0,1,0,1,0,1
745d312c-272.jpg,1886.239,0.0,113.761,156.4274,0,0,1,0,1,0,1,0,1,0,1,0,1
745d312c-272.jpg,1846.8851,868.9584,152.9229,429.776,0,0,1,0,1,0,1,0,1,0,1,0,1
745d312c-272.jpg,1849.1384,848.3461,149.614,439.7631,0,0,1,0,1,0,1,0,1,0,1,0,1
745d312c-272.jpg,1528.2673,1271.0618,209.1178,28.9382,0,0,1,0,1,0,1,0,1,0,1,0,1
745d312c-272.jpg,1552.6464,0.0,294.567,32.7288,0,0,1,0,1,0,1,0,1,0,1,0,1
745d312c-272.jpg,1844.45,903.763,155.4727,396.237,0,0,1,0,1,0,1,0,1,0,1,0,1
745d312c-272.jpg,684.5563,0.1927,69.7113,69.4662,0,0,1,0,1,0,1,0,1,0,1,0,1
745d312c-272.jpg,1793.4185,0.0,206.5815,169.8237,0,0,1,0,1,0,1,0,1,0,1,0,1
745d312c-272.jpg,1634.7374,0.0,276.8997,169.6033,0,0,1,0,1,0,1,0,1,0,1,0,1
745d312c-272.jpg,686.8771,0.0,72.1041,80.7467,0,0,1,0,1,0,1,0,1,0,1,0,1
745d312c-272.jpg,1775.1106,0.0,224.4805,159.0332,0,0,1,0,1,0,1,0,1,0,1,0,1
745d312c-272.jpg,1560.558,1269.5042,170.1172,30.4312,0,0,1,0,1,0,1,0,1,0,1,0,1
745d312c-272.jpg,1.0098,0.302,81.0823,132.0464,0,0,1,0,1,0,1,0,1,0,1,0,1
745d312c-272.jpg,1668.0389,0.0,252.3845,56.3039,0,0,1,0,1,0,1,0,1,0,1,0,1
745d312c-272.jpg,694.8863,0.0722,100.4608,61.5509,0,0,1,0,1,0,1,0,1,0,1,0,1
745d312c-272.jpg,1782.3986,0.2742,217.6014,155.2129,0,0,1,0,1,0,1,0,1,0,1,0,1
745d312c-272.jpg,1542.5446,1265.3066,202.6428,34.6934,0,0,1,0,1,0,1,0,1,0,1,0,1
75ff8686-169.jpg,4.8769,510.799,81.7506,73.0645,1,1,1,0,1,0,1,0,1,0,1,0,1
75ff8686-169.jpg,80.6493,437.0685,224.8098,180.5201,1,1,1,0,1,0,1,0,1,0,1,0,1
75ff8686-169.jpg,286.3286,391.1569,253.8907,256.6458,1,1,1,0,1,0,1,0,1,0,1,0,1
75ff8686-169.jpg,114.8742,597.0163,139.2516,67.1146,1,1,1,0,1,0,1,0,1,0,1,0,1
75ff8686-169.jpg,250.8966,612.4176,114.3897,89.7791,1,1,1,0,1,0,1,0,1,0,1,0,1
75ff8686-169.jpg,361.4911,622.0956,151.3365,118.6177,1,1,1,0,1,0,1,0,1,0,1,0,1
75ff8686-169.jpg,524.2849,436.6163,219.6743,222.7162,1,1,1,0,1,0,1,0,1,0,1,0,1
75ff8686-169.jpg,505.5995,614.2114,174.4522,159.3939,1,1,1,0,1,0,1,0,1,0,1,0,1
75ff8686-169.jpg,729.1746,424.2475,214.6498,243.1287,1,1,1,0,1,0,1,0,1,0,1,0,1
75ff8686-169.jpg,673.0503,617.3959,189.0646,187.8474,1,1,1,0,1,0,1,0,1,0,1,0,1
75ff8686-169.jpg,927.3665,461.2959,189.3675,200.2811,1,1,1,0,1,0,1,0,1,0,1,0,1
75ff8686-169.jpg,864.1446,605.53,193.7582,228.8496,1,1,1,0,1,0,1,0,1,0,1,0,1
75ff8686-169.jpg,1089.8423,483.8925,159.1543,175.736,1,1,1,0,1,0,1,0,1,0,1,0,1
75ff8686-169.jpg,1239.1063,438.3654,205.1165,178.2047,2,1,1,1,1,0,1,0,1,0,1,0,1
75ff8686-169.jpg,1441.7781,433.4233,118.967,134.2509,3,1,1,1,1,1,1,0,1,0,1,0,1
75ff8686-169.jpg,1047.4337,626.9144,143.2236,172.1356,1,1,1,0,1,0,1,0,1,0,1,0,1
75ff8686-169.jpg,1185.4922,598.0332,245.0923,192.2019,1,1,1,0,1,0,1,0,1,0,1,0,1
75ff8686-169.jpg,1414.8906,545.9271,166.9915,160.1635,1,1,1,0,1,0,1,0,1,0,1,0,1
75ff8686-169.jpg,13.5675,569.3681,108.7212,84.3458,0,0,1,0,1,0,1,0,1,0,1,0,1
75ff8686-169.jpg,24.4711,572.3388,98.5035,61.4985,0,0,1,0,1,0,1,0,1,0,1,0,1
75ff8686-169.jpg,1385.5378,546.8352,58.8083,67.6418,0,0,1,0,1,0,1,0,1,0,1,0,1
75ff8686-169.jpg,1536.0344,486.8875,39.4789,64.4748,0,0,1,0,1,0,1,0,1,0,1,0,1
75ff8686-169.jpg,19.3018,572.6295,105.7102,64.5037,0,0,1,0,1,0,1,0,1,0,1,0,1
75ff8686-169.jpg,1538.2106,488.4895,40.3561,68.3479,0,0,1,0,1,0,1,0,1,0,1,0,1
75ff8686-169.jpg,11.4418,572.6939,107.7904,64.4439,0,0,1,0,1,0,1,0,1,0,1,0,1
75ff8686-169.jpg,61.9363,583.3199,89.4161,66.1232,0,0,1,0,1,0,1,0,1,0,1,0,1
75ff8686-169.jpg,1386.5426,557.2734,59.7666,56.1895,0,0,1,0,1,0,1,0,1,0,1,0,1
75ff8686-169.jpg,26.5228,571.1346,77.0054,53.1191,0,0,1,0,1,0,1,0,1,0,1,0,1
75ff8686-169.jpg,22.9118,571.5729,97.3405,64.9926,0,0,1,0,1,0,1,0,1,0,1,0,1
75ff8686-169.jpg,1542.8909,487.9464,47.4088,61.3548,0,0,1,0,1,0,1,0,1,0,1,0,1
75ff8686-169.jpg,30.1596,573.1044,51.6995,42.3672,0,0,1,0,1,0,1,0,1,0,1,0,1
7788d862-136.jpg,3.5193,623.6743,185.0913,267.5714,1,1,1,0,1,0,1,0,1,0,1,0,1
7788d862-136.jpg,181.7682,559.217,230.1733,281.9091,4,1,1,1,1,1,1,1,1,0,1,0,1
7788d862-136.jpg,798.0681,558.7082,243.3392,271.4786,4,1,1,1,1,1,1,1,1,0,1,0,1
7788d862-136.jpg,1350.2061,516.3968,273.6967,228.2889,1,1,1,0,1,0,1,0,1,0,1,0,1
7788d862-136.jpg,1602.8131,587.8841,292.7677,126.8102,2,1,1,1,1,0,1,0,1,0,1,0,1
7788d862-136.jpg,1690.3948,481.4912,194.5824,125.1638,1,1,1,0,1,0,1,0,1,0,1,0,1
7788d862-136.jpg,363.1805,0.0,383.5754,96.5475,0,0,1,0,1,0,1,0,1,0,1,0,1
7788d862-136.jpg,361.7394,0.1699,381.2016,96.9127,0,0,1,0,1,0,1,0,1,0,1,0,1
7788d862-136.jpg,360.5092,0.0838,387.1024,96.757,0,0,1,0,1,0,1,0,1,0,1,0,1
7788d862-136.jpg,365.1495,0.0,452.8181,95.3285,0,0,1,0,1,0,1,0,1,0,1,0,1
7788d862-136.jpg,366.7987,0.0,449.1924,95.9895,0,0,1,0,1,0,1,0,1,0,1,0,1
7788d862-136.jpg,358.723,0.3928,393.6503,96.6375,0,0,1,0,1,0,1,0,1,0,1,0,1
7788d862-136.jpg,364.1699,0.0,460.606,92.1853,0,0,1,0,1,0,1,0,1,0,1,0,1
7788d862-136.jpg,366.5433,0.0,455.6036,94.1099,0,0,1,0,1,0,1,0,1,0,1,0,1
7788d862-136.jpg,357.0579,1.966,400.4766,96.9493,0,0,1,0,1,0,1,0,1,0,1,0,1
7788d862-136.jpg,357.4762,1.6942,412.8124,96.5262,0,0,1,0,1,0,1,0,1,0,1,0,1
7788d862-136.jpg,370.0729,0.4008,356.6635,94.8512,0,0,1,0,1,0,1,0,1,0,1,0,1
7788d862-136.jpg,0.0,529.5947,46.3307,418.2012,0,0,1,0,1,0,1,0,1,0,1,0,1
7788d862-136.jpg,0.0,0.0,27.4646,254.8403,0,0,1,0,1,0,1,0,1,0,1,0,1
7788d862-136.jpg,378.157,0.4362,343.8753,94.1238,0,0,1,0,1,0,1,0,1,0,1,0,1
7788d862-136.jpg,370.6382,0.0,344.9714,94.779,0,0,1,0,1,0,1,0,1,0,1,0,1
7788d862-136.jpg,370.4912,0.3946,346.7138,95.4031,0,0,1,0,1,0,1,0,1,0,1,0,1
7788d862-136.jpg,378.3473,0.0,335.7522,93.2545,0,0,1,0,1,0,1,0,1,0,1,0,1
7788d862-136.jpg,1750.5081,589.8491,95.7311,40.0646,0,0,1,0,1,0,1,0,1,0,1,0,1
7788d862-136.jpg,0.0,0.0,84.0224,258.1544,0,0,1,0,1,0,1,0,1,0,1,0,1
7788d862-136.jpg,356.6095,0.0,532.7876,113.9688,0,0,1,0,1,0,1,0,1,0,1,0,1
7788d862-136.jpg,0.0,577.2823,40.7322,388.0107,0,0,1,0,1,0,1,0,1,0,1,0,1
7788d862-136.jpg,1707.3757,589.4067,128.3187,42.8663,0,0,1,0,1,0,1,0,1,0,1,0,1
7788d862-136.jpg,1608.199,575.3382,125.0854,52.8513,0,0,1,0,1,0,1,0,1,0,1,0,1
7788d862-136.jpg,364.4666,0.0,471.3826,103.2575,0,0,1,0,1,0,1,0,1,0,1,0,1
7788d862-136.jpg,351.4438,0.0,332.205,116.3015,0,0,1,0,1,0,1,0,1,0,1,0,1
7788d862-136.jpg,0.0,477.6628,53.6838,459.5178,0,0,1,0,1,0,1,0,1,0,1,0,1
7788d862-136.jpg,1606.5247,591.3312,136.1897,43.8361,0,0,1,0,1,0,1,0,1,0,1,0,1
7788d862-136.jpg,1607.9756,562.4345,130.957,63.269,0,0,1,0,1,0,1,0,1,0,1,0,1
7788d862-136.jpg,1321.0586,581.5833,139.771,155.0903,0,0,1,0,1,0,1,0,1,0,1,0,1
7788d862-136.jpg,1605.2979,588.5222,132.4944,55.3638,0,0,1,0,1,0,1,0,1,0,1,0,1
7788d862-136.jpg,0.0,0.0,18.725,308.3974,0,0,1,0,1,0,1,0,1,0,1,0,1
7788d862-136.jpg,1264.3478,701.2964,49.0941,116.5037,0,0,1,0,1,0,1,0,1,0,1,0,1
7788d862-136.jpg,1785.5848,588.6195,102.3342,81.5865,0,0,1,0,1,0,1,0,1,0,1,0,1
7788d862-136.jpg,0.0,423.6072,58.0852,513.4503,0,0,1,0,1,0,1,0,1,0,1,0,1
7788d862-136.jpg,367.3745,0.4603,323.5257,96.3969,0,0,1,0,1,0,1,0,1,0,1,0,1
7788d862-136.jpg,352.6412,0.0,445.1543,134.3517,0,0,1,0,1,0,1,0,1,0,1,0,1
7788d862-136.jpg,358.1968,0.0,563.7278,163.4312,0,0,1,0,1,0,1,0,1,0,1,0,1
7788d862-136.jpg,359.6864,72.0766,203.729,73.3679,0,0,1,0,1,0,1,0,1,0,1,0,1
787a9884-160.jpg,155.1856,944.7874,337.108,334.0429,2,1,1,1,1,0,1,0,1,0,1,0,1
787a9884-160.jpg,208.5476,746.8608,297.5545,224.129,1,1,1,0,1,0,1,0,1,0,1,0,1
787a9884-160.jpg,296.851,546.7644,280.3116,236.2253,1,1,1,0,1,0,1,0,1,0,1,0,1
787a9884-160.jpg,403.3821,341.1024,219.9023,237.0049,1,1,1,0,1,0,1,0,1,0,1,0,1
787a9884-160.jpg,567.3387,224.4147,226.135,236.0206,1,1,1,0,1,0,1,0,1,0,1,0,1
787a9884-160.jpg,769.604,151.0806,257.4164,260.0438,1,1,1,0,1,0,1,0,1,0,1,0,1
787a9884-160.jpg,1021.2572,155.4517,264.4203,257.1697,1,1,1,0,1,0,1,0,1,0,1,0,1
787a9884-160.jpg,1229.7604,249.7796,234.0549,235.5524,1,1,1,0,1,0,1,0,1,0,1,0,1
787a9884-160.jpg,1381.1328,381.9418,232.6434,241.6931,1,1,1,0,1,0,1,0,1,0,1,0,1
787a9884-160.jpg,1428.4244,598.048,282.5511,236.7298,1,1,1,0,1,0,1,0,1,0,1,0,1
787a9884-160.jpg,1490.6219,799.6026,282.0634,213.7106,1,1,1,0,1,0,1,0,1,0,1,0,1
787a9884-160.jpg,1504.6011,990.4444,338.5963,300.1747,2,1,1,1,1,0,1,0,1,0,1,0,1
787a9884-160.jpg,0.3777,0.0,230.0145,237.7092,0,0,1,0,1,0,1,0,1,0,1,0,1
787a9884-160.jpg,0.0648,0.0,243.541,240.0059,0,0,1,0,1,0,1,0,1,0,1,0,1
787a9884-160.jpg,4.6611,0.0,243.1638,246.7466,0,0,1,0,1,0,1,0,1,0,1,0,1
787a9884-160.jpg,0.0,0.0,247.5255,214.2691,0,0,1,0,1,0,1,0,1,0,1,0,1
787a9884-160.jpg,0.0,0.0363,243.0864,242.6197,0,0,1,0,1,0,1,0,1,0,1,0,1
787a9884-160.jpg,5.2363,0.0,244.7763,243.6304,0,0,1,0,1,0,1,0,1,0,1,0,1
787a9884-160.jpg,2.5834,0.0,253.7557,222.4422,0,0,1,0,1,0,1,0,1,0,1,0,1
787a9884-160.jpg,0.0,0.0,245.6251,209.8706,0,0,1,0,1,0,1,0,1,0,1,0,1
787a9884-160.jpg,0.0,0.0,246.4421,247.0923,0,0,1,0,1,0,1,0,1,0,1,0,1
787a9884-160.jpg,0.7877,0.0,270.2066,170.6933,0,0,1,0,1,0,1,0,1,0,1,0,1
787a9884-160.jpg,0.0,0.4918,256.7707,166.9315,0,0,1,0,1,0,1,0,1,0,1,0,1
787a9884-160.jpg,0.0,0.0,244.9348,254.3065,0,0,1,0,1,0,1,0,1,0,1,0,1
787a9884-160.jpg,0.2546,0.6553,253.0952,168.019,0,0,1,0,1,0,1,0,1,0,1,0,1
787a9884-160.jpg,0.5922,0.0,271.7464,174.5832,0,0,1,0,1,0,1,0,1,0,1,0,1
787a9884-160.jpg,1.2416,0.4374,266.2763,169.909,0,0,1,0,1,0,1,0,1,0,1,0,1
787a9884-160.jpg,0.0,0.0,267.8789,161.9441,0,0,1,0,1,0,1,0,1,0,1,0,1
787a9884-160.jpg,3.2588,0.1548,255.0887,233.6833,0,0,1,0,1,0,1,0,1,0,1,0,1
787a9884-160.jpg,1.9828,0.0728,276.7404,173.6811,0,0,1,0,1,0,1,0,1,0,1,0,1
787a9884-160.jpg,0.0,0.0,286.897,163.2592,0,0,1,0,1,0,1,0,1,0,1,0,1
787a9884-160.jpg,0.0,0.0,254.4778,161.0421,0,0,1,0,1,0,1,0,1,0,1,0,1
787a9884-160.jpg,6.8863,0.9876,295.5539,237.0961,0,0,1,0,1,0,1,0,1,0,1,0,1
787a9884-160.jpg,3.9654,0.3228,260.7772,226.0472,0,0,1,0,1,0,1,0,1,0,1,0,1
787a9884-160.jpg,3.0073,0.0,249.2214,190.9571,0,0,1,0,1,0,1,0,1,0,1,0,1
787a9884-160.jpg,1556.2657,1224.4078,266.3115,73.4137,0,0,1,0,1,0,1,0,1,0,1,0,1
787a9884-160.jpg,1573.0117,1235.36,255.2499,61.9968,0,0,1,0,1,0,1,0,1,0,1,0,1
787a9884-160.jpg,5.3496,0.0,245.5622,171.2559,0,0,1,0,1,0,1,0,1,0,1,0,1
787a9884-160.jpg,1562.6259,1242.145,256.1317,57.5012,0,0,1,0,1,0,1,0,1,0,1,0,1
787a9884-160.jpg,0.0,0.478,252.8165,164.5569,0,0,1,0,1,0,1,0,1,0,1,0,1
787a9884-160.jpg,1574.2612,1243.8647,251.2526,55.7736,0,0,1,0,1,0,1,0,1,0,1,0,1
787a9884-160.jpg,3.771,0.6296,396.541,184.8763,0,0,1,0,1,0,1,0,1,0,1,0,1
787a9884-160.jpg,1560.406,4.8401,280.7769,196.414,0,0,1,0,1,0,1,0,1,0,1,0,1
787a9884-160.jpg,0.0,0.0,0.0,222.166,0,0,1,0,1,0,1,0,1,0,1,0,1
787a9884-160.jpg,1563.7391,3.1776,279.4771,199.6063,0,0,1,0,1,0,1,0,1,0,1,0,1
787a9884-160.jpg,1580.5048,1236.6472,250.3455,60.4625,0,0,1,0,1,0,1,0,1,0,1,0,1
787a9884-160.jpg,1582.1748,1243.2683,250.3928,56.4534,0,0,1,0,1,0,1,0,1,0,1,0,1
787a9884-160.jpg,1527.109,1.4171,321.2013,214.5384,0,0,1,0,1,0,1,0,1,0,1,0,1
787a9884-160.jpg,0.0,0.0,28.4522,226.613,0,0,1,0,1,0,1,0,1,0,1,0,1
787a9884-160.jpg,1515.484,0.4588,329.2988,213.6185,0,0,1,0,1,0,1,0,1,0,1,0,1
787a9884-160.jpg,1562.1895,5.6271,293.7905,197.1657,0,0,1,0,1,0,1,0,1,0,1,0,1
787a9884-160.jpg,1959.8165,413.2612,40.1835,313.292,0,0,1,0,1,0,1,0,1,0,1,0,1
787a9884-160.jpg,1558.8978,2.1281,283.3243,200.7897,0,0,1,0,1,0,1,0,1,0,1,0,1
787a9884-160.jpg,210.0091,0.281,270.2076,187.2435,0,0,1,0,1,0,1,0,1,0,1,0,1
787a9884-160.jpg,1577.7039,9.5803,280.4012,196.741,0,0,1,0,1,0,1,0,1,0,1,0,1
787a9884-160.jpg,210.3336,0.2158,273.9808,201.6989,0,0,1,0,1,0,1,0,1,0,1,0,1
787a9884-160.jpg,1529.9971,0.0729,311.6005,209.8234,0,0,1,0,1,0,1,0,1,0,1,0,1
787a9884-160.jpg,1.0501,0.0,317.853,178.7258,0,0,1,0,1,0,1,0,1,0,1,0,1
787a9884-160.jpg,1097.087,0.0647,259.4213,25.1943,0,0,1,0,1,0,1,0,1,0,1,0,1
787a9884-160.jpg,0.0,0.0,0.0,271.3643,0,0,1,0,1,0,1,0,1,0,1,0,1
787a9884-160.jpg,3.4779,0.4156,484.2409,240.6793,0,0,1,0,1,0,1,0,1,0,1,0,1
787a9884-160.jpg,2.1222,0.0,252.2384,189.6329,0,0,1,0,1,0,1,0,1,0,1,0,1
789284b8-137.jpg,4.2098,908.5163,379.4099,379.3343,3,1,1,1,1,1,1,0,1,0,1,0,1
789284b8-137.jpg,161.5158,744.9342,322.5109,212.1746,4,1,1,1,1,1,1,1,1,0,1,0,1
789284b8-137.jpg,230.6747,415.3318,320.754,319.4981,5,1,1,1,1,1,1,1,1,1,1,0,1
789284b8-137.jpg,594.7314,201.5608,183.9683,198.4246,5,1,1,1,1,1,1,1,1,1,1,0,1
789284b8-137.jpg,1517.0125,727.246,408.054,407.3665,5,1,1,1,1,1,1,1,1,1,1,0,1
789284b8-137.jpg,1461.6838,481.196,328.0137,357.4712,4,1,1,1,1,1,1,1,1,0,1,0,1
789284b8-137.jpg,762.9567,159.659,252.0319,198.6348,5,1,1,1,1,1,1,1,1,1,1,0,1
789284b8-137.jpg,1008.7065,176.3497,223.6015,194.3258,5,1,1,1,1,1,1,1,1,1,1,0,1
789284b8-137.jpg,1231.8601,246.4169,196.0387,183.3117,5,1,1,1,1,1,1,1,1,1,1,0,1
789284b8-137.jpg,1483.6276,0.0,248.1456,58.6539,0,0,1,0,1,0,1,0,1,0,1,0,1
789284b8-137.jpg,1488.7067,0.0,250.2235,60.4243,0,0,1,0,1,0,1,0,1,0,1,0,1
789284b8-137.jpg,1490.2582,0.0,233.3282,57.2764,0,0,1,0,1,0,1,0,1,0,1,0,1
789284b8-137.jpg,1493.3373,0.0,232.4131,59.2317,0,0,1,0,1,0,1,0,1,0,1,0,1
789284b8-137.jpg,1483.1462,0.0,262.1465,58.6818,0,0,1,0,1,0,1,0,1,0,1,0,1
789284b8-137.jpg,1585.6958,1184.8608,414.3042,115.1392,0,0,1,0,1,0,1,0,1,0,1,0,1
789284b8-137.jpg,1486.7858,0.0,289.1954,63.1778,0,0,1,0,1,0,1,0,1,0,1,0,1
789284b8-137.jpg,1580.7229,1184.9811,419.2771,115.0189,0,0,1,0,1,0,1,0,1,0,1,0,1
789284b8-137.jpg,1484.7186,0.0,260.3029,59.0606,0,0,1,0,1,0,1,0,1,0,1,0,1
789284b8-137.jpg,1489.4991,0.0,229.9114,57.6828,0,0,1,0,1,0,1,0,1,0,1,0,1
789284b8-137.jpg,1588.3033,1185.7493,411.6967,114.2507,0,0,1,0,1,0,1,0,1,0,1,0,1
789284b8-137.jpg,1618.1974,1185.8583,381.8026,114.1417,0,0,1,0,1,0,1,0,1,0,1,0,1
789284b8-137.jpg,1628.6362,1185.6104,371.3638,114.3896,0,0,1,0,1,0,1,0,1,0,1,0,1
789284b8-137.jpg,1492.5612,0.0523,195.6985,54.4602,0,0,1,0,1,0,1,0,1,0,1,0,1
789284b8-137.jpg,1194.0992,304.3436,71.0613,48.7077,0,0,1,0,1,0,1,0,1,0,1,0,1
789284b8-137.jpg,1492.3418,0.0376,216.7832,55.2327,0,0,1,0,1,0,1,0,1,0,1,0,1
789284b8-137.jpg,1485.7527,0.0,247.8282,61.0803,0,0,1,0,1,0,1,0,1,0,1,0,1
789284b8-137.jpg,1591.9602,1186.6827,408.0398,113.3173,0,0,1,0,1,0,1,0,1,0,1,0,1
789284b8-137.jpg,1647.7211,1180.3422,352.2789,119.6578,0,0,1,0,1,0,1,0,1,0,1,0,1
789284b8-137.jpg,1613.226,1186.4498,386.774,113.5502,0,0,1,0,1,0,1,0,1,0,1,0,1
789284b8-137.jpg,1189.6018,304.9537,75.9935,48.8733,0,0,1,0,1,0,1,0,1,0,1,0,1
789284b8-137.jpg,1495.3567,0.0397,212.0837,56.5883,0,0,1,0,1,0,1,0,1,0,1,0,1
789284b8-137.jpg,1191.9104,303.6822,73.0079,96.1468,0,0,1,0,1,0,1,0,1,0,1,0,1
789284b8-137.jpg,1469.2488,0.0,226.8307,49.9784,0,0,1,0,1,0,1,0,1,0,1,0,1
789284b8-137.jpg,961.8457,171.6907,79.1959,125.8197,0,0,1,0,1,0,1,0,1,0,1,0,1
789284b8-137.jpg,1191.4249,304.1136,70.5055,48.6472,0,0,1,0,1,0,1,0,1,0,1,0,1
789284b8-137.jpg,1620.6576,1185.2783,379.3424,114.7217,0,0,1,0,1,0,1,0,1,0,1,0,1
789284b8-137.jpg,1722.5898,1188.6652,277.4102,110.4343,0,0,1,0,1,0,1,0,1,0,1,0,1
789284b8-137.jpg,1718.0851,1185.9257,281.9149,114.0374,0,0,1,0,1,0,1,0,1,0,1,0,1
789284b8-137.jpg,74.1914,1224.3446,146.5659,71.8987,0,0,1,0,1,0,1,0,1,0,1,0,1
789284b8-137.jpg,1710.0685,1183.1119,289.9315,116.8881,0,0,1,0,1,0,1,0,1,0,1,0,1
789284b8-137.jpg,1633.6934,1184.0562,366.3066,115.9438,0,0,1,0,1,0,1,0,1,0,1,0,1
789284b8-137.jpg,1493.9974,0.0,234.4751,63.3599,0,0,1,0,1,0,1,0,1,0,1,0,1
789284b8-137.jpg,1718.2495,1187.4651,281.7505,112.1318,0,0,1,0,1,0,1,0,1,0,1,0,1
789284b8-137.jpg,80.352,1220.189,149.8312,71.358,0,0,1,0,1,0,1,0,1,0,1,0,1
789284b8-137.jpg,79.4906,1221.4711,137.7857,70.8243,0,0,1,0,1,0,1,0,1,0,1,0,1
789284b8-137.jpg,1724.7609,1187.986,275.2391,111.5399,0,0,1,0,1,0,1,0,1,0,1,0,1
789284b8-137.jpg,1490.3546,0.0,291.7075,70.1061,0,0,1,0,1,0,1,0,1,0,1,0,1
789284b8-137.jpg,1490.0659,0.0,259.5245,67.9075,0,0,1,0,1,0,1,0,1,0,1,0,1
789284b8-137.jpg,1196.9044,305.2728,72.3951,46.5903,0,0,1,0,1,0,1,0,1,0,1,0,1
789284b8-137.jpg,1481.3983,0.0815,310.4127,58.0618,0,0,1,0,1,0,1,0,1,0,1,0,1
789284b8-137.jpg,78.0685,1218.5072,154.1158,55.0338,0,0,1,0,1,0,1,0,1,0,1,0,1
789284b8-137.jpg,1715.8702,1184.2958,284.1298,115.7042,0,0,1,0,1,0,1,0,1,0,1,0,1
789284b8-137.jpg,1490.3439,0.0,257.6027,67.6363,0,0,1,0,1,0,1,0,1,0,1,0,1
789284b8-137.jpg,244.1943,651.6446,226.517,135.8293,0,0,1,0,1,0,1,0,1,0,1,0,1
789284b8-137.jpg,1490.6879,0.0223,239.2657,56.0683,0,0,1,0,1,0,1,0,1,0,1,0,1
789284b8-137.jpg,1469.8864,0.031,238.0444,49.5505,0,0,1,0,1,0,1,0,1,0,1,0,1
789284b8-137.jpg,1202.9591,297.0207,54.9591,51.6837,0,0,1,0,1,0,1,0,1,0,1,0,1
789284b8-137.jpg,75.9126,1220.4027,146.6493,56.625,0,0,1,0,1,0,1,0,1,0,1,0,1
789284b8-137.jpg,247.0817,645.2882,211.8427,127.4141,0,0,1,0,1,0,1,0,1,0,1,0,1
78ecb279-31.jpg,1064.2001,387.4518,271.5105,306.0406,1,1,1,0,1,0,1,0,1,0,1,0,1
78ecb279-31.jpg,792.8856,380.489,277.6466,303.0817,1,1,1,0,1,0,1,0,1,0,1,0,1
78ecb279-31.jpg,754.1854,657.9393,186.7426,223.6385,2,1,1,1,1,0,1,0,1,0,1,0,1
78ecb279-31.jpg,552.7674,660.8229,213.6652,253.8572,2,1,1,1,1,0,1,0,1,0,1,0,1
78ecb279-31.jpg,429.0742,457.2461,181.875,238.6526,2,1,1,1,1,0,1,0,1,0,1,0,1
78ecb279-31.jpg,410.866,694.5278,159.8627,209.1997,2,1,1,1,1,0,1,0,1,0,1,0,1
78ecb279-31.jpg,296.346,490.2497,152.3412,229.3531,2,1,1,1,1,0,1,0,1,0,1,0,1
78ecb279-31.jpg,325.7533,726.1273,102.8269,144.2269,1,1,1,0,1,0,1,0,1,0,1,0,1
78ecb279-31.jpg,234.8875,719.181,100.8192,125.8517,2,1,1,1,1,0,1,0,1,0,1,0,1
78ecb279-31.jpg,245.3689,565.4839,85.2234,155.8377,2,1,1,1,1,0,1,0,1,0,1,0,1
78ecb279-31.jpg,117.0366,715.7473,129.4388,115.205,2,1,1,1,1,0,1,0,1,0,1,0,1
78ecb279-31.jpg,81.2938,552.2339,112.1187,148.132,2,1,1,1,1,0,1,0,1,0,1,0,1
78ecb279-31.jpg,178.2782,563.1143,91.894,152.861,1,1,1,0,1,0,1,0,1,0,1,0,1
78ecb279-31.jpg,1529.6301,439.0452,189.014,285.6847,2,1,1,1,1,0,1,0,1,0,1,0,1
78ecb279-31.jpg,1399.2955,657.0218,163.5312,287.6137,2,1,1,1,1,0,1,0,1,0,1,0,1
78ecb279-31.jpg,1541.4221,710.1328,103.853,219.9991,2,1,1,1,1,0,1,0,1,0,1,0,1
78ecb279-31.jpg,1669.7649,539.2634,148.6095,227.3485,2,1,1,1,1,0,1,0,1,0,1,0,1
78ecb279-31.jpg,1756.4609,661.7314,117.8325,129.3459,2,1,1,1,1,0,1,0,1,0,1,0,1
78ecb279-31.jpg,1883.2229,656.9097,108.1941,112.5359,1,1,1,0,1,0,1,0,1,0,1,0,1
78ecb279-31.jpg,1632.7833,759.1142,86.3044,114.715,1,1,1,0,1,0,1,0,1,0,1,0,1
78ecb279-31.jpg,1711.0707,768.7491,130.0846,110.4391,1,1,1,0,1,0,1,0,1,0,1,0,1
79675aa9-103.jpg,497.1809,570.7759,120.8858,124.7974,1,1,1,0,1,0,1,0,1,0,1,0,1
79675aa9-103.jpg,468.2205,601.6714,80.4312,99.6605,1,1,1,0,1,0,1,0,1,0,1,0,1
79675aa9-103.jpg,396.9506,595.726,96.4888,96.7373,1,1,1,0,1,0,1,0,1,0,1,0,1
79675aa9-103.jpg,342.2469,585.4661,84.204,100.294,2,1,1,1,1,0,1,0,1,0,1,0,1
79675aa9-103.jpg,1496.5779,610.7795,90.683,92.787,1,1,1,0,1,0,1,0,1,0,1,0,1
79675aa9-103.jpg,1398.2102,698.994,119.2363,103.49,1,1,1,0,1,0,1,0,1,0,1,0,1
79675aa9-103.jpg,792.6205,656.7861,103.8832,108.4032,1,1,1,0,1,0,1,0,1,0,1,0,1
79675aa9-103.jpg,687.8459,687.4299,91.8832,75.7961,1,1,1,0,1,0,1,0,1,0,1,0,1
79675aa9-103.jpg,442.6973,689.0459,117.5891,93.3947,1,1,1,0,1,0,1,0,1,0,1,0,1
79675aa9-103.jpg,374.4797,681.1157,100.9071,70.5834,1,1,1,0,1,0,1,0,1,0,1,0,1
79675aa9-103.jpg,1498.6532,687.3009,104.4498,90.0129,1,1,1,0,1,0,1,0,1,0,1,0,1
79675aa9-103.jpg,979.7188,0.2799,545.7811,91.9452,0,0,1,0,1,0,1,0,1,0,1,0,1
79675aa9-103.jpg,965.4487,0.0,568.9125,102.4404,0,0,1,0,1,0,1,0,1,0,1,0,1
79675aa9-103.jpg,267.489,573.3995,130.4917,126.7598,0,0,1,0,1,0,1,0,1,0,1,0,1
79675aa9-103.jpg,268.3166,571.7731,125.9105,137.7692,0,0,1,0,1,0,1,0,1,0,1,0,1
79675aa9-103.jpg,942.0747,0.174,575.9664,94.4739,0,0,1,0,1,0,1,0,1,0,1,0,1
79675aa9-103.jpg,602.0021,0.0,699.7675,135.389,0,0,1,0,1,0,1,0,1,0,1,0,1
79675aa9-103.jpg,967.3246,0.1883,433.3867,74.3632,0,0,1,0,1,0,1,0,1,0,1,0,1
79675aa9-103.jpg,836.7866,0.0734,655.6768,109.1118,0,0,1,0,1,0,1,0,1,0,1,0,1
79675aa9-103.jpg,267.134,576.7123,133.4032,124.8805,0,0,1,0,1,0,1,0,1,0,1,0,1
79675aa9-103.jpg,1073.8636,0.0,463.6356,88.6469,0,0,1,0,1,0,1,0,1,0,1,0,1
79c6a9e2-214.jpg,712.3409,378.1,215.7944,232.4272,1,1,1,0,1,0,1,0,1,0,1,0,1
79c6a9e2-214.jpg,918.8416,382.0464,172.4812,242.6862,2,1,1,1,1,0,1,0,1,0,1,0,1
79c6a9e2-214.jpg,884.5001,598.0067,98.8646,190.0242,2,1,1,1,1,0,1,0,1,0,1,0,1
79c6a9e2-214.jpg,718.8026,594.7225,167.1253,189.2046,2,1,1,1,1,0,1,0,1,0,1,0,1
79c6a9e2-214.jpg,973.97,616.1448,62.0739,180.6495,1,1,1,0,1,0,1,0,1,0,1,0,1
79c6a9e2-214.jpg,1073.0314,389.2886,100.1078,273.5722,1,1,1,0,1,0,1,0,1,0,1,0,1
79c6a9e2-214.jpg,0.0,0.0,489.98,269.7281,0,0,1,0,1,0,1,0,1,0,1,0,1
79c6a9e2-214.jpg,0.0,0.0,478.715,263.2274,0,0,1,0,1,0,1,0,1,0,1,0,1
79c6a9e2-214.jpg,0.0,0.0,486.5502,263.011,0,0,1,0,1,0,1,0,1,0,1,0,1
79c6a9e2-214.jpg,0.0,0.1312,503.7339,267.2299,0,0,1,0,1,0,1,0,1,0,1,0,1
79c6a9e2-214.jpg,0.0,0.0,480.0743,266.3338,0,0,1,0,1,0,1,0,1,0,1,0,1
79c6a9e2-214.jpg,108.7103,247.3961,402.8965,574.9927,0,0,1,0,1,0,1,0,1,0,1,0,1
79c6a9e2-214.jpg,0.0,0.0,480.2603,262.5285,0,0,1,0,1,0,1,0,1,0,1,0,1
79c6a9e2-214.jpg,0.0,407.3456,115.5712,423.1541,0,0,1,0,1,0,1,0,1,0,1,0,1
79c6a9e2-214.jpg,107.2299,250.4593,395.856,577.7664,0,0,1,0,1,0,1,0,1,0,1,0,1
79c6a9e2-214.jpg,106.3802,253.6756,399.3258,578.3831,0,0,1,0,1,0,1,0,1,0,1,0,1
79c6a9e2-214.jpg,104.4958,251.0154,401.3197,562.73,0,0,1,0,1,0,1,0,1,0,1,0,1
79c6a9e2-214.jpg,1017.5837,623.8036,48.5161,142.6348,0,0,1,0,1,0,1,0,1,0,1,0,1
79c6a9e2-214.jpg,0.0,0.0842,507.7352,266.3094,0,0,1,0,1,0,1,0,1,0,1,0,1
79c6a9e2-214.jpg,20.5709,0.4387,463.6101,277.2005,0,0,1,0,1,0,1,0,1,0,1,0,1
79c6a9e2-214.jpg,0.0,222.736,133.0287,451.526,0,0,1,0,1,0,1,0,1,0,1,0,1
79c6a9e2-214.jpg,1020.4083,624.0432,41.534,135.6167,0,0,1,0,1,0,1,0,1,0,1,0,1
79c6a9e2-214.jpg,0.0,213.8345,133.8559,438.0386,0,0,1,0,1,0,1,0,1,0,1,0,1
79c6a9e2-214.jpg,0.0,412.3232,115.45,417.7102,0,0,1,0,1,0,1,0,1,0,1,0,1
79c6a9e2-214.jpg,0.0,380.0665,115.5333,467.9763,0,0,1,0,1,0,1,0,1,0,1,0,1
79c6a9e2-214.jpg,0.0,183.6681,44.5887,358.8351,0,0,1,0,1,0,1,0,1,0,1,0,1
79c6a9e2-214.jpg,1058.0724,0.1128,204.6757,30.9705,0,0,1,0,1,0,1,0,1,0,1,0,1
79c6a9e2-214.jpg,0.0,180.3865,59.1386,322.2649,0,0,1,0,1,0,1,0,1,0,1,0,1
79c6a9e2-214.jpg,0.0,190.5878,41.2284,397.5526,0,0,1,0,1,0,1,0,1,0,1,0,1
79c6a9e2-214.jpg,104.2614,251.7942,402.7452,572.2674,0,0,1,0,1,0,1,0,1,0,1,0,1
79c6a9e2-214.jpg,21.412,0.0,473.5223,276.8359,0,0,1,0,1,0,1,0,1,0,1,0,1
79c6a9e2-214.jpg,0.0,0.0,3.9628,251.8172,0,0,1,0,1,0,1,0,1,0,1,0,1
79c6a9e2-214.jpg,0.3199,222.9077,127.1022,621.8275,0,0,1,0,1,0,1,0,1,0,1,0,1
79c6a9e2-214.jpg,1038.4054,0.115,223.0118,33.3153,0,0,1,0,1,0,1,0,1,0,1,0,1
79c6a9e2-214.jpg,0.0,437.5138,114.1092,391.9687,0,0,1,0,1,0,1,0,1,0,1,0,1
79c6a9e2-214.jpg,0.0,384.4215,117.7381,460.2435,0,0,1,0,1,0,1,0,1,0,1,0,1
79c6a9e2-214.jpg,18.6983,0.0,481.1134,280.6476,0,0,1,0,1,0,1,0,1,0,1,0,1
79c6a9e2-214.jpg,107.4972,246.1426,398.7891,599.3805,0,0,1,0,1,0,1,0,1,0,1,0,1
79c6a9e2-214.jpg,1020.8813,627.3467,67.7974,160.144,0,0,1,0,1,0,1,0,1,0,1,0,1
79c6a9e2-214.jpg,1015.9011,623.2133,51.6396,135.4276,0,0,1,0,1,0,1,0,1,0,1,0,1
79c6a9e2-214.jpg,776.8582,991.3149,442.9484,293.9434,0,0,1,0,1,0,1,0,1,0,1,0,1
79c6a9e2-214.jpg,0.0,469.3963,112.1354,360.0884,0,0,1,0,1,0,1,0,1,0,1,0,1
79c6a9e2-214.jpg,0.0,204.2535,43.8029,418.4272,0,0,1,0,1,0,1,0,1,0,1,0,1
79c6a9e2-214.jpg,0.0,0.0,43.3232,258.0319,0,0,1,0,1,0,1,0,1,0,1,0,1
79c6a9e2-214.jpg,0.3012,212.342,129.2946,603.2718,0,0,1,0,1,0,1,0,1,0,1,0,1
79c6a9e2-214.jpg,3.3302,241.293,133.9087,436.1197,0,0,1,0,1,0,1,0,1,0,1,0,1
79c6a9e2-214.jpg,2.6229,230.8312,133.1526,422.4615,0,0,1,0,1,0,1,0,1,0,1,0,1
79c6a9e2-214.jpg,1087.0225,0.0,242.2477,21.7002,0,0,1,0,1,0,1,0,1,0,1,0,1
79c6a9e2-214.jpg,0.114,117.3769,127.4834,556.235,0,0,1,0,1,0,1,0,1,0,1,0,1
79c6a9e2-214.jpg,0.0,190.1092,39.5695,296.4609,0,0,1,0,1,0,1,0,1,0,1,0,1
79c6a9e2-214.jpg,644.9382,560.3005,95.7279,224.4955,0,0,1,0,1,0,1,0,1,0,1,0,1
79c6a9e2-214.jpg,0.1315,134.7135,127.1366,462.7083,0,0,1,0,1,0,1,0,1,0,1,0,1
79c6a9e2-214.jpg,1089.7339,0.0,199.995,21.6502,0,0,1,0,1,0,1,0,1,0,1,0,1
79c6a9e2-214.jpg,0.0111,193.9332,28.5911,285.5159,0,0,1,0,1,0,1,0,1,0,1,0,1
79c6a9e2-214.jpg,0.0,0.0,449.7584,265.0163,0,0,1,0,1,0,1,0,1,0,1,0,1
79c6a9e2-214.jpg,1.9696,223.0679,136.0378,428.9819,0,0,1,0,1,0,1,0,1,0,1,0,1
7b8ac2eb-230.jpg,824.2886,330.5809,258.7242,348.429,1,1,1,0,1,0,1,0,1,0,1,0,1
7b8ac2eb-230.jpg,265.7942,1201.7699,95.5883,92.2062,0,0,1,0,1,0,1,0,1,0,1,0,1
7b8ac2eb-230.jpg,270.2906,1199.0872,91.1685,91.6641,0,0,1,0,1,0,1,0,1,0,1,0,1
7b8ac2eb-230.jpg,265.6425,1201.9519,96.3737,91.1003,0,0,1,0,1,0,1,0,1,0,1,0,1
7b8ac2eb-230.jpg,267.9685,1200.825,94.7996,91.4508,0,0,1,0,1,0,1,0,1,0,1,0,1
7b8ac2eb-230.jpg,0.1989,932.1497,58.6643,99.0322,0,0,1,0,1,0,1,0,1,0,1,0,1
7b8ac2eb-230.jpg,0.6306,935.2067,57.1969,60.4708,0,0,1,0,1,0,1,0,1,0,1,0,1
7b8ac2eb-230.jpg,269.3887,1196.7056,96.5208,90.1484,0,0,1,0,1,0,1,0,1,0,1,0,1
7b8ac2eb-230.jpg,267.9717,1200.9409,94.2025,92.5677,0,0,1,0,1,0,1,0,1,0,1,0,1
7b8ac2eb-230.jpg,271.1819,1196.4329,94.9511,91.9427,0,0,1,0,1,0,1,0,1,0,1,0,1
7b8ac2eb-230.jpg,269.4034,956.8585,67.3471,66.1769,0,0,1,0,1,0,1,0,1,0,1,0,1
7b8ac2eb-230.jpg,235.5239,803.0399,78.3361,62.9484,0,0,1,0,1,0,1,0,1,0,1,0,1
7b8ac2eb-230.jpg,253.3448,1201.875,107.3511,91.6479,0,0,1,0,1,0,1,0,1,0,1,0,1
7b8ac2eb-230.jpg,270.2493,1193.5022,95.8672,92.7769,0,0,1,0,1,0,1,0,1,0,1,0,1
7b8ac2eb-230.jpg,428.468,1188.0896,61.6676,66.3521,0,0,1,0,1,0,1,0,1,0,1,0,1
7b8ac2eb-230.jpg,180.7827,901.6571,150.3631,122.0696,0,0,1,0,1,0,1,0,1,0,1,0,1
7b8ac2eb-230.jpg,427.2414,1188.719,66.6949,62.3158,0,0,1,0,1,0,1,0,1,0,1,0,1
7b8ac2eb-230.jpg,427.892,1188.3315,61.4609,70.1825,0,0,1,0,1,0,1,0,1,0,1,0,1
7b8ac2eb-230.jpg,254.4312,1202.6042,107.6759,92.3478,0,0,1,0,1,0,1,0,1,0,1,0,1
7b8ac2eb-230.jpg,0.0,930.8409,59.9013,79.2267,0,0,1,0,1,0,1,0,1,0,1,0,1
7b8ac2eb-230.jpg,238.1483,800.8947,74.6884,68.2198,0,0,1,0,1,0,1,0,1,0,1,0,1
7b8ac2eb-230.jpg,184.4798,904.7243,150.0727,118.7763,0,0,1,0,1,0,1,0,1,0,1,0,1
7b8ac2eb-230.jpg,234.9265,803.6542,77.7786,61.97,0,0,1,0,1,0,1,0,1,0,1,0,1
7b8ac2eb-230.jpg,0.159,926.9786,60.8041,100.2477,0,0,1,0,1,0,1,0,1,0,1,0,1
7b8ac2eb-230.jpg,280.0855,1195.4796,86.5007,92.556,0,0,1,0,1,0,1,0,1,0,1,0,1
7b8ac2eb-230.jpg,241.6979,955.3615,96.2142,68.321,0,0,1,0,1,0,1,0,1,0,1,0,1
7b8ac2eb-230.jpg,266.9492,1194.1951,98.2492,90.4333,0,0,1,0,1,0,1,0,1,0,1,0,1
7b8ac2eb-230.jpg,180.9739,902.653,149.7161,120.3756,0,0,1,0,1,0,1,0,1,0,1,0,1
7b8ac2eb-230.jpg,0.091,932.9735,55.7503,77.7214,0,0,1,0,1,0,1,0,1,0,1,0,1
7b8ac2eb-230.jpg,426.4071,1188.8967,65.0811,62.4685,0,0,1,0,1,0,1,0,1,0,1,0,1
7b8ac2eb-230.jpg,164.6707,837.8391,82.8331,63.2475,0,0,1,0,1,0,1,0,1,0,1,0,1
7b8ac2eb-230.jpg,0.0,934.1673,54.118,62.5812,0,0,1,0,1,0,1,0,1,0,1,0,1
7b8ac2eb-230.jpg,427.2317,1189.5776,64.1068,61.9419,0,0,1,0,1,0,1,0,1,0,1,0,1
7b8ac2eb-230.jpg,0.2484,930.8181,60.7247,91.4158,0,0,1,0,1,0,1,0,1,0,1,0,1
7b8ac2eb-230.jpg,0.19,927.2179,61.6643,85.1536,0,0,1,0,1,0,1,0,1,0,1,0,1
7b8ac2eb-230.jpg,238.3853,800.3824,75.3065,68.2632,0,0,1,0,1,0,1,0,1,0,1,0,1
7b8ac2eb-230.jpg,181.6391,904.4563,140.3052,64.8274,0,0,1,0,1,0,1,0,1,0,1,0,1
7b8ac2eb-230.jpg,256.9369,955.7475,80.4811,66.8873,0,0,1,0,1,0,1,0,1,0,1,0,1
7b8ac2eb-230.jpg,272.8996,1199.9448,87.8378,93.4265,0,0,1,0,1,0,1,0,1,0,1,0,1
7b8ac2eb-230.jpg,0.2329,934.6766,54.7781,61.4853,0,0,1,0,1,0,1,0,1,0,1,0,1
7b8ac2eb-230.jpg,264.4307,1197.321,100.8005,89.2523,0,0,1,0,1,0,1,0,1,0,1,0,1
7b8ac2eb-230.jpg,428.5448,1211.8004,57.1432,87.9941,0,0,1,0,1,0,1,0,1,0,1,0,1
7b8ac2eb-230.jpg,165.5602,838.2436,80.5873,62.8448,0,0,1,0,1,0,1,0,1,0,1,0,1
7b8ac2eb-230.jpg,235.9437,803.9579,77.2152,62.4127,0,0,1,0,1,0,1,0,1,0,1,0,1
7b8ac2eb-230.jpg,0.8435,937.2489,59.895,98.62,0,0,1,0,1,0,1,0,1,0,1,0,1
7b8ac2eb-230.jpg,2.0878,932.2747,50.1187,63.7949,0,0,1,0,1,0,1,0,1,0,1,0,1
7b8ac2eb-230.jpg,267.1726,1199.9136,93.8192,91.238,0,0,1,0,1,0,1,0,1,0,1,0,1
7b8ac2eb-230.jpg,191.9891,903.0723,151.8792,117.662,0,0,1,0,1,0,1,0,1,0,1,0,1
7b8ac2eb-230.jpg,0.0,934.1248,57.7145,65.3742,0,0,1,0,1,0,1,0,1,0,1,0,1
7b8ac2eb-230.jpg,165.1366,838.9881,81.315,62.283,0,0,1,0,1,0,1,0,1,0,1,0,1
7b8ac2eb-230.jpg,0.0691,929.1979,61.8381,109.2174,0,0,1,0,1,0,1,0,1,0,1,0,1
7b938f9c-154.jpg,138.0947,1061.1331,289.0968,225.5201,4,1,1,1,1,1,1,1,1,0,1,0,1
7b938f9c-154.jpg,212.8387,838.7141,305.0349,282.5546,4,1,1,1,1,1,1,1,1,0,1,0,1
7b938f9c-154.jpg,316.1809,696.2705,259.6563,185.8813,1,1,1,0,1,0,1,0,1,0,1,0,1
7b938f9c-154.jpg,1367.0565,526.2733,259.6466,205.7615,1,1,1,0,1,0,1,0,1,0,1,0,1
7b938f9c-154.jpg,1517.8097,657.1061,251.1868,198.9703,1,1,1,0,1,0,1,0,1,0,1,0,1
7b938f9c-154.jpg,1451.0325,842.2819,302.2881,275.7115,5,1,1,1,1,1,1,1,1,1,1,0,1
7b938f9c-154.jpg,1587.104,1038.4844,228.0941,231.3389,4,1,1,1,1,1,1,1,1,0,1,0,1
7b938f9c-154.jpg,35.9141,1269.7604,464.2253,30.2396,0,0,1,0,1,0,1,0,1,0,1,0,1
7b938f9c-154.jpg,69.7282,1273.5072,479.1266,26.4928,0,0,1,0,1,0,1,0,1,0,1,0,1
7b938f9c-154.jpg,58.2259,1268.6677,463.8136,31.3323,0,0,1,0,1,0,1,0,1,0,1,0,1
7b938f9c-154.jpg,74.1923,1253.4153,439.4145,46.5847,0,0,1,0,1,0,1,0,1,0,1,0,1
7b938f9c-154.jpg,0.0,1258.6604,478.1374,41.3396,0,0,1,0,1,0,1,0,1,0,1,0,1
7b938f9c-154.jpg,50.9478,1252.8457,443.5063,47.1543,0,0,1,0,1,0,1,0,1,0,1,0,1
7b938f9c-154.jpg,0.0,1276.2147,486.4764,23.7853,0,0,1,0,1,0,1,0,1,0,1,0,1
7b938f9c-154.jpg,41.5963,1255.9822,434.8531,44.0178,0,0,1,0,1,0,1,0,1,0,1,0,1
7b938f9c-154.jpg,79.6297,1280.1981,494.1357,19.8019,0,0,1,0,1,0,1,0,1,0,1,0,1
7b938f9c-154.jpg,90.2779,1256.6149,435.9438,43.3851,0,0,1,0,1,0,1,0,1,0,1,0,1
7b938f9c-154.jpg,0.0,1185.0382,95.6566,114.9618,0,0,1,0,1,0,1,0,1,0,1,0,1
7b938f9c-154.jpg,0.0,1183.9528,99.3533,116.0472,0,0,1,0,1,0,1,0,1,0,1,0,1
7b938f9c-154.jpg,0.2526,1182.229,92.1073,117.771,0,0,1,0,1,0,1,0,1,0,1,0,1
7b938f9c-154.jpg,0.0,1182.2509,99.6478,117.7491,0,0,1,0,1,0,1,0,1,0,1,0,1
7b938f9c-154.jpg,1385.1562,0.0,334.5387,52.5488,0,0,1,0,1,0,1,0,1,0,1,0,1
7b938f9c-154.jpg,0.0,1187.5017,103.7472,112.4983,0,0,1,0,1,0,1,0,1,0,1,0,1
7b938f9c-154.jpg,0.0,1184.0505,97.4067,115.9495,0,0,1,0,1,0,1,0,1,0,1,0,1
7b938f9c-154.jpg,1436.3831,0.0,286.1561,58.1527,0,0,1,0,1,0,1,0,1,0,1,0,1
7b938f9c-154.jpg,1440.3477,0.0,285.327,78.5275,0,0,1,0,1,0,1,0,1,0,1,0,1
7b938f9c-154.jpg,154.8842,1249.6744,341.2619,50.3256,0,0,1,0,1,0,1,0,1,0,1,0,1
7b938f9c-154.jpg,411.8367,0.1479,304.0129,50.7632,0,0,1,0,1,0,1,0,1,0,1,0,1
7b938f9c-154.jpg,176.3664,1240.5846,243.5257,58.7634,0,0,1,0,1,0,1,0,1,0,1,0,1
7b938f9c-154.jpg,0.0,1179.4613,93.1381,120.5387,0,0,1,0,1,0,1,0,1,0,1,0,1
7b938f9c-154.jpg,1433.1249,0.0,295.5487,70.937,0,0,1,0,1,0,1,0,1,0,1,0,1
7b938f9c-154.jpg,151.1473,1265.0559,322.2698,34.9441,0,0,1,0,1,0,1,0,1,0,1,0,1
7b938f9c-154.jpg,1409.9417,0.0,311.5753,95.5719,0,0,1,0,1,0,1,0,1,0,1,0,1
7b938f9c-154.jpg,414.6662,0.0,252.8253,57.6254,0,0,1,0,1,0,1,0,1,0,1,0,1
7b938f9c-154.jpg,0.0,1184.5017,208.8249,115.4983,0,0,1,0,1,0,1,0,1,0,1,0,1
7b938f9c-154.jpg,0.3546,1180.7084,88.4126,119.2916,0,0,1,0,1,0,1,0,1,0,1,0,1
7b938f9c-154.jpg,97.7213,1256.8997,448.7882,43.1003,0,0,1,0,1,0,1,0,1,0,1,0,1
7b938f9c-154.jpg,114.0221,1265.7184,323.0804,34.2816,0,0,1,0,1,0,1,0,1,0,1,0,1
7b938f9c-154.jpg,168.4284,1246.792,241.1074,52.6218,0,0,1,0,1,0,1,0,1,0,1,0,1
7b938f9c-154.jpg,1350.7406,0.0065,361.5956,51.1618,0,0,1,0,1,0,1,0,1,0,1,0,1
7b938f9c-154.jpg,137.0752,1263.9769,307.9983,36.0231,0,0,1,0,1,0,1,0,1,0,1,0,1
7b938f9c-154.jpg,1889.0427,1114.1884,110.4141,183.5201,0,0,1,0,1,0,1,0,1,0,1,0,1
7b938f9c-154.jpg,433.3311,0.2262,237.6409,53.1956,0,0,1,0,1,0,1,0,1,0,1,0,1
7b938f9c-154.jpg,1895.0466,1131.4518,104.6715,164.6667,0,0,1,0,1,0,1,0,1,0,1,0,1
7b938f9c-154.jpg,0.0,0.0,111.193,256.4834,0,0,1,0,1,0,1,0,1,0,1,0,1
7b938f9c-154.jpg,459.8389,0.1067,193.3419,46.028,0,0,1,0,1,0,1,0,1,0,1,0,1
7b938f9c-154.jpg,0.71,1176.1951,110.6792,123.8049,0,0,1,0,1,0,1,0,1,0,1,0,1
7b938f9c-154.jpg,1433.491,0.0,293.9243,59.233,0,0,1,0,1,0,1,0,1,0,1,0,1
7b938f9c-154.jpg,0.0,0.0,26.5451,255.2401,0,0,1,0,1,0,1,0,1,0,1,0,1
7b938f9c-154.jpg,417.6312,0.0,308.1193,55.5815,0,0,1,0,1,0,1,0,1,0,1,0,1
7b938f9c-154.jpg,102.9462,1286.0111,479.8248,13.9889,0,0,1,0,1,0,1,0,1,0,1,0,1
7b938f9c-154.jpg,1880.1853,1131.3477,119.7228,165.6494,0,0,1,0,1,0,1,0,1,0,1,0,1
7b938f9c-154.jpg,433.4094,0.0836,228.8286,41.6137,0,0,1,0,1,0,1,0,1,0,1,0,1
7b938f9c-154.jpg,0.0768,1176.9529,101.9824,123.0471,0,0,1,0,1,0,1,0,1,0,1,0,1
7b938f9c-154.jpg,760.4087,0.0,385.5343,142.7421,0,0,1,0,1,0,1,0,1,0,1,0,1
7b938f9c-154.jpg,0.7123,1180.51,94.3557,119.49,0,0,1,0,1,0,1,0,1,0,1,0,1
7b938f9c-154.jpg,398.9864,0.0,257.6121,62.4343,0,0,1,0,1,0,1,0,1,0,1,0,1
7cbe7261-76.jpg,22.5614,434.0579,271.8581,203.9589,1,1,1,0,1,0,1,0,1,0,1,0,1
7cbe7261-76.jpg,87.7082,606.8689,310.4299,151.8141,1,1,1,0,1,0,1,0,1,0,1,0,1
7cbe7261-76.jpg,281.4582,494.1263,179.4431,179.0201,1,1,1,0,1,0,1,0,1,0,1,0,1
7cbe7261-76.jpg,371.4409,631.7281,238.8673,195.7001,1,1,1,0,1,0,1,0,1,0,1,0,1
7cbe7261-76.jpg,441.7659,432.5367,247.7802,282.9445,1,1,1,0,1,0,1,0,1,0,1,0,1
7cbe7261-76.jpg,609.2995,638.4658,254.6925,249.0356,1,1,1,0,1,0,1,0,1,0,1,0,1
7cbe7261-76.jpg,679.9113,433.5206,271.6549,310.4523,1,1,1,0,1,0,1,0,1,0,1,0,1
7cbe7261-76.jpg,946.5038,450.6862,259.1808,296.012,1,1,1,0,1,0,1,0,1,0,1,0,1
7cbe7261-76.jpg,1193.9469,407.0591,287.8793,356.3059,1,1,1,0,1,0,1,0,1,0,1,0,1
7cbe7261-76.jpg,1466.0959,375.6294,286.9263,351.5549,1,1,1,0,1,0,1,0,1,0,1,0,1
7cbe7261-76.jpg,1729.7618,384.0122,154.6735,321.6459,1,1,1,0,1,0,1,0,1,0,1,0,1
7cbe7261-76.jpg,1864.3694,380.3506,105.7186,292.7335,1,1,1,0,1,0,1,0,1,0,1,0,1
7cbe7261-76.jpg,949.0077,1.3857,383.8046,189.1812,0,0,1,0,1,0,1,0,1,0,1,0,1
7cbe7261-76.jpg,913.03,2.1436,420.9886,189.8685,0,0,1,0,1,0,1,0,1,0,1,0,1
7cbe7261-76.jpg,1830.0818,662.1349,108.8939,114.836,0,0,1,0,1,0,1,0,1,0,1,0,1
7cbe7261-76.jpg,975.9987,0.138,409.3434,64.871,0,0,1,0,1,0,1,0,1,0,1,0,1
7cbe7261-76.jpg,875.3214,3.0681,456.0879,188.4522,0,0,1,0,1,0,1,0,1,0,1,0,1
7cbe7261-76.jpg,1017.815,0.1888,408.9609,75.5933,0,0,1,0,1,0,1,0,1,0,1,0,1
7cbe7261-76.jpg,949.4585,0.0,380.8613,193.5595,0,0,1,0,1,0,1,0,1,0,1,0,1
7cbe7261-76.jpg,1933.4828,376.0888,66.5172,307.0482,0,0,1,0,1,0,1,0,1,0,1,0,1
7cbe7261-76.jpg,1934.4442,370.2832,65.5558,311.1616,0,0,1,0,1,0,1,0,1,0,1,0,1
7cbe7261-76.jpg,1850.9918,662.8524,82.827,104.9631,0,0,1,0,1,0,1,0,1,0,1,0,1
7cbe7261-76.jpg,944.9897,1.9008,386.8302,189.6,0,0,1,0,1,0,1,0,1,0,1,0,1
7d15dca6-276.jpg,4.1022,361.3439,102.7933,373.7514,1,1,1,0,1,0,1,0,1,0,1,0,1
7d15dca6-276.jpg,81.9818,341.1864,254.5652,348.1801,1,1,1,0,1,0,1,0,1,0,1,0,1
7d15dca6-276.jpg,7.2235,657.0941,123.7636,202.7939,1,1,1,0,1,0,1,0,1,0,1,0,1
7d15dca6-276.jpg,110.8176,618.6486,212.7822,285.0459,1,1,1,0,1,0,1,0,1,0,1,0,1
7d15dca6-276.jpg,307.6888,370.3056,295.8008,386.3799,1,1,1,0,1,0,1,0,1,0,1,0,1
7d15dca6-276.jpg,582.9913,338.8047,309.759,408.7054,1,1,1,0,1,0,1,0,1,0,1,0,1
7d15dca6-276.jpg,866.628,376.6933,261.8519,332.6947,1,1,1,0,1,0,1,0,1,0,1,0,1
7d15dca6-276.jpg,907.0448,651.7202,264.5613,317.0429,1,1,1,0,1,0,1,0,1,0,1,0,1
7d15dca6-276.jpg,1111.6781,419.6985,259.3365,362.8434,1,1,1,0,1,0,1,0,1,0,1,0,1
7d15dca6-276.jpg,1157.0129,701.2853,215.5616,244.3691,1,1,1,0,1,0,1,0,1,0,1,0,1
7d15dca6-276.jpg,1340.308,482.4771,186.5292,277.6366,1,1,1,0,1,0,1,0,1,0,1,0,1
7d15dca6-276.jpg,1341.1732,690.4592,192.3248,224.4343,1,1,1,0,1,0,1,0,1,0,1,0,1
7d15dca6-276.jpg,1500.3608,486.7598,142.262,242.8401,1,1,1,0,1,0,1,0,1,0,1,0,1
7d15dca6-276.jpg,1507.077,697.2242,172.9462,156.9056,1,1,1,0,1,0,1,0,1,0,1,0,1
7d15dca6-276.jpg,1613.2968,501.9711,159.1384,211.8627,2,1,1,1,1,0,1,0,1,0,1,0,1
7d15dca6-276.jpg,1750.7782,471.3469,168.9469,209.7465,1,1,1,0,1,0,1,0,1,0,1,0,1
7d15dca6-276.jpg,1664.3175,654.88,182.0316,148.2643,1,1,1,0,1,0,1,0,1,0,1,0,1
7d226e1d-72.jpg,35.6825,6.4904,338.9572,325.6121,4,1,1,1,1,1,1,1,1,0,1,0,1
7d226e1d-72.jpg,132.3252,306.0002,330.6441,343.5991,4,1,1,1,1,1,1,1,1,0,1,0,1
7d226e1d-72.jpg,258.8586,599.4612,266.1172,215.0986,2,1,1,1,1,0,1,0,1,0,1,0,1
7d226e1d-72.jpg,368.7776,776.0679,220.1457,223.0095,1,1,1,0,1,0,1,0,1,0,1,0,1
7d226e1d-72.jpg,1395.6794,776.5388,225.3486,224.4341,1,1,1,0,1,0,1,0,1,0,1,0,1
7d226e1d-72.jpg,1458.895,590.1956,263.8602,220.4052,1,1,1,0,1,0,1,0,1,0,1,0,1
7d226e1d-72.jpg,1592.637,10.293,343.074,327.2482,1,1,1,0,1,0,1,0,1,0,1,0,1
7d226e1d-72.jpg,0.0,499.11,53.0728,452.491,0,0,1,0,1,0,1,0,1,0,1,0,1
7d226e1d-72.jpg,1691.2712,0.0,235.7537,37.5444,0,0,1,0,1,0,1,0,1,0,1,0,1
7d226e1d-72.jpg,1917.989,819.4583,82.011,352.3277,0,0,1,0,1,0,1,0,1,0,1,0,1
7d226e1d-72.jpg,1908.3984,841.4432,91.5146,332.0738,0,0,1,0,1,0,1,0,1,0,1,0,1
7d226e1d-72.jpg,1679.0764,0.0,247.3373,40.962,0,0,1,0,1,0,1,0,1,0,1,0,1
7d226e1d-72.jpg,1899.8716,743.819,100.1284,453.3275,0,0,1,0,1,0,1,0,1,0,1,0,1
7d226e1d-72.jpg,1700.2344,0.0,226.2582,36.202,0,0,1,0,1,0,1,0,1,0,1,0,1
7d226e1d-72.jpg,1912.811,809.2966,87.0801,367.2249,0,0,1,0,1,0,1,0,1,0,1,0,1
7d226e1d-72.jpg,1669.6836,0.0,275.0153,47.5679,0,0,1,0,1,0,1,0,1,0,1,0,1
7d226e1d-72.jpg,1886.1677,768.3265,113.8323,430.7887,0,0,1,0,1,0,1,0,1,0,1,0,1
7d226e1d-72.jpg,1895.3148,835.0651,104.5944,343.6943,0,0,1,0,1,0,1,0,1,0,1,0,1
7d226e1d-72.jpg,0.0,518.4717,55.5372,461.527,0,0,1,0,1,0,1,0,1,0,1,0,1
7d226e1d-72.jpg,1664.1962,0.0,267.2559,51.0196,0,0,1,0,1,0,1,0,1,0,1,0,1
7d226e1d-72.jpg,1670.0233,0.0,244.5565,45.6989,0,0,1,0,1,0,1,0,1,0,1,0,1
7d226e1d-72.jpg,1900.6843,732.1316,99.3157,464.6909,0,0,1,0,1,0,1,0,1,0,1,0,1
7d226e1d-72.jpg,1674.1553,0.0755,297.9313,49.326,0,0,1,0,1,0,1,0,1,0,1,0,1
7d226e1d-72.jpg,0.0,497.0095,53.0017,420.9469,0,0,1,0,1,0,1,0,1,0,1,0,1
7d226e1d-72.jpg,1882.9277,759.3775,117.0723,436.407,0,0,1,0,1,0,1,0,1,0,1,0,1
7d226e1d-72.jpg,0.0,545.1596,59.7362,451.7247,0,0,1,0,1,0,1,0,1,0,1,0,1
7d226e1d-72.jpg,1873.6139,802.5248,126.1932,390.7384,0,0,1,0,1,0,1,0,1,0,1,0,1
7d226e1d-72.jpg,1922.0261,794.0591,77.9739,372.6964,0,0,1,0,1,0,1,0,1,0,1,0,1
7d226e1d-72.jpg,1919.405,783.9979,80.4492,385.7212,0,0,1,0,1,0,1,0,1,0,1,0,1
7d226e1d-72.jpg,1899.9031,807.5504,100.0969,374.6271,0,0,1,0,1,0,1,0,1,0,1,0,1
7d226e1d-72.jpg,1869.8672,836.7527,129.7568,356.041,0,0,1,0,1,0,1,0,1,0,1,0,1
7d226e1d-72.jpg,0.0,513.0102,48.667,473.0824,0,0,1,0,1,0,1,0,1,0,1,0,1
7d226e1d-72.jpg,0.0,516.7145,51.4854,509.8312,0,0,1,0,1,0,1,0,1,0,1,0,1
7d226e1d-72.jpg,1885.7242,831.7337,114.2113,349.7759,0,0,1,0,1,0,1,0,1,0,1,0,1
7d226e1d-72.jpg,0.0,488.7273,59.5989,442.157,0,0,1,0,1,0,1,0,1,0,1,0,1
7d226e1d-72.jpg,0.0,491.5774,63.5017,470.1831,0,0,1,0,1,0,1,0,1,0,1,0,1
7d226e1d-72.jpg,1911.5292,717.4462,88.4708,517.1208,0,0,1,0,1,0,1,0,1,0,1,0,1
7d226e1d-72.jpg,1636.282,0.0,273.526,50.274,0,0,1,0,1,0,1,0,1,0,1,0,1
7d226e1d-72.jpg,0.0,516.1399,59.2559,574.1703,0,0,1,0,1,0,1,0,1,0,1,0,1
7d226e1d-72.jpg,1662.6244,0.0,300.78,45.8123,0,0,1,0,1,0,1,0,1,0,1,0,1
7d226e1d-72.jpg,1640.0459,0.1536,282.3228,60.9046,0,0,1,0,1,0,1,0,1,0,1,0,1
7d226e1d-72.jpg,0.0,560.16,64.5526,446.257,0,0,1,0,1,0,1,0,1,0,1,0,1
7d226e1d-72.jpg,1673.0808,0.0,304.4803,43.2553,0,0,1,0,1,0,1,0,1,0,1,0,1
7d226e1d-72.jpg,1713.1199,0.0,222.6311,38.4757,0,0,1,0,1,0,1,0,1,0,1,0,1
7d226e1d-72.jpg,1670.3297,0.1025,221.4286,37.4974,0,0,1,0,1,0,1,0,1,0,1,0,1
7d226e1d-72.jpg,1922.8906,762.9908,76.9467,377.7622,0,0,1,0,1,0,1,0,1,0,1,0,1
7d226e1d-72.jpg,0.0,501.428,47.8508,445.5844,0,0,1,0,1,0,1,0,1,0,1,0,1
7d226e1d-72.jpg,1649.7548,0.0,284.6748,51.2473,0,0,1,0,1,0,1,0,1,0,1,0,1
7d226e1d-72.jpg,1867.8093,1035.137,96.1212,153.8197,0,0,1,0,1,0,1,0,1,0,1,0,1
7d226e1d-72.jpg,0.0,486.529,53.6818,380.3849,0,0,1,0,1,0,1,0,1,0,1,0,1
7d226e1d-72.jpg,1907.4009,698.6686,92.5991,535.0538,0,0,1,0,1,0,1,0,1,0,1,0,1
7d226e1d-72.jpg,1688.7142,0.0,231.1028,39.1206,0,0,1,0,1,0,1,0,1,0,1,0,1
7d226e1d-72.jpg,1684.9534,0.017,211.6141,29.1369,0,0,1,0,1,0,1,0,1,0,1,0,1
7d226e1d-72.jpg,0.0,581.6129,77.715,473.7895,0,0,1,0,1,0,1,0,1,0,1,0,1
7d226e1d-72.jpg,1655.386,0.0019,292.3668,38.154,0,0,1,0,1,0,1,0,1,0,1,0,1
7d226e1d-72.jpg,1662.1243,0.019,289.9933,36.4061,0,0,1,0,1,0,1,0,1,0,1,0,1
7d226e1d-72.jpg,0.0,556.4036,76.4321,480.7493,0,0,1,0,1,0,1,0,1,0,1,0,1
8070dcce-150.jpg,1255.4192,450.8759,181.6067,207.857,1,1,1,0,1,0,1,0,1,0,1,0,1
8070dcce-150.jpg,328.5223,453.317,140.5449,198.1996,0,0,1,0,1,0,1,0,1,0,1,0,1
8070dcce-150.jpg,1743.9694,1163.9469,256.0306,136.0531,0,0,1,0,1,0,1,0,1,0,1,0,1
82136b73-252.jpg,963.874,441.8441,297.8497,341.1019,1,1,1,0,1,0,1,0,1,0,1,0,1
82136b73-252.jpg,1213.9821,348.476,365.0435,401.2618,1,1,1,0,1,0,1,0,1,0,1,0,1
82136b73-252.jpg,1709.4139,726.5542,102.655,101.5301,1,1,1,0,1,0,1,0,1,0,1,0,1
82136b73-252.jpg,1560.8104,338.9524,349.5397,398.0893,1,1,1,0,1,0,1,0,1,0,1,0,1
82136b73-252.jpg,1943.8625,667.8224,55.6633,191.6168,0,0,1,0,1,0,1,0,1,0,1,0,1
82136b73-252.jpg,1942.4607,671.9578,57.5393,191.7515,0,0,1,0,1,0,1,0,1,0,1,0,1
82136b73-252.jpg,1943.8928,665.2781,55.4219,197.7005,0,0,1,0,1,0,1,0,1,0,1,0,1
82136b73-252.jpg,1942.5638,670.173,57.4362,183.7789,0,0,1,0,1,0,1,0,1,0,1,0,1
82136b73-252.jpg,1942.969,670.0198,57.031,191.5696,0,0,1,0,1,0,1,0,1,0,1,0,1
82136b73-252.jpg,1942.0345,658.8425,57.9655,197.73,0,0,1,0,1,0,1,0,1,0,1,0,1
82136b73-252.jpg,1941.6781,674.305,58.3219,181.2426,0,0,1,0,1,0,1,0,1,0,1,0,1
82136b73-252.jpg,1944.5536,670.1071,55.4464,187.5216,0,0,1,0,1,0,1,0,1,0,1,0,1
82136b73-252.jpg,1941.624,663.9177,58.376,203.9074,0,0,1,0,1,0,1,0,1,0,1,0,1
82136b73-252.jpg,1941.3987,670.8652,58.1809,190.0234,0,0,1,0,1,0,1,0,1,0,1,0,1
82136b73-252.jpg,1940.8976,678.0154,59.0908,180.9734,0,0,1,0,1,0,1,0,1,0,1,0,1
82136b73-252.jpg,1947.3741,659.173,52.6259,203.8171,0,0,1,0,1,0,1,0,1,0,1,0,1
82136b73-252.jpg,1942.2051,664.2454,57.7869,192.9486,0,0,1,0,1,0,1,0,1,0,1,0,1
82136b73-252.jpg,1942.4336,662.2571,57.212,193.7432,0,0,1,0,1,0,1,0,1,0,1,0,1
82136b73-252.jpg,1941.2323,694.942,58.7677,155.6833,0,0,1,0,1,0,1,0,1,0,1,0,1
82136b73-252.jpg,1945.3228,643.8938,54.6772,220.9795,0,0,1,0,1,0,1,0,1,0,1,0,1
82136b73-252.jpg,1941.6306,716.0277,58.1931,144.2352,0,0,1,0,1,0,1,0,1,0,1,0,1
82136b73-252.jpg,1941.7646,692.0662,58.1523,164.2647,0,0,1,0,1,0,1,0,1,0,1,0,1
82136b73-252.jpg,1941.8812,643.5932,58.1188,205.673,0,0,1,0,1,0,1,0,1,0,1,0,1
82136b73-252.jpg,1940.8119,692.1192,59.1118,167.4658,0,0,1,0,1,0,1,0,1,0,1,0,1
82136b73-252.jpg,1942.1074,658.4897,57.8926,215.4785,0,0,1,0,1,0,1,0,1,0,1,0,1
82136b73-252.jpg,1943.9457,697.3274,56.0543,152.3817,0,0,1,0,1,0,1,0,1,0,1,0,1
82136b73-252.jpg,1952.5662,621.9449,47.4166,181.0294,0,0,1,0,1,0,1,0,1,0,1,0,1
82136b73-252.jpg,1941.2441,655.226,58.7559,196.029,0,0,1,0,1,0,1,0,1,0,1,0,1
82136b73-252.jpg,1967.7477,627.4725,32.2523,180.1761,0,0,1,0,1,0,1,0,1,0,1,0,1
82136b73-252.jpg,1949.7471,653.0316,50.1694,197.7397,0,0,1,0,1,0,1,0,1,0,1,0,1
82136b73-252.jpg,1945.9799,659.8146,53.8639,182.3641,0,0,1,0,1,0,1,0,1,0,1,0,1
82136b73-252.jpg,1942.2554,713.6168,57.563,147.5237,0,0,1,0,1,0,1,0,1,0,1,0,1
82136b73-252.jpg,1944.9413,681.348,55.0587,186.3458,0,0,1,0,1,0,1,0,1,0,1,0,1
82136b73-252.jpg,1955.1978,658.8804,44.3954,179.8153,0,0,1,0,1,0,1,0,1,0,1,0,1
82136b73-252.jpg,1983.3689,629.4919,16.4874,152.7272,0,0,1,0,1,0,1,0,1,0,1,0,1
82136b73-252.jpg,1980.9115,650.9042,18.7091,133.3433,0,0,1,0,1,0,1,0,1,0,1,0,1
82136b73-252.jpg,1972.1901,582.0983,27.8099,219.4339,0,0,1,0,1,0,1,0,1,0,1,0,1
82136b73-252.jpg,1940.5212,657.9553,59.4788,204.1909,0,0,1,0,1,0,1,0,1,0,1,0,1
82136b73-252.jpg,1982.0347,592.3275,17.907,203.7794,0,0,1,0,1,0,1,0,1,0,1,0,1
82136b73-252.jpg,1980.8579,558.1257,19.004,243.9122,0,0,1,0,1,0,1,0,1,0,1,0,1
82136b73-252.jpg,1944.3031,666.231,55.6378,186.0205,0,0,1,0,1,0,1,0,1,0,1,0,1
82136b73-252.jpg,1944.6798,716.5161,55.2727,142.321,0,0,1,0,1,0,1,0,1,0,1,0,1
834e844f-215.jpg,158.7832,489.4639,183.639,133.369,2,1,1,1,1,0,1,0,1,0,1,0,1
834e844f-215.jpg,192.7257,416.0298,80.8587,70.8152,2,1,1,1,1,0,1,0,1,0,1,0,1
834e844f-215.jpg,266.9934,379.9637,175.7269,157.4082,2,1,1,1,1,0,1,0,1,0,1,0,1
834e844f-215.jpg,319.2981,524.3654,186.9908,167.1214,1,1,1,0,1,0,1,0,1,0,1,0,1
834e844f-215.jpg,425.6107,376.8731,147.7863,200.9963,1,1,1,0,1,0,1,0,1,0,1,0,1
834e844f-215.jpg,561.7551,392.4215,196.3817,213.3102,2,1,1,1,1,0,1,0,1,0,1,0,1
834e844f-215.jpg,496.7467,541.7222,172.0108,194.0307,1,1,1,0,1,0,1,0,1,0,1,0,1
834e844f-215.jpg,743.0668,400.2572,228.9415,207.0872,1,1,1,0,1,0,1,0,1,0,1,0,1
834e844f-215.jpg,650.7016,555.7126,201.5608,207.8829,1,1,1,0,1,0,1,0,1,0,1,0,1
834e844f-215.jpg,956.6357,385.2737,233.9615,239.1536,2,1,1,1,1,0,1,0,1,0,1,0,1
834e844f-215.jpg,1183.0411,366.4419,251.2181,285.1367,1,1,1,0,1,0,1,0,1,0,1,0,1
834e844f-215.jpg,845.1719,571.7119,188.7016,201.3409,1,1,1,0,1,0,1,0,1,0,1,0,1
834e844f-215.jpg,1034.2834,567.9079,181.0507,205.1113,1,1,1,0,1,0,1,0,1,0,1,0,1
834e844f-215.jpg,1419.7917,365.928,209.1156,263.5303,1,1,1,0,1,0,1,0,1,0,1,0,1
834e844f-215.jpg,1203.1396,601.3654,156.7697,179.6656,1,1,1,0,1,0,1,0,1,0,1,0,1
834e844f-215.jpg,1357.215,606.9795,143.1592,160.825,1,1,1,0,1,0,1,0,1,0,1,0,1
834e844f-215.jpg,1493.7869,614.2152,117.0178,142.5842,1,1,1,0,1,0,1,0,1,0,1,0,1
834e844f-215.jpg,1613.4684,383.8218,120.322,221.9543,1,1,1,0,1,0,1,0,1,0,1,0,1
834e844f-215.jpg,1599.4902,577.2627,105.967,169.8724,1,1,1,0,1,0,1,0,1,0,1,0,1
834e844f-215.jpg,1688.1334,586.4249,80.4368,141.3076,1,1,1,0,1,0,1,0,1,0,1,0,1
834e844f-215.jpg,1725.6605,363.6221,78.8765,206.182,1,1,1,0,1,0,1,0,1,0,1,0,1
842753fe-148.jpg,1619.8663,1169.8231,235.2303,130.1769,5,1,1,1,1,1,1,1,1,1,1,0,1
842753fe-148.jpg,1535.8304,908.8079,312.2582,309.3494,4,1,1,1,1,1,1,1,1,0,1,0,1
842753fe-148.jpg,1398.9047,761.5497,326.4418,308.1266,1,1,1,0,1,0,1,0,1,0,1,0,1
842753fe-148.jpg,1468.3324,564.699,297.512,217.5491,3,1,1,1,1,1,1,0,1,0,1,0,1
842753fe-148.jpg,1365.2124,373.3883,334.9358,251.8135,1,1,1,0,1,0,1,0,1,0,1,0,1
842753fe-148.jpg,1329.8789,177.0916,258.9702,261.8057,1,1,1,0,1,0,1,0,1,0,1,0,1
842753fe-148.jpg,1170.3317,142.7014,220.6638,201.9402,1,1,1,0,1,0,1,0,1,0,1,0,1
842753fe-148.jpg,1005.7758,47.9214,259.0506,235.3763,1,1,1,0,1,0,1,0,1,0,1,0,1
842753fe-148.jpg,761.8073,54.4507,255.104,242.0546,1,1,1,0,1,0,1,0,1,0,1,0,1
842753fe-148.jpg,567.4201,92.135,206.2701,209.3753,1,1,1,0,1,0,1,0,1,0,1,0,1
842753fe-148.jpg,375.6994,169.1362,277.9792,249.1995,1,1,1,0,1,0,1,0,1,0,1,0,1
842753fe-148.jpg,290.136,359.0648,311.8235,248.8792,1,1,1,0,1,0,1,0,1,0,1,0,1
842753fe-148.jpg,264.4471,564.7495,300.6434,217.0776,1,1,1,0,1,0,1,0,1,0,1,0,1
842753fe-148.jpg,202.6538,737.6852,323.358,307.1855,4,1,1,1,1,1,1,1,1,0,1,0,1
842753fe-148.jpg,124.1842,971.7974,329.0266,296.2822,5,1,1,1,1,1,1,1,1,1,1,0,1
842753fe-148.jpg,133.0594,1222.8574,234.9447,76.1039,5,1,1,1,1,1,1,1,1,1,1,0,1
842753fe-148.jpg,1936.2406,571.1318,63.7594,420.3728,0,0,1,0,1,0,1,0,1,0,1,0,1
842753fe-148.jpg,1938.4816,579.9923,61.5184,431.0676,0,0,1,0,1,0,1,0,1,0,1,0,1
842753fe-148.jpg,1939.5114,584.8819,60.4886,419.3062,0,0,1,0,1,0,1,0,1,0,1,0,1
842753fe-148.jpg,1934.6866,557.2954,65.3134,438.6781,0,0,1,0,1,0,1,0,1,0,1,0,1
842753fe-148.jpg,1506.4039,0.2037,231.0466,32.2153,0,0,1,0,1,0,1,0,1,0,1,0,1
842753fe-148.jpg,1939.1102,559.3518,60.8898,401.881,0,0,1,0,1,0,1,0,1,0,1,0,1
842753fe-148.jpg,1937.5696,547.5733,62.4304,416.7629,0,0,1,0,1,0,1,0,1,0,1,0,1
842753fe-148.jpg,90.5291,1172.924,444.3459,127.076,0,0,1,0,1,0,1,0,1,0,1,0,1
842753fe-148.jpg,1492.7413,0.1611,209.7194,26.4157,0,0,1,0,1,0,1,0,1,0,1,0,1
842753fe-148.jpg,1930.7793,572.9443,69.2207,397.2188,0,0,1,0,1,0,1,0,1,0,1,0,1
842753fe-148.jpg,1489.8362,0.1771,219.0944,32.3758,0,0,1,0,1,0,1,0,1,0,1,0,1
842753fe-148.jpg,1929.3385,550.244,70.6615,422.0976,0,0,1,0,1,0,1,0,1,0,1,0,1
842753fe-148.jpg,1497.8158,0.1522,197.8474,27.4275,0,0,1,0,1,0,1,0,1,0,1,0,1
842753fe-148.jpg,1506.2119,0.1928,211.3403,29.5914,0,0,1,0,1,0,1,0,1,0,1,0,1
842753fe-148.jpg,1464.5358,0.0,338.2667,34.7359,0,0,1,0,1,0,1,0,1,0,1,0,1
842753fe-148.jpg,245.6433,1268.1149,196.8656,31.8851,0,0,1,0,1,0,1,0,1,0,1,0,1
842753fe-148.jpg,240.2537,1262.0165,221.7324,37.9711,0,0,1,0,1,0,1,0,1,0,1,0,1
842753fe-148.jpg,1938.7516,605.2653,61.2484,390.2481,0,0,1,0,1,0,1,0,1,0,1,0,1
842753fe-148.jpg,0.0,0.0195,126.5095,21.2912,0,0,1,0,1,0,1,0,1,0,1,0,1
842753fe-148.jpg,0.0,0.1314,133.494,21.4165,0,0,1,0,1,0,1,0,1,0,1,0,1
842753fe-148.jpg,1948.7535,613.8945,51.2465,351.6512,0,0,1,0,1,0,1,0,1,0,1,0,1
842753fe-148.jpg,256.0779,1263.264,241.5919,36.736,0,0,1,0,1,0,1,0,1,0,1,0,1
842753fe-148.jpg,1516.9568,0.1986,266.0653,33.42,0,0,1,0,1,0,1,0,1,0,1,0,1
842753fe-148.jpg,1937.5782,600.9165,62.4218,394.1245,0,0,1,0,1,0,1,0,1,0,1,0,1
842753fe-148.jpg,0.0,0.131,138.118,27.9688,0,0,1,0,1,0,1,0,1,0,1,0,1
842753fe-148.jpg,1532.4336,1289.0,467.5664,11.0,0,0,1,0,1,0,1,0,1,0,1,0,1
842753fe-148.jpg,1514.3439,0.2299,251.2462,30.5189,0,0,1,0,1,0,1,0,1,0,1,0,1
842753fe-148.jpg,1486.5864,0.0612,223.8704,25.7996,0,0,1,0,1,0,1,0,1,0,1,0,1
842753fe-148.jpg,1622.7621,1279.485,316.7419,20.515,0,0,1,0,1,0,1,0,1,0,1,0,1
842753fe-148.jpg,1479.9429,0.0,335.7944,35.2676,0,0,1,0,1,0,1,0,1,0,1,0,1
842753fe-148.jpg,223.7644,1270.0354,210.3461,29.9646,0,0,1,0,1,0,1,0,1,0,1,0,1
842753fe-148.jpg,1933.4387,535.7976,66.5613,453.9305,0,0,1,0,1,0,1,0,1,0,1,0,1
842753fe-148.jpg,0.0,0.0674,127.9872,23.8231,0,0,1,0,1,0,1,0,1,0,1,0,1
842753fe-148.jpg,1948.2872,633.0649,51.7128,349.8123,0,0,1,0,1,0,1,0,1,0,1,0,1
842753fe-148.jpg,1469.7592,0.0,249.1323,32.6823,0,0,1,0,1,0,1,0,1,0,1,0,1
842753fe-148.jpg,0.0,0.1059,141.9612,28.3357,0,0,1,0,1,0,1,0,1,0,1,0,1
842753fe-148.jpg,1948.8323,595.1977,51.1677,356.7846,0,0,1,0,1,0,1,0,1,0,1,0,1
842753fe-148.jpg,0.0,0.0012,151.016,20.8604,0,0,1,0,1,0,1,0,1,0,1,0,1
842753fe-148.jpg,1938.6838,592.5811,61.3162,377.9674,0,0,1,0,1,0,1,0,1,0,1,0,1
842753fe-148.jpg,262.3034,1268.2228,201.3613,31.7772,0,0,1,0,1,0,1,0,1,0,1,0,1
842753fe-148.jpg,0.0,696.0923,111.5969,302.8373,0,0,1,0,1,0,1,0,1,0,1,0,1
842753fe-148.jpg,1518.9023,0.1442,269.0129,31.0632,0,0,1,0,1,0,1,0,1,0,1,0,1
842753fe-148.jpg,217.8104,1261.9589,242.1811,38.0411,0,0,1,0,1,0,1,0,1,0,1,0,1
842753fe-148.jpg,1955.0863,632.5208,44.8341,309.0227,0,0,1,0,1,0,1,0,1,0,1,0,1
842753fe-148.jpg,1516.8138,0.2073,250.2957,31.1228,0,0,1,0,1,0,1,0,1,0,1,0,1
85afd91b-195.jpg,82.5057,0.4759,283.3223,192.2193,4,1,1,1,1,1,1,1,1,0,1,0,1
85afd91b-195.jpg,223.3671,557.9649,233.9884,267.4403,1,1,1,0,1,0,1,0,1,0,1,0,1
85afd91b-195.jpg,804.7853,1090.8973,155.6893,156.624,1,1,1,0,1,0,1,0,1,0,1,0,1
85afd91b-195.jpg,1451.906,678.6968,236.9688,239.1644,3,1,1,1,1,1,1,0,1,0,1,0,1
85afd91b-195.jpg,1550.8125,95.9642,320.1893,339.8618,2,1,1,1,1,0,1,0,1,0,1,0,1
85afd91b-195.jpg,1635.5166,0.0011,299.2687,120.3558,1,1,1,0,1,0,1,0,1,0,1,0,1
85afd91b-195.jpg,0.0805,478.9307,135.2767,458.5956,0,0,1,0,1,0,1,0,1,0,1,0,1
85afd91b-195.jpg,0.5345,532.9744,136.5127,352.6956,0,0,1,0,1,0,1,0,1,0,1,0,1
85afd91b-195.jpg,0.3215,561.3942,139.6006,333.5331,0,0,1,0,1,0,1,0,1,0,1,0,1
85afd91b-195.jpg,0.3895,498.5857,135.3701,383.07,0,0,1,0,1,0,1,0,1,0,1,0,1
85afd91b-195.jpg,0.0,423.9876,138.7249,483.1397,0,0,1,0,1,0,1,0,1,0,1,0,1
85afd91b-195.jpg,0.0,74.1124,74.4242,468.2972,0,0,1,0,1,0,1,0,1,0,1,0,1
85afd91b-195.jpg,0.0658,455.6555,135.3289,474.2386,0,0,1,0,1,0,1,0,1,0,1,0,1
85afd91b-195.jpg,0.4467,434.7492,140.5683,469.1189,0,0,1,0,1,0,1,0,1,0,1,0,1
85afd91b-195.jpg,0.0,376.7678,133.9028,525.4657,0,0,1,0,1,0,1,0,1,0,1,0,1
85afd91b-195.jpg,0.0,83.7153,76.8128,479.8526,0,0,1,0,1,0,1,0,1,0,1,0,1
85afd91b-195.jpg,0.0273,422.694,132.8879,481.3564,0,0,1,0,1,0,1,0,1,0,1,0,1
85afd91b-195.jpg,0.0441,462.5243,142.9141,446.6352,0,0,1,0,1,0,1,0,1,0,1,0,1
85afd91b-195.jpg,0.0,43.9573,91.7589,623.553,0,0,1,0,1,0,1,0,1,0,1,0,1
85afd91b-195.jpg,0.0,12.0549,90.3684,608.5372,0,0,1,0,1,0,1,0,1,0,1,0,1
85afd91b-195.jpg,0.0,395.7918,136.5551,501.606,0,0,1,0,1,0,1,0,1,0,1,0,1
85afd91b-195.jpg,0.0,65.1186,76.3051,477.2162,0,0,1,0,1,0,1,0,1,0,1,0,1
85afd91b-195.jpg,0.0768,388.0671,139.7056,512.0623,0,0,1,0,1,0,1,0,1,0,1,0,1
85afd91b-195.jpg,0.0,0.0,88.9312,638.9854,0,0,1,0,1,0,1,0,1,0,1,0,1
85afd91b-195.jpg,0.0,93.3937,77.1788,471.0857,0,0,1,0,1,0,1,0,1,0,1,0,1
85afd91b-195.jpg,0.0,0.0,104.5144,622.5038,0,0,1,0,1,0,1,0,1,0,1,0,1
85afd91b-195.jpg,0.0,35.0983,104.0179,654.3259,0,0,1,0,1,0,1,0,1,0,1,0,1
85afd91b-195.jpg,0.0,48.9424,72.2695,467.2292,0,0,1,0,1,0,1,0,1,0,1,0,1
85afd91b-195.jpg,0.0,38.7593,76.1705,477.5538,0,0,1,0,1,0,1,0,1,0,1,0,1
85afd91b-195.jpg,0.0,109.5692,77.744,481.5709,0,0,1,0,1,0,1,0,1,0,1,0,1
85afd91b-195.jpg,0.0,351.4646,128.6378,567.7223,0,0,1,0,1,0,1,0,1,0,1,0,1
85afd91b-195.jpg,0.1249,0.0,72.6247,186.5477,0,0,1,0,1,0,1,0,1,0,1,0,1
85afd91b-195.jpg,0.0,136.1464,79.2093,480.1821,0,0,1,0,1,0,1,0,1,0,1,0,1
85afd91b-195.jpg,0.0,0.0,70.1644,273.9745,0,0,1,0,1,0,1,0,1,0,1,0,1
85afd91b-195.jpg,0.0,313.602,123.4415,667.4714,0,0,1,0,1,0,1,0,1,0,1,0,1
85afd91b-195.jpg,0.0,405.6139,127.8832,471.2282,0,0,1,0,1,0,1,0,1,0,1,0,1
85afd91b-195.jpg,0.973,0.0,107.0697,241.8076,0,0,1,0,1,0,1,0,1,0,1,0,1
85afd91b-195.jpg,0.0,0.0,41.1226,274.1053,0,0,1,0,1,0,1,0,1,0,1,0,1
85afd91b-195.jpg,0.0,0.0,107.5209,643.3054,0,0,1,0,1,0,1,0,1,0,1,0,1
85afd91b-195.jpg,0.0,465.2827,145.498,441.1351,0,0,1,0,1,0,1,0,1,0,1,0,1
85afd91b-195.jpg,0.0,85.849,96.0385,603.0342,0,0,1,0,1,0,1,0,1,0,1,0,1
85afd91b-195.jpg,0.0,0.0,86.6681,613.9261,0,0,1,0,1,0,1,0,1,0,1,0,1
85afd91b-195.jpg,1925.512,967.6317,74.488,332.3683,0,0,1,0,1,0,1,0,1,0,1,0,1
85afd91b-195.jpg,1926.8677,937.4655,73.1323,362.5345,0,0,1,0,1,0,1,0,1,0,1,0,1
85afd91b-195.jpg,0.0,500.9116,143.766,384.0621,0,0,1,0,1,0,1,0,1,0,1,0,1
85afd91b-195.jpg,1911.9808,1036.6007,88.0192,263.3993,0,0,1,0,1,0,1,0,1,0,1,0,1
85afd91b-195.jpg,1915.9657,1028.1429,84.0343,271.8571,0,0,1,0,1,0,1,0,1,0,1,0,1
85afd91b-195.jpg,0.0,0.0,68.3483,197.5592,0,0,1,0,1,0,1,0,1,0,1,0,1
85afd91b-195.jpg,0.0,14.6023,75.9936,473.9006,0,0,1,0,1,0,1,0,1,0,1,0,1
85afd91b-195.jpg,0.0,25.0282,70.1608,463.6144,0,0,1,0,1,0,1,0,1,0,1,0,1
85afd91b-195.jpg,1908.0167,1049.8864,91.9833,250.1136,0,0,1,0,1,0,1,0,1,0,1,0,1
85afd91b-195.jpg,1930.1825,935.5662,69.8175,364.4338,0,0,1,0,1,0,1,0,1,0,1,0,1
85afd91b-195.jpg,0.1757,0.0,68.6585,233.3529,0,0,1,0,1,0,1,0,1,0,1,0,1
85afd91b-195.jpg,1923.1224,991.1272,76.8776,308.8728,0,0,1,0,1,0,1,0,1,0,1,0,1
85afd91b-195.jpg,1929.8699,926.6697,70.1301,373.3303,0,0,1,0,1,0,1,0,1,0,1,0,1
85afd91b-195.jpg,1920.4949,999.6738,79.5051,300.3262,0,0,1,0,1,0,1,0,1,0,1,0,1
86324d62-226.jpg,118.4816,699.7397,181.7136,193.9152,1,1,1,0,1,0,1,0,1,0,1,0,1
86324d62-226.jpg,285.9576,419.1626,256.056,324.7218,1,1,1,0,1,0,1,0,1,0,1,0,1
86324d62-226.jpg,518.8539,386.2209,299.2944,365.5139,1,1,1,0,1,0,1,0,1,0,1,0,1
86324d62-226.jpg,1049.6788,362.3708,274.9637,329.3091,1,1,1,0,1,0,1,0,1,0,1,0,1
86324d62-226.jpg,1520.8127,616.0132,227.7413,189.8776,3,1,1,1,1,1,1,0,1,0,1,0,1
86324d62-226.jpg,1646.6774,444.319,150.7191,175.6137,3,1,1,1,1,1,1,0,1,0,1,0,1
86ec4e76-44.jpg,165.92,447.5004,236.9723,203.5837,1,1,1,0,1,0,1,0,1,0,1,0,1
86ec4e76-44.jpg,11.4979,412.4691,175.0842,167.2517,1,1,1,0,1,0,1,0,1,0,1,0,1
86ec4e76-44.jpg,1311.8123,0.033,463.9877,125.1941,0,0,1,0,1,0,1,0,1,0,1,0,1
86ec4e76-44.jpg,1311.7932,0.0484,480.1067,123.2442,0,0,1,0,1,0,1,0,1,0,1,0,1
86ec4e76-44.jpg,0.0,0.0,0.0,239.4649,0,0,1,0,1,0,1,0,1,0,1,0,1
86ec4e76-44.jpg,1785.6331,0.2536,214.3669,44.283,0,0,1,0,1,0,1,0,1,0,1,0,1
86ec4e76-44.jpg,1147.1951,1261.0995,186.9564,38.9005,0,0,1,0,1,0,1,0,1,0,1,0,1
86ec4e76-44.jpg,1320.0918,0.0,491.2472,124.1298,0,0,1,0,1,0,1,0,1,0,1,0,1
86ec4e76-44.jpg,1128.8877,1257.504,206.7379,42.496,0,0,1,0,1,0,1,0,1,0,1,0,1
86ec4e76-44.jpg,1254.464,0.0128,594.6832,129.6622,0,0,1,0,1,0,1,0,1,0,1,0,1
86ec4e76-44.jpg,1263.3481,0.0,585.4004,129.6725,0,0,1,0,1,0,1,0,1,0,1,0,1
86ec4e76-44.jpg,1167.0684,0.0673,159.9886,28.3125,0,0,1,0,1,0,1,0,1,0,1,0,1
86ec4e76-44.jpg,1802.4628,0.205,197.5372,44.4265,0,0,1,0,1,0,1,0,1,0,1,0,1
86ec4e76-44.jpg,1481.9142,0.1632,518.0858,96.0365,0,0,1,0,1,0,1,0,1,0,1,0,1
86ec4e76-44.jpg,0.0,0.0,27.7496,242.5051,0,0,1,0,1,0,1,0,1,0,1,0,1
86ec4e76-44.jpg,1229.8368,0.1132,132.5558,23.1453,0,0,1,0,1,0,1,0,1,0,1,0,1
86ec4e76-44.jpg,1693.9216,1103.4604,306.0784,196.5396,0,0,1,0,1,0,1,0,1,0,1,0,1
86ec4e76-44.jpg,847.1727,0.0,504.1446,88.3995,0,0,1,0,1,0,1,0,1,0,1,0,1
86ec4e76-44.jpg,911.9833,0.0725,369.7544,62.7335,0,0,1,0,1,0,1,0,1,0,1,0,1
86ec4e76-44.jpg,1155.5728,1264.3425,187.2474,35.6575,0,0,1,0,1,0,1,0,1,0,1,0,1
86ec4e76-44.jpg,1298.4829,0.0,432.7139,125.4246,0,0,1,0,1,0,1,0,1,0,1,0,1
86ec4e76-44.jpg,1459.1699,1270.3794,235.1196,29.6206,0,0,1,0,1,0,1,0,1,0,1,0,1
86ec4e76-44.jpg,1282.2859,0.083,482.682,123.0193,0,0,1,0,1,0,1,0,1,0,1,0,1
86ec4e76-44.jpg,1434.6681,0.0659,565.3319,101.5913,0,0,1,0,1,0,1,0,1,0,1,0,1
86ec4e76-44.jpg,1272.1555,0.0,546.3896,128.9493,0,0,1,0,1,0,1,0,1,0,1,0,1
86ec4e76-44.jpg,1169.5343,0.1107,172.929,24.1001,0,0,1,0,1,0,1,0,1,0,1,0,1
86ec4e76-44.jpg,1144.4252,1268.8527,202.3324,31.1473,0,0,1,0,1,0,1,0,1,0,1,0,1
86ec4e76-44.jpg,1207.9889,0.0,144.5294,45.1212,0,0,1,0,1,0,1,0,1,0,1,0,1
86ec4e76-44.jpg,1164.0317,0.1082,158.7205,33.5563,0,0,1,0,1,0,1,0,1,0,1,0,1
86ec4e76-44.jpg,1132.8049,1260.4944,277.1414,39.5056,0,0,1,0,1,0,1,0,1,0,1,0,1
86ec4e76-44.jpg,1278.4078,0.0307,591.8324,129.2876,0,0,1,0,1,0,1,0,1,0,1,0,1
86ec4e76-44.jpg,1318.4115,0.0,510.8376,123.874,0,0,1,0,1,0,1,0,1,0,1,0,1
86ec4e76-44.jpg,1480.0928,0.0,519.9072,107.4603,0,0,1,0,1,0,1,0,1,0,1,0,1
86ec4e76-44.jpg,0.0,0.0,0.0,271.0857,0,0,1,0,1,0,1,0,1,0,1,0,1
86ec4e76-44.jpg,1144.4155,1259.1578,205.8066,40.8422,0,0,1,0,1,0,1,0,1,0,1,0,1
86ec4e76-44.jpg,1629.9532,1108.6649,370.0468,190.9939,0,0,1,0,1,0,1,0,1,0,1,0,1
86ec4e76-44.jpg,1525.5831,1270.3851,239.5481,29.6149,0,0,1,0,1,0,1,0,1,0,1,0,1
86ec4e76-44.jpg,1286.6414,0.0,586.2227,128.7749,0,0,1,0,1,0,1,0,1,0,1,0,1
86ec4e76-44.jpg,1156.4438,1274.8545,251.5938,25.1455,0,0,1,0,1,0,1,0,1,0,1,0,1
86ec4e76-44.jpg,1136.4183,1262.369,303.3558,37.631,0,0,1,0,1,0,1,0,1,0,1,0,1
86ec4e76-44.jpg,1149.8088,1263.1348,179.5258,36.8652,0,0,1,0,1,0,1,0,1,0,1,0,1
86ec4e76-44.jpg,1540.0898,1270.3945,238.9866,29.6055,0,0,1,0,1,0,1,0,1,0,1,0,1
86ec4e76-44.jpg,826.3177,0.0888,516.1369,88.6528,0,0,1,0,1,0,1,0,1,0,1,0,1
86ec4e76-44.jpg,1278.1962,0.0,491.2008,127.9968,0,0,1,0,1,0,1,0,1,0,1,0,1
86ec4e76-44.jpg,1302.2295,0.0,426.908,123.5734,0,0,1,0,1,0,1,0,1,0,1,0,1
86ec4e76-44.jpg,926.7919,0.0,381.9791,64.0706,0,0,1,0,1,0,1,0,1,0,1,0,1
86ec4e76-44.jpg,1420.3192,1261.9303,412.0623,38.0697,0,0,1,0,1,0,1,0,1,0,1,0,1
86ec4e76-44.jpg,1506.5443,1270.7394,244.7258,29.2606,0,0,1,0,1,0,1,0,1,0,1,0,1
86ec4e76-44.jpg,797.7052,0.0887,553.561,90.9122,0,0,1,0,1,0,1,0,1,0,1,0,1
86ec4e76-44.jpg,1281.3374,0.0,482.4415,128.5207,0,0,1,0,1,0,1,0,1,0,1,0,1
86ec4e76-44.jpg,1300.4137,0.0,586.7666,126.8899,0,0,1,0,1,0,1,0,1,0,1,0,1
86ec4e76-44.jpg,936.3249,0.0,382.5031,66.6373,0,0,1,0,1,0,1,0,1,0,1,0,1
873bc351-213.jpg,91.5226,355.8845,64.3779,169.0845,1,1,1,0,1,0,1,0,1,0,1,0,1
873bc351-213.jpg,130.5965,358.0915,91.7528,195.4818,1,1,1,0,1,0,1,0,1,0,1,0,1
873bc351-213.jpg,202.2299,357.4295,150.3662,220.8458,1,1,1,0,1,0,1,0,1,0,1,0,1
873bc351-213.jpg,220.8745,542.6212,140.5027,192.6683,1,1,1,0,1,0,1,0,1,0,1,0,1
873bc351-213.jpg,312.2654,352.1019,186.7853,221.3964,1,1,1,0,1,0,1,0,1,0,1,0,1
873bc351-213.jpg,313.4027,556.142,159.6609,211.8168,1,1,1,0,1,0,1,0,1,0,1,0,1
873bc351-213.jpg,473.0279,333.8267,230.8287,255.8093,2,1,1,1,1,0,1,0,1,0,1,0,1
873bc351-213.jpg,451.2182,547.9098,171.0362,230.3458,1,1,1,0,1,0,1,0,1,0,1,0,1
873bc351-213.jpg,608.576,528.751,185.4926,246.8567,1,1,1,0,1,0,1,0,1,0,1,0,1
873bc351-213.jpg,695.0927,306.0961,292.5187,318.6572,1,1,1,0,1,0,1,0,1,0,1,0,1
873bc351-213.jpg,970.3928,299.4061,280.2654,301.3674,1,1,1,0,1,0,1,0,1,0,1,0,1
873bc351-213.jpg,1238.1069,315.8684,221.2017,261.2392,1,1,1,0,1,0,1,0,1,0,1,0,1
873bc351-213.jpg,1309.4659,536.4167,185.1615,231.1787,1,1,1,0,1,0,1,0,1,0,1,0,1
873bc351-213.jpg,1442.7426,302.6649,175.2875,245.417,1,1,1,0,1,0,1,0,1,0,1,0,1
873bc351-213.jpg,1461.5387,528.5661,191.8541,216.1026,1,1,1,0,1,0,1,0,1,0,1,0,1
873bc351-213.jpg,1589.7648,317.1612,140.1726,226.2177,1,1,1,0,1,0,1,0,1,0,1,0,1
873bc351-213.jpg,1715.4667,302.2244,156.5406,179.0406,5,1,1,1,1,1,1,1,1,1,1,0,1
873bc351-213.jpg,1704.6038,475.8013,154.8687,190.1113,2,1,1,1,1,0,1,0,1,0,1,0,1
873bc351-213.jpg,78.4643,507.7148,93.0505,95.3826,0,0,1,0,1,0,1,0,1,0,1,0,1
873bc351-213.jpg,79.3409,510.026,91.8569,96.3183,0,0,1,0,1,0,1,0,1,0,1,0,1
873bc351-213.jpg,79.6563,508.6849,92.9125,94.7498,0,0,1,0,1,0,1,0,1,0,1,0,1
87762cf5-232.jpg,894.7188,482.6954,225.683,246.6528,3,1,1,1,1,1,1,0,1,0,1,0,1
87762cf5-232.jpg,10.9451,546.0973,147.1172,501.3932,0,0,1,0,1,0,1,0,1,0,1,0,1
87762cf5-232.jpg,7.2809,544.4564,148.1473,498.9404,0,0,1,0,1,0,1,0,1,0,1,0,1
87762cf5-232.jpg,4.9993,525.0148,145.9557,511.62,0,0,1,0,1,0,1,0,1,0,1,0,1
87762cf5-232.jpg,17.629,611.4603,138.724,439.1832,0,0,1,0,1,0,1,0,1,0,1,0,1
87762cf5-232.jpg,0.9178,540.1869,154.0804,512.7639,0,0,1,0,1,0,1,0,1,0,1,0,1
87762cf5-232.jpg,19.9757,623.5499,139.3416,424.4875,0,0,1,0,1,0,1,0,1,0,1,0,1
87762cf5-232.jpg,3.2665,541.6946,156.6821,507.8564,0,0,1,0,1,0,1,0,1,0,1,0,1
87762cf5-232.jpg,0.6955,522.9078,147.2458,525.004,0,0,1,0,1,0,1,0,1,0,1,0,1
87762cf5-232.jpg,2.6645,524.8896,140.6567,488.0153,0,0,1,0,1,0,1,0,1,0,1,0,1
87762cf5-232.jpg,0.8713,523.0275,135.4847,502.8111,0,0,1,0,1,0,1,0,1,0,1,0,1
87762cf5-232.jpg,22.0539,659.2642,135.2732,385.2573,0,0,1,0,1,0,1,0,1,0,1,0,1
87762cf5-232.jpg,18.282,644.0411,138.4938,405.2849,0,0,1,0,1,0,1,0,1,0,1,0,1
87762cf5-232.jpg,0.5978,747.0442,54.5658,299.7688,0,0,1,0,1,0,1,0,1,0,1,0,1
87762cf5-232.jpg,0.1747,539.264,71.1291,523.6019,0,0,1,0,1,0,1,0,1,0,1,0,1
87762cf5-232.jpg,14.9609,606.2026,141.9025,453.0377,0,0,1,0,1,0,1,0,1,0,1,0,1
87762cf5-232.jpg,0.9296,634.0311,53.6334,421.6125,0,0,1,0,1,0,1,0,1,0,1,0,1
87762cf5-232.jpg,16.2664,586.543,138.5724,462.8891,0,0,1,0,1,0,1,0,1,0,1,0,1
87762cf5-232.jpg,15.0956,638.4775,142.2808,419.3726,0,0,1,0,1,0,1,0,1,0,1,0,1
87762cf5-232.jpg,0.0,537.0894,101.6456,531.2888,0,0,1,0,1,0,1,0,1,0,1,0,1
87762cf5-232.jpg,14.4757,554.1536,143.6073,493.8085,0,0,1,0,1,0,1,0,1,0,1,0,1
87762cf5-232.jpg,18.7638,677.7971,138.163,364.3654,0,0,1,0,1,0,1,0,1,0,1,0,1
87762cf5-232.jpg,22.9087,694.8549,133.0415,346.3777,0,0,1,0,1,0,1,0,1,0,1,0,1
87762cf5-232.jpg,7.9961,557.3195,139.2438,456.5372,0,0,1,0,1,0,1,0,1,0,1,0,1
87762cf5-232.jpg,6.4855,540.7274,155.1484,509.4782,0,0,1,0,1,0,1,0,1,0,1,0,1
87762cf5-232.jpg,4.0428,552.2619,141.5622,461.7769,0,0,1,0,1,0,1,0,1,0,1,0,1
87762cf5-232.jpg,2.2829,554.6922,139.9213,435.8455,0,0,1,0,1,0,1,0,1,0,1,0,1
87762cf5-232.jpg,0.7528,544.1291,55.6435,514.8273,0,0,1,0,1,0,1,0,1,0,1,0,1
87762cf5-232.jpg,0.0,523.2454,111.6752,540.6101,0,0,1,0,1,0,1,0,1,0,1,0,1
87762cf5-232.jpg,0.6239,520.2617,125.9276,452.1973,0,0,1,0,1,0,1,0,1,0,1,0,1
87762cf5-232.jpg,0.0916,549.3383,143.4595,461.7141,0,0,1,0,1,0,1,0,1,0,1,0,1
87762cf5-232.jpg,0.0,551.1758,140.9527,438.9824,0,0,1,0,1,0,1,0,1,0,1,0,1
87762cf5-232.jpg,1.6803,535.5033,137.0534,420.272,0,0,1,0,1,0,1,0,1,0,1,0,1
87762cf5-232.jpg,0.0,524.1777,113.3895,514.6898,0,0,1,0,1,0,1,0,1,0,1,0,1
87762cf5-232.jpg,823.3085,715.7417,50.2369,103.3002,0,0,1,0,1,0,1,0,1,0,1,0,1
87762cf5-232.jpg,17.187,542.5339,168.1223,485.6221,0,0,1,0,1,0,1,0,1,0,1,0,1
87762cf5-232.jpg,0.0,807.9046,60.0994,251.291,0,0,1,0,1,0,1,0,1,0,1,0,1
87762cf5-232.jpg,17.1853,542.3105,150.0313,492.9672,0,0,1,0,1,0,1,0,1,0,1,0,1
87762cf5-232.jpg,0.0374,734.5145,60.7013,325.8727,0,0,1,0,1,0,1,0,1,0,1,0,1
87762cf5-232.jpg,0.0,653.4691,61.6897,410.3666,0,0,1,0,1,0,1,0,1,0,1,0,1
87762cf5-232.jpg,5.127,559.1261,137.8366,425.7474,0,0,1,0,1,0,1,0,1,0,1,0,1
87762cf5-232.jpg,0.0,687.3087,61.4549,370.6035,0,0,1,0,1,0,1,0,1,0,1,0,1
87762cf5-232.jpg,0.0,520.2397,117.6952,449.9798,0,0,1,0,1,0,1,0,1,0,1,0,1
87762cf5-232.jpg,0.0,781.7894,56.4066,261.6577,0,0,1,0,1,0,1,0,1,0,1,0,1
87762cf5-232.jpg,0.3178,806.1957,56.0859,242.647,0,0,1,0,1,0,1,0,1,0,1,0,1
87762cf5-232.jpg,0.0,830.5137,54.6289,207.5167,0,0,1,0,1,0,1,0,1,0,1,0,1
87762cf5-232.jpg,107.3979,517.7397,337.3455,467.4379,0,0,1,0,1,0,1,0,1,0,1,0,1
87762cf5-232.jpg,822.6674,719.215,50.8114,133.2864,0,0,1,0,1,0,1,0,1,0,1,0,1
87762cf5-232.jpg,0.4858,796.8538,58.4775,256.8474,0,0,1,0,1,0,1,0,1,0,1,0,1
87762cf5-232.jpg,17.743,671.7928,141.1962,370.1163,0,0,1,0,1,0,1,0,1,0,1,0,1
87762cf5-232.jpg,824.2897,719.5723,48.2041,91.5394,0,0,1,0,1,0,1,0,1,0,1,0,1
87be61d5-135.jpg,211.8418,474.6527,231.0538,173.5049,2,1,1,1,1,0,1,0,1,0,1,0,1
87be61d5-135.jpg,116.1822,543.7258,254.7062,126.7532,2,1,1,1,1,0,1,0,1,0,1,0,1
87be61d5-135.jpg,435.39,475.434,273.1768,215.9866,2,1,1,1,1,0,1,0,1,0,1,0,1
87be61d5-135.jpg,330.7091,643.5009,232.1522,104.4407,2,1,1,1,1,0,1,0,1,0,1,0,1
87be61d5-135.jpg,538.6039,656.4225,266.9113,219.0366,4,1,1,1,1,1,1,1,1,0,1,0,1
87be61d5-135.jpg,1030.4005,554.6944,225.9965,267.5579,4,1,1,1,1,1,1,1,1,0,1,0,1
87be61d5-135.jpg,1602.3508,574.6775,192.8447,257.3034,4,1,1,1,1,1,1,1,1,0,1,0,1
87be61d5-135.jpg,1.6431,586.5494,83.8384,146.1116,0,0,1,0,1,0,1,0,1,0,1,0,1
87be61d5-135.jpg,0.0,572.9802,88.9082,145.4971,0,0,1,0,1,0,1,0,1,0,1,0,1
87be61d5-135.jpg,116.3133,547.7219,101.2466,71.1198,0,0,1,0,1,0,1,0,1,0,1,0,1
87be61d5-135.jpg,0.0,610.451,84.7675,115.2371,0,0,1,0,1,0,1,0,1,0,1,0,1
87be61d5-135.jpg,190.3591,622.2985,179.7159,53.2191,0,0,1,0,1,0,1,0,1,0,1,0,1
87be61d5-135.jpg,1.7517,623.0357,73.0258,113.3002,0,0,1,0,1,0,1,0,1,0,1,0,1
87be61d5-135.jpg,184.2344,623.2432,178.7993,52.2161,0,0,1,0,1,0,1,0,1,0,1,0,1
87be61d5-135.jpg,174.9902,621.68,190.6749,52.9103,0,0,1,0,1,0,1,0,1,0,1,0,1
87be61d5-135.jpg,116.658,545.8121,101.4744,76.3662,0,0,1,0,1,0,1,0,1,0,1,0,1
87be61d5-135.jpg,116.0561,548.7592,104.2632,84.8344,0,0,1,0,1,0,1,0,1,0,1,0,1
87be61d5-135.jpg,223.4615,621.5059,146.1655,54.4954,0,0,1,0,1,0,1,0,1,0,1,0,1
87be61d5-135.jpg,116.3592,546.5372,102.7593,78.141,0,0,1,0,1,0,1,0,1,0,1,0,1
87be61d5-135.jpg,2.9399,626.8915,63.2925,107.9951,0,0,1,0,1,0,1,0,1,0,1,0,1
87be61d5-135.jpg,172.7223,621.9137,185.3588,52.6869,0,0,1,0,1,0,1,0,1,0,1,0,1
87be61d5-135.jpg,0.0,0.0,0.0,237.5182,0,0,1,0,1,0,1,0,1,0,1,0,1
87be61d5-135.jpg,0.0,0.0,29.3599,251.3067,0,0,1,0,1,0,1,0,1,0,1,0,1
87be61d5-135.jpg,17.3846,0.1652,162.7173,32.4597,0,0,1,0,1,0,1,0,1,0,1,0,1
87be61d5-135.jpg,228.9768,621.5157,141.7096,54.1792,0,0,1,0,1,0,1,0,1,0,1,0,1
87be61d5-135.jpg,1.831,547.1846,89.1492,177.9309,0,0,1,0,1,0,1,0,1,0,1,0,1
87be61d5-135.jpg,116.0703,548.4269,100.6336,74.7961,0,0,1,0,1,0,1,0,1,0,1,0,1
87be61d5-135.jpg,201.4927,621.0417,152.5969,56.1438,0,0,1,0,1,0,1,0,1,0,1,0,1
87be61d5-135.jpg,19.1581,0.1356,154.6652,31.4655,0,0,1,0,1,0,1,0,1,0,1,0,1
87be61d5-135.jpg,2.0729,632.623,76.0331,94.5046,0,0,1,0,1,0,1,0,1,0,1,0,1
87be61d5-135.jpg,251.6417,622.2549,120.7424,54.4047,0,0,1,0,1,0,1,0,1,0,1,0,1
87be61d5-135.jpg,202.419,619.2476,172.1949,57.1505,0,0,1,0,1,0,1,0,1,0,1,0,1
87be61d5-135.jpg,111.9869,542.6907,111.4613,84.4757,0,0,1,0,1,0,1,0,1,0,1,0,1
87be61d5-135.jpg,0.2488,539.2032,91.9826,172.6293,0,0,1,0,1,0,1,0,1,0,1,0,1
87be61d5-135.jpg,0.0,0.0,0.0,276.7504,0,0,1,0,1,0,1,0,1,0,1,0,1
87be61d5-135.jpg,1055.9153,0.1127,205.4437,63.69,0,0,1,0,1,0,1,0,1,0,1,0,1
87be61d5-135.jpg,114.7588,543.1979,113.6911,90.4968,0,0,1,0,1,0,1,0,1,0,1,0,1
87be61d5-135.jpg,1708.3154,544.7587,144.0643,245.9727,0,0,1,0,1,0,1,0,1,0,1,0,1
87be61d5-135.jpg,213.4316,621.4483,149.7105,56.5104,0,0,1,0,1,0,1,0,1,0,1,0,1
87be61d5-135.jpg,11.1025,0.0805,166.7728,31.6862,0,0,1,0,1,0,1,0,1,0,1,0,1
87be61d5-135.jpg,190.7658,621.5114,183.9561,54.123,0,0,1,0,1,0,1,0,1,0,1,0,1
87be61d5-135.jpg,1055.3535,0.0803,172.9691,61.7399,0,0,1,0,1,0,1,0,1,0,1,0,1
87be61d5-135.jpg,115.4728,550.9392,103.8138,63.261,0,0,1,0,1,0,1,0,1,0,1,0,1
87be61d5-135.jpg,116.4954,551.3536,106.8116,78.1958,0,0,1,0,1,0,1,0,1,0,1,0,1
87be61d5-135.jpg,6.2013,633.355,54.9666,105.8745,0,0,1,0,1,0,1,0,1,0,1,0,1
87be61d5-135.jpg,171.8044,624.9196,179.4169,50.4227,0,0,1,0,1,0,1,0,1,0,1,0,1
87be61d5-135.jpg,652.2601,0.1102,452.0977,141.7508,0,0,1,0,1,0,1,0,1,0,1,0,1
87be61d5-135.jpg,180.0383,621.218,192.6411,54.2908,0,0,1,0,1,0,1,0,1,0,1,0,1
87be61d5-135.jpg,122.5293,549.677,96.7604,57.1047,0,0,1,0,1,0,1,0,1,0,1,0,1
87be61d5-135.jpg,0.0,0.1066,53.9917,48.5837,0,0,1,0,1,0,1,0,1,0,1,0,1
87be61d5-135.jpg,0.0,169.6969,346.1467,345.8588,0,0,1,0,1,0,1,0,1,0,1,0,1
87be61d5-135.jpg,0.0,0.0,32.8453,298.0536,0,0,1,0,1,0,1,0,1,0,1,0,1
87be61d5-135.jpg,0.0,148.5137,391.7386,355.5501,0,0,1,0,1,0,1,0,1,0,1,0,1
87be61d5-135.jpg,0.0,155.1022,355.7435,335.7303,0,0,1,0,1,0,1,0,1,0,1,0,1
87be61d5-135.jpg,0.0,0.0,3.6162,99.8374,0,0,1,0,1,0,1,0,1,0,1,0,1
87be61d5-135.jpg,150.7855,543.3796,69.1785,46.2426,0,0,1,0,1,0,1,0,1,0,1,0,1
8b148305-247.jpg,145.7409,16.5463,233.9401,322.0975,3,1,1,1,1,1,1,0,1,0,1,0,1
8b148305-247.jpg,172.7497,295.0145,343.5097,320.7044,3,1,1,1,1,1,1,0,1,0,1,0,1
8b148305-247.jpg,264.6028,573.3643,256.8213,232.8295,1,1,1,0,1,0,1,0,1,0,1,0,1
8b148305-247.jpg,1297.8969,945.5923,198.8884,222.7054,1,1,1,0,1,0,1,0,1,0,1,0,1
8b148305-247.jpg,1354.0868,753.3449,247.8883,250.658,1,1,1,0,1,0,1,0,1,0,1,0,1
8b148305-247.jpg,1488.2765,319.2414,317.1425,332.4698,1,1,1,0,1,0,1,0,1,0,1,0,1
8b148305-247.jpg,1623.5544,52.534,210.4785,308.3647,2,1,1,1,1,0,1,0,1,0,1,0,1
8b148305-247.jpg,0.0,414.5033,85.7178,364.0236,0,0,1,0,1,0,1,0,1,0,1,0,1
8b148305-247.jpg,0.0,380.3059,88.5424,394.3901,0,0,1,0,1,0,1,0,1,0,1,0,1
8b148305-247.jpg,0.0,422.392,87.0446,352.1629,0,0,1,0,1,0,1,0,1,0,1,0,1
8b148305-247.jpg,0.0,423.2748,86.6315,356.3737,0,0,1,0,1,0,1,0,1,0,1,0,1
8b148305-247.jpg,0.0,385.1832,86.6082,396.4889,0,0,1,0,1,0,1,0,1,0,1,0,1
8b148305-247.jpg,0.0163,448.9014,89.1859,344.6013,0,0,1,0,1,0,1,0,1,0,1,0,1
8b148305-247.jpg,0.0082,435.5923,88.9759,339.2147,0,0,1,0,1,0,1,0,1,0,1,0,1
8b148305-247.jpg,0.0037,447.1534,88.6286,346.829,0,0,1,0,1,0,1,0,1,0,1,0,1
8b148305-247.jpg,0.0,427.3944,87.5395,349.7637,0,0,1,0,1,0,1,0,1,0,1,0,1
8b148305-247.jpg,0.2984,337.7467,93.9919,438.2857,0,0,1,0,1,0,1,0,1,0,1,0,1
8b148305-247.jpg,0.0,450.5022,86.367,326.4694,0,0,1,0,1,0,1,0,1,0,1,0,1
8b148305-247.jpg,0.0,345.7041,89.4597,438.5205,0,0,1,0,1,0,1,0,1,0,1,0,1
8b148305-247.jpg,0.1462,476.8856,86.9205,303.0292,0,0,1,0,1,0,1,0,1,0,1,0,1
8b148305-247.jpg,0.0,443.3361,86.5857,378.0391,0,0,1,0,1,0,1,0,1,0,1,0,1
8b148305-247.jpg,0.2385,434.8019,90.5622,340.6641,0,0,1,0,1,0,1,0,1,0,1,0,1
8b148305-247.jpg,0.0,451.7706,93.2301,340.9571,0,0,1,0,1,0,1,0,1,0,1,0,1
8b148305-247.jpg,146.8058,0.0609,171.1559,59.357,0,0,1,0,1,0,1,0,1,0,1,0,1
8b148305-247.jpg,0.1606,471.814,88.5386,302.587,0,0,1,0,1,0,1,0,1,0,1,0,1
8b148305-247.jpg,0.0,440.9523,93.9403,378.4796,0,0,1,0,1,0,1,0,1,0,1,0,1
8b148305-247.jpg,149.0544,0.2261,178.0539,64.2661,0,0,1,0,1,0,1,0,1,0,1,0,1
8b148305-247.jpg,147.9955,0.0836,157.1068,61.7528,0,0,1,0,1,0,1,0,1,0,1,0,1
8b148305-247.jpg,146.4411,0.0,173.7847,55.5942,0,0,1,0,1,0,1,0,1,0,1,0,1
8b148305-247.jpg,0.0,448.9043,88.4675,377.5398,0,0,1,0,1,0,1,0,1,0,1,0,1
8b148305-247.jpg,153.8302,0.0122,160.8172,61.0664,0,0,1,0,1,0,1,0,1,0,1,0,1
8b148305-247.jpg,123.0799,1.544,207.4256,77.9524,0,0,1,0,1,0,1,0,1,0,1,0,1
8b148305-247.jpg,146.7128,0.0729,188.2456,65.318,0,0,1,0,1,0,1,0,1,0,1,0,1
8b148305-247.jpg,1895.1548,384.1711,104.8452,462.0047,0,0,1,0,1,0,1,0,1,0,1,0,1
8b148305-247.jpg,146.5461,1.2447,224.9013,90.0375,0,0,1,0,1,0,1,0,1,0,1,0,1
8b148305-247.jpg,0.0,0.0,17.5264,260.5152,0,0,1,0,1,0,1,0,1,0,1,0,1
8b148305-247.jpg,1880.4044,401.3253,119.5956,462.1782,0,0,1,0,1,0,1,0,1,0,1,0,1
8b148305-247.jpg,1695.5774,1.58,145.8527,93.225,0,0,1,0,1,0,1,0,1,0,1,0,1
8b148305-247.jpg,139.5013,0.0415,194.9729,72.2412,0,0,1,0,1,0,1,0,1,0,1,0,1
8b148305-247.jpg,144.2109,0.0,183.1653,56.4419,0,0,1,0,1,0,1,0,1,0,1,0,1
8b148305-247.jpg,143.6566,0.0938,146.1431,56.8702,0,0,1,0,1,0,1,0,1,0,1,0,1
8b148305-247.jpg,1889.275,395.6186,110.725,421.6174,0,0,1,0,1,0,1,0,1,0,1,0,1
8b148305-247.jpg,535.5496,1107.0341,99.2506,82.7715,0,0,1,0,1,0,1,0,1,0,1,0,1
8b148305-247.jpg,145.7397,0.564,176.6589,70.6487,0,0,1,0,1,0,1,0,1,0,1,0,1
8b148305-247.jpg,125.5929,0.3044,216.2908,79.9177,0,0,1,0,1,0,1,0,1,0,1,0,1
8b148305-247.jpg,1907.5737,0.0,92.2935,219.1386,0,0,1,0,1,0,1,0,1,0,1,0,1
8b148305-247.jpg,533.3852,1105.881,102.4357,85.3479,0,0,1,0,1,0,1,0,1,0,1,0,1
8b148305-247.jpg,0.1788,518.8353,87.9049,276.0912,0,0,1,0,1,0,1,0,1,0,1,0,1
8b148305-247.jpg,1881.7275,402.8214,118.2687,417.4626,0,0,1,0,1,0,1,0,1,0,1,0,1
8b148305-247.jpg,115.8766,1.7396,213.185,82.9849,0,0,1,0,1,0,1,0,1,0,1,0,1
8b148305-247.jpg,1887.123,431.5061,112.877,369.2735,0,0,1,0,1,0,1,0,1,0,1,0,1
8b148305-247.jpg,0.0,0.0,73.7386,261.2083,0,0,1,0,1,0,1,0,1,0,1,0,1
8b148305-247.jpg,122.4032,0.0,209.066,69.421,0,0,1,0,1,0,1,0,1,0,1,0,1
8b148305-247.jpg,1905.1682,0.0,94.8318,214.504,0,0,1,0,1,0,1,0,1,0,1,0,1
8b148305-247.jpg,1884.1816,422.0915,115.8184,391.2825,0,0,1,0,1,0,1,0,1,0,1,0,1
8b148305-247.jpg,0.0,265.8254,91.6705,553.1339,0,0,1,0,1,0,1,0,1,0,1,0,1
8b148305-247.jpg,1778.7804,1050.0203,221.1532,249.921,0,0,1,0,1,0,1,0,1,0,1,0,1
8c0fb793-81.jpg,115.5374,392.8173,323.4093,339.1661,1,1,1,0,1,0,1,0,1,0,1,0,1
8c0fb793-81.jpg,1250.6367,397.273,255.6282,317.1337,1,1,1,0,1,0,1,0,1,0,1,0,1
8c0fb793-81.jpg,1693.7236,437.1557,268.8492,210.7893,1,1,1,0,1,0,1,0,1,0,1,0,1
8c0fb793-81.jpg,1551.4896,623.5267,331.324,226.0139,1,1,1,0,1,0,1,0,1,0,1,0,1
8c0fb793-81.jpg,1869.8757,604.3596,129.8995,132.4933,0,0,1,0,1,0,1,0,1,0,1,0,1
8c0fb793-81.jpg,1870.2778,602.1309,129.3457,135.9446,0,0,1,0,1,0,1,0,1,0,1,0,1
8c0fb793-81.jpg,1869.3394,603.7469,130.1948,134.2012,0,0,1,0,1,0,1,0,1,0,1,0,1
8c0fb793-81.jpg,1869.894,601.3784,129.4296,137.3403,0,0,1,0,1,0,1,0,1,0,1,0,1
8c0fb793-81.jpg,1869.0811,599.9464,130.2678,138.5582,0,0,1,0,1,0,1,0,1,0,1,0,1
8c0fb793-81.jpg,1871.2269,599.0049,128.3722,138.077,0,0,1,0,1,0,1,0,1,0,1,0,1
8c0fb793-81.jpg,1870.7571,601.9358,129.1008,135.3229,0,0,1,0,1,0,1,0,1,0,1,0,1
8c0fb793-81.jpg,1869.734,604.7473,123.2452,134.6085,0,0,1,0,1,0,1,0,1,0,1,0,1
8c0fb793-81.jpg,1868.5181,599.1175,130.1307,138.9475,0,0,1,0,1,0,1,0,1,0,1,0,1
8c0fb793-81.jpg,1868.6016,607.1503,123.3856,132.4054,0,0,1,0,1,0,1,0,1,0,1,0,1
8c0fb793-81.jpg,1870.6539,604.7787,123.7701,137.0156,0,0,1,0,1,0,1,0,1,0,1,0,1
8c0fb793-81.jpg,1869.4489,605.1058,123.37,135.3127,0,0,1,0,1,0,1,0,1,0,1,0,1
8c0fb793-81.jpg,1869.2885,571.9916,130.7115,173.7954,0,0,1,0,1,0,1,0,1,0,1,0,1
8c0fb793-81.jpg,1869.6832,601.9153,130.3168,136.1372,0,0,1,0,1,0,1,0,1,0,1,0,1
8c0fb793-81.jpg,1868.5194,582.1143,131.1523,163.0895,0,0,1,0,1,0,1,0,1,0,1,0,1
8c0fb793-81.jpg,1865.683,516.5709,133.6479,226.2546,0,0,1,0,1,0,1,0,1,0,1,0,1
8c0fb793-81.jpg,1868.834,595.9539,131.0439,144.1833,0,0,1,0,1,0,1,0,1,0,1,0,1
8c0fb793-81.jpg,1868.0735,577.4373,131.9265,165.9571,0,0,1,0,1,0,1,0,1,0,1,0,1
8c0fb793-81.jpg,1868.6687,595.6224,131.0532,146.9244,0,0,1,0,1,0,1,0,1,0,1,0,1
8c0fb793-81.jpg,1868.7969,614.3349,125.2919,129.2393,0,0,1,0,1,0,1,0,1,0,1,0,1
8c0fb793-81.jpg,1866.8854,586.8651,132.1632,155.4084,0,0,1,0,1,0,1,0,1,0,1,0,1
8c0fb793-81.jpg,1867.7815,584.3634,131.3572,158.5917,0,0,1,0,1,0,1,0,1,0,1,0,1
8c0fb793-81.jpg,1867.1581,477.0331,104.7478,147.3853,0,0,1,0,1,0,1,0,1,0,1,0,1
8c0fb793-81.jpg,1870.384,586.4158,129.616,152.8602,0,0,1,0,1,0,1,0,1,0,1,0,1
8c0fb793-81.jpg,1868.9728,604.586,128.6271,140.3929,0,0,1,0,1,0,1,0,1,0,1,0,1
8c0fb793-81.jpg,0.0,188.2593,52.3941,570.2262,0,0,1,0,1,0,1,0,1,0,1,0,1
8c0fb793-81.jpg,1868.1555,585.7932,130.5973,157.6127,0,0,1,0,1,0,1,0,1,0,1,0,1
8c0fb793-81.jpg,1873.0959,487.0907,96.5537,141.7159,0,0,1,0,1,0,1,0,1,0,1,0,1
8c0fb793-81.jpg,1866.8047,584.4799,132.4127,161.1839,0,0,1,0,1,0,1,0,1,0,1,0,1
8c0fb793-81.jpg,0.0,230.1707,54.8443,509.324,0,0,1,0,1,0,1,0,1,0,1,0,1
8c0fb793-81.jpg,1870.9694,515.5266,129.0306,225.7065,0,0,1,0,1,0,1,0,1,0,1,0,1
8c0fb793-81.jpg,0.0,629.8079,21.5673,259.1269,0,0,1,0,1,0,1,0,1,0,1,0,1
8c477306-142.jpg,294.7087,742.2992,282.137,268.6754,2,1,1,1,1,0,1,0,1,0,1,0,1
8c477306-142.jpg,462.7994,306.0648,207.7776,213.1598,1,1,1,0,1,0,1,0,1,0,1,0,1
8c477306-142.jpg,1316.4487,252.7661,203.7542,216.0092,1,1,1,0,1,0,1,0,1,0,1,0,1
8c477306-142.jpg,1318.2009,453.7448,249.7303,208.6358,1,1,1,0,1,0,1,0,1,0,1,0,1
8c477306-142.jpg,1357.2368,624.5629,242.7107,183.2913,1,1,1,0,1,0,1,0,1,0,1,0,1
8c477306-142.jpg,1378.4532,759.5766,279.7356,245.6619,2,1,1,1,1,0,1,0,1,0,1,0,1
8c477306-142.jpg,1388.4576,938.0653,287.9506,199.5344,3,1,1,1,1,1,1,0,1,0,1,0,1
8c477306-142.jpg,1799.678,593.6458,198.7664,478.6099,0,0,1,0,1,0,1,0,1,0,1,0,1
8c477306-142.jpg,1798.7521,595.9301,201.0261,475.9459,0,0,1,0,1,0,1,0,1,0,1,0,1
8c477306-142.jpg,1804.147,597.6296,195.853,467.7317,0,0,1,0,1,0,1,0,1,0,1,0,1
8c477306-142.jpg,1797.9574,591.9194,200.9071,464.2161,0,0,1,0,1,0,1,0,1,0,1,0,1
8c477306-142.jpg,1283.498,0.0,474.9312,97.8855,0,0,1,0,1,0,1,0,1,0,1,0,1
8c477306-142.jpg,1311.3318,0.0,442.4012,102.0348,0,0,1,0,1,0,1,0,1,0,1,0,1
8c477306-142.jpg,1800.7737,597.2863,199.2263,459.4384,0,0,1,0,1,0,1,0,1,0,1,0,1
8c477306-142.jpg,1803.1932,610.1002,196.8068,504.5624,0,0,1,0,1,0,1,0,1,0,1,0,1
8c477306-142.jpg,1310.3987,0.0,441.7078,98.9432,0,0,1,0,1,0,1,0,1,0,1,0,1
8c477306-142.jpg,1798.2198,603.2476,201.7802,512.537,0,0,1,0,1,0,1,0,1,0,1,0,1
8c477306-142.jpg,1350.6123,0.2734,399.7563,104.6761,0,0,1,0,1,0,1,0,1,0,1,0,1
8c477306-142.jpg,1308.0304,0.0909,428.9644,104.4127,0,0,1,0,1,0,1,0,1,0,1,0,1
8c477306-142.jpg,1803.5627,588.6469,193.0435,494.6475,0,0,1,0,1,0,1,0,1,0,1,0,1
8c477306-142.jpg,1801.8433,594.8323,197.3182,495.1749,0,0,1,0,1,0,1,0,1,0,1,0,1
8c477306-142.jpg,1251.3617,0.0,502.96,101.3407,0,0,1,0,1,0,1,0,1,0,1,0,1
8c477306-142.jpg,1368.0552,0.0,363.1416,103.9193,0,0,1,0,1,0,1,0,1,0,1,0,1
8c477306-142.jpg,1798.7461,604.8082,200.8622,513.6381,0,0,1,0,1,0,1,0,1,0,1,0,1
8c477306-142.jpg,1344.9879,0.0987,389.467,106.8428,0,0,1,0,1,0,1,0,1,0,1,0,1
8c477306-142.jpg,1804.6959,593.952,192.6918,498.4966,0,0,1,0,1,0,1,0,1,0,1,0,1
8c477306-142.jpg,1371.918,0.0,361.429,103.4204,0,0,1,0,1,0,1,0,1,0,1,0,1
8c477306-142.jpg,1370.0588,0.0,359.4833,104.5617,0,0,1,0,1,0,1,0,1,0,1,0,1
8c477306-142.jpg,1103.6853,0.1772,229.3672,26.81,0,0,1,0,1,0,1,0,1,0,1,0,1
8c477306-142.jpg,1095.7803,0.1662,222.7515,25.6029,0,0,1,0,1,0,1,0,1,0,1,0,1
8c477306-142.jpg,1111.3917,0.1928,241.5751,28.1909,0,0,1,0,1,0,1,0,1,0,1,0,1
8c477306-142.jpg,1089.9203,0.1489,220.6813,25.0813,0,0,1,0,1,0,1,0,1,0,1,0,1
8c477306-142.jpg,234.5726,931.7057,301.7299,108.1421,0,0,1,0,1,0,1,0,1,0,1,0,1
8c477306-142.jpg,567.2177,0.0,222.5989,21.6449,0,0,1,0,1,0,1,0,1,0,1,0,1
8c477306-142.jpg,553.1793,0.027,225.9928,22.3501,0,0,1,0,1,0,1,0,1,0,1,0,1
8c477306-142.jpg,1357.0463,0.0,359.2783,105.2426,0,0,1,0,1,0,1,0,1,0,1,0,1
8c477306-142.jpg,1805.9469,610.6495,194.0531,507.6128,0,0,1,0,1,0,1,0,1,0,1,0,1
8c477306-142.jpg,542.0154,0.0574,236.924,23.6717,0,0,1,0,1,0,1,0,1,0,1,0,1
8c477306-142.jpg,1085.2096,0.0799,215.7462,25.0334,0,0,1,0,1,0,1,0,1,0,1,0,1
8c477306-142.jpg,1799.5684,609.3224,200.4316,504.295,0,0,1,0,1,0,1,0,1,0,1,0,1
8c477306-142.jpg,1363.8947,0.0413,349.6166,103.7913,0,0,1,0,1,0,1,0,1,0,1,0,1
8c477306-142.jpg,0.0,0.0,23.6616,261.647,0,0,1,0,1,0,1,0,1,0,1,0,1
8c477306-142.jpg,1403.1908,1082.1432,310.833,121.6217,0,0,1,0,1,0,1,0,1,0,1,0,1
8c477306-142.jpg,1082.6254,0.0277,385.0518,51.0433,0,0,1,0,1,0,1,0,1,0,1,0,1
8c477306-142.jpg,1859.394,1153.8981,140.606,146.1019,0,0,1,0,1,0,1,0,1,0,1,0,1
8c477306-142.jpg,538.0807,0.1372,227.5914,24.1716,0,0,1,0,1,0,1,0,1,0,1,0,1
8c477306-142.jpg,1256.9563,0.0641,458.0814,94.3527,0,0,1,0,1,0,1,0,1,0,1,0,1
8c477306-142.jpg,1357.8018,0.5526,447.873,112.0136,0,0,1,0,1,0,1,0,1,0,1,0,1
8c477306-142.jpg,323.7104,940.7408,226.0672,72.9612,0,0,1,0,1,0,1,0,1,0,1,0,1
8c477306-142.jpg,1139.4331,0.0186,513.3942,88.3082,0,0,1,0,1,0,1,0,1,0,1,0,1
8c477306-142.jpg,0.0,0.0,11.746,259.511,0,0,1,0,1,0,1,0,1,0,1,0,1
8c477306-142.jpg,1221.9363,0.0,518.7036,96.4603,0,0,1,0,1,0,1,0,1,0,1,0,1
8c477306-142.jpg,1086.809,0.0,405.1991,58.3745,0,0,1,0,1,0,1,0,1,0,1,0,1
8c477306-142.jpg,342.7189,937.0359,214.7576,76.9355,0,0,1,0,1,0,1,0,1,0,1,0,1
8c477306-142.jpg,1129.6074,0.0,534.7942,107.306,0,0,1,0,1,0,1,0,1,0,1,0,1
8c477306-142.jpg,1110.8539,0.1904,270.9962,29.4038,0,0,1,0,1,0,1,0,1,0,1,0,1
8c477306-142.jpg,573.3721,0.0,243.3068,21.0446,0,0,1,0,1,0,1,0,1,0,1,0,1
8e0bfd48-4.jpg,804.3811,998.7867,260.3953,275.0614,1,1,1,0,1,0,1,0,1,0,1,0,1
8e0bfd48-4.jpg,1390.9177,754.5291,234.109,235.6243,2,1,1,1,1,0,1,0,1,0,1,0,1
8e0bfd48-4.jpg,430.5832,839.813,233.4471,237.8799,2,1,1,1,1,0,1,0,1,0,1,0,1
8e0bfd48-4.jpg,306.1409,649.7045,279.4586,230.8251,2,1,1,1,1,0,1,0,1,0,1,0,1
8e0bfd48-4.jpg,216.6155,476.7677,274.477,215.1671,2,1,1,1,1,0,1,0,1,0,1,0,1
8e0bfd48-4.jpg,119.8074,187.359,317.5632,327.6428,2,1,1,1,1,0,1,0,1,0,1,0,1
8e0bfd48-4.jpg,1418.4939,554.7624,289.525,216.9422,2,1,1,1,1,0,1,0,1,0,1,0,1
8e0bfd48-4.jpg,1460.8701,369.2595,274.0063,202.4502,2,1,1,1,1,0,1,0,1,0,1,0,1
8e0bfd48-4.jpg,1437.4259,81.4334,342.3036,305.805,2,1,1,1,1,0,1,0,1,0,1,0,1
8e0bfd48-4.jpg,1634.7297,2.0396,141.9556,116.7958,1,1,1,0,1,0,1,0,1,0,1,0,1
8e0bfd48-4.jpg,0.0,853.9892,281.4724,446.0108,0,0,1,0,1,0,1,0,1,0,1,0,1
8e0bfd48-4.jpg,0.0,853.3827,278.5653,446.6173,0,0,1,0,1,0,1,0,1,0,1,0,1
8e0bfd48-4.jpg,0.0,829.6107,281.0795,470.3893,0,0,1,0,1,0,1,0,1,0,1,0,1
8e0bfd48-4.jpg,375.5483,0.0,243.435,35.2239,0,0,1,0,1,0,1,0,1,0,1,0,1
8e0bfd48-4.jpg,380.9389,0.0,232.9521,35.7745,0,0,1,0,1,0,1,0,1,0,1,0,1
8e0bfd48-4.jpg,383.5335,0.0,236.66,35.3453,0,0,1,0,1,0,1,0,1,0,1,0,1
8e0bfd48-4.jpg,320.4181,0.0,289.8569,33.967,0,0,1,0,1,0,1,0,1,0,1,0,1
8e0bfd48-4.jpg,366.3988,0.3165,236.0594,34.9683,0,0,1,0,1,0,1,0,1,0,1,0,1
8e0bfd48-4.jpg,346.3832,0.0,264.908,35.3481,0,0,1,0,1,0,1,0,1,0,1,0,1
8e0bfd48-4.jpg,350.6902,0.0,259.8635,34.7709,0,0,1,0,1,0,1,0,1,0,1,0,1
8e0bfd48-4.jpg,385.0968,0.0,216.1416,34.5699,0,0,1,0,1,0,1,0,1,0,1,0,1
8e0bfd48-4.jpg,378.8344,0.0,241.938,35.0173,0,0,1,0,1,0,1,0,1,0,1,0,1
8e0bfd48-4.jpg,366.9207,0.2133,231.0009,34.9885,0,0,1,0,1,0,1,0,1,0,1,0,1
8e0bfd48-4.jpg,359.7842,0.0343,255.743,36.7318,0,0,1,0,1,0,1,0,1,0,1,0,1
8e0bfd48-4.jpg,369.3231,0.2164,230.1092,33.4537,0,0,1,0,1,0,1,0,1,0,1,0,1
8e0bfd48-4.jpg,374.7403,0.2983,246.2852,34.8801,0,0,1,0,1,0,1,0,1,0,1,0,1
8e0bfd48-4.jpg,373.359,0.1019,226.2071,38.9617,0,0,1,0,1,0,1,0,1,0,1,0,1
8e0bfd48-4.jpg,361.2498,0.2749,207.0389,37.156,0,0,1,0,1,0,1,0,1,0,1,0,1
8e0bfd48-4.jpg,269.6594,0.0,152.7794,19.0488,0,0,1,0,1,0,1,0,1,0,1,0,1
8e0bfd48-4.jpg,382.9467,0.1363,201.8169,39.0522,0,0,1,0,1,0,1,0,1,0,1,0,1
8e0bfd48-4.jpg,377.1562,0.1009,236.4521,33.7209,0,0,1,0,1,0,1,0,1,0,1,0,1
8e0bfd48-4.jpg,374.3376,0.1771,197.2413,38.5898,0,0,1,0,1,0,1,0,1,0,1,0,1
8e0bfd48-4.jpg,385.9674,0.0409,224.4841,33.0676,0,0,1,0,1,0,1,0,1,0,1,0,1
8e0bfd48-4.jpg,572.5382,0.0,221.5948,24.6833,0,0,1,0,1,0,1,0,1,0,1,0,1
8e0bfd48-4.jpg,568.527,0.0,248.8646,27.9444,0,0,1,0,1,0,1,0,1,0,1,0,1
8e0bfd48-4.jpg,379.2481,0.3647,185.5255,33.4148,0,0,1,0,1,0,1,0,1,0,1,0,1
8e0bfd48-4.jpg,376.1713,0.0352,248.9467,38.4356,0,0,1,0,1,0,1,0,1,0,1,0,1
8e0bfd48-4.jpg,0.0,829.6746,278.4961,470.3254,0,0,1,0,1,0,1,0,1,0,1,0,1
8e0bfd48-4.jpg,396.125,0.0378,203.3489,32.6479,0,0,1,0,1,0,1,0,1,0,1,0,1
8e0bfd48-4.jpg,258.3625,0.0,161.143,18.6699,0,0,1,0,1,0,1,0,1,0,1,0,1
8e0bfd48-4.jpg,259.2742,0.0,157.579,18.3714,0,0,1,0,1,0,1,0,1,0,1,0,1
8e0bfd48-4.jpg,269.7748,0.0,330.9534,35.1518,0,0,1,0,1,0,1,0,1,0,1,0,1
8e0bfd48-4.jpg,580.1604,0.0,219.9843,24.6538,0,0,1,0,1,0,1,0,1,0,1,0,1
8e0bfd48-4.jpg,324.754,0.0,320.9419,40.0172,0,0,1,0,1,0,1,0,1,0,1,0,1
8e0bfd48-4.jpg,383.0661,0.2929,247.8228,33.9887,0,0,1,0,1,0,1,0,1,0,1,0,1
8e0bfd48-4.jpg,367.2262,0.1456,196.6369,33.4019,0,0,1,0,1,0,1,0,1,0,1,0,1
8e0bfd48-4.jpg,573.054,0.0095,214.6994,24.1391,0,0,1,0,1,0,1,0,1,0,1,0,1
8e0bfd48-4.jpg,375.55,0.1818,214.8,32.2152,0,0,1,0,1,0,1,0,1,0,1,0,1
8e0bfd48-4.jpg,390.5585,0.1621,169.733,31.156,0,0,1,0,1,0,1,0,1,0,1,0,1
8e0bfd48-4.jpg,0.0,738.1741,290.7698,561.8259,0,0,1,0,1,0,1,0,1,0,1,0,1
8e0bfd48-4.jpg,374.9199,0.1413,194.0262,34.7631,0,0,1,0,1,0,1,0,1,0,1,0,1
8e0bfd48-4.jpg,388.8012,0.2568,227.4934,33.998,0,0,1,0,1,0,1,0,1,0,1,0,1
8e0bfd48-4.jpg,586.0738,0.0,212.7267,24.3326,0,0,1,0,1,0,1,0,1,0,1,0,1
8e0bfd48-4.jpg,0.0,774.5015,292.5934,477.5429,0,0,1,0,1,0,1,0,1,0,1,0,1
8e0bfd48-4.jpg,571.9745,0.0,244.9116,28.187,0,0,1,0,1,0,1,0,1,0,1,0,1
8e0bfd48-4.jpg,599.7617,0.0,205.1159,22.3321,0,0,1,0,1,0,1,0,1,0,1,0,1
8e0bfd48-4.jpg,592.6858,0.0,212.3439,23.7732,0,0,1,0,1,0,1,0,1,0,1,0,1
8e0bfd48-4.jpg,251.7281,0.0,167.3547,18.4168,0,0,1,0,1,0,1,0,1,0,1,0,1
8e0bfd48-4.jpg,563.939,0.0,253.9902,27.6659,0,0,1,0,1,0,1,0,1,0,1,0,1
8e0bfd48-4.jpg,261.247,0.0,165.1186,19.091,0,0,1,0,1,0,1,0,1,0,1,0,1
8ebd65e0-42.jpg,263.0105,315.0475,277.3665,320.9421,1,1,1,0,1,0,1,0,1,0,1,0,1
8ebd65e0-42.jpg,909.5235,0.0,453.0173,68.7541,0,0,1,0,1,0,1,0,1,0,1,0,1
8ebd65e0-42.jpg,940.3147,0.0,413.9467,63.7654,0,0,1,0,1,0,1,0,1,0,1,0,1
8ebd65e0-42.jpg,910.4792,0.0,444.3379,75.5766,0,0,1,0,1,0,1,0,1,0,1,0,1
8ebd65e0-42.jpg,978.9213,0.0365,386.6321,59.9622,0,0,1,0,1,0,1,0,1,0,1,0,1
8ebd65e0-42.jpg,885.4955,0.0,468.1169,72.9282,0,0,1,0,1,0,1,0,1,0,1,0,1
8ebd65e0-42.jpg,885.3894,0.0,463.094,83.1837,0,0,1,0,1,0,1,0,1,0,1,0,1
8ebd65e0-42.jpg,650.1932,0.4461,338.3286,48.8447,0,0,1,0,1,0,1,0,1,0,1,0,1
8ebd65e0-42.jpg,968.2563,0.0657,371.3435,71.951,0,0,1,0,1,0,1,0,1,0,1,0,1
8ebd65e0-42.jpg,814.4551,0.1916,561.2147,73.157,0,0,1,0,1,0,1,0,1,0,1,0,1
8ebd65e0-42.jpg,939.9496,0.0041,407.156,72.3661,0,0,1,0,1,0,1,0,1,0,1,0,1
8ebd65e0-42.jpg,652.195,0.4109,354.3246,49.6032,0,0,1,0,1,0,1,0,1,0,1,0,1
8ebd65e0-42.jpg,942.7233,0.0,422.3405,73.5159,0,0,1,0,1,0,1,0,1,0,1,0,1
8ebd65e0-42.jpg,862.0696,0.0317,478.0905,79.0351,0,0,1,0,1,0,1,0,1,0,1,0,1
8ebd65e0-42.jpg,644.5248,0.26,495.0001,65.4053,0,0,1,0,1,0,1,0,1,0,1,0,1
8ebd65e0-42.jpg,662.2795,0.1685,510.1956,71.8425,0,0,1,0,1,0,1,0,1,0,1,0,1
8ebd65e0-42.jpg,990.2468,0.117,347.299,70.4824,0,0,1,0,1,0,1,0,1,0,1,0,1
8ebd65e0-42.jpg,778.3762,0.075,609.9831,81.1145,0,0,1,0,1,0,1,0,1,0,1,0,1
8ebd65e0-42.jpg,860.1055,0.0,480.8,97.3345,0,0,1,0,1,0,1,0,1,0,1,0,1
8ebd65e0-42.jpg,1015.4638,0.1021,397.0657,59.9568,0,0,1,0,1,0,1,0,1,0,1,0,1
8ebd65e0-42.jpg,654.4788,0.3395,315.2682,48.5382,0,0,1,0,1,0,1,0,1,0,1,0,1
8ebd65e0-42.jpg,961.701,0.0,380.9487,78.9884,0,0,1,0,1,0,1,0,1,0,1,0,1
8ebd65e0-42.jpg,857.9342,0.2748,517.5802,69.1551,0,0,1,0,1,0,1,0,1,0,1,0,1
8ebd65e0-42.jpg,936.3424,0.0,405.6256,79.2956,0,0,1,0,1,0,1,0,1,0,1,0,1
8ebd65e0-42.jpg,923.456,0.0,418.3449,72.6337,0,0,1,0,1,0,1,0,1,0,1,0,1
8ebd65e0-42.jpg,653.761,0.3005,461.447,59.5375,0,0,1,0,1,0,1,0,1,0,1,0,1
8ebd65e0-42.jpg,1920.0253,364.0055,79.1946,204.4372,0,0,1,0,1,0,1,0,1,0,1,0,1
8ebd65e0-42.jpg,746.3179,0.0067,623.2572,89.8774,0,0,1,0,1,0,1,0,1,0,1,0,1
8ebd65e0-42.jpg,676.839,0.1128,518.8654,78.0658,0,0,1,0,1,0,1,0,1,0,1,0,1
8ebd65e0-42.jpg,609.4343,0.1528,622.6281,81.8122,0,0,1,0,1,0,1,0,1,0,1,0,1
8ebd65e0-42.jpg,659.5627,0.2665,365.7007,50.8116,0,0,1,0,1,0,1,0,1,0,1,0,1
8ebd65e0-42.jpg,700.9539,0.0,645.7605,91.2841,0,0,1,0,1,0,1,0,1,0,1,0,1
8ebd65e0-42.jpg,1033.6688,0.2584,349.3459,51.9698,0,0,1,0,1,0,1,0,1,0,1,0,1
8ebd65e0-42.jpg,642.1602,0.1182,619.1028,87.9608,0,0,1,0,1,0,1,0,1,0,1,0,1
8ebd65e0-42.jpg,979.5225,0.0,364.735,83.5617,0,0,1,0,1,0,1,0,1,0,1,0,1
8ebd65e0-42.jpg,1016.6645,0.1636,362.178,56.0238,0,0,1,0,1,0,1,0,1,0,1,0,1
8ebd65e0-42.jpg,1979.6271,328.9461,20.3729,195.6142,0,0,1,0,1,0,1,0,1,0,1,0,1
8ebd65e0-42.jpg,1930.6404,366.86,69.1719,213.5258,0,0,1,0,1,0,1,0,1,0,1,0,1
8ebd65e0-42.jpg,683.0378,0.0034,232.2097,24.1961,0,0,1,0,1,0,1,0,1,0,1,0,1
8ebd65e0-42.jpg,643.831,0.0,278.806,25.5845,0,0,1,0,1,0,1,0,1,0,1,0,1
8ebd65e0-42.jpg,664.2709,0.0178,407.9392,65.0668,0,0,1,0,1,0,1,0,1,0,1,0,1
8ebd65e0-42.jpg,1951.0226,326.0022,48.6732,186.6309,0,0,1,0,1,0,1,0,1,0,1,0,1
8ebd65e0-42.jpg,644.0198,0.1072,282.7892,31.803,0,0,1,0,1,0,1,0,1,0,1,0,1
8ebd65e0-42.jpg,836.9785,0.0192,519.7426,82.2433,0,0,1,0,1,0,1,0,1,0,1,0,1
8ebd65e0-42.jpg,222.6542,457.7845,68.7448,140.3954,0,0,1,0,1,0,1,0,1,0,1,0,1
8ebd65e0-42.jpg,0.0,0.0,20.0352,289.1322,0,0,1,0,1,0,1,0,1,0,1,0,1
8ebd65e0-42.jpg,920.8018,0.0,417.4301,82.2632,0,0,1,0,1,0,1,0,1,0,1,0,1
8ebd65e0-42.jpg,663.3328,0.0,275.6234,27.2251,0,0,1,0,1,0,1,0,1,0,1,0,1
8ebd65e0-42.jpg,661.0453,0.0,246.5768,23.1901,0,0,1,0,1,0,1,0,1,0,1,0,1
8ebd65e0-42.jpg,648.1261,0.0593,666.7721,91.509,0,0,1,0,1,0,1,0,1,0,1,0,1
8ebd65e0-42.jpg,617.1353,0.0,298.5458,30.3253,0,0,1,0,1,0,1,0,1,0,1,0,1
90e6305a-46.jpg,159.1371,966.224,309.4484,326.6434,3,1,1,1,1,1,1,0,1,0,1,0,1
90e6305a-46.jpg,1412.1224,516.6989,300.2137,257.368,1,1,1,0,1,0,1,0,1,0,1,0,1
90e6305a-46.jpg,1516.4348,728.633,288.7966,241.5035,1,1,1,0,1,0,1,0,1,0,1,0,1
90e6305a-46.jpg,1514.0837,942.7501,341.5881,287.3405,2,1,1,1,1,0,1,0,1,0,1,0,1
90e6305a-46.jpg,1718.9583,72.2417,281.0417,384.9208,0,0,1,0,1,0,1,0,1,0,1,0,1
90e6305a-46.jpg,1715.4961,74.6834,281.3281,393.7079,0,0,1,0,1,0,1,0,1,0,1,0,1
90e6305a-46.jpg,25.5828,0.0,307.0394,462.3323,0,0,1,0,1,0,1,0,1,0,1,0,1
90e6305a-46.jpg,1716.1373,69.4529,282.98,380.887,0,0,1,0,1,0,1,0,1,0,1,0,1
90e6305a-46.jpg,1724.0001,81.101,275.9999,387.679,0,0,1,0,1,0,1,0,1,0,1,0,1
90e6305a-46.jpg,34.1878,3.2725,299.6718,447.3304,0,0,1,0,1,0,1,0,1,0,1,0,1
90e6305a-46.jpg,21.927,0.0,310.6611,456.7891,0,0,1,0,1,0,1,0,1,0,1,0,1
90e6305a-46.jpg,0.0,300.9078,48.3015,322.9328,0,0,1,0,1,0,1,0,1,0,1,0,1
90e6305a-46.jpg,40.2269,1.8676,292.7373,449.7417,0,0,1,0,1,0,1,0,1,0,1,0,1
90e6305a-46.jpg,29.3996,1.7359,302.9535,442.4126,0,0,1,0,1,0,1,0,1,0,1,0,1
90e6305a-46.jpg,27.4508,0.0,307.6793,469.8449,0,0,1,0,1,0,1,0,1,0,1,0,1
90e6305a-46.jpg,1725.6029,62.5493,269.7716,366.3818,0,0,1,0,1,0,1,0,1,0,1,0,1
90e6305a-46.jpg,0.0,285.7455,51.7275,325.4261,0,0,1,0,1,0,1,0,1,0,1,0,1
90e6305a-46.jpg,0.0,311.7957,47.7844,329.5019,0,0,1,0,1,0,1,0,1,0,1,0,1
90e6305a-46.jpg,39.2034,3.3041,292.3401,345.4864,0,0,1,0,1,0,1,0,1,0,1,0,1
90e6305a-46.jpg,1734.0491,83.0642,265.1744,400.2102,0,0,1,0,1,0,1,0,1,0,1,0,1
90e6305a-46.jpg,0.0,283.3724,55.7661,332.9262,0,0,1,0,1,0,1,0,1,0,1,0,1
90e6305a-46.jpg,1725.0068,62.189,271.9132,379.958,0,0,1,0,1,0,1,0,1,0,1,0,1
90e6305a-46.jpg,1714.6545,77.582,284.2407,367.7134,0,0,1,0,1,0,1,0,1,0,1,0,1
90e6305a-46.jpg,1747.506,93.9512,250.7751,395.344,0,0,1,0,1,0,1,0,1,0,1,0,1
90e6305a-46.jpg,1709.4666,76.6687,287.8708,370.9063,0,0,1,0,1,0,1,0,1,0,1,0,1
90e6305a-46.jpg,14.9868,13.079,325.3813,536.9583,0,0,1,0,1,0,1,0,1,0,1,0,1
90e6305a-46.jpg,23.1135,0.0,318.7402,530.5414,0,0,1,0,1,0,1,0,1,0,1,0,1
90e6305a-46.jpg,1730.6233,71.8862,269.3767,351.7311,0,0,1,0,1,0,1,0,1,0,1,0,1
90e6305a-46.jpg,213.1763,1288.8687,231.0815,11.1313,0,0,1,0,1,0,1,0,1,0,1,0,1
90e6305a-46.jpg,0.0,263.1261,59.5306,329.5326,0,0,1,0,1,0,1,0,1,0,1,0,1
90e6305a-46.jpg,1903.8612,225.7305,96.1388,266.8652,0,0,1,0,1,0,1,0,1,0,1,0,1
90e6305a-46.jpg,1722.8613,64.88,267.7963,368.681,0,0,1,0,1,0,1,0,1,0,1,0,1
90e6305a-46.jpg,23.6456,20.6007,318.9947,539.2283,0,0,1,0,1,0,1,0,1,0,1,0,1
90e6305a-46.jpg,1718.0087,80.9799,275.4551,375.3021,0,0,1,0,1,0,1,0,1,0,1,0,1
90e6305a-46.jpg,23.6249,0.0,311.0949,470.1386,0,0,1,0,1,0,1,0,1,0,1,0,1
90e6305a-46.jpg,25.7135,0.0,306.0163,407.6313,0,0,1,0,1,0,1,0,1,0,1,0,1
90e6305a-46.jpg,1731.0205,72.6926,268.9795,371.2891,0,0,1,0,1,0,1,0,1,0,1,0,1
90e6305a-46.jpg,28.4381,0.0,313.0253,541.8739,0,0,1,0,1,0,1,0,1,0,1,0,1
90e6305a-46.jpg,0.4719,276.5246,52.1904,456.369,0,0,1,0,1,0,1,0,1,0,1,0,1
90e6305a-46.jpg,0.1371,293.9923,55.0875,417.2632,0,0,1,0,1,0,1,0,1,0,1,0,1
90e6305a-46.jpg,1727.3906,64.1706,267.9901,392.781,0,0,1,0,1,0,1,0,1,0,1,0,1
90e6305a-46.jpg,1697.6667,76.1971,296.8204,373.0707,0,0,1,0,1,0,1,0,1,0,1,0,1
90e6305a-46.jpg,240.7635,1287.699,227.3643,12.301,0,0,1,0,1,0,1,0,1,0,1,0,1
90e6305a-46.jpg,70.322,29.1974,272.7599,523.8196,0,0,1,0,1,0,1,0,1,0,1,0,1
90e6305a-46.jpg,115.0441,178.7335,229.7647,374.4204,0,0,1,0,1,0,1,0,1,0,1,0,1
90e6305a-46.jpg,1722.3484,69.7754,264.7972,351.9391,0,0,1,0,1,0,1,0,1,0,1,0,1
90e6305a-46.jpg,1675.2147,0.0822,128.8414,20.5472,0,0,1,0,1,0,1,0,1,0,1,0,1
90e6305a-46.jpg,0.0,336.6631,52.8386,232.3184,0,0,1,0,1,0,1,0,1,0,1,0,1
90e6305a-46.jpg,0.0,308.2498,67.9237,489.8643,0,0,1,0,1,0,1,0,1,0,1,0,1
90e6305a-46.jpg,34.9555,3.356,296.4373,288.647,0,0,1,0,1,0,1,0,1,0,1,0,1
90e6305a-46.jpg,1720.9669,61.463,277.8862,347.8713,0,0,1,0,1,0,1,0,1,0,1,0,1
90e6305a-46.jpg,245.1886,1288.3562,244.0855,11.6438,0,0,1,0,1,0,1,0,1,0,1,0,1
90e6305a-46.jpg,0.6937,289.4241,57.2076,294.0014,0,0,1,0,1,0,1,0,1,0,1,0,1
90e6305a-46.jpg,0.0469,559.7706,185.4937,594.3704,0,0,1,0,1,0,1,0,1,0,1,0,1
91819bd3-51.jpg,103.3417,363.866,304.776,375.6326,1,1,1,0,1,0,1,0,1,0,1,0,1
91819bd3-51.jpg,1621.2998,537.6833,296.0464,201.3992,3,1,1,1,1,1,1,0,1,0,1,0,1
91819bd3-51.jpg,1663.1561,850.3959,336.8439,449.6041,0,0,1,0,1,0,1,0,1,0,1,0,1
91819bd3-51.jpg,34.075,369.532,82.2478,266.6267,0,0,1,0,1,0,1,0,1,0,1,0,1
91819bd3-51.jpg,26.4418,370.1309,88.9213,271.0134,0,0,1,0,1,0,1,0,1,0,1,0,1
91819bd3-51.jpg,28.0439,370.4843,84.5964,262.4572,0,0,1,0,1,0,1,0,1,0,1,0,1
91819bd3-51.jpg,130.6408,683.4177,88.7604,115.5457,0,0,1,0,1,0,1,0,1,0,1,0,1
91819bd3-51.jpg,27.4623,370.6104,87.586,261.5809,0,0,1,0,1,0,1,0,1,0,1,0,1
91819bd3-51.jpg,23.4799,370.9522,104.9381,277.2345,0,0,1,0,1,0,1,0,1,0,1,0,1
91819bd3-51.jpg,1699.6189,855.2088,300.3811,444.7912,0,0,1,0,1,0,1,0,1,0,1,0,1
91819bd3-51.jpg,20.7097,371.6532,107.2496,281.8261,0,0,1,0,1,0,1,0,1,0,1,0,1
91819bd3-51.jpg,32.4474,369.2346,82.4315,261.1793,0,0,1,0,1,0,1,0,1,0,1,0,1
91819bd3-51.jpg,24.9356,371.6228,99.8644,269.0866,0,0,1,0,1,0,1,0,1,0,1,0,1
91819bd3-51.jpg,30.4027,368.6929,85.5416,270.0132,0,0,1,0,1,0,1,0,1,0,1,0,1
91819bd3-51.jpg,28.1361,369.7741,94.1496,275.2486,0,0,1,0,1,0,1,0,1,0,1,0,1
91819bd3-51.jpg,23.1087,372.2997,108.4083,276.2925,0,0,1,0,1,0,1,0,1,0,1,0,1
91819bd3-51.jpg,1639.9454,852.772,360.0546,447.228,0,0,1,0,1,0,1,0,1,0,1,0,1
91819bd3-51.jpg,16.2409,364.903,103.7578,283.7687,0,0,1,0,1,0,1,0,1,0,1,0,1
91819bd3-51.jpg,23.4278,372.9831,102.1445,273.2647,0,0,1,0,1,0,1,0,1,0,1,0,1
91819bd3-51.jpg,35.4181,365.8995,84.9651,278.8291,0,0,1,0,1,0,1,0,1,0,1,0,1
91819bd3-51.jpg,26.726,370.326,96.7907,282.5062,0,0,1,0,1,0,1,0,1,0,1,0,1
91819bd3-51.jpg,24.8244,364.326,102.5531,302.8064,0,0,1,0,1,0,1,0,1,0,1,0,1
91819bd3-51.jpg,27.0491,363.8829,82.8459,274.6293,0,0,1,0,1,0,1,0,1,0,1,0,1
91819bd3-51.jpg,19.3906,363.6792,99.2453,276.581,0,0,1,0,1,0,1,0,1,0,1,0,1
91819bd3-51.jpg,20.3139,371.9521,109.5195,279.0351,0,0,1,0,1,0,1,0,1,0,1,0,1
91819bd3-51.jpg,13.4336,368.1772,80.9598,269.3957,0,0,1,0,1,0,1,0,1,0,1,0,1
91819bd3-51.jpg,11.7504,359.628,109.734,300.525,0,0,1,0,1,0,1,0,1,0,1,0,1
91819bd3-51.jpg,139.8404,681.8992,80.2653,113.142,0,0,1,0,1,0,1,0,1,0,1,0,1
91819bd3-51.jpg,25.0384,362.9037,98.2077,287.9127,0,0,1,0,1,0,1,0,1,0,1,0,1
91819bd3-51.jpg,22.8915,361.4643,111.7375,317.1705,0,0,1,0,1,0,1,0,1,0,1,0,1
91819bd3-51.jpg,15.5558,366.7957,84.0997,273.1697,0,0,1,0,1,0,1,0,1,0,1,0,1
91819bd3-51.jpg,10.1974,358.5937,75.9917,285.9893,0,0,1,0,1,0,1,0,1,0,1,0,1
91819bd3-51.jpg,1850.5131,1270.771,149.4869,29.229,0,0,1,0,1,0,1,0,1,0,1,0,1
91819bd3-51.jpg,1642.0723,862.8572,357.9277,437.1428,0,0,1,0,1,0,1,0,1,0,1,0,1
91819bd3-51.jpg,131.2727,683.9048,88.2568,117.0253,0,0,1,0,1,0,1,0,1,0,1,0,1
91819bd3-51.jpg,1660.7961,845.8935,339.2039,454.1065,0,0,1,0,1,0,1,0,1,0,1,0,1
91819bd3-51.jpg,137.6609,680.9786,82.0342,114.4657,0,0,1,0,1,0,1,0,1,0,1,0,1
91819bd3-51.jpg,1855.9346,1271.1237,144.0654,28.8763,0,0,1,0,1,0,1,0,1,0,1,0,1
91819bd3-51.jpg,1882.2916,496.867,112.1078,86.5168,0,0,1,0,1,0,1,0,1,0,1,0,1
91819bd3-51.jpg,9.9529,361.0321,113.3871,327.2485,0,0,1,0,1,0,1,0,1,0,1,0,1
91819bd3-51.jpg,376.3943,0.0,573.4257,164.9373,0,0,1,0,1,0,1,0,1,0,1,0,1
91819bd3-51.jpg,712.441,2.5466,418.2711,202.1982,0,0,1,0,1,0,1,0,1,0,1,0,1
91819bd3-51.jpg,1643.5635,891.1548,356.4365,408.8452,0,0,1,0,1,0,1,0,1,0,1,0,1
91819bd3-51.jpg,1856.874,1264.7024,143.126,35.2976,0,0,1,0,1,0,1,0,1,0,1,0,1
91819bd3-51.jpg,1888.7648,491.4669,108.4351,91.1155,0,0,1,0,1,0,1,0,1,0,1,0,1
91819bd3-51.jpg,1978.0853,475.1795,21.7339,107.394,0,0,1,0,1,0,1,0,1,0,1,0,1
91819bd3-51.jpg,142.1505,682.136,79.4536,117.8652,0,0,1,0,1,0,1,0,1,0,1,0,1
91819bd3-51.jpg,1846.9065,1272.9778,153.0935,27.0222,0,0,1,0,1,0,1,0,1,0,1,0,1
91819bd3-51.jpg,1889.3627,489.5485,108.7635,92.9298,0,0,1,0,1,0,1,0,1,0,1,0,1
91819bd3-51.jpg,1751.9178,0.0,248.0822,130.3452,0,0,1,0,1,0,1,0,1,0,1,0,1
91819bd3-51.jpg,1956.6372,481.3416,42.9481,97.9454,0,0,1,0,1,0,1,0,1,0,1,0,1
91819bd3-51.jpg,62.6773,366.8336,87.2707,281.1662,0,0,1,0,1,0,1,0,1,0,1,0,1
93742b4a-197.jpg,238.1666,427.5714,140.3376,146.4517,1,1,1,0,1,0,1,0,1,0,1,0,1
93742b4a-197.jpg,251.2176,568.6081,194.7332,137.9326,1,1,1,0,1,0,1,0,1,0,1,0,1
93742b4a-197.jpg,365.8814,457.2034,228.7649,182.8484,1,1,1,0,1,0,1,0,1,0,1,0,1
93742b4a-197.jpg,430.2325,618.6356,251.7293,154.4425,3,1,1,1,1,1,1,0,1,0,1,0,1
93742b4a-197.jpg,1149.2573,466.494,242.054,229.4945,1,1,1,0,1,0,1,0,1,0,1,0,1
93742b4a-197.jpg,1170.7347,0.0277,534.6108,225.4283,0,0,1,0,1,0,1,0,1,0,1,0,1
93742b4a-197.jpg,1161.8572,0.1048,493.2175,226.1676,0,0,1,0,1,0,1,0,1,0,1,0,1
93742b4a-197.jpg,1170.8044,0.0,551.9714,224.9023,0,0,1,0,1,0,1,0,1,0,1,0,1
93742b4a-197.jpg,1165.9445,0.0,511.9324,226.0354,0,0,1,0,1,0,1,0,1,0,1,0,1
93742b4a-197.jpg,1132.1116,0.1044,615.5806,220.365,0,0,1,0,1,0,1,0,1,0,1,0,1
93742b4a-197.jpg,1108.3804,0.0,611.605,222.0127,0,0,1,0,1,0,1,0,1,0,1,0,1
93742b4a-197.jpg,1144.0029,0.1036,505.9703,226.6443,0,0,1,0,1,0,1,0,1,0,1,0,1
93742b4a-197.jpg,711.9491,1062.4706,340.7307,236.8077,0,0,1,0,1,0,1,0,1,0,1,0,1
93742b4a-197.jpg,1983.0414,431.5828,16.9586,215.4364,0,0,1,0,1,0,1,0,1,0,1,0,1
93742b4a-197.jpg,1305.2371,1249.8236,361.1389,50.1764,0,0,1,0,1,0,1,0,1,0,1,0,1
93742b4a-197.jpg,1983.5787,432.7656,16.4213,226.8973,0,0,1,0,1,0,1,0,1,0,1,0,1
93742b4a-197.jpg,1181.3229,0.0,589.1991,225.2278,0,0,1,0,1,0,1,0,1,0,1,0,1
93742b4a-197.jpg,1755.993,661.3438,94.2727,118.0367,0,0,1,0,1,0,1,0,1,0,1,0,1
93742b4a-197.jpg,1982.4867,435.4539,17.4889,196.2763,0,0,1,0,1,0,1,0,1,0,1,0,1
93742b4a-197.jpg,1983.778,448.1205,16.222,221.3091,0,0,1,0,1,0,1,0,1,0,1,0,1
93742b4a-197.jpg,1141.6196,0.231,631.2004,218.1542,0,0,1,0,1,0,1,0,1,0,1,0,1
93742b4a-197.jpg,1132.1298,0.0,630.6924,224.9977,0,0,1,0,1,0,1,0,1,0,1,0,1
93742b4a-197.jpg,1755.3757,668.3521,92.6677,109.6214,0,0,1,0,1,0,1,0,1,0,1,0,1
93742b4a-197.jpg,1287.0067,1252.2999,383.8066,47.7001,0,0,1,0,1,0,1,0,1,0,1,0,1
93742b4a-197.jpg,1114.4662,0.0306,604.033,228.2361,0,0,1,0,1,0,1,0,1,0,1,0,1
93742b4a-197.jpg,1311.7892,1248.2069,362.2776,51.7931,0,0,1,0,1,0,1,0,1,0,1,0,1
93742b4a-197.jpg,1161.9879,0.0,508.3035,225.7266,0,0,1,0,1,0,1,0,1,0,1,0,1
93742b4a-197.jpg,1108.3119,0.0,624.9452,226.1679,0,0,1,0,1,0,1,0,1,0,1,0,1
93742b4a-197.jpg,1352.7233,1259.4253,241.7606,40.5747,0,0,1,0,1,0,1,0,1,0,1,0,1
93742b4a-197.jpg,1982.4257,440.9609,17.4977,172.7169,0,0,1,0,1,0,1,0,1,0,1,0,1
93742b4a-197.jpg,1982.7402,456.593,17.1696,233.7152,0,0,1,0,1,0,1,0,1,0,1,0,1
93742b4a-197.jpg,735.1824,1070.0009,317.4581,226.7799,0,0,1,0,1,0,1,0,1,0,1,0,1
93742b4a-197.jpg,1135.1326,0.0,660.5659,223.3287,0,0,1,0,1,0,1,0,1,0,1,0,1
93742b4a-197.jpg,1755.6929,668.2122,93.7446,110.8733,0,0,1,0,1,0,1,0,1,0,1,0,1
93742b4a-197.jpg,1269.5723,1254.5071,390.5907,45.4574,0,0,1,0,1,0,1,0,1,0,1,0,1
93742b4a-197.jpg,1755.5977,657.7291,97.0089,119.1071,0,0,1,0,1,0,1,0,1,0,1,0,1
93742b4a-197.jpg,0.0,0.0,4.714,247.6701,0,0,1,0,1,0,1,0,1,0,1,0,1
93742b4a-197.jpg,1365.4968,1263.6362,211.3479,36.3638,0,0,1,0,1,0,1,0,1,0,1,0,1
93742b4a-197.jpg,1139.1609,0.0,599.1536,227.1633,0,0,1,0,1,0,1,0,1,0,1,0,1
93742b4a-197.jpg,1308.0856,1271.9965,253.8252,28.0035,0,0,1,0,1,0,1,0,1,0,1,0,1
93742b4a-197.jpg,1784.2845,663.8575,78.2166,115.2203,0,0,1,0,1,0,1,0,1,0,1,0,1
93742b4a-197.jpg,704.9819,1058.6376,347.7615,239.8583,0,0,1,0,1,0,1,0,1,0,1,0,1
93742b4a-197.jpg,1295.8174,1274.0198,251.7065,25.9802,0,0,1,0,1,0,1,0,1,0,1,0,1
93742b4a-197.jpg,1755.2405,657.0679,97.208,119.1578,0,0,1,0,1,0,1,0,1,0,1,0,1
93742b4a-197.jpg,0.0,0.0,31.7607,252.2349,0,0,1,0,1,0,1,0,1,0,1,0,1
93742b4a-197.jpg,1063.9645,0.0,639.1869,226.1034,0,0,1,0,1,0,1,0,1,0,1,0,1
93742b4a-197.jpg,1154.4384,0.0,484.0287,231.7914,0,0,1,0,1,0,1,0,1,0,1,0,1
93742b4a-197.jpg,1175.1801,2.6216,535.731,223.956,0,0,1,0,1,0,1,0,1,0,1,0,1
93742b4a-197.jpg,1980.1708,472.2402,19.7587,225.3719,0,0,1,0,1,0,1,0,1,0,1,0,1
93742b4a-197.jpg,1291.277,1276.1633,236.2301,23.8367,0,0,1,0,1,0,1,0,1,0,1,0,1
93742b4a-197.jpg,1169.9456,2.0638,502.354,224.5462,0,0,1,0,1,0,1,0,1,0,1,0,1
93742b4a-197.jpg,1342.8969,1244.4438,343.3895,55.3158,0,0,1,0,1,0,1,0,1,0,1,0,1
93742b4a-197.jpg,1743.9846,686.6445,90.9386,78.2701,0,0,1,0,1,0,1,0,1,0,1,0,1
93742b4a-197.jpg,1361.4321,1257.7639,266.4406,42.2361,0,0,1,0,1,0,1,0,1,0,1,0,1
93742b4a-197.jpg,0.0,0.0,0.0,284.8592,0,0,1,0,1,0,1,0,1,0,1,0,1
940c127d-163.jpg,804.011,487.0762,100.4371,230.0461,1,1,1,0,1,0,1,0,1,0,1,0,1
940c127d-163.jpg,881.1088,466.4909,119.1822,231.8214,1,1,1,0,1,0,1,0,1,0,1,0,1
940c127d-163.jpg,845.9149,652.2819,80.1291,156.94,1,1,1,0,1,0,1,0,1,0,1,0,1
940c127d-163.jpg,911.8361,680.8173,43.2151,75.3239,1,1,1,0,1,0,1,0,1,0,1,0,1
940c127d-163.jpg,975.062,477.9759,136.7882,221.571,1,1,1,0,1,0,1,0,1,0,1,0,1
940c127d-163.jpg,768.4056,18.1598,311.9319,288.1525,0,0,1,0,1,0,1,0,1,0,1,0,1
940c127d-163.jpg,1053.3367,687.1343,77.7109,124.3746,0,0,1,0,1,0,1,0,1,0,1,0,1
940c127d-163.jpg,1050.3649,687.7238,79.6476,123.9672,0,0,1,0,1,0,1,0,1,0,1,0,1
940c127d-163.jpg,1051.4001,687.3048,79.9252,123.5872,0,0,1,0,1,0,1,0,1,0,1,0,1
940c127d-163.jpg,0.0,339.9029,168.8043,521.8707,0,0,1,0,1,0,1,0,1,0,1,0,1
940c127d-163.jpg,765.8503,19.1295,315.3664,301.656,0,0,1,0,1,0,1,0,1,0,1,0,1
940c127d-163.jpg,763.2982,19.6565,318.4976,296.0125,0,0,1,0,1,0,1,0,1,0,1,0,1
940c127d-163.jpg,1054.4165,687.0578,76.6925,124.5246,0,0,1,0,1,0,1,0,1,0,1,0,1
940c127d-163.jpg,767.8451,19.6557,314.7969,331.4461,0,0,1,0,1,0,1,0,1,0,1,0,1
940c127d-163.jpg,107.4481,348.574,380.5067,466.4309,0,0,1,0,1,0,1,0,1,0,1,0,1
940c127d-163.jpg,1050.0587,687.4566,80.4562,124.7393,0,0,1,0,1,0,1,0,1,0,1,0,1
940c127d-163.jpg,37.0974,345.7422,421.765,489.2115,0,0,1,0,1,0,1,0,1,0,1,0,1
940c127d-163.jpg,1049.7538,690.8115,78.598,120.6063,0,0,1,0,1,0,1,0,1,0,1,0,1
940c127d-163.jpg,118.1709,344.7048,347.4281,480.5214,0,0,1,0,1,0,1,0,1,0,1,0,1
940c127d-163.jpg,350.7032,364.5958,169.1082,433.1934,0,0,1,0,1,0,1,0,1,0,1,0,1
940c127d-163.jpg,93.6211,346.3823,385.359,473.8273,0,0,1,0,1,0,1,0,1,0,1,0,1
940c127d-163.jpg,18.0527,345.0831,465.7892,480.8858,0,0,1,0,1,0,1,0,1,0,1,0,1
940c127d-163.jpg,0.0,345.7661,181.9133,522.2173,0,0,1,0,1,0,1,0,1,0,1,0,1
940c127d-163.jpg,1048.9615,692.2496,80.0195,120.2737,0,0,1,0,1,0,1,0,1,0,1,0,1
940c127d-163.jpg,115.1533,346.8463,339.8902,481.5705,0,0,1,0,1,0,1,0,1,0,1,0,1
940c127d-163.jpg,769.8851,18.9896,311.1605,340.4104,0,0,1,0,1,0,1,0,1,0,1,0,1
940c127d-163.jpg,482.9501,329.028,313.341,492.6476,0,0,1,0,1,0,1,0,1,0,1,0,1
940c127d-163.jpg,0.0,342.3875,180.5603,514.1574,0,0,1,0,1,0,1,0,1,0,1,0,1
940c127d-163.jpg,365.3792,365.8011,157.0975,426.4873,0,0,1,0,1,0,1,0,1,0,1,0,1
940c127d-163.jpg,0.0,343.5999,181.616,515.5333,0,0,1,0,1,0,1,0,1,0,1,0,1
940c127d-163.jpg,771.6061,19.8047,313.3856,342.813,0,0,1,0,1,0,1,0,1,0,1,0,1
940c127d-163.jpg,774.3864,18.0188,306.4417,331.5877,0,0,1,0,1,0,1,0,1,0,1,0,1
940c127d-163.jpg,480.1781,315.3824,304.8908,522.3479,0,0,1,0,1,0,1,0,1,0,1,0,1
940c127d-163.jpg,97.8314,347.0992,391.2275,473.5208,0,0,1,0,1,0,1,0,1,0,1,0,1
940c127d-163.jpg,768.4716,18.9961,314.0365,354.1149,0,0,1,0,1,0,1,0,1,0,1,0,1
940c127d-163.jpg,0.0053,341.0015,187.4269,515.2085,0,0,1,0,1,0,1,0,1,0,1,0,1
940c127d-163.jpg,0.0,343.1696,194.2544,515.9012,0,0,1,0,1,0,1,0,1,0,1,0,1
940c127d-163.jpg,0.2088,349.9273,215.8465,512.078,0,0,1,0,1,0,1,0,1,0,1,0,1
940c127d-163.jpg,484.0413,334.9658,308.4184,474.4484,0,0,1,0,1,0,1,0,1,0,1,0,1
940c127d-163.jpg,487.8722,330.0872,313.8412,502.7376,0,0,1,0,1,0,1,0,1,0,1,0,1
940c127d-163.jpg,1048.5619,688.4937,80.7235,126.2287,0,0,1,0,1,0,1,0,1,0,1,0,1
940c127d-163.jpg,481.3284,321.7943,298.0314,493.3918,0,0,1,0,1,0,1,0,1,0,1,0,1
940c127d-163.jpg,485.7061,332.2763,321.2325,483.1322,0,0,1,0,1,0,1,0,1,0,1,0,1
940c127d-163.jpg,482.8125,308.2406,311.1937,539.9899,0,0,1,0,1,0,1,0,1,0,1,0,1
940c127d-163.jpg,358.6856,362.9376,165.8594,439.2147,0,0,1,0,1,0,1,0,1,0,1,0,1
940c127d-163.jpg,1054.1545,683.7004,75.1882,126.3687,0,0,1,0,1,0,1,0,1,0,1,0,1
940c127d-163.jpg,46.938,340.1617,335.7331,503.644,0,0,1,0,1,0,1,0,1,0,1,0,1
940c127d-163.jpg,480.9874,340.5849,307.3158,460.8533,0,0,1,0,1,0,1,0,1,0,1,0,1
940c127d-163.jpg,133.578,337.3431,322.3436,493.806,0,0,1,0,1,0,1,0,1,0,1,0,1
940c127d-163.jpg,346.005,364.162,175.9879,441.9146,0,0,1,0,1,0,1,0,1,0,1,0,1
940c127d-163.jpg,0.0,353.6677,182.1052,474.314,0,0,1,0,1,0,1,0,1,0,1,0,1
940c127d-163.jpg,120.0146,339.9559,275.9084,496.7431,0,0,1,0,1,0,1,0,1,0,1,0,1
940c127d-163.jpg,1054.2828,686.5133,77.8696,125.0364,0,0,1,0,1,0,1,0,1,0,1,0,1
940c127d-163.jpg,352.0363,356.1191,174.8269,447.3131,0,0,1,0,1,0,1,0,1,0,1,0,1
940c127d-163.jpg,1019.7817,693.9034,45.4815,72.1954,0,0,1,0,1,0,1,0,1,0,1,0,1
9422353a-204.jpg,584.9314,484.8653,243.6946,289.2056,1,1,1,0,1,0,1,0,1,0,1,0,1
9422353a-204.jpg,816.7629,413.1544,260.5052,339.1367,1,1,1,0,1,0,1,0,1,0,1,0,1
9422353a-204.jpg,202.1804,734.8595,185.1377,167.4798,1,1,1,0,1,0,1,0,1,0,1,0,1
9422353a-204.jpg,978.9008,713.2391,183.832,195.2748,1,1,1,0,1,0,1,0,1,0,1,0,1
9422353a-204.jpg,1051.9203,473.9691,160.0342,259.0214,1,1,1,0,1,0,1,0,1,0,1,0,1
9422353a-204.jpg,1167.7454,536.6726,129.0575,196.441,1,1,1,0,1,0,1,0,1,0,1,0,1
9422353a-204.jpg,1270.5425,476.549,199.7174,223.9488,1,1,1,0,1,0,1,0,1,0,1,0,1
9422353a-204.jpg,1456.3408,413.873,180.5564,217.1966,1,1,1,0,1,0,1,0,1,0,1,0,1
9422353a-204.jpg,1218.4719,667.2449,262.2651,141.3644,1,1,1,0,1,0,1,0,1,0,1,0,1
9422353a-204.jpg,1444.7249,568.0761,224.1682,146.6644,1,1,1,0,1,0,1,0,1,0,1,0,1
9422353a-204.jpg,0.0,698.8783,30.7823,96.8577,0,0,1,0,1,0,1,0,1,0,1,0,1
9422353a-204.jpg,0.0,674.3234,31.1925,129.7687,0,0,1,0,1,0,1,0,1,0,1,0,1
9422353a-204.jpg,0.0794,699.7834,31.3693,92.1386,0,0,1,0,1,0,1,0,1,0,1,0,1
9422353a-204.jpg,0.0,656.1121,31.0394,141.1434,0,0,1,0,1,0,1,0,1,0,1,0,1
9422353a-204.jpg,0.0,534.6881,20.3627,172.85,0,0,1,0,1,0,1,0,1,0,1,0,1
9422353a-204.jpg,0.0,705.3723,26.7441,96.1188,0,0,1,0,1,0,1,0,1,0,1,0,1
9422353a-204.jpg,0.0633,669.8756,32.9588,127.0441,0,0,1,0,1,0,1,0,1,0,1,0,1
9422353a-204.jpg,0.0,516.8627,21.064,216.2416,0,0,1,0,1,0,1,0,1,0,1,0,1
9422353a-204.jpg,0.0,501.7009,20.9847,253.1829,0,0,1,0,1,0,1,0,1,0,1,0,1
9422353a-204.jpg,1611.6436,467.8545,50.3495,109.2003,0,0,1,0,1,0,1,0,1,0,1,0,1
9422353a-204.jpg,1411.2318,552.2669,54.673,115.0752,0,0,1,0,1,0,1,0,1,0,1,0,1
9422353a-204.jpg,0.0,638.9172,28.1082,161.414,0,0,1,0,1,0,1,0,1,0,1,0,1
9422353a-204.jpg,0.0,537.7606,19.8407,149.6818,0,0,1,0,1,0,1,0,1,0,1,0,1
9422353a-204.jpg,0.0,501.8014,26.5914,226.9243,0,0,1,0,1,0,1,0,1,0,1,0,1
9422353a-204.jpg,0.0,774.7971,80.1926,76.0923,0,0,1,0,1,0,1,0,1,0,1,0,1
9422353a-204.jpg,0.0,676.7181,31.9967,133.4568,0,0,1,0,1,0,1,0,1,0,1,0,1
9422353a-204.jpg,2.1794,778.1901,76.6864,69.6588,0,0,1,0,1,0,1,0,1,0,1,0,1
9422353a-204.jpg,0.0,778.8127,86.1359,75.4978,0,0,1,0,1,0,1,0,1,0,1,0,1
9422353a-204.jpg,2.1148,776.5645,75.7722,72.8885,0,0,1,0,1,0,1,0,1,0,1,0,1
9422353a-204.jpg,0.0,505.8109,19.6606,263.8983,0,0,1,0,1,0,1,0,1,0,1,0,1
9422353a-204.jpg,1415.021,525.1878,54.7329,143.5347,0,0,1,0,1,0,1,0,1,0,1,0,1
9422353a-204.jpg,0.0,777.6789,83.5538,77.1919,0,0,1,0,1,0,1,0,1,0,1,0,1
9422353a-204.jpg,2.7042,778.0318,84.9069,67.9319,0,0,1,0,1,0,1,0,1,0,1,0,1
9422353a-204.jpg,2.4772,779.1537,84.0459,68.2211,0,0,1,0,1,0,1,0,1,0,1,0,1
9422353a-204.jpg,1606.8851,460.1995,51.9791,118.8251,0,0,1,0,1,0,1,0,1,0,1,0,1
9422353a-204.jpg,0.0,607.204,23.7927,191.614,0,0,1,0,1,0,1,0,1,0,1,0,1
9422353a-204.jpg,0.0,514.4423,17.9669,263.3207,0,0,1,0,1,0,1,0,1,0,1,0,1
9422353a-204.jpg,0.0,704.4839,31.6887,90.5614,0,0,1,0,1,0,1,0,1,0,1,0,1
9422353a-204.jpg,1610.6431,491.7065,53.3293,85.71,0,0,1,0,1,0,1,0,1,0,1,0,1
9422353a-204.jpg,0.0,774.0729,78.3672,76.1406,0,0,1,0,1,0,1,0,1,0,1,0,1
9422353a-204.jpg,1.9458,780.9677,87.8732,76.7963,0,0,1,0,1,0,1,0,1,0,1,0,1
9426ba08-43.jpg,733.2405,463.1402,85.7214,260.3456,1,1,1,0,1,0,1,0,1,0,1,0,1
9426ba08-43.jpg,692.5762,506.674,55.296,206.7702,0,0,1,0,1,0,1,0,1,0,1,0,1
9426ba08-43.jpg,693.0735,512.5471,53.2227,189.0186,0,0,1,0,1,0,1,0,1,0,1,0,1
9426ba08-43.jpg,805.8027,0.1555,281.2179,90.4761,0,0,1,0,1,0,1,0,1,0,1,0,1
9426ba08-43.jpg,669.9847,1.6419,254.3274,247.6953,0,0,1,0,1,0,1,0,1,0,1,0,1
9426ba08-43.jpg,694.8734,537.9575,50.666,171.2319,0,0,1,0,1,0,1,0,1,0,1,0,1
9426ba08-43.jpg,694.0012,560.6975,53.7778,155.1231,0,0,1,0,1,0,1,0,1,0,1,0,1
9426ba08-43.jpg,0.0,0.0,7.6449,252.3792,0,0,1,0,1,0,1,0,1,0,1,0,1
9426ba08-43.jpg,667.7947,16.3864,243.2921,227.6106,0,0,1,0,1,0,1,0,1,0,1,0,1
9426ba08-43.jpg,682.8749,447.5979,67.2278,273.7578,0,0,1,0,1,0,1,0,1,0,1,0,1
9426ba08-43.jpg,694.1595,485.7703,53.0609,231.8401,0,0,1,0,1,0,1,0,1,0,1,0,1
9426ba08-43.jpg,799.8909,0.0867,286.4521,90.2634,0,0,1,0,1,0,1,0,1,0,1,0,1
9426ba08-43.jpg,700.2706,486.0736,49.0698,128.3453,0,0,1,0,1,0,1,0,1,0,1,0,1
9426ba08-43.jpg,699.4667,498.2323,50.0054,122.5075,0,0,1,0,1,0,1,0,1,0,1,0,1
9426ba08-43.jpg,696.6413,474.0934,50.1782,216.1896,0,0,1,0,1,0,1,0,1,0,1,0,1
9426ba08-43.jpg,261.5038,0.4412,481.2161,262.5635,0,0,1,0,1,0,1,0,1,0,1,0,1
9426ba08-43.jpg,698.2086,495.3822,46.8666,118.3348,0,0,1,0,1,0,1,0,1,0,1,0,1
9426ba08-43.jpg,279.0592,0.4944,479.9042,259.6625,0,0,1,0,1,0,1,0,1,0,1,0,1
9426ba08-43.jpg,806.459,0.0,279.8084,96.0667,0,0,1,0,1,0,1,0,1,0,1,0,1
9426ba08-43.jpg,0.0,0.0,45.6988,257.8967,0,0,1,0,1,0,1,0,1,0,1,0,1
9426ba08-43.jpg,666.8545,7.031,258.6042,238.3417,0,0,1,0,1,0,1,0,1,0,1,0,1
9426ba08-43.jpg,701.3468,471.593,47.7729,140.744,0,0,1,0,1,0,1,0,1,0,1,0,1
9426ba08-43.jpg,670.2281,0.0897,279.7278,251.2414,0,0,1,0,1,0,1,0,1,0,1,0,1
9426ba08-43.jpg,667.942,0.0,270.9013,251.544,0,0,1,0,1,0,1,0,1,0,1,0,1
9426ba08-43.jpg,676.5775,454.1139,73.7305,268.4942,0,0,1,0,1,0,1,0,1,0,1,0,1
9426ba08-43.jpg,670.4309,0.666,280.6321,248.4697,0,0,1,0,1,0,1,0,1,0,1,0,1
9426ba08-43.jpg,681.8493,445.6013,69.8439,273.2825,0,0,1,0,1,0,1,0,1,0,1,0,1
9426ba08-43.jpg,792.8744,0.0,335.6599,95.3092,0,0,1,0,1,0,1,0,1,0,1,0,1
9426ba08-43.jpg,1020.2315,635.6705,125.2982,247.5875,0,0,1,0,1,0,1,0,1,0,1,0,1
9426ba08-43.jpg,669.3118,1.5713,272.5297,246.2146,0,0,1,0,1,0,1,0,1,0,1,0,1
9426ba08-43.jpg,695.2527,494.1778,50.3954,209.9261,0,0,1,0,1,0,1,0,1,0,1,0,1
9426ba08-43.jpg,0.0,0.0,0.7139,298.4393,0,0,1,0,1,0,1,0,1,0,1,0,1
9426ba08-43.jpg,668.6453,0.0,263.5864,249.2001,0,0,1,0,1,0,1,0,1,0,1,0,1
9426ba08-43.jpg,698.0544,478.6718,46.9933,182.7769,0,0,1,0,1,0,1,0,1,0,1,0,1
9426ba08-43.jpg,702.8425,631.0298,59.6083,167.6649,0,0,1,0,1,0,1,0,1,0,1,0,1
9426ba08-43.jpg,805.2997,0.0,280.736,99.9052,0,0,1,0,1,0,1,0,1,0,1,0,1
9426ba08-43.jpg,959.1061,0.0,144.8043,17.4941,0,0,1,0,1,0,1,0,1,0,1,0,1
9426ba08-43.jpg,807.5358,0.0731,277.7301,89.9051,0,0,1,0,1,0,1,0,1,0,1,0,1
9426ba08-43.jpg,695.9091,601.5305,53.8791,120.0602,0,0,1,0,1,0,1,0,1,0,1,0,1
9426ba08-43.jpg,697.5461,487.2813,46.2778,125.9033,0,0,1,0,1,0,1,0,1,0,1,0,1
9426ba08-43.jpg,230.7843,0.0547,507.1703,271.086,0,0,1,0,1,0,1,0,1,0,1,0,1
9426ba08-43.jpg,677.6899,1.1747,331.7222,255.5595,0,0,1,0,1,0,1,0,1,0,1,0,1
9426ba08-43.jpg,999.4316,0.0002,116.0194,20.8375,0,0,1,0,1,0,1,0,1,0,1,0,1
9426ba08-43.jpg,696.8671,603.55,49.6233,115.4608,0,0,1,0,1,0,1,0,1,0,1,0,1
9426ba08-43.jpg,713.0151,0.059,186.7214,33.5864,0,0,1,0,1,0,1,0,1,0,1,0,1
9426ba08-43.jpg,712.2111,0.0,209.8541,50.3096,0,0,1,0,1,0,1,0,1,0,1,0,1
9426ba08-43.jpg,670.6887,9.4061,235.0966,239.1497,0,0,1,0,1,0,1,0,1,0,1,0,1
9426ba08-43.jpg,814.1838,0.2324,272.5254,86.4182,0,0,1,0,1,0,1,0,1,0,1,0,1
9426ba08-43.jpg,703.7333,463.8432,45.4349,146.2847,0,0,1,0,1,0,1,0,1,0,1,0,1
9426ba08-43.jpg,1021.0182,632.9913,136.9225,249.0502,0,0,1,0,1,0,1,0,1,0,1,0,1
9426ba08-43.jpg,700.9359,517.8497,44.5614,99.6243,0,0,1,0,1,0,1,0,1,0,1,0,1
964f351f-210.jpg,106.8209,493.8596,92.6197,215.7162,1,1,1,0,1,0,1,0,1,0,1,0,1
964f351f-210.jpg,190.0528,406.4455,229.657,272.4397,1,1,1,0,1,0,1,0,1,0,1,0,1
964f351f-210.jpg,396.588,385.476,254.7638,293.3486,1,1,1,0,1,0,1,0,1,0,1,0,1
964f351f-210.jpg,216.5384,668.5775,92.8426,171.4965,1,1,1,0,1,0,1,0,1,0,1,0,1
964f351f-210.jpg,291.7697,664.3403,113.301,151.2481,1,1,1,0,1,0,1,0,1,0,1,0,1
964f351f-210.jpg,390.4954,667.2664,95.2068,139.3142,1,1,1,0,1,0,1,0,1,0,1,0,1
964f351f-210.jpg,458.0628,646.4157,161.606,222.1906,2,1,1,1,1,0,1,0,1,0,1,0,1
964f351f-210.jpg,603.0333,633.413,176.9322,228.8909,1,1,1,0,1,0,1,0,1,0,1,0,1
964f351f-210.jpg,638.8057,417.4363,230.6309,257.7622,1,1,1,0,1,0,1,0,1,0,1,0,1
964f351f-210.jpg,1076.8494,467.6524,219.1307,229.6816,1,1,1,0,1,0,1,0,1,0,1,0,1
964f351f-210.jpg,975.1604,635.1312,212.693,255.6972,1,1,1,0,1,0,1,0,1,0,1,0,1
964f351f-210.jpg,1179.0237,674.2225,201.582,192.0714,1,1,1,0,1,0,1,0,1,0,1,0,1
964f351f-210.jpg,1285.2109,521.6574,179.4686,192.2536,1,1,1,0,1,0,1,0,1,0,1,0,1
964f351f-210.jpg,1376.8748,675.8657,282.2856,202.8464,2,1,1,1,1,0,1,0,1,0,1,0,1
964f351f-210.jpg,1453.0107,507.8164,252.1714,198.6526,2,1,1,1,1,0,1,0,1,0,1,0,1
964f351f-210.jpg,1698.9033,551.7311,146.8795,117.6476,2,1,1,1,1,0,1,0,1,0,1,0,1
964f351f-210.jpg,1652.1532,660.5011,168.5776,138.6182,1,1,1,0,1,0,1,0,1,0,1,0,1
964f351f-210.jpg,161.4564,496.4485,48.9362,184.3081,0,0,1,0,1,0,1,0,1,0,1,0,1
964f351f-210.jpg,161.3526,499.7611,47.8404,168.9022,0,0,1,0,1,0,1,0,1,0,1,0,1
964f351f-210.jpg,161.3603,498.1634,48.0156,170.4999,0,0,1,0,1,0,1,0,1,0,1,0,1
964f351f-210.jpg,170.002,496.6217,42.1669,163.1544,0,0,1,0,1,0,1,0,1,0,1,0,1
964f351f-210.jpg,161.5058,496.5945,46.6375,164.5222,0,0,1,0,1,0,1,0,1,0,1,0,1
964f351f-210.jpg,168.2162,493.4435,43.1891,161.2801,0,0,1,0,1,0,1,0,1,0,1,0,1
97714bbb-86.jpg,1469.5536,579.6556,335.8799,194.3638,4,1,1,1,1,1,1,1,1,0,1,0,1
97714bbb-86.jpg,1648.5571,473.9732,210.3778,163.2952,6,1,1,1,1,1,1,1,1,1,1,1,1
97714bbb-86.jpg,1843.371,520.9099,111.0558,90.7638,2,1,1,1,1,0,1,0,1,0,1,0,1
97714bbb-86.jpg,1792.1801,593.404,180.8079,88.3336,1,1,1,0,1,0,1,0,1,0,1,0,1
97714bbb-86.jpg,1953.5007,482.1173,46.1411,221.7007,0,0,1,0,1,0,1,0,1,0,1,0,1
97714bbb-86.jpg,3.2166,646.5508,65.2171,67.3168,0,0,1,0,1,0,1,0,1,0,1,0,1
97714bbb-86.jpg,1258.8903,954.9481,105.7302,109.9317,0,0,1,0,1,0,1,0,1,0,1,0,1
97714bbb-86.jpg,1960.2692,554.3027,39.2303,167.8233,0,0,1,0,1,0,1,0,1,0,1,0,1
97714bbb-86.jpg,1972.2981,565.706,27.4818,168.2844,0,0,1,0,1,0,1,0,1,0,1,0,1
97714bbb-86.jpg,1956.031,505.7766,43.3472,197.3834,0,0,1,0,1,0,1,0,1,0,1,0,1
97714bbb-86.jpg,1955.8,495.8224,44.2,197.5533,0,0,1,0,1,0,1,0,1,0,1,0,1
97714bbb-86.jpg,1957.5229,532.2627,41.9464,182.5543,0,0,1,0,1,0,1,0,1,0,1,0,1
97714bbb-86.jpg,1966.9495,556.8173,32.8613,165.0337,0,0,1,0,1,0,1,0,1,0,1,0,1
97714bbb-86.jpg,1955.4867,496.9205,44.442,206.8032,0,0,1,0,1,0,1,0,1,0,1,0,1
97714bbb-86.jpg,0.0,584.7654,24.3778,142.1402,0,0,1,0,1,0,1,0,1,0,1,0,1
97714bbb-86.jpg,1956.6692,516.5345,43.3308,189.1542,0,0,1,0,1,0,1,0,1,0,1,0,1
97714bbb-86.jpg,1963.9663,561.7867,35.4691,169.3261,0,0,1,0,1,0,1,0,1,0,1,0,1
97714bbb-86.jpg,0.0,377.8871,76.9483,314.6495,0,0,1,0,1,0,1,0,1,0,1,0,1
97714bbb-86.jpg,1706.9622,1152.8313,293.0378,147.1687,0,0,1,0,1,0,1,0,1,0,1,0,1
97714bbb-86.jpg,0.9587,636.9517,70.799,98.7583,0,0,1,0,1,0,1,0,1,0,1,0,1
97714bbb-86.jpg,1707.9984,1153.921,292.0016,146.079,0,0,1,0,1,0,1,0,1,0,1,0,1
97714bbb-86.jpg,2.2442,644.9588,64.7648,67.0914,0,0,1,0,1,0,1,0,1,0,1,0,1
97714bbb-86.jpg,1952.5673,472.8381,47.3649,216.3563,0,0,1,0,1,0,1,0,1,0,1,0,1
97714bbb-86.jpg,1959.6001,536.1519,40.2642,179.6376,0,0,1,0,1,0,1,0,1,0,1,0,1
97714bbb-86.jpg,1690.8268,1153.3977,309.1732,146.5415,0,0,1,0,1,0,1,0,1,0,1,0,1
97714bbb-86.jpg,1975.5764,612.0789,24.0249,119.1259,0,0,1,0,1,0,1,0,1,0,1,0,1
97714bbb-86.jpg,1722.3365,1151.3696,277.6635,148.6304,0,0,1,0,1,0,1,0,1,0,1,0,1
97714bbb-86.jpg,541.2747,1275.8826,218.9634,24.1174,0,0,1,0,1,0,1,0,1,0,1,0,1
97714bbb-86.jpg,0.0939,627.5991,66.2984,113.7817,0,0,1,0,1,0,1,0,1,0,1,0,1
97714bbb-86.jpg,1939.9177,501.64,59.9922,185.8635,0,0,1,0,1,0,1,0,1,0,1,0,1
97714bbb-86.jpg,552.5704,1275.1166,217.0574,24.8834,0,0,1,0,1,0,1,0,1,0,1,0,1
97714bbb-86.jpg,1001.9589,0.0,416.7267,66.3462,0,0,1,0,1,0,1,0,1,0,1,0,1
97714bbb-86.jpg,1959.0044,509.6603,40.86,254.3535,0,0,1,0,1,0,1,0,1,0,1,0,1
97714bbb-86.jpg,1713.8424,1157.0658,286.1576,142.9342,0,0,1,0,1,0,1,0,1,0,1,0,1
990e0567-54.jpg,562.7709,626.5589,133.2375,191.5436,1,1,1,0,1,0,1,0,1,0,1,0,1
990e0567-54.jpg,1173.1259,413.0454,171.8071,233.8556,1,1,1,0,1,0,1,0,1,0,1,0,1
990e0567-54.jpg,1544.8,409.095,69.1106,192.131,1,1,1,0,1,0,1,0,1,0,1,0,1
990e0567-54.jpg,1599.7979,374.0941,83.4556,186.0193,1,1,1,0,1,0,1,0,1,0,1,0,1
99903448-158.jpg,383.9743,486.927,146.9248,126.7121,2,1,1,1,1,0,1,0,1,0,1,0,1
99903448-158.jpg,431.6998,604.6885,188.9735,116.2999,2,1,1,1,1,0,1,0,1,0,1,0,1
99903448-158.jpg,515.1686,527.4873,121.6364,141.6262,1,1,1,0,1,0,1,0,1,0,1,0,1
99903448-158.jpg,621.783,511.5901,151.3641,182.1211,1,1,1,0,1,0,1,0,1,0,1,0,1
99903448-158.jpg,763.3784,506.5129,193.0801,215.9258,1,1,1,0,1,0,1,0,1,0,1,0,1
99903448-158.jpg,950.4127,507.0308,202.0656,209.6044,2,1,1,1,1,0,1,0,1,0,1,0,1
99903448-158.jpg,898.8035,678.1991,173.2827,180.1188,1,1,1,0,1,0,1,0,1,0,1,0,1
99903448-158.jpg,1068.0043,673.9019,171.9495,204.7371,1,1,1,0,1,0,1,0,1,0,1,0,1
99903448-158.jpg,1139.8572,456.5912,248.054,249.6842,2,1,1,1,1,0,1,0,1,0,1,0,1
99903448-158.jpg,1370.9913,457.5692,229.4248,237.5383,2,1,1,1,1,0,1,0,1,0,1,0,1
99903448-158.jpg,1228.4369,689.3761,159.5657,173.1962,1,1,1,0,1,0,1,0,1,0,1,0,1
99903448-158.jpg,1381.4866,685.017,149.8112,173.7305,1,1,1,0,1,0,1,0,1,0,1,0,1
99903448-158.jpg,1588.5215,496.6519,132.3535,190.6888,1,1,1,0,1,0,1,0,1,0,1,0,1
99903448-158.jpg,1708.2767,463.6752,105.1312,223.5999,1,1,1,0,1,0,1,0,1,0,1,0,1
99903448-158.jpg,1519.1217,676.1602,131.825,173.9816,1,1,1,0,1,0,1,0,1,0,1,0,1
99903448-158.jpg,1636.8606,677.0327,96.6324,165.3515,1,1,1,0,1,0,1,0,1,0,1,0,1
99903448-158.jpg,1725.9915,677.0107,57.1384,102.8227,1,1,1,0,1,0,1,0,1,0,1,0,1
99903448-158.jpg,1796.5914,489.1213,44.5201,164.9283,1,1,1,0,1,0,1,0,1,0,1,0,1
99903448-158.jpg,1774.9932,680.9464,36.5516,85.6254,0,0,1,0,1,0,1,0,1,0,1,0,1
99903448-158.jpg,1775.6172,690.4163,34.4803,85.2182,0,0,1,0,1,0,1,0,1,0,1,0,1
999706d9-108.jpg,0.0,0.0,4.9087,255.3635,0,0,1,0,1,0,1,0,1,0,1,0,1
999706d9-108.jpg,0.0359,1130.2797,224.4886,169.7203,0,0,1,0,1,0,1,0,1,0,1,0,1
999706d9-108.jpg,0.0,0.1373,267.3186,145.1582,0,0,1,0,1,0,1,0,1,0,1,0,1
999706d9-108.jpg,0.0,0.0108,315.5771,125.6466,0,0,1,0,1,0,1,0,1,0,1,0,1
999706d9-108.jpg,0.0,0.0,44.7029,260.6283,0,0,1,0,1,0,1,0,1,0,1,0,1
999706d9-108.jpg,0.0,0.0,280.7773,73.6982,0,0,1,0,1,0,1,0,1,0,1,0,1
999706d9-108.jpg,0.32,1140.3785,259.8995,159.6215,0,0,1,0,1,0,1,0,1,0,1,0,1
999706d9-108.jpg,0.0,0.0,287.2576,71.5662,0,0,1,0,1,0,1,0,1,0,1,0,1
999706d9-108.jpg,1795.205,1262.6101,204.795,37.2218,0,0,1,0,1,0,1,0,1,0,1,0,1
999706d9-108.jpg,0.0,0.0,0.0,302.1981,0,0,1,0,1,0,1,0,1,0,1,0,1
999706d9-108.jpg,1831.1707,1255.3478,168.1877,44.6522,0,0,1,0,1,0,1,0,1,0,1,0,1
999706d9-108.jpg,848.5098,39.1603,445.9192,155.2806,0,0,1,0,1,0,1,0,1,0,1,0,1
999706d9-108.jpg,1809.8175,1260.0802,190.1825,39.8647,0,0,1,0,1,0,1,0,1,0,1,0,1
999706d9-108.jpg,0.0,0.0597,377.4251,76.0471,0,0,1,0,1,0,1,0,1,0,1,0,1
999706d9-108.jpg,0.4799,1159.7135,282.707,140.2865,0,0,1,0,1,0,1,0,1,0,1,0,1
999706d9-108.jpg,3.4148,0.0878,408.3324,73.5426,0,0,1,0,1,0,1,0,1,0,1,0,1
999706d9-108.jpg,1796.6572,1270.241,203.3428,29.759,0,0,1,0,1,0,1,0,1,0,1,0,1
999706d9-108.jpg,312.0092,1279.7488,189.5283,20.2512,0,0,1,0,1,0,1,0,1,0,1,0,1
999706d9-108.jpg,0.0,0.1173,354.4691,93.6627,0,0,1,0,1,0,1,0,1,0,1,0,1
999706d9-108.jpg,0.0,0.0,379.4972,87.0412,0,0,1,0,1,0,1,0,1,0,1,0,1
999706d9-108.jpg,328.583,1278.5583,165.3491,21.4417,0,0,1,0,1,0,1,0,1,0,1,0,1
999706d9-108.jpg,310.1807,1280.8022,197.7474,19.1978,0,0,1,0,1,0,1,0,1,0,1,0,1
999706d9-108.jpg,1841.9078,1259.8174,158.0922,40.1826,0,0,1,0,1,0,1,0,1,0,1,0,1
999706d9-108.jpg,1827.9785,1266.1005,171.1101,33.8995,0,0,1,0,1,0,1,0,1,0,1,0,1
999706d9-108.jpg,0.0,0.0,249.5516,173.4956,0,0,1,0,1,0,1,0,1,0,1,0,1
999706d9-108.jpg,0.8632,1091.7161,251.6445,207.7854,0,0,1,0,1,0,1,0,1,0,1,0,1
999706d9-108.jpg,1626.7415,1273.2175,253.2867,26.7825,0,0,1,0,1,0,1,0,1,0,1,0,1
999706d9-108.jpg,1811.4563,1268.6056,188.5437,31.3944,0,0,1,0,1,0,1,0,1,0,1,0,1
999706d9-108.jpg,0.0,0.0,44.8381,238.9286,0,0,1,0,1,0,1,0,1,0,1,0,1
999706d9-108.jpg,0.0,0.1963,304.5354,88.6696,0,0,1,0,1,0,1,0,1,0,1,0,1
999706d9-108.jpg,0.0922,1090.3632,225.9188,208.501,0,0,1,0,1,0,1,0,1,0,1,0,1
999706d9-108.jpg,767.6647,25.9701,535.484,187.2498,0,0,1,0,1,0,1,0,1,0,1,0,1
999706d9-108.jpg,0.0,0.0,276.9925,87.2759,0,0,1,0,1,0,1,0,1,0,1,0,1
999706d9-108.jpg,0.0,0.0,283.9797,76.284,0,0,1,0,1,0,1,0,1,0,1,0,1
999706d9-108.jpg,0.0,0.0185,248.162,94.9487,0,0,1,0,1,0,1,0,1,0,1,0,1
999706d9-108.jpg,0.0,0.0,282.732,71.8912,0,0,1,0,1,0,1,0,1,0,1,0,1
999706d9-108.jpg,1635.7513,1272.2301,253.3004,27.7699,0,0,1,0,1,0,1,0,1,0,1,0,1
999706d9-108.jpg,711.6879,10.4098,579.2648,329.5908,0,0,1,0,1,0,1,0,1,0,1,0,1
999706d9-108.jpg,1480.5485,795.6108,410.2234,328.9325,0,0,1,0,1,0,1,0,1,0,1,0,1
999706d9-108.jpg,1774.147,1265.1306,225.853,34.8694,0,0,1,0,1,0,1,0,1,0,1,0,1
999706d9-108.jpg,0.0,0.1043,337.1699,81.0169,0,0,1,0,1,0,1,0,1,0,1,0,1
999706d9-108.jpg,1778.363,1271.587,221.637,28.413,0,0,1,0,1,0,1,0,1,0,1,0,1
999706d9-108.jpg,1457.3844,743.6974,149.6583,123.6013,0,0,1,0,1,0,1,0,1,0,1,0,1
999706d9-108.jpg,1005.4451,178.3378,101.6095,51.602,0,0,1,0,1,0,1,0,1,0,1,0,1
999706d9-108.jpg,0.0,1177.3369,335.6901,122.3678,0,0,1,0,1,0,1,0,1,0,1,0,1
999706d9-108.jpg,318.6451,1281.2571,204.2438,18.7429,0,0,1,0,1,0,1,0,1,0,1,0,1
999706d9-108.jpg,1458.658,742.4082,148.4126,123.6549,0,0,1,0,1,0,1,0,1,0,1,0,1
999706d9-108.jpg,317.3669,1277.3196,170.2968,22.6804,0,0,1,0,1,0,1,0,1,0,1,0,1
999706d9-108.jpg,1497.7336,798.8839,390.199,323.8345,0,0,1,0,1,0,1,0,1,0,1,0,1
999706d9-108.jpg,696.8969,951.8223,660.7488,261.8662,0,0,1,0,1,0,1,0,1,0,1,0,1
9a50228d-127.jpg,121.8258,982.9934,324.4651,260.5061,4,1,1,1,1,1,1,1,1,0,1,0,1
9a50228d-127.jpg,201.5556,764.1232,338.9351,323.7843,4,1,1,1,1,1,1,1,1,0,1,0,1
9a50228d-127.jpg,294.6304,617.4265,280.0593,198.8334,2,1,1,1,1,0,1,0,1,0,1,0,1
9a50228d-127.jpg,390.8015,288.7514,233.5222,216.2283,2,1,1,1,1,0,1,0,1,0,1,0,1
9a50228d-127.jpg,725.1603,79.5895,244.9041,209.1086,1,1,1,0,1,0,1,0,1,0,1,0,1
9a50228d-127.jpg,965.7515,69.7962,243.9119,217.2595,1,1,1,0,1,0,1,0,1,0,1,0,1
9a50228d-127.jpg,1158.7627,179.2429,210.0895,179.6576,1,1,1,0,1,0,1,0,1,0,1,0,1
9a50228d-127.jpg,1288.1006,315.4749,233.8835,220.5002,2,1,1,1,1,0,1,0,1,0,1,0,1
9a50228d-127.jpg,1355.3695,638.2471,264.2723,203.3655,4,1,1,1,1,1,1,1,1,0,1,0,1
9a50228d-127.jpg,1375.6488,802.1146,320.6575,316.358,4,1,1,1,1,1,1,1,1,0,1,0,1
9a50228d-127.jpg,1496.5482,999.5121,271.5283,291.311,5,1,1,1,1,1,1,1,1,1,1,0,1
9a50228d-127.jpg,188.382,1217.4004,338.9122,82.1598,0,0,1,0,1,0,1,0,1,0,1,0,1
9a50228d-127.jpg,160.2373,1204.7798,388.2812,95.2202,0,0,1,0,1,0,1,0,1,0,1,0,1
9a50228d-127.jpg,165.2523,1218.3544,362.8642,81.3002,0,0,1,0,1,0,1,0,1,0,1,0,1
9a50228d-127.jpg,162.2699,1200.0067,412.4506,99.9933,0,0,1,0,1,0,1,0,1,0,1,0,1
9a50228d-127.jpg,78.1671,1200.8121,455.6718,99.1879,0,0,1,0,1,0,1,0,1,0,1,0,1
9a50228d-127.jpg,229.9393,1217.7043,300.5721,82.0021,0,0,1,0,1,0,1,0,1,0,1,0,1
9a50228d-127.jpg,77.9325,1203.8477,463.8191,96.1523,0,0,1,0,1,0,1,0,1,0,1,0,1
9a50228d-127.jpg,87.7298,1199.5197,460.7656,100.4803,0,0,1,0,1,0,1,0,1,0,1,0,1
9a50228d-127.jpg,225.84,1218.2627,308.9224,81.4053,0,0,1,0,1,0,1,0,1,0,1,0,1
9a50228d-127.jpg,62.4593,1201.2654,502.4314,98.7346,0,0,1,0,1,0,1,0,1,0,1,0,1
9a50228d-127.jpg,102.8777,1217.7744,420.3097,82.0798,0,0,1,0,1,0,1,0,1,0,1,0,1
9a50228d-127.jpg,157.7516,1201.0884,371.8885,98.9116,0,0,1,0,1,0,1,0,1,0,1,0,1
9a50228d-127.jpg,28.4668,1209.9823,549.3154,90.0177,0,0,1,0,1,0,1,0,1,0,1,0,1
9a50228d-127.jpg,67.6688,1202.5439,558.4712,97.4561,0,0,1,0,1,0,1,0,1,0,1,0,1
9a50228d-127.jpg,0.0,1210.8702,557.1321,89.1298,0,0,1,0,1,0,1,0,1,0,1,0,1
9a50228d-127.jpg,124.0341,1218.5841,398.0126,81.0446,0,0,1,0,1,0,1,0,1,0,1,0,1
9a50228d-127.jpg,56.0953,1211.8634,608.3202,88.1366,0,0,1,0,1,0,1,0,1,0,1,0,1
9a50228d-127.jpg,72.8721,1205.1364,498.5868,94.8636,0,0,1,0,1,0,1,0,1,0,1,0,1
9a50228d-127.jpg,73.712,1197.901,504.3613,102.099,0,0,1,0,1,0,1,0,1,0,1,0,1
9a50228d-127.jpg,78.2593,1201.5846,493.0037,98.4154,0,0,1,0,1,0,1,0,1,0,1,0,1
9a50228d-127.jpg,0.0,1218.9213,506.8936,81.0787,0,0,1,0,1,0,1,0,1,0,1,0,1
9a50228d-127.jpg,23.9324,1203.2471,545.0565,96.7529,0,0,1,0,1,0,1,0,1,0,1,0,1
9a50228d-127.jpg,143.6612,1213.7845,384.0869,85.2164,0,0,1,0,1,0,1,0,1,0,1,0,1
9a50228d-127.jpg,62.4779,1233.5347,346.8908,66.4653,0,0,1,0,1,0,1,0,1,0,1,0,1
9a50228d-127.jpg,118.3287,1205.0382,447.1301,94.9618,0,0,1,0,1,0,1,0,1,0,1,0,1
9a50228d-127.jpg,51.9312,1213.2803,444.3759,86.7197,0,0,1,0,1,0,1,0,1,0,1,0,1
9a50228d-127.jpg,51.2626,1205.2397,561.2529,94.7603,0,0,1,0,1,0,1,0,1,0,1,0,1
9a50228d-127.jpg,0.0,1212.9218,554.2192,87.0782,0,0,1,0,1,0,1,0,1,0,1,0,1
9a50228d-127.jpg,441.3182,0.1162,323.0513,59.4635,0,0,1,0,1,0,1,0,1,0,1,0,1
9a50228d-127.jpg,445.1548,0.0,268.7697,73.1552,0,0,1,0,1,0,1,0,1,0,1,0,1
9a50228d-127.jpg,30.029,1211.7371,442.0714,88.2629,0,0,1,0,1,0,1,0,1,0,1,0,1
9a50228d-127.jpg,89.1714,1193.7473,493.2304,106.2527,0,0,1,0,1,0,1,0,1,0,1,0,1
9a50228d-127.jpg,442.4756,0.0469,299.492,69.0536,0,0,1,0,1,0,1,0,1,0,1,0,1
9a50228d-127.jpg,210.1118,1214.2725,325.9752,84.5995,0,0,1,0,1,0,1,0,1,0,1,0,1
9a50228d-127.jpg,98.1307,1219.3074,418.6598,80.1783,0,0,1,0,1,0,1,0,1,0,1,0,1
9a50228d-127.jpg,61.4949,1237.2915,289.9109,62.7085,0,0,1,0,1,0,1,0,1,0,1,0,1
9a50228d-127.jpg,59.4473,1215.3369,400.8242,84.6631,0,0,1,0,1,0,1,0,1,0,1,0,1
9a50228d-127.jpg,0.0,1213.1838,546.0187,86.8162,0,0,1,0,1,0,1,0,1,0,1,0,1
9a50228d-127.jpg,56.7258,1216.7297,457.7084,83.2703,0,0,1,0,1,0,1,0,1,0,1,0,1
9a50228d-127.jpg,440.3395,0.0,273.7177,75.0967,0,0,1,0,1,0,1,0,1,0,1,0,1
9a50228d-127.jpg,81.0044,1217.6713,435.8628,82.3287,0,0,1,0,1,0,1,0,1,0,1,0,1
9a50228d-127.jpg,0.0,457.6819,35.8179,269.6522,0,0,1,0,1,0,1,0,1,0,1,0,1
9a50228d-127.jpg,0.0,464.3406,35.5005,285.5372,0,0,1,0,1,0,1,0,1,0,1,0,1
9a50228d-127.jpg,1714.1941,1228.9799,175.1587,70.1027,0,0,1,0,1,0,1,0,1,0,1,0,1
9a50228d-127.jpg,434.2196,0.0,269.9919,71.05,0,0,1,0,1,0,1,0,1,0,1,0,1
9a50228d-127.jpg,0.0,459.6256,26.848,260.5802,0,0,1,0,1,0,1,0,1,0,1,0,1
9a50228d-127.jpg,60.3737,1225.6198,379.8232,74.3802,0,0,1,0,1,0,1,0,1,0,1,0,1
9a50228d-127.jpg,442.5979,0.0,293.1006,74.2852,0,0,1,0,1,0,1,0,1,0,1,0,1
9a50228d-127.jpg,49.3224,1212.874,440.9374,86.6143,0,0,1,0,1,0,1,0,1,0,1,0,1
9a50228d-127.jpg,0.056,473.6448,34.8237,291.8295,0,0,1,0,1,0,1,0,1,0,1,0,1
9aa4cf36-22.jpg,336.2519,473.2388,285.5576,201.5641,2,1,1,1,1,0,1,0,1,0,1,0,1
9aa4cf36-22.jpg,102.7749,425.16,242.4475,144.8444,1,1,1,0,1,0,1,0,1,0,1,0,1
9aa4cf36-22.jpg,22.6342,535.8978,338.2426,191.1183,1,1,1,0,1,0,1,0,1,0,1,0,1
9aa4cf36-22.jpg,344.7193,648.4318,287.5547,222.4473,1,1,1,0,1,0,1,0,1,0,1,0,1
9aa4cf36-22.jpg,615.7502,650.8326,282.8188,265.9263,2,1,1,1,1,0,1,0,1,0,1,0,1
9aa4cf36-22.jpg,1705.0463,297.0354,233.8268,320.983,1,1,1,0,1,0,1,0,1,0,1,0,1
9aa4cf36-22.jpg,0.0,1155.6556,327.8124,144.2982,0,0,1,0,1,0,1,0,1,0,1,0,1
9aa4cf36-22.jpg,1721.6007,0.166,258.8162,80.2893,0,0,1,0,1,0,1,0,1,0,1,0,1
9aa4cf36-22.jpg,1724.0261,0.9867,242.6815,94.9103,0,0,1,0,1,0,1,0,1,0,1,0,1
9aa4cf36-22.jpg,0.0,0.0,5.9502,238.4921,0,0,1,0,1,0,1,0,1,0,1,0,1
9aa4cf36-22.jpg,0.0,1105.8169,329.9964,194.1831,0,0,1,0,1,0,1,0,1,0,1,0,1
9aa4cf36-22.jpg,0.0,1130.5277,330.2961,169.4723,0,0,1,0,1,0,1,0,1,0,1,0,1
9aa4cf36-22.jpg,1722.444,0.3513,261.1881,59.5467,0,0,1,0,1,0,1,0,1,0,1,0,1
9aa4cf36-22.jpg,1716.7332,0.3728,244.8162,85.6796,0,0,1,0,1,0,1,0,1,0,1,0,1
9aa4cf36-22.jpg,1711.0009,0.207,259.4039,89.6,0,0,1,0,1,0,1,0,1,0,1,0,1
9aa4cf36-22.jpg,1719.3859,0.0515,255.7617,88.4953,0,0,1,0,1,0,1,0,1,0,1,0,1
9aa4cf36-22.jpg,1543.6665,0.0389,172.2339,18.6551,0,0,1,0,1,0,1,0,1,0,1,0,1
9aa4cf36-22.jpg,1545.1929,0.0526,180.8419,18.985,0,0,1,0,1,0,1,0,1,0,1,0,1
9aa4cf36-22.jpg,337.074,563.3932,47.541,111.5131,0,0,1,0,1,0,1,0,1,0,1,0,1
9aa4cf36-22.jpg,1718.1315,0.8723,240.504,91.979,0,0,1,0,1,0,1,0,1,0,1,0,1
9aa4cf36-22.jpg,1718.6111,0.4936,271.1068,94.307,0,0,1,0,1,0,1,0,1,0,1,0,1
9aa4cf36-22.jpg,0.1194,1113.9044,299.4356,186.0956,0,0,1,0,1,0,1,0,1,0,1,0,1
9aa4cf36-22.jpg,1716.3937,0.0751,255.5538,88.5489,0,0,1,0,1,0,1,0,1,0,1,0,1
9aa4cf36-22.jpg,1722.7495,0.7135,256.8173,94.4976,0,0,1,0,1,0,1,0,1,0,1,0,1
9aa4cf36-22.jpg,1717.8488,0.0,215.02,42.695,0,0,1,0,1,0,1,0,1,0,1,0,1
9aa4cf36-22.jpg,1716.2482,0.0358,274.1493,88.1586,0,0,1,0,1,0,1,0,1,0,1,0,1
9aa4cf36-22.jpg,1713.0707,0.0,218.0217,41.7706,0,0,1,0,1,0,1,0,1,0,1,0,1
9aa4cf36-22.jpg,1725.5184,0.0613,218.7538,27.5174,0,0,1,0,1,0,1,0,1,0,1,0,1
9aa4cf36-22.jpg,0.0,1155.5199,348.4773,144.4095,0,0,1,0,1,0,1,0,1,0,1,0,1
9aa4cf36-22.jpg,0.0,0.0,51.2502,235.9506,0,0,1,0,1,0,1,0,1,0,1,0,1
9aa4cf36-22.jpg,0.0,0.0,0.0,262.6776,0,0,1,0,1,0,1,0,1,0,1,0,1
9aa4cf36-22.jpg,1558.3395,0.0187,177.0066,18.7442,0,0,1,0,1,0,1,0,1,0,1,0,1
9aa4cf36-22.jpg,1719.1848,0.0,238.7921,43.6339,0,0,1,0,1,0,1,0,1,0,1,0,1
9aa4cf36-22.jpg,1721.2327,0.1093,198.9276,27.6757,0,0,1,0,1,0,1,0,1,0,1,0,1
9aa4cf36-22.jpg,656.21,0.0499,181.1644,19.3958,0,0,1,0,1,0,1,0,1,0,1,0,1
9aa4cf36-22.jpg,1723.7543,1.2233,233.9722,91.3089,0,0,1,0,1,0,1,0,1,0,1,0,1
9aa4cf36-22.jpg,1716.8695,0.514,279.8569,93.0708,0,0,1,0,1,0,1,0,1,0,1,0,1
9aa4cf36-22.jpg,1715.3157,0.0,283.9767,84.4095,0,0,1,0,1,0,1,0,1,0,1,0,1
9aa4cf36-22.jpg,1712.7058,0.1458,210.1467,27.474,0,0,1,0,1,0,1,0,1,0,1,0,1
9aa4cf36-22.jpg,0.0,1138.4714,352.6904,161.5286,0,0,1,0,1,0,1,0,1,0,1,0,1
9aa4cf36-22.jpg,336.9774,570.1475,47.5302,110.0799,0,0,1,0,1,0,1,0,1,0,1,0,1
9aa4cf36-22.jpg,1535.8983,0.0853,163.1027,18.6079,0,0,1,0,1,0,1,0,1,0,1,0,1
9aa4cf36-22.jpg,1712.1155,0.8513,253.7487,92.2214,0,0,1,0,1,0,1,0,1,0,1,0,1
9aa4cf36-22.jpg,654.4779,0.0296,230.6263,20.2002,0,0,1,0,1,0,1,0,1,0,1,0,1
9aa4cf36-22.jpg,1513.3326,0.0648,202.7394,19.796,0,0,1,0,1,0,1,0,1,0,1,0,1
9aa4cf36-22.jpg,1708.3923,1.0229,261.2034,92.1541,0,0,1,0,1,0,1,0,1,0,1,0,1
9aa4cf36-22.jpg,793.9592,1242.7487,551.3382,57.2513,0,0,1,0,1,0,1,0,1,0,1,0,1
9aa4cf36-22.jpg,646.0115,0.1628,179.5829,20.584,0,0,1,0,1,0,1,0,1,0,1,0,1
9aa4cf36-22.jpg,1513.526,0.0208,186.7385,19.9804,0,0,1,0,1,0,1,0,1,0,1,0,1
9aa4cf36-22.jpg,1536.0277,0.0,205.0449,32.1723,0,0,1,0,1,0,1,0,1,0,1,0,1
9aa4cf36-22.jpg,411.6594,0.1015,255.0476,23.3726,0,0,1,0,1,0,1,0,1,0,1,0,1
9aa4cf36-22.jpg,1848.5427,0.163,150.8954,21.5422,0,0,1,0,1,0,1,0,1,0,1,0,1
9aa4cf36-22.jpg,0.0,1121.998,352.8568,178.002,0,0,1,0,1,0,1,0,1,0,1,0,1
9aa4cf36-22.jpg,825.2922,1244.6633,544.2072,55.3367,0,0,1,0,1,0,1,0,1,0,1,0,1
9aa4cf36-22.jpg,1728.2657,0.0846,227.694,27.2915,0,0,1,0,1,0,1,0,1,0,1,0,1
9aa4cf36-22.jpg,0.0,1158.6023,366.8759,141.3682,0,0,1,0,1,0,1,0,1,0,1,0,1
9c1ab3a0-179.jpg,215.952,483.7351,121.7505,118.883,1,1,1,0,1,0,1,0,1,0,1,0,1
9c1ab3a0-179.jpg,273.1197,544.1302,181.1879,138.8675,1,1,1,0,1,0,1,0,1,0,1,0,1
9c1ab3a0-179.jpg,1426.7606,319.265,187.623,276.0082,1,1,1,0,1,0,1,0,1,0,1,0,1
9c1ab3a0-179.jpg,1600.9895,334.3756,126.6038,230.9272,1,1,1,0,1,0,1,0,1,0,1,0,1
9c1ab3a0-179.jpg,1766.2632,335.4674,72.4507,122.4475,2,1,1,1,1,0,1,0,1,0,1,0,1
9c1ab3a0-179.jpg,1596.5347,539.8684,156.2462,112.7891,2,1,1,1,1,0,1,0,1,0,1,0,1
9c1ab3a0-179.jpg,1706.9935,451.7153,112.2913,135.3514,2,1,1,1,1,0,1,0,1,0,1,0,1
9c1ab3a0-179.jpg,0.0,0.0,10.1932,239.3096,0,0,1,0,1,0,1,0,1,0,1,0,1
9c1ab3a0-179.jpg,0.0,0.0,32.9292,241.1073,0,0,1,0,1,0,1,0,1,0,1,0,1
9c1ab3a0-179.jpg,0.0,0.0,0.9521,273.2222,0,0,1,0,1,0,1,0,1,0,1,0,1
9cd0d863-84.jpg,638.744,593.3771,296.0985,356.6343,1,1,1,0,1,0,1,0,1,0,1,0,1
9cd0d863-84.jpg,764.4552,0.3226,166.4551,42.0042,0,0,1,0,1,0,1,0,1,0,1,0,1
9cd0d863-84.jpg,1650.4177,1042.7976,349.5823,257.2024,0,0,1,0,1,0,1,0,1,0,1,0,1
9cd0d863-84.jpg,1662.3508,1046.2057,337.6492,253.7943,0,0,1,0,1,0,1,0,1,0,1,0,1
9cd0d863-84.jpg,1657.6969,1043.6354,341.1743,256.3646,0,0,1,0,1,0,1,0,1,0,1,0,1
9cd0d863-84.jpg,1319.5381,1265.0028,315.9078,34.9972,0,0,1,0,1,0,1,0,1,0,1,0,1
9cd0d863-84.jpg,1647.5619,1047.3575,352.4381,250.6907,0,0,1,0,1,0,1,0,1,0,1,0,1
9cd0d863-84.jpg,1660.932,1033.7428,339.068,266.2572,0,0,1,0,1,0,1,0,1,0,1,0,1
9cd0d863-84.jpg,756.9919,0.205,164.5479,43.1571,0,0,1,0,1,0,1,0,1,0,1,0,1
9cd0d863-84.jpg,1307.2161,1262.3394,325.774,37.6606,0,0,1,0,1,0,1,0,1,0,1,0,1
9cd0d863-84.jpg,1647.6853,1029.5687,352.3147,270.4313,0,0,1,0,1,0,1,0,1,0,1,0,1
9cd0d863-84.jpg,1645.8105,1046.7098,354.1895,252.1837,0,0,1,0,1,0,1,0,1,0,1,0,1
9cd0d863-84.jpg,1649.5422,1039.2469,350.4578,256.4907,0,0,1,0,1,0,1,0,1,0,1,0,1
9cd0d863-84.jpg,296.314,28.3781,285.3733,487.2983,0,0,1,0,1,0,1,0,1,0,1,0,1
9cd0d863-84.jpg,1651.9829,1027.8004,348.0171,272.1996,0,0,1,0,1,0,1,0,1,0,1,0,1
9cd0d863-84.jpg,1650.7375,1035.4159,349.2625,261.8486,0,0,1,0,1,0,1,0,1,0,1,0,1
9cd0d863-84.jpg,296.2796,21.679,260.5932,528.7241,0,0,1,0,1,0,1,0,1,0,1,0,1
9cd0d863-84.jpg,1655.9482,1040.2809,344.0518,259.7191,0,0,1,0,1,0,1,0,1,0,1,0,1
9cd0d863-84.jpg,1658.8207,1052.9764,341.1793,247.0236,0,0,1,0,1,0,1,0,1,0,1,0,1
9cd0d863-84.jpg,1418.3813,1272.1694,198.8159,27.8306,0,0,1,0,1,0,1,0,1,0,1,0,1
9cd0d863-84.jpg,1650.4019,1034.8954,349.5981,263.0981,0,0,1,0,1,0,1,0,1,0,1,0,1
9cd0d863-84.jpg,1750.371,477.6921,93.3422,77.0996,0,0,1,0,1,0,1,0,1,0,1,0,1
9cd0d863-84.jpg,299.7079,117.6225,188.5077,425.1215,0,0,1,0,1,0,1,0,1,0,1,0,1
9cd0d863-84.jpg,291.0473,0.0,301.4064,534.2314,0,0,1,0,1,0,1,0,1,0,1,0,1
9cd0d863-84.jpg,298.5898,77.4578,233.423,462.5179,0,0,1,0,1,0,1,0,1,0,1,0,1
9cd0d863-84.jpg,692.2227,0.4721,290.9919,45.88,0,0,1,0,1,0,1,0,1,0,1,0,1
9cd0d863-84.jpg,314.2496,0.0,344.5935,514.3678,0,0,1,0,1,0,1,0,1,0,1,0,1
9cd0d863-84.jpg,316.2809,2.6099,369.7625,468.5823,0,0,1,0,1,0,1,0,1,0,1,0,1
9cd0d863-84.jpg,1357.6458,845.691,121.8108,141.0463,0,0,1,0,1,0,1,0,1,0,1,0,1
9cd0d863-84.jpg,320.6679,5.7789,381.5344,452.0266,0,0,1,0,1,0,1,0,1,0,1,0,1
9cd0d863-84.jpg,1654.9208,1040.8433,345.0792,259.1567,0,0,1,0,1,0,1,0,1,0,1,0,1
9cd0d863-84.jpg,1340.4186,1264.4586,301.7985,35.5414,0,0,1,0,1,0,1,0,1,0,1,0,1
9cd0d863-84.jpg,299.4522,5.4244,310.8358,512.7884,0,0,1,0,1,0,1,0,1,0,1,0,1
9cd0d863-84.jpg,699.5582,0.4993,258.983,35.3392,0,0,1,0,1,0,1,0,1,0,1,0,1
9cd0d863-84.jpg,1657.759,1024.4059,342.241,275.5941,0,0,1,0,1,0,1,0,1,0,1,0,1
9cd0d863-84.jpg,759.9634,0.0,214.58,29.8309,0,0,1,0,1,0,1,0,1,0,1,0,1
9cd0d863-84.jpg,298.7083,71.1058,213.5236,464.7189,0,0,1,0,1,0,1,0,1,0,1,0,1
9cd0d863-84.jpg,728.4797,0.1749,211.4004,39.9896,0,0,1,0,1,0,1,0,1,0,1,0,1
9cd0d863-84.jpg,745.3021,0.021,217.1644,31.608,0,0,1,0,1,0,1,0,1,0,1,0,1
9cd0d863-84.jpg,317.3338,0.0,424.4733,394.5089,0,0,1,0,1,0,1,0,1,0,1,0,1
9cd0d863-84.jpg,1646.8082,1029.9999,353.1918,270.0001,0,0,1,0,1,0,1,0,1,0,1,0,1
9cd0d863-84.jpg,1430.7047,1273.5084,196.5355,26.4916,0,0,1,0,1,0,1,0,1,0,1,0,1
9cd0d863-84.jpg,299.2036,122.8905,187.4242,425.0767,0,0,1,0,1,0,1,0,1,0,1,0,1
9cd0d863-84.jpg,0.0,0.0,55.2156,242.208,0,0,1,0,1,0,1,0,1,0,1,0,1
9cd0d863-84.jpg,788.1426,0.1468,174.2991,20.1827,0,0,1,0,1,0,1,0,1,0,1,0,1
9cd0d863-84.jpg,768.5518,0.1589,194.9326,23.0845,0,0,1,0,1,0,1,0,1,0,1,0,1
9cd0d863-84.jpg,779.0303,0.1935,184.1862,21.5449,0,0,1,0,1,0,1,0,1,0,1,0,1
9cd0d863-84.jpg,1402.2769,1270.5391,212.1494,29.4609,0,0,1,0,1,0,1,0,1,0,1,0,1
9cd0d863-84.jpg,1388.2755,1268.4607,228.179,31.5393,0,0,1,0,1,0,1,0,1,0,1,0,1
9cd0d863-84.jpg,675.9794,0.3994,291.9619,53.285,0,0,1,0,1,0,1,0,1,0,1,0,1
9cd0d863-84.jpg,1762.4709,483.873,99.0505,87.6672,0,0,1,0,1,0,1,0,1,0,1,0,1
9d58e82c-249.jpg,762.6429,414.3265,256.4658,280.5018,1,1,1,0,1,0,1,0,1,0,1,0,1
9d58e82c-249.jpg,1007.5405,405.0379,261.1841,288.1786,1,1,1,0,1,0,1,0,1,0,1,0,1
9d58e82c-249.jpg,1157.6418,680.7333,93.2831,82.7841,1,1,1,0,1,0,1,0,1,0,1,0,1
9d58e82c-249.jpg,1237.5861,487.1193,147.996,222.018,1,1,1,0,1,0,1,0,1,0,1,0,1
9d58e82c-249.jpg,1286.3319,317.272,137.9032,127.7684,0,0,1,0,1,0,1,0,1,0,1,0,1
9d5b0d56-95.jpg,571.788,398.4652,201.0818,247.9586,1,1,1,0,1,0,1,0,1,0,1,0,1
9d5b0d56-95.jpg,1254.493,383.1211,209.3163,251.5542,1,1,1,0,1,0,1,0,1,0,1,0,1
9d5b0d56-95.jpg,450.5941,395.0844,154.5933,257.1529,1,1,1,0,1,0,1,0,1,0,1,0,1
9d5b0d56-95.jpg,386.0982,439.1873,99.7544,178.7378,1,1,1,0,1,0,1,0,1,0,1,0,1
9d5b0d56-95.jpg,1448.4324,348.7778,172.2534,301.5722,1,1,1,0,1,0,1,0,1,0,1,0,1
9d5b0d56-95.jpg,1603.6621,416.0938,111.1809,190.5888,1,1,1,0,1,0,1,0,1,0,1,0,1
9d5b0d56-95.jpg,1689.9225,427.3535,92.8536,172.0353,1,1,1,0,1,0,1,0,1,0,1,0,1
9d5b0d56-95.jpg,343.679,431.3212,78.907,179.8644,1,1,1,0,1,0,1,0,1,0,1,0,1
9d5b0d56-95.jpg,310.4612,427.3492,67.95,181.0408,1,1,1,0,1,0,1,0,1,0,1,0,1
9d5b0d56-95.jpg,1765.9343,443.7469,89.6042,149.4167,1,1,1,0,1,0,1,0,1,0,1,0,1
9d5b0d56-95.jpg,1185.0708,613.8386,170.1235,226.1481,3,1,1,1,1,1,1,0,1,0,1,0,1
9d5b0d56-95.jpg,696.2386,621.9653,168.7651,197.4229,1,1,1,0,1,0,1,0,1,0,1,0,1
9d5b0d56-95.jpg,570.1724,610.8315,140.6479,227.1844,1,1,1,0,1,0,1,0,1,0,1,0,1
9d5b0d56-95.jpg,453.5606,630.9979,134.4675,217.2081,1,1,1,0,1,0,1,0,1,0,1,0,1
9d5b0d56-95.jpg,377.0522,615.1479,125.5677,187.9434,1,1,1,0,1,0,1,0,1,0,1,0,1
9d5b0d56-95.jpg,307.0563,605.9167,97.7699,168.142,1,1,1,0,1,0,1,0,1,0,1,0,1
9d5b0d56-95.jpg,1343.5353,587.7025,173.6007,281.7661,1,1,1,0,1,0,1,0,1,0,1,0,1
9d5b0d56-95.jpg,1497.6178,635.6057,163.5265,180.5257,1,1,1,0,1,0,1,0,1,0,1,0,1
9d5b0d56-95.jpg,1601.6388,594.0159,166.8525,185.9421,3,1,1,1,1,1,1,0,1,0,1,0,1
9ed3e527-270.jpg,70.4809,381.8358,160.1266,297.3319,1,1,1,0,1,0,1,0,1,0,1,0,1
9ed3e527-270.jpg,4.7947,672.3984,173.1396,294.2177,1,1,1,0,1,0,1,0,1,0,1,0,1
9ed3e527-270.jpg,189.2339,365.8969,322.7807,368.0741,1,1,1,0,1,0,1,0,1,0,1,0,1
9ed3e527-270.jpg,370.6053,671.9817,243.3087,312.488,1,1,1,0,1,0,1,0,1,0,1,0,1
9ed3e527-270.jpg,496.5318,315.4135,332.3076,387.8326,1,1,1,0,1,0,1,0,1,0,1,0,1
9ed3e527-270.jpg,813.5773,284.0395,288.6364,332.6996,1,1,1,0,1,0,1,0,1,0,1,0,1
9ed3e527-270.jpg,1063.9559,184.8492,321.8781,339.2863,1,1,1,0,1,0,1,0,1,0,1,0,1
9ed3e527-270.jpg,1349.0573,245.3621,262.5724,320.1688,1,1,1,0,1,0,1,0,1,0,1,0,1
9ed3e527-270.jpg,1595.1508,294.2075,206.8718,287.9914,2,1,1,1,1,0,1,0,1,0,1,0,1
9ed3e527-270.jpg,1250.9115,474.7841,218.5856,113.9872,1,1,1,0,1,0,1,0,1,0,1,0,1
9ed3e527-270.jpg,1479.4677,524.778,159.442,71.5659,0,0,1,0,1,0,1,0,1,0,1,0,1
9ed3e527-270.jpg,1481.2947,528.8488,162.9944,69.3595,0,0,1,0,1,0,1,0,1,0,1,0,1
9f786cc0-185.jpg,178.3904,478.6407,116.5701,176.2821,1,1,1,0,1,0,1,0,1,0,1,0,1
9f786cc0-185.jpg,269.7964,540.8757,66.6682,141.6578,1,1,1,0,1,0,1,0,1,0,1,0,1
9f786cc0-185.jpg,308.2959,516.5626,146.9159,200.8856,1,1,1,0,1,0,1,0,1,0,1,0,1
9f786cc0-185.jpg,436.5977,698.679,98.2487,172.3729,2,1,1,1,1,0,1,0,1,0,1,0,1
9f786cc0-185.jpg,230.5481,652.8021,207.1421,150.2328,1,1,1,0,1,0,1,0,1,0,1,0,1
9f786cc0-185.jpg,377.07,739.3385,80.8569,101.5188,1,1,1,0,1,0,1,0,1,0,1,0,1
9f786cc0-185.jpg,560.5718,507.834,232.8361,261.1932,1,1,1,0,1,0,1,0,1,0,1,0,1
9f786cc0-185.jpg,761.2258,431.8218,305.2925,372.6436,1,1,1,0,1,0,1,0,1,0,1,0,1
9f786cc0-185.jpg,897.3319,712.4524,149.7139,150.8251,1,1,1,0,1,0,1,0,1,0,1,0,1
9f786cc0-185.jpg,1047.1042,459.9692,286.0145,324.5352,1,1,1,0,1,0,1,0,1,0,1,0,1
9f786cc0-185.jpg,1321.1018,487.3749,227.6869,248.4333,1,1,1,0,1,0,1,0,1,0,1,0,1
9f786cc0-185.jpg,1398.3525,597.7925,186.2616,210.4544,1,1,1,0,1,0,1,0,1,0,1,0,1
9f786cc0-185.jpg,1614.7404,453.5756,158.0308,231.8114,1,1,1,0,1,0,1,0,1,0,1,0,1
9f786cc0-185.jpg,1745.7899,556.5349,108.2073,93.3455,1,1,1,0,1,0,1,0,1,0,1,0,1
9f786cc0-185.jpg,1783.2483,433.0841,82.6877,131.9618,1,1,1,0,1,0,1,0,1,0,1,0,1
9f786cc0-185.jpg,1750.6577,1255.3629,249.3423,44.6371,0,0,1,0,1,0,1,0,1,0,1,0,1
9f786cc0-185.jpg,1750.964,1251.5305,249.036,48.4695,0,0,1,0,1,0,1,0,1,0,1,0,1
9f786cc0-185.jpg,1753.125,1242.3132,246.875,57.304,0,0,1,0,1,0,1,0,1,0,1,0,1
9f786cc0-185.jpg,1809.4907,794.1485,190.5093,505.8515,0,0,1,0,1,0,1,0,1,0,1,0,1
9f786cc0-185.jpg,1747.677,1204.4554,252.323,95.1189,0,0,1,0,1,0,1,0,1,0,1,0,1
9f786cc0-185.jpg,1811.1851,793.4918,188.8149,506.5082,0,0,1,0,1,0,1,0,1,0,1,0,1
9f786cc0-185.jpg,1749.0005,1246.2288,250.9995,52.7852,0,0,1,0,1,0,1,0,1,0,1,0,1
a00bad3c-96.jpg,704.7013,433.2633,290.1819,313.4189,1,1,1,0,1,0,1,0,1,0,1,0,1
a00bad3c-96.jpg,984.2392,432.4599,300.6828,318.8699,1,1,1,0,1,0,1,0,1,0,1,0,1
a00bad3c-96.jpg,532.8834,493.724,208.1274,251.3079,1,1,1,0,1,0,1,0,1,0,1,0,1
a00bad3c-96.jpg,316.1406,425.0411,226.0173,254.9757,1,1,1,0,1,0,1,0,1,0,1,0,1
a00bad3c-96.jpg,251.1133,533.7046,115.0687,138.3583,2,1,1,1,1,0,1,0,1,0,1,0,1
a00bad3c-96.jpg,47.1041,570.5684,142.1861,130.4059,1,1,1,0,1,0,1,0,1,0,1,0,1
a00bad3c-96.jpg,174.505,589.916,160.5115,147.4959,1,1,1,0,1,0,1,0,1,0,1,0,1
a00bad3c-96.jpg,125.1768,699.8767,145.2065,92.4733,1,1,1,0,1,0,1,0,1,0,1,0,1
a00bad3c-96.jpg,265.0042,672.7808,227.5786,128.0113,1,1,1,0,1,0,1,0,1,0,1,0,1
a00bad3c-96.jpg,298.7039,759.4993,165.2623,126.0502,1,1,1,0,1,0,1,0,1,0,1,0,1
a00bad3c-96.jpg,473.4297,635.8105,184.3411,227.0994,1,1,1,0,1,0,1,0,1,0,1,0,1
a00bad3c-96.jpg,1266.3855,444.3421,210.8987,265.7852,1,1,1,0,1,0,1,0,1,0,1,0,1
a00bad3c-96.jpg,1463.251,440.3448,148.6311,234.9261,1,1,1,0,1,0,1,0,1,0,1,0,1
a00bad3c-96.jpg,1519.1908,667.0593,160.9325,185.4952,1,1,1,0,1,0,1,0,1,0,1,0,1
a00bad3c-96.jpg,1588.0823,430.3967,164.5979,151.3413,5,1,1,1,1,1,1,1,1,1,1,0,1
a00bad3c-96.jpg,1726.457,602.9568,151.5262,99.2057,1,1,1,0,1,0,1,0,1,0,1,0,1
a1df39ae-119.jpg,45.7779,61.4653,378.1648,259.2905,4,1,1,1,1,1,1,1,1,0,1,0,1
a1df39ae-119.jpg,118.7793,296.0226,312.6243,227.4886,2,1,1,1,1,0,1,0,1,0,1,0,1
a1df39ae-119.jpg,227.1702,459.8309,326.3959,251.6836,1,1,1,0,1,0,1,0,1,0,1,0,1
a1df39ae-119.jpg,369.0623,663.2263,263.4253,251.4064,1,1,1,0,1,0,1,0,1,0,1,0,1
a1df39ae-119.jpg,529.9329,848.5485,279.9965,206.9073,1,1,1,0,1,0,1,0,1,0,1,0,1
a1df39ae-119.jpg,1322.5847,828.2446,269.278,218.1866,2,1,1,1,1,0,1,0,1,0,1,0,1
a1df39ae-119.jpg,1461.4382,658.6893,281.5406,241.9309,2,1,1,1,1,0,1,0,1,0,1,0,1
a1df39ae-119.jpg,1564.1221,450.4135,325.7419,251.7749,2,1,1,1,1,0,1,0,1,0,1,0,1
a1df39ae-119.jpg,1655.8059,293.5751,316.7469,211.5681,3,1,1,1,1,1,1,0,1,0,1,0,1
a1df39ae-119.jpg,1668.7401,19.4071,319.828,310.6266,4,1,1,1,1,1,1,1,1,0,1,0,1
a1df39ae-119.jpg,272.829,0.0002,200.32,77.4346,0,0,1,0,1,0,1,0,1,0,1,0,1
a1df39ae-119.jpg,271.009,0.0,201.0703,77.8177,0,0,1,0,1,0,1,0,1,0,1,0,1
a1df39ae-119.jpg,140.8718,0.0,142.0608,84.4181,0,0,1,0,1,0,1,0,1,0,1,0,1
a1df39ae-119.jpg,272.2786,0.4037,200.051,77.4949,0,0,1,0,1,0,1,0,1,0,1,0,1
a1df39ae-119.jpg,141.7147,0.2767,139.1249,85.1858,0,0,1,0,1,0,1,0,1,0,1,0,1
a1df39ae-119.jpg,269.1591,0.1195,204.0882,78.093,0,0,1,0,1,0,1,0,1,0,1,0,1
a1df39ae-119.jpg,141.2414,0.0,137.1728,83.8949,0,0,1,0,1,0,1,0,1,0,1,0,1
a1df39ae-119.jpg,265.6658,0.2124,204.5185,80.9396,0,0,1,0,1,0,1,0,1,0,1,0,1
a1df39ae-119.jpg,272.7949,0.1914,200.9677,76.2617,0,0,1,0,1,0,1,0,1,0,1,0,1
a1df39ae-119.jpg,140.8215,0.0115,138.6969,85.8008,0,0,1,0,1,0,1,0,1,0,1,0,1
a1df39ae-119.jpg,272.3284,0.0,203.0659,77.2194,0,0,1,0,1,0,1,0,1,0,1,0,1
a1df39ae-119.jpg,0.1357,670.8637,146.3135,420.0397,0,0,1,0,1,0,1,0,1,0,1,0,1
a1df39ae-119.jpg,110.2596,0.3512,172.13,83.1894,0,0,1,0,1,0,1,0,1,0,1,0,1
a1df39ae-119.jpg,106.6075,0.0,178.208,84.8533,0,0,1,0,1,0,1,0,1,0,1,0,1
a1df39ae-119.jpg,84.1511,0.1461,199.7211,83.863,0,0,1,0,1,0,1,0,1,0,1,0,1
a1df39ae-119.jpg,0.0,669.3519,145.1193,422.191,0,0,1,0,1,0,1,0,1,0,1,0,1
a1df39ae-119.jpg,274.8176,0.1113,194.983,80.468,0,0,1,0,1,0,1,0,1,0,1,0,1
a1df39ae-119.jpg,265.104,0.0,205.8752,81.0869,0,0,1,0,1,0,1,0,1,0,1,0,1
a1df39ae-119.jpg,100.1633,0.0,189.085,83.9905,0,0,1,0,1,0,1,0,1,0,1,0,1
a1df39ae-119.jpg,59.3127,0.2492,106.2933,83.3429,0,0,1,0,1,0,1,0,1,0,1,0,1
a1df39ae-119.jpg,60.4018,0.7114,226.848,83.2003,0,0,1,0,1,0,1,0,1,0,1,0,1
a1df39ae-119.jpg,266.8706,0.1557,202.1009,80.7798,0,0,1,0,1,0,1,0,1,0,1,0,1
a1df39ae-119.jpg,267.597,0.0191,204.5444,81.9896,0,0,1,0,1,0,1,0,1,0,1,0,1
a1df39ae-119.jpg,263.3289,0.0,207.2618,79.2551,0,0,1,0,1,0,1,0,1,0,1,0,1
a1df39ae-119.jpg,262.3794,0.3222,208.1579,81.3038,0,0,1,0,1,0,1,0,1,0,1,0,1
a1df39ae-119.jpg,1452.8402,1129.2012,365.5934,170.7988,0,0,1,0,1,0,1,0,1,0,1,0,1
a1df39ae-119.jpg,0.237,672.1595,142.7799,419.3549,0,0,1,0,1,0,1,0,1,0,1,0,1
a1df39ae-119.jpg,263.3,0.0,205.5592,78.8842,0,0,1,0,1,0,1,0,1,0,1,0,1
a1df39ae-119.jpg,266.0276,0.0,204.6684,81.7873,0,0,1,0,1,0,1,0,1,0,1,0,1
a1df39ae-119.jpg,135.0039,0.0,157.9364,82.816,0,0,1,0,1,0,1,0,1,0,1,0,1
a1df39ae-119.jpg,56.0966,0.2372,104.8509,84.3924,0,0,1,0,1,0,1,0,1,0,1,0,1
a1df39ae-119.jpg,126.1293,0.5112,155.357,86.5856,0,0,1,0,1,0,1,0,1,0,1,0,1
a1df39ae-119.jpg,1487.9733,1131.1913,333.2605,168.8087,0,0,1,0,1,0,1,0,1,0,1,0,1
a1df39ae-119.jpg,59.0124,0.0,101.7129,84.098,0,0,1,0,1,0,1,0,1,0,1,0,1
a1df39ae-119.jpg,278.6981,0.0,191.6551,81.5322,0,0,1,0,1,0,1,0,1,0,1,0,1
a1df39ae-119.jpg,140.9434,0.0,139.7789,84.8502,0,0,1,0,1,0,1,0,1,0,1,0,1
a1df39ae-119.jpg,0.0,750.5119,161.8427,332.6119,0,0,1,0,1,0,1,0,1,0,1,0,1
a1df39ae-119.jpg,0.084,680.5046,140.9304,405.4365,0,0,1,0,1,0,1,0,1,0,1,0,1
a1df39ae-119.jpg,0.0,678.1675,140.3542,410.0364,0,0,1,0,1,0,1,0,1,0,1,0,1
a1df39ae-119.jpg,1544.1678,1129.1268,262.9076,170.8732,0,0,1,0,1,0,1,0,1,0,1,0,1
a1df39ae-119.jpg,103.6663,0.0,181.9367,85.1848,0,0,1,0,1,0,1,0,1,0,1,0,1
a1df39ae-119.jpg,57.8576,0.0,106.5325,83.5086,0,0,1,0,1,0,1,0,1,0,1,0,1
a1df39ae-119.jpg,56.2197,0.5985,113.7001,83.5864,0,0,1,0,1,0,1,0,1,0,1,0,1
a1df39ae-119.jpg,0.0,687.4517,143.2436,447.4567,0,0,1,0,1,0,1,0,1,0,1,0,1
a1df39ae-119.jpg,0.0,686.0052,141.4202,447.9378,0,0,1,0,1,0,1,0,1,0,1,0,1
a1df39ae-119.jpg,60.1001,0.5982,104.1486,82.7359,0,0,1,0,1,0,1,0,1,0,1,0,1
a1df39ae-119.jpg,56.7858,0.031,110.7273,84.5054,0,0,1,0,1,0,1,0,1,0,1,0,1
a1df39ae-119.jpg,268.5787,0.0,201.7301,81.4284,0,0,1,0,1,0,1,0,1,0,1,0,1
a1df39ae-119.jpg,1440.5018,1130.3776,381.9954,169.6224,0,0,1,0,1,0,1,0,1,0,1,0,1
a1df39ae-119.jpg,56.1144,0.1234,103.2188,83.8786,0,0,1,0,1,0,1,0,1,0,1,0,1
a78fc3a5-274.jpg,806.9791,500.6049,189.757,268.0689,1,1,1,0,1,0,1,0,1,0,1,0,1
a78fc3a5-274.jpg,982.8737,491.6068,119.7281,254.3094,4,1,1,1,1,1,1,1,1,0,1,0,1
a78fc3a5-274.jpg,851.751,689.4061,163.1998,232.8137,1,1,1,0,1,0,1,0,1,0,1,0,1
a78fc3a5-274.jpg,1010.1479,736.2845,77.6117,139.1777,1,1,1,0,1,0,1,0,1,0,1,0,1
a78fc3a5-274.jpg,1096.3956,495.7713,102.0287,247.7997,1,1,1,0,1,0,1,0,1,0,1,0,1
a78fc3a5-274.jpg,329.004,332.1816,242.4341,481.5823,0,0,1,0,1,0,1,0,1,0,1,0,1
a78fc3a5-274.jpg,356.3784,335.2121,199.6393,483.877,0,0,1,0,1,0,1,0,1,0,1,0,1
a78fc3a5-274.jpg,362.2938,342.3026,210.585,470.3889,0,0,1,0,1,0,1,0,1,0,1,0,1
a78fc3a5-274.jpg,0.0,276.4929,355.4344,518.8829,0,0,1,0,1,0,1,0,1,0,1,0,1
a78fc3a5-274.jpg,366.6395,338.9426,198.7852,481.6625,0,0,1,0,1,0,1,0,1,0,1,0,1
a78fc3a5-274.jpg,379.4095,352.7589,197.9566,455.1328,0,0,1,0,1,0,1,0,1,0,1,0,1
a78fc3a5-274.jpg,1.2806,267.6702,352.7325,531.8214,0,0,1,0,1,0,1,0,1,0,1,0,1
a78fc3a5-274.jpg,276.5171,327.3784,294.9866,481.8884,0,0,1,0,1,0,1,0,1,0,1,0,1
a78fc3a5-274.jpg,361.1635,346.0875,204.8057,471.0135,0,0,1,0,1,0,1,0,1,0,1,0,1
a78fc3a5-274.jpg,0.1634,261.7615,349.8738,545.515,0,0,1,0,1,0,1,0,1,0,1,0,1
a78fc3a5-274.jpg,342.7147,333.4312,211.7487,481.2465,0,0,1,0,1,0,1,0,1,0,1,0,1
a78fc3a5-274.jpg,362.9025,338.0073,214.927,465.6652,0,0,1,0,1,0,1,0,1,0,1,0,1
a78fc3a5-274.jpg,357.7556,317.6364,196.8958,508.9153,0,0,1,0,1,0,1,0,1,0,1,0,1
a78fc3a5-274.jpg,793.7897,670.3475,70.5225,208.7783,0,0,1,0,1,0,1,0,1,0,1,0,1
a78fc3a5-274.jpg,366.6197,349.0431,208.8461,459.3862,0,0,1,0,1,0,1,0,1,0,1,0,1
a78fc3a5-274.jpg,353.8304,338.6601,219.9017,473.2785,0,0,1,0,1,0,1,0,1,0,1,0,1
a78fc3a5-274.jpg,350.7756,333.3744,222.8263,472.6664,0,0,1,0,1,0,1,0,1,0,1,0,1
a78fc3a5-274.jpg,387.6964,351.7891,186.301,462.4724,0,0,1,0,1,0,1,0,1,0,1,0,1
a78fc3a5-274.jpg,251.1721,322.351,297.8528,482.0034,0,0,1,0,1,0,1,0,1,0,1,0,1
a78fc3a5-274.jpg,0.0,270.0815,353.313,523.1748,0,0,1,0,1,0,1,0,1,0,1,0,1
a78fc3a5-274.jpg,0.0,266.1133,308.9509,536.2916,0,0,1,0,1,0,1,0,1,0,1,0,1
a78fc3a5-274.jpg,799.7165,683.6162,65.7496,189.9926,0,0,1,0,1,0,1,0,1,0,1,0,1
a78fc3a5-274.jpg,0.0,267.6984,344.4511,534.9692,0,0,1,0,1,0,1,0,1,0,1,0,1
a78fc3a5-274.jpg,788.8562,681.3561,75.5864,196.0315,0,0,1,0,1,0,1,0,1,0,1,0,1
a78fc3a5-274.jpg,376.5078,320.2247,184.6611,501.4425,0,0,1,0,1,0,1,0,1,0,1,0,1
a78fc3a5-274.jpg,377.2729,341.9552,202.0379,459.2198,0,0,1,0,1,0,1,0,1,0,1,0,1
a78fc3a5-274.jpg,379.0441,356.7512,198.0621,448.3042,0,0,1,0,1,0,1,0,1,0,1,0,1
a78fc3a5-274.jpg,301.7572,330.0977,270.1466,477.4917,0,0,1,0,1,0,1,0,1,0,1,0,1
a78fc3a5-274.jpg,300.9223,330.9393,270.6982,482.6539,0,0,1,0,1,0,1,0,1,0,1,0,1
a78fc3a5-274.jpg,0.0,263.4419,300.3379,527.5562,0,0,1,0,1,0,1,0,1,0,1,0,1
a78fc3a5-274.jpg,1.0599,272.5261,345.161,524.4302,0,0,1,0,1,0,1,0,1,0,1,0,1
a78fc3a5-274.jpg,988.5188,729.954,43.6957,152.5023,0,0,1,0,1,0,1,0,1,0,1,0,1
a78fc3a5-274.jpg,354.5019,337.7574,202.9306,475.1733,0,0,1,0,1,0,1,0,1,0,1,0,1
a78fc3a5-274.jpg,354.4149,350.8914,221.4207,454.0964,0,0,1,0,1,0,1,0,1,0,1,0,1
a78fc3a5-274.jpg,261.9883,319.6651,262.7195,492.4736,0,0,1,0,1,0,1,0,1,0,1,0,1
a78fc3a5-274.jpg,206.7612,318.2087,255.1603,481.2061,0,0,1,0,1,0,1,0,1,0,1,0,1
a78fc3a5-274.jpg,1.5055,269.5803,331.7165,524.1697,0,0,1,0,1,0,1,0,1,0,1,0,1
a78fc3a5-274.jpg,991.3128,738.9998,44.7613,125.21,0,0,1,0,1,0,1,0,1,0,1,0,1
a78fc3a5-274.jpg,376.4261,358.7604,207.6337,442.9572,0,0,1,0,1,0,1,0,1,0,1,0,1
a78fc3a5-274.jpg,801.863,690.6296,61.9191,169.5353,0,0,1,0,1,0,1,0,1,0,1,0,1
a78fc3a5-274.jpg,337.5668,317.7518,217.8496,509.4929,0,0,1,0,1,0,1,0,1,0,1,0,1
a78fc3a5-274.jpg,224.7858,304.3095,205.5719,505.4487,0,0,1,0,1,0,1,0,1,0,1,0,1
a78fc3a5-274.jpg,136.5579,306.4149,267.1976,489.5402,0,0,1,0,1,0,1,0,1,0,1,0,1
a78fc3a5-274.jpg,795.0099,670.9087,66.988,191.9543,0,0,1,0,1,0,1,0,1,0,1,0,1
a78fc3a5-274.jpg,259.435,325.0388,233.4476,483.1283,0,0,1,0,1,0,1,0,1,0,1,0,1
a78fc3a5-274.jpg,787.4404,678.3614,78.2448,211.7537,0,0,1,0,1,0,1,0,1,0,1,0,1
a78fc3a5-274.jpg,342.3726,343.6781,223.3583,463.9237,0,0,1,0,1,0,1,0,1,0,1,0,1
a78fc3a5-274.jpg,1.3271,279.2032,245.1844,475.4517,0,0,1,0,1,0,1,0,1,0,1,0,1
a78fc3a5-274.jpg,345.8184,332.3659,203.6064,476.0648,0,0,1,0,1,0,1,0,1,0,1,0,1
a78fc3a5-274.jpg,989.6355,726.2197,41.0858,148.998,0,0,1,0,1,0,1,0,1,0,1,0,1
a80c67ea-5.jpg,1552.6099,120.3026,365.5901,373.1111,2,1,1,1,1,0,1,0,1,0,1,0,1
a80c67ea-5.jpg,53.3009,0.0,340.1905,187.7825,3,1,1,1,1,1,1,0,1,0,1,0,1
a80c67ea-5.jpg,1651.494,0.4408,301.0837,147.1636,4,1,1,1,1,1,1,1,1,0,1,0,1
a80c67ea-5.jpg,91.7081,155.349,373.1828,368.3613,2,1,1,1,1,0,1,0,1,0,1,0,1
a80c67ea-5.jpg,180.8549,486.9092,300.5667,252.6214,2,1,1,1,1,0,1,0,1,0,1,0,1
a80c67ea-5.jpg,295.2677,705.2131,254.9676,262.2013,2,1,1,1,1,0,1,0,1,0,1,0,1
a80c67ea-5.jpg,450.4818,897.0381,221.5012,237.9221,2,1,1,1,1,0,1,0,1,0,1,0,1
a80c67ea-5.jpg,1330.6559,861.1488,190.5321,227.4757,2,1,1,1,1,0,1,0,1,0,1,0,1
a80c67ea-5.jpg,1445.9095,668.8873,272.5597,274.088,2,1,1,1,1,0,1,0,1,0,1,0,1
a80c67ea-5.jpg,1521.7855,459.3477,282.1537,244.6323,2,1,1,1,1,0,1,0,1,0,1,0,1
a80c67ea-5.jpg,0.0,1023.8815,68.8739,276.1185,0,0,1,0,1,0,1,0,1,0,1,0,1
a80c67ea-5.jpg,0.3129,1021.0073,73.7715,278.9927,0,0,1,0,1,0,1,0,1,0,1,0,1
a80c67ea-5.jpg,0.4218,1032.8699,81.1783,267.1301,0,0,1,0,1,0,1,0,1,0,1,0,1
a80c67ea-5.jpg,0.0,0.1219,154.172,125.7599,0,0,1,0,1,0,1,0,1,0,1,0,1
a80c67ea-5.jpg,0.0216,0.0,81.2522,103.11,0,0,1,0,1,0,1,0,1,0,1,0,1
a80c67ea-5.jpg,1832.9468,0.0,167.0532,256.8573,0,0,1,0,1,0,1,0,1,0,1,0,1
a80c67ea-5.jpg,0.0,0.0343,85.5591,97.2593,0,0,1,0,1,0,1,0,1,0,1,0,1
a80c67ea-5.jpg,1897.226,0.0,102.774,183.2342,0,0,1,0,1,0,1,0,1,0,1,0,1
a80c67ea-5.jpg,1947.2898,282.1008,52.7102,366.9413,0,0,1,0,1,0,1,0,1,0,1,0,1
a80c67ea-5.jpg,0.2983,0.0,127.8548,162.2704,0,0,1,0,1,0,1,0,1,0,1,0,1
a80c67ea-5.jpg,0.0,0.0,94.858,157.3665,0,0,1,0,1,0,1,0,1,0,1,0,1
a80c67ea-5.jpg,1939.8892,289.98,60.1108,387.9018,0,0,1,0,1,0,1,0,1,0,1,0,1
a80c67ea-5.jpg,1929.3064,0.0,70.6936,193.5885,0,0,1,0,1,0,1,0,1,0,1,0,1
a80c67ea-5.jpg,0.038,1004.8918,65.5909,295.1082,0,0,1,0,1,0,1,0,1,0,1,0,1
a80c67ea-5.jpg,0.0,0.0,93.7424,101.1642,0,0,1,0,1,0,1,0,1,0,1,0,1
a80c67ea-5.jpg,1939.0568,288.0605,60.9432,395.4496,0,0,1,0,1,0,1,0,1,0,1,0,1
a80c67ea-5.jpg,0.7215,1011.88,140.4975,288.12,0,0,1,0,1,0,1,0,1,0,1,0,1
a80c67ea-5.jpg,94.0175,0.0,200.7224,22.5205,0,0,1,0,1,0,1,0,1,0,1,0,1
a80c67ea-5.jpg,1953.157,258.0861,46.843,375.752,0,0,1,0,1,0,1,0,1,0,1,0,1
a80c67ea-5.jpg,0.0,980.7366,63.3375,319.2634,0,0,1,0,1,0,1,0,1,0,1,0,1
a80c67ea-5.jpg,18.0415,0.0,376.4464,52.3695,0,0,1,0,1,0,1,0,1,0,1,0,1
a80c67ea-5.jpg,0.1838,1036.1343,78.5109,263.8657,0,0,1,0,1,0,1,0,1,0,1,0,1
a80c67ea-5.jpg,1205.9908,0.0331,181.3842,21.3995,0,0,1,0,1,0,1,0,1,0,1,0,1
a80c67ea-5.jpg,0.0,963.561,55.0378,336.439,0,0,1,0,1,0,1,0,1,0,1,0,1
a80c67ea-5.jpg,53.7512,0.0,313.8496,47.8879,0,0,1,0,1,0,1,0,1,0,1,0,1
a80c67ea-5.jpg,0.0,980.6642,79.0566,319.3358,0,0,1,0,1,0,1,0,1,0,1,0,1
a80c67ea-5.jpg,0.0651,998.622,73.597,301.378,0,0,1,0,1,0,1,0,1,0,1,0,1
a80c67ea-5.jpg,1932.5413,307.397,67.4587,394.1403,0,0,1,0,1,0,1,0,1,0,1,0,1
a80c67ea-5.jpg,95.117,0.0,225.1396,21.2895,0,0,1,0,1,0,1,0,1,0,1,0,1
a80c67ea-5.jpg,0.0,0.0,16.9013,261.6852,0,0,1,0,1,0,1,0,1,0,1,0,1
a80c67ea-5.jpg,1867.7223,0.0,132.2777,159.7794,0,0,1,0,1,0,1,0,1,0,1,0,1
a80c67ea-5.jpg,0.0818,0.0,80.9829,109.0199,0,0,1,0,1,0,1,0,1,0,1,0,1
a80c67ea-5.jpg,0.0,0.2591,124.2067,103.5075,0,0,1,0,1,0,1,0,1,0,1,0,1
a80c67ea-5.jpg,1943.0811,277.9726,56.9189,377.7522,0,0,1,0,1,0,1,0,1,0,1,0,1
a80c67ea-5.jpg,1650.7531,0.0,220.0897,24.1062,0,0,1,0,1,0,1,0,1,0,1,0,1
a80c67ea-5.jpg,1933.4907,307.5826,66.5093,392.4061,0,0,1,0,1,0,1,0,1,0,1,0,1
a80c67ea-5.jpg,0.8643,1039.5872,123.2771,260.0911,0,0,1,0,1,0,1,0,1,0,1,0,1
a80c67ea-5.jpg,1204.5172,0.1686,174.6147,24.5373,0,0,1,0,1,0,1,0,1,0,1,0,1
a80c67ea-5.jpg,1204.8503,0.0654,175.9421,22.4653,0,0,1,0,1,0,1,0,1,0,1,0,1
a80c67ea-5.jpg,0.0,0.0,52.0046,262.9639,0,0,1,0,1,0,1,0,1,0,1,0,1
a80c67ea-5.jpg,1888.6665,0.0,111.3335,181.9017,0,0,1,0,1,0,1,0,1,0,1,0,1
a80c67ea-5.jpg,0.0,0.1692,114.7068,88.4218,0,0,1,0,1,0,1,0,1,0,1,0,1
a80c67ea-5.jpg,1647.6085,0.0144,201.9875,22.2598,0,0,1,0,1,0,1,0,1,0,1,0,1
a80c67ea-5.jpg,3.3311,1021.7711,92.0803,278.2289,0,0,1,0,1,0,1,0,1,0,1,0,1
a80c67ea-5.jpg,0.82,961.487,106.9253,338.513,0,0,1,0,1,0,1,0,1,0,1,0,1
a80c67ea-5.jpg,1957.587,233.937,42.413,358.5751,0,0,1,0,1,0,1,0,1,0,1,0,1
a80c67ea-5.jpg,0.2376,971.7068,74.2174,328.2932,0,0,1,0,1,0,1,0,1,0,1,0,1
a80c67ea-5.jpg,0.0,0.0,112.5298,132.4301,0,0,1,0,1,0,1,0,1,0,1,0,1
a80c67ea-5.jpg,0.0,0.0,78.6993,150.7463,0,0,1,0,1,0,1,0,1,0,1,0,1
a80c67ea-5.jpg,82.6429,0.0092,191.2401,25.0222,0,0,1,0,1,0,1,0,1,0,1,0,1
a867644f-151.jpg,440.5053,484.4874,256.0706,240.9383,1,1,1,0,1,0,1,0,1,0,1,0,1
a867644f-151.jpg,1024.0383,471.897,103.6451,233.7993,0,0,1,0,1,0,1,0,1,0,1,0,1
a867644f-151.jpg,946.9767,711.1116,116.4521,107.0739,0,0,1,0,1,0,1,0,1,0,1,0,1
a867644f-151.jpg,1025.9197,492.9283,106.5688,213.1643,0,0,1,0,1,0,1,0,1,0,1,0,1
a867644f-151.jpg,950.9785,713.9289,113.1226,110.596,0,0,1,0,1,0,1,0,1,0,1,0,1
a867644f-151.jpg,1029.9646,469.8781,100.7058,236.916,0,0,1,0,1,0,1,0,1,0,1,0,1
a867644f-151.jpg,1033.4078,467.3962,99.8138,238.4615,0,0,1,0,1,0,1,0,1,0,1,0,1
a867644f-151.jpg,944.7878,712.668,119.8315,113.208,0,0,1,0,1,0,1,0,1,0,1,0,1
a867644f-151.jpg,1455.2784,147.3574,210.3489,111.6318,0,0,1,0,1,0,1,0,1,0,1,0,1
a867644f-151.jpg,0.0,0.0,1.0167,245.8208,0,0,1,0,1,0,1,0,1,0,1,0,1
a867644f-151.jpg,9.2948,0.0,577.3824,274.8191,0,0,1,0,1,0,1,0,1,0,1,0,1
a867644f-151.jpg,1026.1115,482.9881,105.5612,225.9748,0,0,1,0,1,0,1,0,1,0,1,0,1
a867644f-151.jpg,1442.6235,143.9289,222.9313,109.9265,0,0,1,0,1,0,1,0,1,0,1,0,1
a867644f-151.jpg,942.1524,709.5352,118.6041,106.0222,0,0,1,0,1,0,1,0,1,0,1,0,1
a867644f-151.jpg,3.3379,0.0,542.5311,273.8402,0,0,1,0,1,0,1,0,1,0,1,0,1
a867644f-151.jpg,0.0,0.0,36.8158,252.378,0,0,1,0,1,0,1,0,1,0,1,0,1
a867644f-151.jpg,1438.4725,146.0897,226.2852,129.9109,0,0,1,0,1,0,1,0,1,0,1,0,1
a867644f-151.jpg,915.5983,706.731,149.7589,122.1586,0,0,1,0,1,0,1,0,1,0,1,0,1
a867644f-151.jpg,0.0,0.0,523.3688,285.1917,0,0,1,0,1,0,1,0,1,0,1,0,1
a867644f-151.jpg,1470.5804,146.9943,193.4482,118.5206,0,0,1,0,1,0,1,0,1,0,1,0,1
a867644f-151.jpg,6.391,0.591,578.0377,274.4423,0,0,1,0,1,0,1,0,1,0,1,0,1
a867644f-151.jpg,951.6344,719.3632,113.0245,110.0665,0,0,1,0,1,0,1,0,1,0,1,0,1
a867644f-151.jpg,1444.2495,145.7832,221.5183,127.6022,0,0,1,0,1,0,1,0,1,0,1,0,1
a867644f-151.jpg,0.0,0.0,0.0,285.4966,0,0,1,0,1,0,1,0,1,0,1,0,1
a867644f-151.jpg,1024.0385,468.3448,95.7058,241.6945,0,0,1,0,1,0,1,0,1,0,1,0,1
a867644f-151.jpg,1135.9897,1076.7408,253.6621,222.0615,0,0,1,0,1,0,1,0,1,0,1,0,1
a867644f-151.jpg,1457.563,146.4684,207.7213,104.2968,0,0,1,0,1,0,1,0,1,0,1,0,1
a867644f-151.jpg,945.7272,709.908,117.4646,108.4031,0,0,1,0,1,0,1,0,1,0,1,0,1
a867644f-151.jpg,945.5515,711.0421,119.0349,107.7045,0,0,1,0,1,0,1,0,1,0,1,0,1
a867644f-151.jpg,922.9284,709.5901,142.5087,120.29,0,0,1,0,1,0,1,0,1,0,1,0,1
a867644f-151.jpg,1250.5786,1279.6024,156.4022,20.3976,0,0,1,0,1,0,1,0,1,0,1,0,1
a867644f-151.jpg,1037.7003,512.0703,91.6196,194.3537,0,0,1,0,1,0,1,0,1,0,1,0,1
a867644f-151.jpg,1026.5463,512.7576,107.528,193.947,0,0,1,0,1,0,1,0,1,0,1,0,1
a867644f-151.jpg,10.103,0.0,566.09,299.0486,0,0,1,0,1,0,1,0,1,0,1,0,1
a867644f-151.jpg,926.3456,710.1332,140.4964,120.2258,0,0,1,0,1,0,1,0,1,0,1,0,1
a867644f-151.jpg,1026.9163,467.3535,111.0962,245.0149,0,0,1,0,1,0,1,0,1,0,1,0,1
a867644f-151.jpg,1100.741,1082.6919,289.9047,216.8999,0,0,1,0,1,0,1,0,1,0,1,0,1
a867644f-151.jpg,1043.7164,546.7396,85.6075,159.7105,0,0,1,0,1,0,1,0,1,0,1,0,1
a867644f-151.jpg,917.9854,707.6611,148.6431,121.7299,0,0,1,0,1,0,1,0,1,0,1,0,1
a867644f-151.jpg,25.1393,0.0,544.5428,277.7436,0,0,1,0,1,0,1,0,1,0,1,0,1
a867644f-151.jpg,938.1838,707.8665,124.4913,110.3795,0,0,1,0,1,0,1,0,1,0,1,0,1
a867644f-151.jpg,943.2684,709.1757,119.562,110.5085,0,0,1,0,1,0,1,0,1,0,1,0,1
a867644f-151.jpg,919.4746,708.5012,145.5234,121.9271,0,0,1,0,1,0,1,0,1,0,1,0,1
a867644f-151.jpg,924.5682,710.0148,141.1118,120.834,0,0,1,0,1,0,1,0,1,0,1,0,1
a867644f-151.jpg,1142.1031,1075.28,246.8972,224.0236,0,0,1,0,1,0,1,0,1,0,1,0,1
a867644f-151.jpg,1024.97,472.04,109.7605,235.7996,0,0,1,0,1,0,1,0,1,0,1,0,1
a867644f-151.jpg,1040.332,527.5154,89.228,178.4574,0,0,1,0,1,0,1,0,1,0,1,0,1
a867644f-151.jpg,917.4444,705.7681,149.4982,122.7884,0,0,1,0,1,0,1,0,1,0,1,0,1
a867644f-151.jpg,1414.6527,129.1231,140.9318,106.5739,0,0,1,0,1,0,1,0,1,0,1,0,1
a867644f-151.jpg,1025.5874,472.2032,105.09,230.6917,0,0,1,0,1,0,1,0,1,0,1,0,1
a867644f-151.jpg,948.4501,713.5028,113.0426,104.7802,0,0,1,0,1,0,1,0,1,0,1,0,1
a871180b-262.jpg,59.208,500.9629,197.6953,174.4967,1,1,1,0,1,0,1,0,1,0,1,0,1
a871180b-262.jpg,142.7673,429.2135,235.4883,201.5371,1,1,1,0,1,0,1,0,1,0,1,0,1
a871180b-262.jpg,238.0865,613.7305,289.4169,169.6689,1,1,1,0,1,0,1,0,1,0,1,0,1
a871180b-262.jpg,364.1226,527.9457,195.458,149.4556,1,1,1,0,1,0,1,0,1,0,1,0,1
a871180b-262.jpg,535.5205,474.3708,231.9777,236.2025,1,1,1,0,1,0,1,0,1,0,1,0,1
a871180b-262.jpg,517.3055,667.4324,191.1272,142.9301,1,1,1,0,1,0,1,0,1,0,1,0,1
a871180b-262.jpg,686.0405,648.8272,252.1992,207.5995,2,1,1,1,1,0,1,0,1,0,1,0,1
a871180b-262.jpg,743.5364,427.4396,285.7842,285.6451,1,1,1,0,1,0,1,0,1,0,1,0,1
a871180b-262.jpg,924.2008,643.8466,246.01,255.7582,2,1,1,1,1,0,1,0,1,0,1,0,1
a871180b-262.jpg,1022.5453,410.922,239.3316,283.4372,1,1,1,0,1,0,1,0,1,0,1,0,1
a871180b-262.jpg,1157.5444,642.2176,166.0803,195.1255,2,1,1,1,1,0,1,0,1,0,1,0,1
a871180b-262.jpg,1247.0736,368.3697,300.3716,332.2468,1,1,1,0,1,0,1,0,1,0,1,0,1
a871180b-262.jpg,1521.5519,390.3742,210.1887,305.3044,1,1,1,0,1,0,1,0,1,0,1,0,1
a871180b-262.jpg,1327.0122,681.954,151.9235,156.3743,1,1,1,0,1,0,1,0,1,0,1,0,1
a871180b-262.jpg,1471.553,671.2977,138.7273,162.4878,1,1,1,0,1,0,1,0,1,0,1,0,1
a871180b-262.jpg,1604.597,682.5358,76.4305,101.9253,1,1,1,0,1,0,1,0,1,0,1,0,1
a871180b-262.jpg,1719.2345,403.0947,136.8385,248.5516,1,1,1,0,1,0,1,0,1,0,1,0,1
a871180b-262.jpg,1674.114,639.6107,144.3223,179.0166,1,1,1,0,1,0,1,0,1,0,1,0,1
a871180b-262.jpg,1836.6448,318.1238,73.4885,158.1478,1,1,1,0,1,0,1,0,1,0,1,0,1
a91127f1-77.jpg,695.0852,318.8387,301.5041,334.3382,1,1,1,0,1,0,1,0,1,0,1,0,1
a91127f1-77.jpg,500.7748,338.3294,215.5248,279.448,1,1,1,0,1,0,1,0,1,0,1,0,1
a91127f1-77.jpg,337.882,297.8135,182.2044,280.9008,1,1,1,0,1,0,1,0,1,0,1,0,1
a91127f1-77.jpg,219.304,278.9642,145.1911,242.4196,2,1,1,1,1,0,1,0,1,0,1,0,1
a91127f1-77.jpg,224.2046,484.6444,135.8695,117.7646,1,1,1,0,1,0,1,0,1,0,1,0,1
a91127f1-77.jpg,1297.6688,325.4275,240.5989,313.6765,1,1,1,0,1,0,1,0,1,0,1,0,1
a91127f1-77.jpg,1699.5979,290.6492,163.9386,248.2765,1,1,1,0,1,0,1,0,1,0,1,0,1
a91127f1-77.jpg,1925.3214,292.7377,74.6786,149.8194,1,1,1,0,1,0,1,0,1,0,1,0,1
a91127f1-77.jpg,178.8753,303.3192,78.6053,164.2431,0,0,1,0,1,0,1,0,1,0,1,0,1
a91127f1-77.jpg,179.31,304.4606,76.2882,152.6951,0,0,1,0,1,0,1,0,1,0,1,0,1
a91127f1-77.jpg,178.0568,303.7206,75.9798,149.6296,0,0,1,0,1,0,1,0,1,0,1,0,1
a91127f1-77.jpg,26.7459,285.8546,107.1153,139.1395,0,0,1,0,1,0,1,0,1,0,1,0,1
a91127f1-77.jpg,181.9801,308.3962,70.3335,140.2078,0,0,1,0,1,0,1,0,1,0,1,0,1
a91127f1-77.jpg,0.0,830.4337,280.228,326.4971,0,0,1,0,1,0,1,0,1,0,1,0,1
a91127f1-77.jpg,1704.0739,849.5707,295.9261,344.4477,0,0,1,0,1,0,1,0,1,0,1,0,1
a91127f1-77.jpg,181.5281,308.2661,71.3204,143.9713,0,0,1,0,1,0,1,0,1,0,1,0,1
a91127f1-77.jpg,27.2673,276.3709,103.901,145.8987,0,0,1,0,1,0,1,0,1,0,1,0,1
a91127f1-77.jpg,27.2471,289.5653,103.931,134.8214,0,0,1,0,1,0,1,0,1,0,1,0,1
a91127f1-77.jpg,20.2392,285.1823,111.2132,135.584,0,0,1,0,1,0,1,0,1,0,1,0,1
a91127f1-77.jpg,176.3574,297.8042,81.0239,174.1089,0,0,1,0,1,0,1,0,1,0,1,0,1
aa16b183-60.jpg,324.8865,507.472,244.3424,174.4383,1,1,1,0,1,0,1,0,1,0,1,0,1
aa16b183-60.jpg,1063.4171,611.5847,219.8906,287.424,1,1,1,0,1,0,1,0,1,0,1,0,1
aa16b183-60.jpg,1442.1162,614.5073,138.5427,219.9964,1,1,1,0,1,0,1,0,1,0,1,0,1
aa16b183-60.jpg,1577.3478,663.5257,111.0386,155.3569,1,1,1,0,1,0,1,0,1,0,1,0,1
aa16b183-60.jpg,377.041,648.6009,278.7082,195.3619,1,1,1,0,1,0,1,0,1,0,1,0,1
aa16b183-60.jpg,0.8932,691.5067,280.8844,381.3164,0,0,1,0,1,0,1,0,1,0,1,0,1
aa16b183-60.jpg,0.0,690.8889,295.7292,381.1591,0,0,1,0,1,0,1,0,1,0,1,0,1
aa16b183-60.jpg,0.0,690.7938,293.6621,381.5483,0,0,1,0,1,0,1,0,1,0,1,0,1
aa16b183-60.jpg,0.0826,670.8328,280.396,401.3622,0,0,1,0,1,0,1,0,1,0,1,0,1
aa16b183-60.jpg,0.0,674.6766,259.3279,399.8508,0,0,1,0,1,0,1,0,1,0,1,0,1
aa16b183-60.jpg,0.0,667.5967,292.5217,408.6429,0,0,1,0,1,0,1,0,1,0,1,0,1
ac5729fc-131.jpg,216.317,469.2391,79.1977,195.4693,2,1,1,1,1,0,1,0,1,0,1,0,1
ac5729fc-131.jpg,261.9958,463.7099,107.5645,205.8665,1,1,1,0,1,0,1,0,1,0,1,0,1
ac5729fc-131.jpg,344.0526,433.3997,190.3808,255.2212,1,1,1,0,1,0,1,0,1,0,1,0,1
ac5729fc-131.jpg,261.0599,666.7349,51.3917,155.075,1,1,1,0,1,0,1,0,1,0,1,0,1
ac5729fc-131.jpg,294.4855,661.9167,64.7865,149.2875,1,1,1,0,1,0,1,0,1,0,1,0,1
ac5729fc-131.jpg,516.7516,428.0544,227.8619,265.4197,2,1,1,1,1,0,1,0,1,0,1,0,1
ac5729fc-131.jpg,933.4286,415.1048,205.4304,272.9244,1,1,1,0,1,0,1,0,1,0,1,0,1
ac5729fc-131.jpg,1125.2811,468.0977,154.6835,180.0499,1,1,1,0,1,0,1,0,1,0,1,0,1
ac5729fc-131.jpg,1263.8232,479.4651,176.5303,162.4247,1,1,1,0,1,0,1,0,1,0,1,0,1
ac5729fc-131.jpg,852.6442,621.6146,190.7949,259.4756,1,1,1,0,1,0,1,0,1,0,1,0,1
ac5729fc-131.jpg,1167.8738,630.2192,234.6276,177.5286,2,1,1,1,1,0,1,0,1,0,1,0,1
ac5729fc-131.jpg,1429.6531,483.3278,167.8486,155.4111,2,1,1,1,1,0,1,0,1,0,1,0,1
ac5729fc-131.jpg,1374.2263,620.5859,219.2571,137.0765,1,1,1,0,1,0,1,0,1,0,1,0,1
ac5729fc-131.jpg,1403.8804,492.1211,36.4696,116.4248,0,0,1,0,1,0,1,0,1,0,1,0,1
ac5729fc-131.jpg,1406.1185,490.1249,34.1252,103.6777,0,0,1,0,1,0,1,0,1,0,1,0,1
ac5729fc-131.jpg,1656.3887,496.7119,69.1478,114.9075,0,0,1,0,1,0,1,0,1,0,1,0,1
ac5729fc-131.jpg,1657.0808,492.0116,77.1439,125.0108,0,0,1,0,1,0,1,0,1,0,1,0,1
ad247d69-56.jpg,158.7185,137.541,252.6917,204.4785,3,1,1,1,1,1,1,0,1,0,1,0,1
ad247d69-56.jpg,188.851,302.3918,247.8573,224.3542,1,1,1,0,1,0,1,0,1,0,1,0,1
ad247d69-56.jpg,247.9104,494.2783,199.067,174.692,2,1,1,1,1,0,1,0,1,0,1,0,1
ad247d69-56.jpg,385.8438,768.6385,178.6228,190.3694,1,1,1,0,1,0,1,0,1,0,1,0,1
ad247d69-56.jpg,507.4286,879.3777,172.9786,159.9665,1,1,1,0,1,0,1,0,1,0,1,0,1
ad247d69-56.jpg,665.8088,912.0287,188.9656,161.869,1,1,1,0,1,0,1,0,1,0,1,0,1
ad247d69-56.jpg,849.9588,911.243,187.0444,163.0198,1,1,1,0,1,0,1,0,1,0,1,0,1
ad247d69-56.jpg,1007.9965,871.1566,171.6625,158.2499,1,1,1,0,1,0,1,0,1,0,1,0,1
ad247d69-56.jpg,1105.7081,755.8622,172.035,190.1766,1,1,1,0,1,0,1,0,1,0,1,0,1
ad247d69-56.jpg,1147.4506,603.2429,214.5708,201.741,1,1,1,0,1,0,1,0,1,0,1,0,1
ad247d69-56.jpg,1207.3221,486.6567,192.5983,177.5961,1,1,1,0,1,0,1,0,1,0,1,0,1
ad247d69-56.jpg,1207.6523,305.4845,245.8866,217.7835,1,1,1,0,1,0,1,0,1,0,1,0,1
ad247d69-56.jpg,1256.3251,144.7012,233.5812,209.7901,3,1,1,1,1,1,1,0,1,0,1,0,1
ad247d69-56.jpg,1591.6254,0.0,408.3746,521.1326,0,0,1,0,1,0,1,0,1,0,1,0,1
ad247d69-56.jpg,1582.4823,0.0,416.2213,532.8138,0,0,1,0,1,0,1,0,1,0,1,0,1
ad247d69-56.jpg,1584.4404,0.0,415.5596,526.5308,0,0,1,0,1,0,1,0,1,0,1,0,1
ad247d69-56.jpg,1579.5499,0.0,420.4501,538.5734,0,0,1,0,1,0,1,0,1,0,1,0,1
ad247d69-56.jpg,1586.2638,0.0,413.7362,530.4717,0,0,1,0,1,0,1,0,1,0,1,0,1
ad247d69-56.jpg,1583.1992,0.0,416.8008,455.2783,0,0,1,0,1,0,1,0,1,0,1,0,1
ad247d69-56.jpg,1595.1504,0.0,404.8496,496.569,0,0,1,0,1,0,1,0,1,0,1,0,1
ad247d69-56.jpg,0.0,0.0,227.7075,91.3996,0,0,1,0,1,0,1,0,1,0,1,0,1
ad247d69-56.jpg,0.1657,0.0,230.6301,93.2818,0,0,1,0,1,0,1,0,1,0,1,0,1
ad247d69-56.jpg,1576.1475,0.0,423.8525,548.2268,0,0,1,0,1,0,1,0,1,0,1,0,1
ad247d69-56.jpg,1590.8397,0.0,405.9143,485.9606,0,0,1,0,1,0,1,0,1,0,1,0,1
ad247d69-56.jpg,1590.913,0.0,405.3933,442.7483,0,0,1,0,1,0,1,0,1,0,1,0,1
ad247d69-56.jpg,0.0,0.0,226.373,90.6207,0,0,1,0,1,0,1,0,1,0,1,0,1
ad247d69-56.jpg,1589.7266,0.0,410.2734,506.6961,0,0,1,0,1,0,1,0,1,0,1,0,1
ad247d69-56.jpg,0.4382,0.0,230.2187,91.4129,0,0,1,0,1,0,1,0,1,0,1,0,1
ad247d69-56.jpg,1577.8804,0.0,422.1196,478.8196,0,0,1,0,1,0,1,0,1,0,1,0,1
ad247d69-56.jpg,0.3249,0.2357,220.9664,91.401,0,0,1,0,1,0,1,0,1,0,1,0,1
ad247d69-56.jpg,0.2018,0.1572,215.1353,90.8118,0,0,1,0,1,0,1,0,1,0,1,0,1
ad247d69-56.jpg,0.2586,0.0,229.8647,90.8807,0,0,1,0,1,0,1,0,1,0,1,0,1
ad247d69-56.jpg,0.0,0.0,234.3338,92.2694,0,0,1,0,1,0,1,0,1,0,1,0,1
ad247d69-56.jpg,1594.4502,0.0,401.6761,433.8857,0,0,1,0,1,0,1,0,1,0,1,0,1
ad247d69-56.jpg,1588.3273,0.0,409.7644,496.8275,0,0,1,0,1,0,1,0,1,0,1,0,1
ad247d69-56.jpg,0.0,0.0183,222.4892,91.9664,0,0,1,0,1,0,1,0,1,0,1,0,1
ad247d69-56.jpg,0.0,0.4309,224.1906,91.4024,0,0,1,0,1,0,1,0,1,0,1,0,1
ad247d69-56.jpg,0.0,0.0,227.2569,89.9298,0,0,1,0,1,0,1,0,1,0,1,0,1
ad247d69-56.jpg,0.0,0.3526,217.1444,91.5783,0,0,1,0,1,0,1,0,1,0,1,0,1
ad247d69-56.jpg,0.448,0.0,212.9836,90.3628,0,0,1,0,1,0,1,0,1,0,1,0,1
ad247d69-56.jpg,0.2082,0.0,218.1048,90.5004,0,0,1,0,1,0,1,0,1,0,1,0,1
ad247d69-56.jpg,1572.9683,0.0,427.0317,467.2898,0,0,1,0,1,0,1,0,1,0,1,0,1
ad247d69-56.jpg,1585.9229,0.0,411.3997,498.4657,0,0,1,0,1,0,1,0,1,0,1,0,1
ad247d69-56.jpg,0.1475,1.0369,212.7355,89.4275,0,0,1,0,1,0,1,0,1,0,1,0,1
ad247d69-56.jpg,1584.0996,0.0,411.2664,466.0969,0,0,1,0,1,0,1,0,1,0,1,0,1
ad247d69-56.jpg,0.9579,0.9138,218.2411,89.4795,0,0,1,0,1,0,1,0,1,0,1,0,1
ad247d69-56.jpg,0.0106,0.0,231.7115,90.9119,0,0,1,0,1,0,1,0,1,0,1,0,1
ad247d69-56.jpg,1590.5442,0.0,409.4558,420.0316,0,0,1,0,1,0,1,0,1,0,1,0,1
ad247d69-56.jpg,1598.3019,0.0,398.6405,411.5886,0,0,1,0,1,0,1,0,1,0,1,0,1
ad247d69-56.jpg,1588.8414,844.0904,411.1586,455.9096,0,0,1,0,1,0,1,0,1,0,1,0,1
ad247d69-56.jpg,1584.6125,0.0,410.2625,453.6555,0,0,1,0,1,0,1,0,1,0,1,0,1
ad247d69-56.jpg,0.0,1.2259,218.4791,89.6732,0,0,1,0,1,0,1,0,1,0,1,0,1
ad247d69-56.jpg,1578.6829,838.1418,421.3171,461.8582,0,0,1,0,1,0,1,0,1,0,1,0,1
ad247d69-56.jpg,0.0,0.3393,227.1409,85.7464,0,0,1,0,1,0,1,0,1,0,1,0,1
ad247d69-56.jpg,0.0,0.4168,215.5947,87.6745,0,0,1,0,1,0,1,0,1,0,1,0,1
ad247d69-56.jpg,1587.0382,851.4137,412.9618,448.5863,0,0,1,0,1,0,1,0,1,0,1,0,1
ad247d69-56.jpg,1598.6567,0.0,399.6865,405.4001,0,0,1,0,1,0,1,0,1,0,1,0,1
ad247d69-56.jpg,0.0,0.0683,227.7298,86.6812,0,0,1,0,1,0,1,0,1,0,1,0,1
ad247d69-56.jpg,0.0,0.0208,225.1218,85.9903,0,0,1,0,1,0,1,0,1,0,1,0,1
ad247d69-56.jpg,0.0,0.0,231.0087,86.2262,0,0,1,0,1,0,1,0,1,0,1,0,1
ad247d69-56.jpg,895.949,0.0007,270.7985,33.9717,0,0,1,0,1,0,1,0,1,0,1,0,1
ad247d69-56.jpg,890.7047,0.0045,283.4065,33.9437,0,0,1,0,1,0,1,0,1,0,1,0,1
ad247d69-56.jpg,0.0,0.0,228.6175,87.7864,0,0,1,0,1,0,1,0,1,0,1,0,1
aeb8502b-223.jpg,570.0829,186.7544,205.4802,168.2515,5,1,1,1,1,1,1,1,1,1,1,0,1
aeb8502b-223.jpg,759.9502,124.1224,260.5067,196.4854,5,1,1,1,1,1,1,1,1,1,1,0,1
aeb8502b-223.jpg,1015.6052,133.4932,263.3659,189.8648,5,1,1,1,1,1,1,1,1,1,1,0,1
aeb8502b-223.jpg,378.8874,248.2415,242.6253,225.9933,4,1,1,1,1,1,1,1,1,0,1,0,1
aeb8502b-223.jpg,268.0714,412.629,283.1145,235.469,3,1,1,1,1,1,1,0,1,0,1,0,1
aeb8502b-223.jpg,176.9132,563.6199,280.7886,203.3539,4,1,1,1,1,1,1,1,1,0,1,0,1
aeb8502b-223.jpg,129.0745,734.2745,344.2925,298.8691,4,1,1,1,1,1,1,1,1,0,1,0,1
aeb8502b-223.jpg,88.5625,919.6451,287.8212,287.5302,3,1,1,1,1,1,1,0,1,0,1,0,1
aeb8502b-223.jpg,62.4922,1153.2068,342.2543,146.7932,4,1,1,1,1,1,1,1,1,0,1,0,1
aeb8502b-223.jpg,1248.6031,191.6739,193.8649,159.5096,5,1,1,1,1,1,1,1,1,1,1,0,1
aeb8502b-223.jpg,1345.8666,272.7846,238.9187,229.749,5,1,1,1,1,1,1,1,1,1,1,0,1
aeb8502b-223.jpg,1441.0541,441.133,279.0591,235.1114,4,1,1,1,1,1,1,1,1,0,1,0,1
aeb8502b-223.jpg,1559.0371,583.3318,275.3386,219.5728,4,1,1,1,1,1,1,1,1,0,1,0,1
aeb8502b-223.jpg,1556.089,732.0889,350.993,345.4943,5,1,1,1,1,1,1,1,1,1,1,0,1
aeb8502b-223.jpg,1638.8832,936.576,324.6331,305.8487,5,1,1,1,1,1,1,1,1,1,1,0,1
aeb8502b-223.jpg,0.0,0.0,86.6187,255.0531,0,0,1,0,1,0,1,0,1,0,1,0,1
aeb8502b-223.jpg,30.5152,1291.3213,464.8948,8.6787,0,0,1,0,1,0,1,0,1,0,1,0,1
aeb8502b-223.jpg,0.0,1289.817,480.1355,10.183,0,0,1,0,1,0,1,0,1,0,1,0,1
aeb8502b-223.jpg,0.0,0.0,28.735,251.4136,0,0,1,0,1,0,1,0,1,0,1,0,1
aeb8502b-223.jpg,0.0,0.0,59.3776,318.8116,0,0,1,0,1,0,1,0,1,0,1,0,1
aeb8502b-223.jpg,119.3927,1232.6932,175.1945,65.1842,0,0,1,0,1,0,1,0,1,0,1,0,1
aeb8502b-223.jpg,0.0,0.0,25.1014,308.045,0,0,1,0,1,0,1,0,1,0,1,0,1
aeb8502b-223.jpg,1614.2104,0.0,385.7896,127.1616,0,0,1,0,1,0,1,0,1,0,1,0,1
aeb8502b-223.jpg,1613.9707,0.0438,386.0293,114.5732,0,0,1,0,1,0,1,0,1,0,1,0,1
aeb8502b-223.jpg,0.0,340.7421,27.9022,280.1321,0,0,1,0,1,0,1,0,1,0,1,0,1
aeb8502b-223.jpg,1528.3329,0.221,468.7058,114.1279,0,0,1,0,1,0,1,0,1,0,1,0,1
aeb8502b-223.jpg,1675.3975,0.0,324.6025,115.5188,0,0,1,0,1,0,1,0,1,0,1,0,1
aeb8502b-223.jpg,698.4991,286.4167,218.0006,197.5963,0,0,1,0,1,0,1,0,1,0,1,0,1
aeb8502b-223.jpg,0.0,352.7018,26.2538,282.4075,0,0,1,0,1,0,1,0,1,0,1,0,1
aeb8502b-223.jpg,706.0471,449.2215,127.7761,67.0833,0,0,1,0,1,0,1,0,1,0,1,0,1
aeb8502b-223.jpg,1533.3772,0.0,463.6335,126.8155,0,0,1,0,1,0,1,0,1,0,1,0,1
aeb8502b-223.jpg,117.3817,1236.9642,210.385,63.0358,0,0,1,0,1,0,1,0,1,0,1,0,1
aeb8502b-223.jpg,1880.3318,0.0,119.6682,224.2927,0,0,1,0,1,0,1,0,1,0,1,0,1
aeb8502b-223.jpg,706.5479,444.6357,129.7417,70.6884,0,0,1,0,1,0,1,0,1,0,1,0,1
aeb8502b-223.jpg,706.713,448.3621,132.0421,67.2268,0,0,1,0,1,0,1,0,1,0,1,0,1
aeb8502b-223.jpg,697.3312,447.3272,138.1651,69.3619,0,0,1,0,1,0,1,0,1,0,1,0,1
aeb8502b-223.jpg,113.2951,1230.5826,154.4965,67.6288,0,0,1,0,1,0,1,0,1,0,1,0,1
aeb8502b-223.jpg,79.6711,1290.235,430.2918,9.765,0,0,1,0,1,0,1,0,1,0,1,0,1
aeb8502b-223.jpg,0.0262,297.1401,39.1211,292.5386,0,0,1,0,1,0,1,0,1,0,1,0,1
aeb8502b-223.jpg,0.0,369.0818,24.1946,274.8497,0,0,1,0,1,0,1,0,1,0,1,0,1
aeb8502b-223.jpg,1683.4026,0.0,316.5974,154.1023,0,0,1,0,1,0,1,0,1,0,1,0,1
aeb8502b-223.jpg,630.7272,256.6338,250.2119,165.1903,0,0,1,0,1,0,1,0,1,0,1,0,1
aeb8502b-223.jpg,0.0,318.1831,28.8435,268.61,0,0,1,0,1,0,1,0,1,0,1,0,1
aeb8502b-223.jpg,1610.8527,0.0,389.1473,116.4157,0,0,1,0,1,0,1,0,1,0,1,0,1
aeb8502b-223.jpg,0.0,308.2382,29.1266,260.4609,0,0,1,0,1,0,1,0,1,0,1,0,1
aeb8502b-223.jpg,5.4598,0.0,170.258,223.9937,0,0,1,0,1,0,1,0,1,0,1,0,1
af4f53cc-116.jpg,639.3405,351.0705,215.6449,175.5972,1,1,1,0,1,0,1,0,1,0,1,0,1
af4f53cc-116.jpg,568.1359,466.5764,225.835,160.1344,1,1,1,0,1,0,1,0,1,0,1,0,1
af4f53cc-116.jpg,513.5757,565.1713,241.3225,206.2233,1,1,1,0,1,0,1,0,1,0,1,0,1
af4f53cc-116.jpg,448.8903,681.5261,243.7256,180.9082,1,1,1,0,1,0,1,0,1,0,1,0,1
af4f53cc-116.jpg,439.9497,827.0062,216.9725,94.7003,3,1,1,1,1,1,1,0,1,0,1,0,1
af4f53cc-116.jpg,1403.4233,411.557,221.9213,167.0059,1,1,1,0,1,0,1,0,1,0,1,0,1
af4f53cc-116.jpg,1470.3716,525.7916,217.9526,158.0659,3,1,1,1,1,1,1,0,1,0,1,0,1
af4f53cc-116.jpg,1496.4683,639.518,243.5885,197.4364,3,1,1,1,1,1,1,0,1,0,1,0,1
af4f53cc-116.jpg,1578.3239,751.3887,228.8065,185.8625,3,1,1,1,1,1,1,0,1,0,1,0,1
af4f53cc-116.jpg,422.3311,986.8488,75.9333,104.4592,0,0,1,0,1,0,1,0,1,0,1,0,1
af4f53cc-116.jpg,659.6633,0.0622,200.6266,45.9535,0,0,1,0,1,0,1,0,1,0,1,0,1
af4f53cc-116.jpg,423.4915,984.7061,74.061,106.8096,0,0,1,0,1,0,1,0,1,0,1,0,1
af4f53cc-116.jpg,671.4836,0.168,197.4119,44.4282,0,0,1,0,1,0,1,0,1,0,1,0,1
af4f53cc-116.jpg,620.7255,0.0991,272.5626,50.3857,0,0,1,0,1,0,1,0,1,0,1,0,1
af4f53cc-116.jpg,423.8499,988.2775,77.4714,102.7518,0,0,1,0,1,0,1,0,1,0,1,0,1
af4f53cc-116.jpg,424.1797,985.5033,77.044,105.9001,0,0,1,0,1,0,1,0,1,0,1,0,1
af4f53cc-116.jpg,643.9454,0.0,244.5878,50.4976,0,0,1,0,1,0,1,0,1,0,1,0,1
af4f53cc-116.jpg,585.3027,0.3196,380.7887,51.527,0,0,1,0,1,0,1,0,1,0,1,0,1
af4f53cc-116.jpg,667.7356,0.1425,196.8443,39.7928,0,0,1,0,1,0,1,0,1,0,1,0,1
b1176d69-231.jpg,408.5227,337.7583,221.5119,291.5852,1,1,1,0,1,0,1,0,1,0,1,0,1
b1176d69-231.jpg,429.8369,643.3598,150.9044,247.5673,1,1,1,0,1,0,1,0,1,0,1,0,1
b1176d69-231.jpg,534.5446,647.394,203.8752,274.53,1,1,1,0,1,0,1,0,1,0,1,0,1
b1176d69-231.jpg,760.5229,412.5268,278.6334,288.1766,2,1,1,1,1,0,1,0,1,0,1,0,1
b1176d69-231.jpg,1026.4023,410.9864,283.3977,296.3112,1,1,1,0,1,0,1,0,1,0,1,0,1
b1176d69-231.jpg,1287.4274,474.834,223.4896,245.7364,1,1,1,0,1,0,1,0,1,0,1,0,1
b1176d69-231.jpg,1734.8019,648.748,101.5327,88.6085,2,1,1,1,1,0,1,0,1,0,1,0,1
b1176d69-231.jpg,1852.5245,493.3419,66.594,75.3561,0,0,1,0,1,0,1,0,1,0,1,0,1
b1176d69-231.jpg,551.9014,543.877,77.9608,106.2451,0,0,1,0,1,0,1,0,1,0,1,0,1
b1176d69-231.jpg,1852.9598,496.2929,64.7926,72.3509,0,0,1,0,1,0,1,0,1,0,1,0,1
b1176d69-231.jpg,235.0204,0.0824,344.3978,73.9674,0,0,1,0,1,0,1,0,1,0,1,0,1
b1176d69-231.jpg,1850.8938,495.274,65.4701,71.4594,0,0,1,0,1,0,1,0,1,0,1,0,1
b1176d69-231.jpg,1663.0198,0.0,336.9802,194.0878,0,0,1,0,1,0,1,0,1,0,1,0,1
b1176d69-231.jpg,211.0478,0.077,366.9366,78.918,0,0,1,0,1,0,1,0,1,0,1,0,1
b1176d69-231.jpg,1852.2516,493.4567,65.2458,73.1094,0,0,1,0,1,0,1,0,1,0,1,0,1
b1176d69-231.jpg,550.7025,546.6027,74.6035,101.0994,0,0,1,0,1,0,1,0,1,0,1,0,1
b1ac5999-271.jpg,49.4082,999.4601,337.6106,254.8531,1,1,1,0,1,0,1,0,1,0,1,0,1
b1ac5999-271.jpg,94.2461,775.5215,375.7201,329.1639,1,1,1,0,1,0,1,0,1,0,1,0,1
b1ac5999-271.jpg,168.9361,589.9966,281.4665,232.9835,2,1,1,1,1,0,1,0,1,0,1,0,1
b1ac5999-271.jpg,245.7321,382.2353,309.3821,262.4558,2,1,1,1,1,0,1,0,1,0,1,0,1
b1ac5999-271.jpg,372.7906,214.3215,247.7654,230.704,1,1,1,0,1,0,1,0,1,0,1,0,1
b1ac5999-271.jpg,572.5616,155.9409,213.3482,218.4479,1,1,1,0,1,0,1,0,1,0,1,0,1
b1ac5999-271.jpg,723.2733,106.3916,268.5672,215.2129,1,1,1,0,1,0,1,0,1,0,1,0,1
b1ac5999-271.jpg,984.24,116.4916,267.004,227.0963,1,1,1,0,1,0,1,0,1,0,1,0,1
b1ac5999-271.jpg,1193.8073,202.4783,221.1945,202.2099,2,1,1,1,1,0,1,0,1,0,1,0,1
b1ac5999-271.jpg,1352.6102,289.5244,237.0629,227.9127,1,1,1,0,1,0,1,0,1,0,1,0,1
b1ac5999-271.jpg,1424.4382,427.8393,295.6696,266.7638,1,1,1,0,1,0,1,0,1,0,1,0,1
b1ac5999-271.jpg,1515.6805,630.3548,289.6648,248.6505,1,1,1,0,1,0,1,0,1,0,1,0,1
b1ac5999-271.jpg,1599.1196,1043.9263,346.4294,252.5225,1,1,1,0,1,0,1,0,1,0,1,0,1
b1ac5999-271.jpg,1552.6631,786.5204,378.1028,342.4533,1,1,1,0,1,0,1,0,1,0,1,0,1
b1ac5999-271.jpg,1490.4596,1276.2644,509.5404,23.7356,0,0,1,0,1,0,1,0,1,0,1,0,1
b1ac5999-271.jpg,1513.8987,1276.8092,486.1013,23.1908,0,0,1,0,1,0,1,0,1,0,1,0,1
b1ac5999-271.jpg,1549.3025,1279.9446,450.6975,20.0554,0,0,1,0,1,0,1,0,1,0,1,0,1
b1ac5999-271.jpg,1335.2386,0.0,432.2906,131.8886,0,0,1,0,1,0,1,0,1,0,1,0,1
b1ac5999-271.jpg,1311.35,0.0,500.1576,131.8294,0,0,1,0,1,0,1,0,1,0,1,0,1
b1ac5999-271.jpg,1261.3301,0.0,477.9606,129.0249,0,0,1,0,1,0,1,0,1,0,1,0,1
b1ac5999-271.jpg,1266.2659,0.0,472.6953,127.0687,0,0,1,0,1,0,1,0,1,0,1,0,1
b1ac5999-271.jpg,1285.5004,0.0,462.4061,129.956,0,0,1,0,1,0,1,0,1,0,1,0,1
b1ac5999-271.jpg,1309.547,0.0,466.9137,129.3585,0,0,1,0,1,0,1,0,1,0,1,0,1
b1ac5999-271.jpg,1242.0359,0.0,490.6864,126.7116,0,0,1,0,1,0,1,0,1,0,1,0,1
b1ac5999-271.jpg,1563.5508,1284.1953,436.4492,15.8047,0,0,1,0,1,0,1,0,1,0,1,0,1
b1ac5999-271.jpg,1287.788,0.0,464.7993,127.482,0,0,1,0,1,0,1,0,1,0,1,0,1
b1ac5999-271.jpg,1335.8802,0.0,435.0063,129.7639,0,0,1,0,1,0,1,0,1,0,1,0,1
b1ac5999-271.jpg,1235.5814,0.0,502.6337,128.6188,0,0,1,0,1,0,1,0,1,0,1,0,1
b1ac5999-271.jpg,1325.1139,0.0,422.8687,132.1509,0,0,1,0,1,0,1,0,1,0,1,0,1
b1ac5999-271.jpg,1304.2164,0.0,444.7471,131.5789,0,0,1,0,1,0,1,0,1,0,1,0,1
b1ac5999-271.jpg,1334.6934,0.0782,417.1354,127.5924,0,0,1,0,1,0,1,0,1,0,1,0,1
b1ac5999-271.jpg,0.0,48.2344,306.7803,589.6466,0,0,1,0,1,0,1,0,1,0,1,0,1
b1ac5999-271.jpg,1334.8563,0.0,416.0911,132.8627,0,0,1,0,1,0,1,0,1,0,1,0,1
b1ac5999-271.jpg,0.5183,52.3794,306.3031,572.235,0,0,1,0,1,0,1,0,1,0,1,0,1
b1ac5999-271.jpg,1303.3677,0.0,450.9586,128.5517,0,0,1,0,1,0,1,0,1,0,1,0,1
b1ac5999-271.jpg,1311.4917,0.0,486.2555,130.0747,0,0,1,0,1,0,1,0,1,0,1,0,1
b1ac5999-271.jpg,0.0,40.7137,311.6657,624.4985,0,0,1,0,1,0,1,0,1,0,1,0,1
b1ac5999-271.jpg,1328.6257,0.0,487.9083,132.4557,0,0,1,0,1,0,1,0,1,0,1,0,1
b1ac5999-271.jpg,1746.6764,1186.575,162.7217,105.0782,0,0,1,0,1,0,1,0,1,0,1,0,1
b1ac5999-271.jpg,1306.4849,0.0,465.1759,129.0299,0,0,1,0,1,0,1,0,1,0,1,0,1
b1ac5999-271.jpg,0.557,46.0451,304.488,537.3206,0,0,1,0,1,0,1,0,1,0,1,0,1
b1ac5999-271.jpg,1237.1027,0.0529,482.1963,126.6435,0,0,1,0,1,0,1,0,1,0,1,0,1
b1ac5999-271.jpg,1336.4757,0.1455,412.9664,125.0625,0,0,1,0,1,0,1,0,1,0,1,0,1
b1ac5999-271.jpg,1456.8994,1278.4762,529.7135,21.5238,0,0,1,0,1,0,1,0,1,0,1,0,1
b1ac5999-271.jpg,0.1132,40.9691,309.6377,607.2545,0,0,1,0,1,0,1,0,1,0,1,0,1
b1ac5999-271.jpg,1336.4037,0.0,415.6355,130.5424,0,0,1,0,1,0,1,0,1,0,1,0,1
b1ac5999-271.jpg,1309.1232,0.0,484.2156,129.0429,0,0,1,0,1,0,1,0,1,0,1,0,1
b1ac5999-271.jpg,238.1855,1276.8314,184.8445,23.1686,0,0,1,0,1,0,1,0,1,0,1,0,1
b1ac5999-271.jpg,1743.9568,1278.3372,148.2399,21.6628,0,0,1,0,1,0,1,0,1,0,1,0,1
b1ac5999-271.jpg,256.1443,1276.795,175.4211,23.205,0,0,1,0,1,0,1,0,1,0,1,0,1
b1ac5999-271.jpg,1224.1901,0.0,506.6674,128.293,0,0,1,0,1,0,1,0,1,0,1,0,1
b1ac5999-271.jpg,1326.1047,0.0,472.1935,129.0578,0,0,1,0,1,0,1,0,1,0,1,0,1
b1ac5999-271.jpg,63.6064,1145.8694,133.8057,95.0854,0,0,1,0,1,0,1,0,1,0,1,0,1
b1ac5999-271.jpg,1332.6118,0.0,412.1769,132.1469,0,0,1,0,1,0,1,0,1,0,1,0,1
b1ac5999-271.jpg,1326.9871,0.0,406.0286,129.5576,0,0,1,0,1,0,1,0,1,0,1,0,1
b1ac5999-271.jpg,1337.3768,0.0,456.0634,127.3477,0,0,1,0,1,0,1,0,1,0,1,0,1
b1ac5999-271.jpg,0.0,47.0998,309.9212,569.9153,0,0,1,0,1,0,1,0,1,0,1,0,1
b1ac5999-271.jpg,1241.6602,0.139,501.0913,135.6754,0,0,1,0,1,0,1,0,1,0,1,0,1
b1ac5999-271.jpg,249.1035,1273.7385,182.3363,26.2615,0,0,1,0,1,0,1,0,1,0,1,0,1
b1ac5999-271.jpg,267.7086,1276.2515,176.967,23.7485,0,0,1,0,1,0,1,0,1,0,1,0,1
b1ac5999-271.jpg,264.5704,1273.6593,182.1094,26.3407,0,0,1,0,1,0,1,0,1,0,1,0,1
b1ac5999-271.jpg,284.6906,1276.1835,171.5513,23.8165,0,0,1,0,1,0,1,0,1,0,1,0,1
b1ac5999-271.jpg,1748.6409,1276.3596,139.1616,23.6404,0,0,1,0,1,0,1,0,1,0,1,0,1
b1ac5999-271.jpg,1310.7814,0.0,454.9636,129.5768,0,0,1,0,1,0,1,0,1,0,1,0,1
b2780b3d-277.jpg,99.4098,1010.7379,334.3439,245.004,1,1,1,0,1,0,1,0,1,0,1,0,1
b2780b3d-277.jpg,181.9412,835.7241,335.318,288.4174,1,1,1,0,1,0,1,0,1,0,1,0,1
b2780b3d-277.jpg,233.9265,655.4509,289.0206,207.4826,1,1,1,0,1,0,1,0,1,0,1,0,1
b2780b3d-277.jpg,294.8531,471.4855,295.9931,227.2188,1,1,1,0,1,0,1,0,1,0,1,0,1
b2780b3d-277.jpg,388.1718,273.2089,226.8959,233.1686,1,1,1,0,1,0,1,0,1,0,1,0,1
b2780b3d-277.jpg,728.68,136.6378,270.34,180.6193,1,1,1,0,1,0,1,0,1,0,1,0,1
b2780b3d-277.jpg,982.9181,176.0004,257.3168,179.2218,1,1,1,0,1,0,1,0,1,0,1,0,1
b2780b3d-277.jpg,1230.9851,185.6783,233.5585,173.6906,1,1,1,0,1,0,1,0,1,0,1,0,1
b2780b3d-277.jpg,1397.4067,260.9224,243.808,232.3321,4,1,1,1,1,1,1,1,1,0,1,0,1
b2780b3d-277.jpg,1429.032,462.209,298.3596,229.0946,1,1,1,0,1,0,1,0,1,0,1,0,1
b2780b3d-277.jpg,1483.2081,664.9661,282.6569,194.9456,1,1,1,0,1,0,1,0,1,0,1,0,1
b2780b3d-277.jpg,1495.1776,826.3555,333.4333,287.4169,2,1,1,1,1,0,1,0,1,0,1,0,1
b2780b3d-277.jpg,1572.0155,1022.5376,331.9877,240.8619,3,1,1,1,1,1,1,0,1,0,1,0,1
b2780b3d-277.jpg,155.1372,1222.7928,246.7128,76.8926,0,0,1,0,1,0,1,0,1,0,1,0,1
b2780b3d-277.jpg,157.3409,1225.1361,249.4362,74.7587,0,0,1,0,1,0,1,0,1,0,1,0,1
b2780b3d-277.jpg,152.832,1223.6775,247.1182,76.0734,0,0,1,0,1,0,1,0,1,0,1,0,1
b2780b3d-277.jpg,155.1879,1227.0399,257.4791,72.3768,0,0,1,0,1,0,1,0,1,0,1,0,1
b2780b3d-277.jpg,152.5338,1224.4673,240.5996,74.913,0,0,1,0,1,0,1,0,1,0,1,0,1
b2780b3d-277.jpg,150.2678,1221.4514,244.5929,77.2106,0,0,1,0,1,0,1,0,1,0,1,0,1
b2780b3d-277.jpg,153.8008,1227.8551,250.0309,72.0415,0,0,1,0,1,0,1,0,1,0,1,0,1
b2780b3d-277.jpg,1594.2964,1228.0691,247.7965,71.9309,0,0,1,0,1,0,1,0,1,0,1,0,1
b2780b3d-277.jpg,1596.7698,1229.8042,246.8643,69.9506,0,0,1,0,1,0,1,0,1,0,1,0,1
b2780b3d-277.jpg,1600.6847,1229.4858,248.4619,69.5271,0,0,1,0,1,0,1,0,1,0,1,0,1
b2780b3d-277.jpg,154.7608,1230.8651,256.7176,68.5358,0,0,1,0,1,0,1,0,1,0,1,0,1
b2780b3d-277.jpg,1596.4315,1228.4111,240.4744,71.5889,0,0,1,0,1,0,1,0,1,0,1,0,1
b2780b3d-277.jpg,1597.4132,1227.2236,233.295,72.7653,0,0,1,0,1,0,1,0,1,0,1,0,1
b2780b3d-277.jpg,128.0681,1214.5013,325.5216,85.4987,0,0,1,0,1,0,1,0,1,0,1,0,1
b2780b3d-277.jpg,1597.6449,1233.4432,243.283,66.3914,0,0,1,0,1,0,1,0,1,0,1,0,1
b2780b3d-277.jpg,1600.8751,1240.3798,251.2665,59.6202,0,0,1,0,1,0,1,0,1,0,1,0,1
b2780b3d-277.jpg,125.9358,1218.4617,303.1784,81.5383,0,0,1,0,1,0,1,0,1,0,1,0,1
b2780b3d-277.jpg,128.7601,1218.0645,301.3443,81.9355,0,0,1,0,1,0,1,0,1,0,1,0,1
b2780b3d-277.jpg,124.034,1219.7306,395.5203,80.2694,0,0,1,0,1,0,1,0,1,0,1,0,1
b2780b3d-277.jpg,145.1909,1209.3193,302.6629,90.6807,0,0,1,0,1,0,1,0,1,0,1,0,1
b2780b3d-277.jpg,1599.0085,1227.0366,229.4647,72.7664,0,0,1,0,1,0,1,0,1,0,1,0,1
b2780b3d-277.jpg,136.0559,1211.2679,392.5344,88.7321,0,0,1,0,1,0,1,0,1,0,1,0,1
b2780b3d-277.jpg,94.1549,1226.0537,401.6702,73.9463,0,0,1,0,1,0,1,0,1,0,1,0,1
b2780b3d-277.jpg,151.8525,1227.0651,266.6219,71.835,0,0,1,0,1,0,1,0,1,0,1,0,1
b2780b3d-277.jpg,127.6371,1270.0303,411.0359,29.9697,0,0,1,0,1,0,1,0,1,0,1,0,1
b2780b3d-277.jpg,1562.5422,1172.7502,387.2926,127.2498,0,0,1,0,1,0,1,0,1,0,1,0,1
b2780b3d-277.jpg,1463.674,1279.1227,478.4275,20.8773,0,0,1,0,1,0,1,0,1,0,1,0,1
b2780b3d-277.jpg,1549.9249,1207.1975,368.1116,92.8025,0,0,1,0,1,0,1,0,1,0,1,0,1
b2780b3d-277.jpg,200.882,1220.1074,208.8393,77.8811,0,0,1,0,1,0,1,0,1,0,1,0,1
b2780b3d-277.jpg,1450.3889,1279.3234,483.6654,20.6766,0,0,1,0,1,0,1,0,1,0,1,0,1
b2780b3d-277.jpg,139.8099,1278.0768,424.0563,21.9232,0,0,1,0,1,0,1,0,1,0,1,0,1
b2780b3d-277.jpg,1516.8202,1236.9749,453.8521,63.0251,0,0,1,0,1,0,1,0,1,0,1,0,1
b2780b3d-277.jpg,1548.0428,1239.7212,448.4757,60.2788,0,0,1,0,1,0,1,0,1,0,1,0,1
b2780b3d-277.jpg,1525.625,1268.8076,441.5391,31.1924,0,0,1,0,1,0,1,0,1,0,1,0,1
b2780b3d-277.jpg,98.521,1230.0062,366.5132,69.9938,0,0,1,0,1,0,1,0,1,0,1,0,1
b2780b3d-277.jpg,214.3911,1221.3112,197.8586,71.1418,0,0,1,0,1,0,1,0,1,0,1,0,1
b2780b3d-277.jpg,1647.302,1233.0074,177.9069,63.4132,0,0,1,0,1,0,1,0,1,0,1,0,1
b2780b3d-277.jpg,186.2821,1222.3112,229.8376,69.7936,0,0,1,0,1,0,1,0,1,0,1,0,1
b2780b3d-277.jpg,1602.6414,1229.6196,158.0459,68.7026,0,0,1,0,1,0,1,0,1,0,1,0,1
b2780b3d-277.jpg,71.8912,1212.073,392.1932,87.927,0,0,1,0,1,0,1,0,1,0,1,0,1
b2780b3d-277.jpg,1548.2026,1264.34,439.1482,35.66,0,0,1,0,1,0,1,0,1,0,1,0,1
b2780b3d-277.jpg,1600.9446,1230.2151,141.1804,68.3624,0,0,1,0,1,0,1,0,1,0,1,0,1
b2780b3d-277.jpg,0.0,1241.5455,492.1297,58.4545,0,0,1,0,1,0,1,0,1,0,1,0,1
b2780b3d-277.jpg,0.0,0.0,101.2095,256.2121,0,0,1,0,1,0,1,0,1,0,1,0,1
b2780b3d-277.jpg,1597.0621,1228.7142,149.364,69.4797,0,0,1,0,1,0,1,0,1,0,1,0,1
b2780b3d-277.jpg,1572.5457,1217.6438,327.2885,82.3562,0,0,1,0,1,0,1,0,1,0,1,0,1
b2780b3d-277.jpg,1496.0752,1280.8926,454.0988,19.1074,0,0,1,0,1,0,1,0,1,0,1,0,1
b2780b3d-277.jpg,0.0,1279.8732,526.6453,20.1268,0,0,1,0,1,0,1,0,1,0,1,0,1
b2780b3d-277.jpg,0.0,1240.4919,546.3112,59.5081,0,0,1,0,1,0,1,0,1,0,1,0,1
b2780b3d-277.jpg,1597.2921,1226.4402,130.8396,72.1268,0,0,1,0,1,0,1,0,1,0,1,0,1
b32acfa7-258.jpg,635.7095,751.1553,142.033,73.1072,1,1,1,0,1,0,1,0,1,0,1,0,1
b32acfa7-258.jpg,1300.5612,441.7863,200.9022,265.3388,1,1,1,0,1,0,1,0,1,0,1,0,1
b32acfa7-258.jpg,1501.0078,617.6382,211.4078,183.9031,1,1,1,0,1,0,1,0,1,0,1,0,1
b32acfa7-258.jpg,1782.0017,449.624,110.6418,117.7891,1,1,1,0,1,0,1,0,1,0,1,0,1
b32acfa7-258.jpg,1706.2515,580.5301,152.1798,111.343,0,0,1,0,1,0,1,0,1,0,1,0,1
b32acfa7-258.jpg,1705.4546,582.594,153.9689,110.0052,0,0,1,0,1,0,1,0,1,0,1,0,1
b32acfa7-258.jpg,1707.0557,575.8531,147.8932,121.499,0,0,1,0,1,0,1,0,1,0,1,0,1
b32acfa7-258.jpg,1700.2281,559.7548,154.9979,133.9459,0,0,1,0,1,0,1,0,1,0,1,0,1
b32acfa7-258.jpg,1706.8909,583.9323,150.1484,107.6677,0,0,1,0,1,0,1,0,1,0,1,0,1
b32acfa7-258.jpg,1706.1195,594.0107,160.7578,100.9376,0,0,1,0,1,0,1,0,1,0,1,0,1
b32acfa7-258.jpg,5.2931,924.6745,99.0341,149.9252,0,0,1,0,1,0,1,0,1,0,1,0,1
b32acfa7-258.jpg,1706.1382,586.7732,148.9708,105.2191,0,0,1,0,1,0,1,0,1,0,1,0,1
b32acfa7-258.jpg,1702.4475,575.9752,151.6815,117.5623,0,0,1,0,1,0,1,0,1,0,1,0,1
b32acfa7-258.jpg,1706.7957,602.045,165.5839,188.8013,0,0,1,0,1,0,1,0,1,0,1,0,1
b32acfa7-258.jpg,0.0,0.0,33.0805,267.5401,0,0,1,0,1,0,1,0,1,0,1,0,1
b32acfa7-258.jpg,1707.1648,586.5178,149.9435,106.9315,0,0,1,0,1,0,1,0,1,0,1,0,1
b32acfa7-258.jpg,1706.485,600.0281,158.6415,92.489,0,0,1,0,1,0,1,0,1,0,1,0,1
b32acfa7-258.jpg,0.0,0.0,64.7746,270.6422,0,0,1,0,1,0,1,0,1,0,1,0,1
b32acfa7-258.jpg,1707.5477,566.3528,150.2526,124.7877,0,0,1,0,1,0,1,0,1,0,1,0,1
b32acfa7-258.jpg,7.6049,927.4746,97.2062,144.2637,0,0,1,0,1,0,1,0,1,0,1,0,1
b32acfa7-258.jpg,1706.5148,589.2351,148.8732,103.397,0,0,1,0,1,0,1,0,1,0,1,0,1
b50321c3-177.jpg,249.9805,933.4546,281.2254,229.7068,4,1,1,1,1,1,1,1,1,0,1,0,1
b50321c3-177.jpg,298.4757,741.7687,291.8022,240.3719,3,1,1,1,1,1,1,0,1,0,1,0,1
b50321c3-177.jpg,381.1465,626.8715,238.5073,177.4937,2,1,1,1,1,0,1,0,1,0,1,0,1
b50321c3-177.jpg,385.2087,445.4276,254.0118,202.6357,2,1,1,1,1,0,1,0,1,0,1,0,1
b50321c3-177.jpg,460.9146,308.4378,213.9752,165.1587,1,1,1,0,1,0,1,0,1,0,1,0,1
b50321c3-177.jpg,620.7695,251.6282,198.4026,136.0983,1,1,1,0,1,0,1,0,1,0,1,0,1
b50321c3-177.jpg,1217.2222,261.1198,208.6133,149.5686,1,1,1,0,1,0,1,0,1,0,1,0,1
b50321c3-177.jpg,1397.8552,292.9629,224.9618,197.8225,1,1,1,0,1,0,1,0,1,0,1,0,1
b50321c3-177.jpg,1427.6987,471.4978,258.7551,208.7803,2,1,1,1,1,0,1,0,1,0,1,0,1
b50321c3-177.jpg,1445.7418,659.2443,254.4026,172.0596,2,1,1,1,1,0,1,0,1,0,1,0,1
b50321c3-177.jpg,1418.6517,797.8148,298.3228,242.1307,3,1,1,1,1,1,1,0,1,0,1,0,1
b50321c3-177.jpg,1495.9208,959.8114,295.6211,218.3987,4,1,1,1,1,1,1,1,1,0,1,0,1
b50321c3-177.jpg,1669.7214,0.0,330.2786,208.4388,0,0,1,0,1,0,1,0,1,0,1,0,1
b50321c3-177.jpg,1621.9855,0.0,378.0145,167.4212,0,0,1,0,1,0,1,0,1,0,1,0,1
b50321c3-177.jpg,319.4864,1123.3253,115.3802,64.5168,0,0,1,0,1,0,1,0,1,0,1,0,1
b50321c3-177.jpg,1623.6677,0.0,376.3323,245.4835,0,0,1,0,1,0,1,0,1,0,1,0,1
b50321c3-177.jpg,188.5917,0.0,406.8792,172.8955,0,0,1,0,1,0,1,0,1,0,1,0,1
b50321c3-177.jpg,1617.7361,0.0177,382.2639,144.5199,0,0,1,0,1,0,1,0,1,0,1,0,1
b50321c3-177.jpg,1615.4528,0.0,384.5472,252.9637,0,0,1,0,1,0,1,0,1,0,1,0,1
b50321c3-177.jpg,1664.0516,0.0,335.3451,210.7756,0,0,1,0,1,0,1,0,1,0,1,0,1
b50321c3-177.jpg,325.1522,1116.2515,107.3849,74.9575,0,0,1,0,1,0,1,0,1,0,1,0,1
b50321c3-177.jpg,1723.0432,0.1679,276.9568,219.0232,0,0,1,0,1,0,1,0,1,0,1,0,1
b50321c3-177.jpg,188.0051,0.0,408.9935,172.0072,0,0,1,0,1,0,1,0,1,0,1,0,1
b50321c3-177.jpg,326.7797,1119.0746,105.0203,71.8776,0,0,1,0,1,0,1,0,1,0,1,0,1
b50321c3-177.jpg,187.1622,0.0,421.4359,171.9016,0,0,1,0,1,0,1,0,1,0,1,0,1
b50321c3-177.jpg,1737.8403,0.0,262.1597,216.9551,0,0,1,0,1,0,1,0,1,0,1,0,1
b50321c3-177.jpg,722.8652,1263.5383,281.3406,36.4617,0,0,1,0,1,0,1,0,1,0,1,0,1
b50321c3-177.jpg,1449.3855,972.5258,154.6321,73.1785,0,0,1,0,1,0,1,0,1,0,1,0,1
b50321c3-177.jpg,723.6398,1266.062,301.9076,33.938,0,0,1,0,1,0,1,0,1,0,1,0,1
b50321c3-177.jpg,1445.9967,969.986,155.9131,76.7013,0,0,1,0,1,0,1,0,1,0,1,0,1
b50321c3-177.jpg,1634.9681,0.0,365.0319,200.6716,0,0,1,0,1,0,1,0,1,0,1,0,1
b50321c3-177.jpg,1174.6576,1257.0476,201.2122,42.9524,0,0,1,0,1,0,1,0,1,0,1,0,1
b50321c3-177.jpg,313.8814,1120.4252,116.6628,68.4844,0,0,1,0,1,0,1,0,1,0,1,0,1
b50321c3-177.jpg,323.2164,1114.0437,107.4364,76.9287,0,0,1,0,1,0,1,0,1,0,1,0,1
b50321c3-177.jpg,328.0467,940.6396,217.3673,66.4266,0,0,1,0,1,0,1,0,1,0,1,0,1
b50321c3-177.jpg,322.1378,1118.3771,112.6347,73.6899,0,0,1,0,1,0,1,0,1,0,1,0,1
b50321c3-177.jpg,1626.7794,0.0,373.2206,180.9233,0,0,1,0,1,0,1,0,1,0,1,0,1
b50321c3-177.jpg,1450.4543,972.6783,150.5052,73.3744,0,0,1,0,1,0,1,0,1,0,1,0,1
b50321c3-177.jpg,326.8647,1121.4554,107.4813,69.4728,0,0,1,0,1,0,1,0,1,0,1,0,1
b50321c3-177.jpg,298.1442,1123.4415,133.2458,63.933,0,0,1,0,1,0,1,0,1,0,1,0,1
b50321c3-177.jpg,721.7297,1259.4729,290.5327,40.5271,0,0,1,0,1,0,1,0,1,0,1,0,1
b50321c3-177.jpg,326.6736,1115.0454,102.4915,75.8301,0,0,1,0,1,0,1,0,1,0,1,0,1
b50321c3-177.jpg,721.1761,1254.5109,263.525,45.4891,0,0,1,0,1,0,1,0,1,0,1,0,1
b50321c3-177.jpg,321.0218,940.5819,238.728,67.4288,0,0,1,0,1,0,1,0,1,0,1,0,1
b50321c3-177.jpg,1444.2258,970.706,154.0829,75.4633,0,0,1,0,1,0,1,0,1,0,1,0,1
b50321c3-177.jpg,1749.9099,0.0,250.0901,224.3489,0,0,1,0,1,0,1,0,1,0,1,0,1
b50321c3-177.jpg,727.5019,1265.2904,225.9727,34.7096,0,0,1,0,1,0,1,0,1,0,1,0,1
b50321c3-177.jpg,1110.1041,1258.4961,324.444,41.5039,0,0,1,0,1,0,1,0,1,0,1,0,1
b50321c3-177.jpg,0.0,0.0,196.4937,334.539,0,0,1,0,1,0,1,0,1,0,1,0,1
b50321c3-177.jpg,1193.236,1256.8566,164.3501,43.1434,0,0,1,0,1,0,1,0,1,0,1,0,1
b50321c3-177.jpg,728.6658,1268.1495,246.5126,31.8505,0,0,1,0,1,0,1,0,1,0,1,0,1
b50321c3-177.jpg,1622.797,0.0416,372.4076,264.5807,0,0,1,0,1,0,1,0,1,0,1,0,1
b50321c3-177.jpg,721.1218,1171.4056,302.274,126.1487,0,0,1,0,1,0,1,0,1,0,1,0,1
b50321c3-177.jpg,722.8377,1262.2069,235.9423,37.7931,0,0,1,0,1,0,1,0,1,0,1,0,1
b50321c3-177.jpg,1155.6311,1259.6586,289.7339,40.3414,0,0,1,0,1,0,1,0,1,0,1,0,1
b50321c3-177.jpg,0.565,0.0,196.6969,328.9824,0,0,1,0,1,0,1,0,1,0,1,0,1
b50321c3-177.jpg,338.9099,940.3008,216.6246,67.5156,0,0,1,0,1,0,1,0,1,0,1,0,1
b50321c3-177.jpg,1842.802,0.0,157.198,222.1063,0,0,1,0,1,0,1,0,1,0,1,0,1
b50321c3-177.jpg,326.4204,1117.2139,116.7942,71.2241,0,0,1,0,1,0,1,0,1,0,1,0,1
b50321c3-177.jpg,1448.2262,967.4459,171.12,80.2225,0,0,1,0,1,0,1,0,1,0,1,0,1
b50321c3-177.jpg,727.715,1264.7295,252.1547,35.2705,0,0,1,0,1,0,1,0,1,0,1,0,1
b50321c3-177.jpg,322.9543,1114.1443,126.3848,71.9561,0,0,1,0,1,0,1,0,1,0,1,0,1
b57361a1-225.jpg,754.6229,323.4239,295.8163,339.3879,1,1,1,0,1,0,1,0,1,0,1,0,1
b57361a1-225.jpg,1548.1718,285.9319,213.981,309.4724,1,1,1,0,1,0,1,0,1,0,1,0,1
b57361a1-225.jpg,1587.3955,581.6492,179.2206,287.7865,1,1,1,0,1,0,1,0,1,0,1,0,1
b57361a1-225.jpg,1777.1804,606.1782,96.5737,119.5339,0,0,1,0,1,0,1,0,1,0,1,0,1
b57361a1-225.jpg,1778.978,607.2792,94.4365,117.7785,0,0,1,0,1,0,1,0,1,0,1,0,1
b57361a1-225.jpg,471.7034,810.4258,276.8693,197.0839,0,0,1,0,1,0,1,0,1,0,1,0,1
b57361a1-225.jpg,1777.1759,604.8701,98.2937,125.8319,0,0,1,0,1,0,1,0,1,0,1,0,1
b57361a1-225.jpg,1779.4609,604.0307,95.2705,123.7049,0,0,1,0,1,0,1,0,1,0,1,0,1
b57361a1-225.jpg,466.6146,808.0829,273.4119,193.7477,0,0,1,0,1,0,1,0,1,0,1,0,1
b57361a1-225.jpg,1777.9713,604.3779,96.3898,122.8369,0,0,1,0,1,0,1,0,1,0,1,0,1
b7ddd21f-71.jpg,64.1979,16.5512,328.0403,324.0981,5,1,1,1,1,1,1,1,1,1,1,0,1
b7ddd21f-71.jpg,182.4528,286.516,327.755,338.1933,3,1,1,1,1,1,1,0,1,0,1,0,1
b7ddd21f-71.jpg,304.3121,582.2301,244.5216,213.7274,2,1,1,1,1,0,1,0,1,0,1,0,1
b7ddd21f-71.jpg,363.7549,773.1612,224.0122,215.0229,2,1,1,1,1,0,1,0,1,0,1,0,1
b7ddd21f-71.jpg,804.5424,1031.0449,180.2601,214.9628,1,1,1,0,1,0,1,0,1,0,1,0,1
b7ddd21f-71.jpg,1358.1593,746.3524,228.5829,214.1048,2,1,1,1,1,0,1,0,1,0,1,0,1
b7ddd21f-71.jpg,1402.894,564.6003,249.5449,217.9417,2,1,1,1,1,0,1,0,1,0,1,0,1
b7ddd21f-71.jpg,1440.1133,280.7741,330.1964,325.763,3,1,1,1,1,1,1,0,1,0,1,0,1
b7ddd21f-71.jpg,1553.4867,12.2659,324.6583,310.9623,4,1,1,1,1,1,1,1,1,0,1,0,1
b7ddd21f-71.jpg,1651.6777,0.0,250.1709,42.3743,0,0,1,0,1,0,1,0,1,0,1,0,1
b7ddd21f-71.jpg,1648.4596,0.0,252.7626,43.4813,0,0,1,0,1,0,1,0,1,0,1,0,1
b7ddd21f-71.jpg,1640.509,0.0,260.2356,44.0438,0,0,1,0,1,0,1,0,1,0,1,0,1
b7ddd21f-71.jpg,1624.8118,0.0,287.4603,50.1259,0,0,1,0,1,0,1,0,1,0,1,0,1
b7ddd21f-71.jpg,1648.3898,0.0,251.6716,40.5411,0,0,1,0,1,0,1,0,1,0,1,0,1
b7ddd21f-71.jpg,1619.1461,0.0,294.0731,46.5483,0,0,1,0,1,0,1,0,1,0,1,0,1
b7ddd21f-71.jpg,1615.86,0.0,290.876,49.2966,0,0,1,0,1,0,1,0,1,0,1,0,1
b7ddd21f-71.jpg,1634.708,0.0,288.2218,50.8554,0,0,1,0,1,0,1,0,1,0,1,0,1
b7ddd21f-71.jpg,217.739,1201.9268,231.3274,98.0732,0,0,1,0,1,0,1,0,1,0,1,0,1
b7ddd21f-71.jpg,1617.4387,0.0727,287.4401,52.0792,0,0,1,0,1,0,1,0,1,0,1,0,1
b7ddd21f-71.jpg,1631.5765,0.0,253.149,45.5709,0,0,1,0,1,0,1,0,1,0,1,0,1
b7ddd21f-71.jpg,1597.0223,0.0,297.7452,53.0827,0,0,1,0,1,0,1,0,1,0,1,0,1
b7ddd21f-71.jpg,218.4029,1200.1946,236.4663,99.8054,0,0,1,0,1,0,1,0,1,0,1,0,1
b7ddd21f-71.jpg,215.8291,1200.9855,220.8311,99.0145,0,0,1,0,1,0,1,0,1,0,1,0,1
b7ddd21f-71.jpg,1619.6292,0.0,289.6499,44.2064,0,0,1,0,1,0,1,0,1,0,1,0,1
b7ddd21f-71.jpg,1642.5404,0.0334,258.2267,57.803,0,0,1,0,1,0,1,0,1,0,1,0,1
b7ddd21f-71.jpg,214.713,1200.4169,230.9807,99.5831,0,0,1,0,1,0,1,0,1,0,1,0,1
b7ddd21f-71.jpg,218.1176,1200.0468,229.3943,99.9532,0,0,1,0,1,0,1,0,1,0,1,0,1
b7ddd21f-71.jpg,216.8632,1200.6659,209.4169,99.3341,0,0,1,0,1,0,1,0,1,0,1,0,1
b7ddd21f-71.jpg,0.0,1004.7024,260.5961,295.2976,0,0,1,0,1,0,1,0,1,0,1,0,1
b7ddd21f-71.jpg,1596.882,0.1759,321.1787,47.7357,0,0,1,0,1,0,1,0,1,0,1,0,1
b7ddd21f-71.jpg,1597.3712,0.2033,302.8525,58.8113,0,0,1,0,1,0,1,0,1,0,1,0,1
b7ddd21f-71.jpg,1607.6348,0.0594,317.192,47.839,0,0,1,0,1,0,1,0,1,0,1,0,1
b7ddd21f-71.jpg,215.9627,1198.3317,236.739,101.6683,0,0,1,0,1,0,1,0,1,0,1,0,1
b7ddd21f-71.jpg,1643.5875,0.0,267.5945,53.991,0,0,1,0,1,0,1,0,1,0,1,0,1
b7ddd21f-71.jpg,0.0,1033.3187,261.5753,266.6813,0,0,1,0,1,0,1,0,1,0,1,0,1
b7ddd21f-71.jpg,1602.8093,0.1704,311.671,47.5362,0,0,1,0,1,0,1,0,1,0,1,0,1
b7ddd21f-71.jpg,1633.7952,0.0061,276.3516,45.5472,0,0,1,0,1,0,1,0,1,0,1,0,1
b7ddd21f-71.jpg,1645.6093,0.1771,277.818,56.686,0,0,1,0,1,0,1,0,1,0,1,0,1
b7ddd21f-71.jpg,1629.1385,0.0,275.6523,47.7244,0,0,1,0,1,0,1,0,1,0,1,0,1
b7ddd21f-71.jpg,1626.7284,0.0,278.8723,39.4239,0,0,1,0,1,0,1,0,1,0,1,0,1
b7ddd21f-71.jpg,1959.5709,384.6418,40.4291,378.4096,0,0,1,0,1,0,1,0,1,0,1,0,1
b7ddd21f-71.jpg,0.0,0.1598,280.6109,74.2085,0,0,1,0,1,0,1,0,1,0,1,0,1
b7ddd21f-71.jpg,1878.0979,1071.0538,121.7377,228.8292,0,0,1,0,1,0,1,0,1,0,1,0,1
b7ddd21f-71.jpg,1838.7804,1066.4021,161.1138,233.5979,0,0,1,0,1,0,1,0,1,0,1,0,1
b7ddd21f-71.jpg,1630.6146,0.7251,267.4172,69.7527,0,0,1,0,1,0,1,0,1,0,1,0,1
b7ddd21f-71.jpg,213.774,1192.2736,245.0989,107.2253,0,0,1,0,1,0,1,0,1,0,1,0,1
b7ddd21f-71.jpg,1960.1421,376.2196,39.8579,372.8586,0,0,1,0,1,0,1,0,1,0,1,0,1
b7ddd21f-71.jpg,0.0,862.5725,224.1232,437.4275,0,0,1,0,1,0,1,0,1,0,1,0,1
b7ddd21f-71.jpg,1651.9485,0.0538,183.2417,29.6587,0,0,1,0,1,0,1,0,1,0,1,0,1
b7ddd21f-71.jpg,50.7393,0.0,263.813,50.5474,0,0,1,0,1,0,1,0,1,0,1,0,1
b7ddd21f-71.jpg,42.7793,2.9877,282.0518,129.2874,0,0,1,0,1,0,1,0,1,0,1,0,1
b7ddd21f-71.jpg,1628.9048,0.1379,189.7861,29.3663,0,0,1,0,1,0,1,0,1,0,1,0,1
b7ddd21f-71.jpg,23.3742,1.5419,272.6322,74.3736,0,0,1,0,1,0,1,0,1,0,1,0,1
b7ddd21f-71.jpg,1957.9552,408.2094,42.0448,373.5143,0,0,1,0,1,0,1,0,1,0,1,0,1
b7ddd21f-71.jpg,30.4648,0.0049,316.1194,56.0539,0,0,1,0,1,0,1,0,1,0,1,0,1
b7ddd21f-71.jpg,1569.5245,0.0,305.2903,59.3983,0,0,1,0,1,0,1,0,1,0,1,0,1
b7ddd21f-71.jpg,1606.3635,1.1487,306.7268,79.6856,0,0,1,0,1,0,1,0,1,0,1,0,1
b7ddd21f-71.jpg,1592.5203,0.0,279.2258,51.1148,0,0,1,0,1,0,1,0,1,0,1,0,1
b7ddd21f-71.jpg,0.0,1031.0492,260.1635,268.9508,0,0,1,0,1,0,1,0,1,0,1,0,1
ba17712f-87.jpg,148.9893,444.5703,100.1337,202.2815,1,1,1,0,1,0,1,0,1,0,1,0,1
ba17712f-87.jpg,1979.611,410.1451,20.389,201.3084,0,0,1,0,1,0,1,0,1,0,1,0,1
ba17712f-87.jpg,595.5135,572.4018,106.2448,136.7645,0,0,1,0,1,0,1,0,1,0,1,0,1
ba17712f-87.jpg,596.9598,571.3701,108.0658,137.6906,0,0,1,0,1,0,1,0,1,0,1,0,1
bb1ba13f-62.jpg,18.516,4.2251,335.9415,237.5216,3,1,1,1,1,1,1,0,1,0,1,0,1
bb1ba13f-62.jpg,69.5265,169.7819,362.3982,338.4838,3,1,1,1,1,1,1,0,1,0,1,0,1
bb1ba13f-62.jpg,652.1376,990.8489,238.9796,214.8165,1,1,1,0,1,0,1,0,1,0,1,0,1
bb1ba13f-62.jpg,860.7155,1027.7073,281.9918,261.8263,2,1,1,1,1,0,1,0,1,0,1,0,1
bb1ba13f-62.jpg,1132.3392,1013.1287,295.0226,239.6504,2,1,1,1,1,0,1,0,1,0,1,0,1
bb1ba13f-62.jpg,1365.6639,964.9414,246.6227,231.8553,1,1,1,0,1,0,1,0,1,0,1,0,1
bb1ba13f-62.jpg,1645.2864,134.4162,332.2029,297.329,2,1,1,1,1,0,1,0,1,0,1,0,1
bb1ba13f-62.jpg,60.6024,0.1884,288.6807,32.3767,0,0,1,0,1,0,1,0,1,0,1,0,1
bb1ba13f-62.jpg,145.5317,0.0078,193.7978,27.7899,0,0,1,0,1,0,1,0,1,0,1,0,1
bb1ba13f-62.jpg,88.0329,0.2473,283.8276,31.6962,0,0,1,0,1,0,1,0,1,0,1,0,1
bb1ba13f-62.jpg,147.4436,0.0861,192.4338,31.7218,0,0,1,0,1,0,1,0,1,0,1,0,1
bb1ba13f-62.jpg,12.828,0.0,334.4413,35.0141,0,0,1,0,1,0,1,0,1,0,1,0,1
bb1ba13f-62.jpg,152.9688,0.0308,177.2883,28.2477,0,0,1,0,1,0,1,0,1,0,1,0,1
bb1ba13f-62.jpg,193.0196,0.0632,212.2826,27.5971,0,0,1,0,1,0,1,0,1,0,1,0,1
bb1ba13f-62.jpg,22.2543,0.129,183.5771,20.1079,0,0,1,0,1,0,1,0,1,0,1,0,1
bb1ba13f-62.jpg,47.3693,0.1025,374.6378,34.7446,0,0,1,0,1,0,1,0,1,0,1,0,1
bb1ba13f-62.jpg,134.8682,0.1196,208.7952,33.0529,0,0,1,0,1,0,1,0,1,0,1,0,1
bb1ba13f-62.jpg,258.4807,0.0,146.6112,21.5317,0,0,1,0,1,0,1,0,1,0,1,0,1
bb1ba13f-62.jpg,27.9577,0.1506,193.0769,21.3778,0,0,1,0,1,0,1,0,1,0,1,0,1
bb1ba13f-62.jpg,123.4066,0.0405,218.1348,25.6996,0,0,1,0,1,0,1,0,1,0,1,0,1
bb1ba13f-62.jpg,139.2905,0.2588,238.4614,28.8664,0,0,1,0,1,0,1,0,1,0,1,0,1
bb1ba13f-62.jpg,102.647,0.2028,260.7221,29.1804,0,0,1,0,1,0,1,0,1,0,1,0,1
bb1ba13f-62.jpg,186.8634,0.0679,153.6583,26.6109,0,0,1,0,1,0,1,0,1,0,1,0,1
bb1ba13f-62.jpg,211.7762,0.0395,193.9536,25.5106,0,0,1,0,1,0,1,0,1,0,1,0,1
bb1ba13f-62.jpg,26.659,0.1467,212.3752,22.7279,0,0,1,0,1,0,1,0,1,0,1,0,1
bb1ba13f-62.jpg,19.275,0.1058,179.3666,19.5088,0,0,1,0,1,0,1,0,1,0,1,0,1
bb1ba13f-62.jpg,159.1979,0.1119,270.7026,28.4173,0,0,1,0,1,0,1,0,1,0,1,0,1
bb1ba13f-62.jpg,161.8469,0.0469,172.4799,28.0448,0,0,1,0,1,0,1,0,1,0,1,0,1
bb1ba13f-62.jpg,28.3729,0.1392,241.446,23.9572,0,0,1,0,1,0,1,0,1,0,1,0,1
bb1ba13f-62.jpg,182.1753,0.1142,203.1159,30.4462,0,0,1,0,1,0,1,0,1,0,1,0,1
bb1ba13f-62.jpg,198.9624,0.0678,194.849,25.6181,0,0,1,0,1,0,1,0,1,0,1,0,1
bb1ba13f-62.jpg,82.2253,0.2033,293.7925,29.6282,0,0,1,0,1,0,1,0,1,0,1,0,1
bb1ba13f-62.jpg,25.4928,0.0,374.3193,36.1534,0,0,1,0,1,0,1,0,1,0,1,0,1
bb1ba13f-62.jpg,14.26,0.1223,157.4954,18.935,0,0,1,0,1,0,1,0,1,0,1,0,1
bb1ba13f-62.jpg,111.0645,0.0245,234.056,32.9754,0,0,1,0,1,0,1,0,1,0,1,0,1
bb1ba13f-62.jpg,189.2957,0.1722,228.9277,31.9209,0,0,1,0,1,0,1,0,1,0,1,0,1
bb1ba13f-62.jpg,155.3623,0.0393,210.6978,31.2575,0,0,1,0,1,0,1,0,1,0,1,0,1
bb1ba13f-62.jpg,19.5325,0.1292,259.8918,24.495,0,0,1,0,1,0,1,0,1,0,1,0,1
bb1ba13f-62.jpg,112.1028,0.0,303.7197,32.6779,0,0,1,0,1,0,1,0,1,0,1,0,1
bb1ba13f-62.jpg,3.0071,0.0,341.4232,39.7695,0,0,1,0,1,0,1,0,1,0,1,0,1
bb1ba13f-62.jpg,266.8452,1246.4545,298.8402,53.5455,0,0,1,0,1,0,1,0,1,0,1,0,1
bb1ba13f-62.jpg,192.8275,0.1374,210.158,33.5237,0,0,1,0,1,0,1,0,1,0,1,0,1
bb1ba13f-62.jpg,0.0,0.0,48.3462,276.6238,0,0,1,0,1,0,1,0,1,0,1,0,1
bb1ba13f-62.jpg,276.7027,1255.0756,310.0768,44.9244,0,0,1,0,1,0,1,0,1,0,1,0,1
bb1ba13f-62.jpg,1632.6569,1212.0978,367.3431,87.9022,0,0,1,0,1,0,1,0,1,0,1,0,1
bb1ba13f-62.jpg,276.498,1250.9752,300.855,49.0248,0,0,1,0,1,0,1,0,1,0,1,0,1
bb1ba13f-62.jpg,303.5587,0.0,104.7585,18.9328,0,0,1,0,1,0,1,0,1,0,1,0,1
bb1ba13f-62.jpg,22.9415,0.1704,164.038,23.7241,0,0,1,0,1,0,1,0,1,0,1,0,1
bb1ba13f-62.jpg,97.4008,0.0,274.0684,24.8915,0,0,1,0,1,0,1,0,1,0,1,0,1
bb1ba13f-62.jpg,208.7029,0.4375,191.5126,32.2371,0,0,1,0,1,0,1,0,1,0,1,0,1
bb1ba13f-62.jpg,1954.9561,109.3188,45.0439,342.6837,0,0,1,0,1,0,1,0,1,0,1,0,1
bb1ba13f-62.jpg,62.9177,0.0,362.8448,34.6667,0,0,1,0,1,0,1,0,1,0,1,0,1
bb1ba13f-62.jpg,152.0385,0.0,302.1364,31.0463,0,0,1,0,1,0,1,0,1,0,1,0,1
bb1ba13f-62.jpg,1963.0273,116.3493,36.9327,228.3994,0,0,1,0,1,0,1,0,1,0,1,0,1
bb1ba13f-62.jpg,20.3237,0.0,258.2993,28.8753,0,0,1,0,1,0,1,0,1,0,1,0,1
bb1ba13f-62.jpg,1931.0941,116.2989,68.9059,347.6518,0,0,1,0,1,0,1,0,1,0,1,0,1
bb1ba13f-62.jpg,22.9636,0.0,235.7416,27.5484,0,0,1,0,1,0,1,0,1,0,1,0,1
bb531f5d-208.jpg,737.0711,400.1679,134.948,212.8044,1,1,1,0,1,0,1,0,1,0,1,0,1
bb531f5d-208.jpg,859.2783,395.6668,152.7,211.0552,1,1,1,0,1,0,1,0,1,0,1,0,1
bb531f5d-208.jpg,841.8306,574.6228,85.2158,141.8615,1,1,1,0,1,0,1,0,1,0,1,0,1
bb531f5d-208.jpg,917.7628,592.2755,70.7672,110.7416,1,1,1,0,1,0,1,0,1,0,1,0,1
bb531f5d-208.jpg,1000.134,400.376,109.1255,196.9067,1,1,1,0,1,0,1,0,1,0,1,0,1
bb531f5d-208.jpg,968.7858,575.5078,81.5894,177.2203,1,1,1,0,1,0,1,0,1,0,1,0,1
bb531f5d-208.jpg,1096.9802,453.3724,47.7574,169.0449,1,1,1,0,1,0,1,0,1,0,1,0,1
bb531f5d-208.jpg,258.5168,216.9103,140.0198,444.2697,0,0,1,0,1,0,1,0,1,0,1,0,1
bb531f5d-208.jpg,1122.3325,452.4457,42.8645,166.5282,0,0,1,0,1,0,1,0,1,0,1,0,1
bb531f5d-208.jpg,268.6978,227.3641,139.2747,433.0808,0,0,1,0,1,0,1,0,1,0,1,0,1
bb531f5d-208.jpg,739.3586,1.615,407.1759,179.7256,0,0,1,0,1,0,1,0,1,0,1,0,1
bb531f5d-208.jpg,260.314,222.3729,136.5277,464.0638,0,0,1,0,1,0,1,0,1,0,1,0,1
bb531f5d-208.jpg,707.6981,526.8617,41.8339,131.3004,0,0,1,0,1,0,1,0,1,0,1,0,1
bb531f5d-208.jpg,708.0618,525.3618,38.3735,139.7053,0,0,1,0,1,0,1,0,1,0,1,0,1
bb531f5d-208.jpg,1132.8206,495.9463,33.7982,123.2416,0,0,1,0,1,0,1,0,1,0,1,0,1
bb531f5d-208.jpg,701.5742,528.1951,38.7642,130.2641,0,0,1,0,1,0,1,0,1,0,1,0,1
bb531f5d-208.jpg,176.986,203.0955,143.3451,465.6794,0,0,1,0,1,0,1,0,1,0,1,0,1
bb531f5d-208.jpg,270.3017,230.1173,139.6722,456.6537,0,0,1,0,1,0,1,0,1,0,1,0,1
bb531f5d-208.jpg,783.0957,0.7485,362.3341,181.145,0,0,1,0,1,0,1,0,1,0,1,0,1
bb531f5d-208.jpg,1131.205,483.7855,34.7415,145.1053,0,0,1,0,1,0,1,0,1,0,1,0,1
bb531f5d-208.jpg,702.4572,525.0729,37.228,136.3864,0,0,1,0,1,0,1,0,1,0,1,0,1
bb531f5d-208.jpg,718.0294,2.0432,429.2363,181.45,0,0,1,0,1,0,1,0,1,0,1,0,1
bb531f5d-208.jpg,672.5792,0.0,474.762,186.4092,0,0,1,0,1,0,1,0,1,0,1,0,1
bb531f5d-208.jpg,187.9225,207.9303,166.5959,460.5695,0,0,1,0,1,0,1,0,1,0,1,0,1
bb531f5d-208.jpg,714.9554,406.6962,62.2877,215.1779,0,0,1,0,1,0,1,0,1,0,1,0,1
bb531f5d-208.jpg,721.1068,524.6481,39.038,129.5443,0,0,1,0,1,0,1,0,1,0,1,0,1
bb531f5d-208.jpg,706.9233,0.0,440.621,183.4063,0,0,1,0,1,0,1,0,1,0,1,0,1
bb531f5d-208.jpg,1124.5868,436.714,39.3247,172.6937,0,0,1,0,1,0,1,0,1,0,1,0,1
bb531f5d-208.jpg,635.0916,2.5516,512.5034,186.9731,0,0,1,0,1,0,1,0,1,0,1,0,1
bb531f5d-208.jpg,147.0458,196.4776,148.2433,478.1623,0,0,1,0,1,0,1,0,1,0,1,0,1
bb531f5d-208.jpg,195.7612,213.6434,158.1133,477.9366,0,0,1,0,1,0,1,0,1,0,1,0,1
bb531f5d-208.jpg,713.5331,394.3059,65.4343,234.7741,0,0,1,0,1,0,1,0,1,0,1,0,1
bb531f5d-208.jpg,741.0542,599.6832,43.769,128.0891,0,0,1,0,1,0,1,0,1,0,1,0,1
bb531f5d-208.jpg,1135.7378,475.2285,30.3688,142.6699,0,0,1,0,1,0,1,0,1,0,1,0,1
bb531f5d-208.jpg,600.3672,0.0,548.0579,189.0538,0,0,1,0,1,0,1,0,1,0,1,0,1
bb531f5d-208.jpg,174.7893,206.6562,138.2589,482.5441,0,0,1,0,1,0,1,0,1,0,1,0,1
bb531f5d-208.jpg,137.88,200.2607,154.9936,491.3505,0,0,1,0,1,0,1,0,1,0,1,0,1
bb531f5d-208.jpg,722.9285,525.5983,37.8801,120.2631,0,0,1,0,1,0,1,0,1,0,1,0,1
bb531f5d-208.jpg,258.7759,221.494,143.8155,407.991,0,0,1,0,1,0,1,0,1,0,1,0,1
bb531f5d-208.jpg,780.3121,0.0944,367.2314,212.3439,0,0,1,0,1,0,1,0,1,0,1,0,1
bb531f5d-208.jpg,711.2805,419.7135,34.816,110.0729,0,0,1,0,1,0,1,0,1,0,1,0,1
bb531f5d-208.jpg,808.1705,0.7563,336.3613,183.2884,0,0,1,0,1,0,1,0,1,0,1,0,1
bb531f5d-208.jpg,1136.0491,467.7338,37.8058,151.0433,0,0,1,0,1,0,1,0,1,0,1,0,1
bb531f5d-208.jpg,0.0,0.0,4.3921,252.7865,0,0,1,0,1,0,1,0,1,0,1,0,1
bb531f5d-208.jpg,713.3945,411.0602,33.5157,118.6115,0,0,1,0,1,0,1,0,1,0,1,0,1
bb531f5d-208.jpg,716.5581,462.6123,60.5518,149.0347,0,0,1,0,1,0,1,0,1,0,1,0,1
bb531f5d-208.jpg,708.8293,431.1534,31.834,97.2906,0,0,1,0,1,0,1,0,1,0,1,0,1
bb531f5d-208.jpg,679.3303,520.9559,41.3621,103.7998,0,0,1,0,1,0,1,0,1,0,1,0,1
bb531f5d-208.jpg,712.1907,419.6059,52.7559,193.4427,0,0,1,0,1,0,1,0,1,0,1,0,1
bb531f5d-208.jpg,679.4584,525.2869,41.433,92.8053,0,0,1,0,1,0,1,0,1,0,1,0,1
bb531f5d-208.jpg,827.3617,2.4159,318.8354,178.0572,0,0,1,0,1,0,1,0,1,0,1,0,1
bb531f5d-208.jpg,741.9399,599.032,38.9683,135.2845,0,0,1,0,1,0,1,0,1,0,1,0,1
bb531f5d-208.jpg,829.9706,0.9794,314.6572,184.4651,0,0,1,0,1,0,1,0,1,0,1,0,1
bb531f5d-208.jpg,255.3078,221.3065,137.5317,462.6228,0,0,1,0,1,0,1,0,1,0,1,0,1
bb531f5d-208.jpg,0.0,0.0,43.9726,251.5356,0,0,1,0,1,0,1,0,1,0,1,0,1
bb531f5d-208.jpg,49.5226,169.6451,174.8723,516.2711,0,0,1,0,1,0,1,0,1,0,1,0,1
bb531f5d-208.jpg,0.3023,136.3248,120.5068,572.6631,0,0,1,0,1,0,1,0,1,0,1,0,1
bc030429-65.jpg,730.2282,495.0306,151.1303,233.8027,1,1,1,0,1,0,1,0,1,0,1,0,1
bc030429-65.jpg,612.7275,0.0,147.837,284.3627,0,0,1,0,1,0,1,0,1,0,1,0,1
bc030429-65.jpg,569.5029,101.6046,128.9194,182.9264,0,0,1,0,1,0,1,0,1,0,1,0,1
bc030429-65.jpg,575.5488,84.5353,129.6163,196.4109,0,0,1,0,1,0,1,0,1,0,1,0,1
bc030429-65.jpg,589.1436,0.0,160.6621,287.6154,0,0,1,0,1,0,1,0,1,0,1,0,1
bc030429-65.jpg,623.2079,2.6946,142.1582,277.6555,0,0,1,0,1,0,1,0,1,0,1,0,1
bc030429-65.jpg,0.0,0.0,9.0282,251.1499,0,0,1,0,1,0,1,0,1,0,1,0,1
bc030429-65.jpg,605.11,2.6401,151.7893,284.7618,0,0,1,0,1,0,1,0,1,0,1,0,1
bc030429-65.jpg,641.9274,1.6204,128.2413,261.0459,0,0,1,0,1,0,1,0,1,0,1,0,1
bc030429-65.jpg,634.7571,3.2648,131.1976,262.3149,0,0,1,0,1,0,1,0,1,0,1,0,1
bc030429-65.jpg,681.8701,461.1689,56.2921,157.1884,0,0,1,0,1,0,1,0,1,0,1,0,1
bc030429-65.jpg,565.343,18.471,141.114,267.5817,0,0,1,0,1,0,1,0,1,0,1,0,1
bc030429-65.jpg,642.2888,3.4145,131.1823,245.6613,0,0,1,0,1,0,1,0,1,0,1,0,1
bc030429-65.jpg,1075.6964,98.6209,73.0558,146.8725,0,0,1,0,1,0,1,0,1,0,1,0,1
bc030429-65.jpg,566.2534,23.3382,138.6604,263.8205,0,0,1,0,1,0,1,0,1,0,1,0,1
bc030429-65.jpg,565.2081,12.5976,161.8871,275.5057,0,0,1,0,1,0,1,0,1,0,1,0,1
bc030429-65.jpg,579.7243,0.0,159.8711,289.0572,0,0,1,0,1,0,1,0,1,0,1,0,1
bc030429-65.jpg,0.0,0.0,47.1584,257.3817,0,0,1,0,1,0,1,0,1,0,1,0,1
bc030429-65.jpg,370.7868,295.5771,202.2072,218.213,0,0,1,0,1,0,1,0,1,0,1,0,1
bc030429-65.jpg,577.5113,2.3302,154.8455,286.2462,0,0,1,0,1,0,1,0,1,0,1,0,1
bc030429-65.jpg,190.6815,669.8444,343.3006,228.0554,0,0,1,0,1,0,1,0,1,0,1,0,1
bc030429-65.jpg,575.2891,0.0,155.5522,286.7525,0,0,1,0,1,0,1,0,1,0,1,0,1
bc030429-65.jpg,0.0,0.0,2.2781,299.2066,0,0,1,0,1,0,1,0,1,0,1,0,1
bc030429-65.jpg,573.0685,6.6416,150.1575,280.9116,0,0,1,0,1,0,1,0,1,0,1,0,1
bc030429-65.jpg,2.3222,976.7797,50.9099,121.9246,0,0,1,0,1,0,1,0,1,0,1,0,1
bc030429-65.jpg,1073.7222,89.2282,73.2534,151.965,0,0,1,0,1,0,1,0,1,0,1,0,1
bc030429-65.jpg,682.3412,448.4326,54.9401,166.659,0,0,1,0,1,0,1,0,1,0,1,0,1
bc030429-65.jpg,618.762,1.1007,134.985,274.6388,0,0,1,0,1,0,1,0,1,0,1,0,1
bc030429-65.jpg,1072.6903,97.7519,77.0823,149.1166,0,0,1,0,1,0,1,0,1,0,1,0,1
bc030429-65.jpg,564.7235,14.9456,146.5544,272.3412,0,0,1,0,1,0,1,0,1,0,1,0,1
bc030429-65.jpg,577.5131,7.0626,145.1994,281.5834,0,0,1,0,1,0,1,0,1,0,1,0,1
bc030429-65.jpg,1.3851,968.9551,54.1871,126.7603,0,0,1,0,1,0,1,0,1,0,1,0,1
bc030429-65.jpg,695.6869,415.7422,40.4053,224.8238,0,0,1,0,1,0,1,0,1,0,1,0,1
bc030429-65.jpg,716.4359,514.7417,44.9027,204.5508,0,0,1,0,1,0,1,0,1,0,1,0,1
bc030429-65.jpg,640.1547,0.8584,125.2653,252.1005,0,0,1,0,1,0,1,0,1,0,1,0,1
bc030429-65.jpg,172.0549,692.7516,362.444,206.4788,0,0,1,0,1,0,1,0,1,0,1,0,1
bc030429-65.jpg,707.5011,527.2746,46.7244,181.6458,0,0,1,0,1,0,1,0,1,0,1,0,1
bc030429-65.jpg,583.8881,0.0,156.5182,287.6403,0,0,1,0,1,0,1,0,1,0,1,0,1
bc030429-65.jpg,367.4704,291.1005,214.201,222.0441,0,0,1,0,1,0,1,0,1,0,1,0,1
bc030429-65.jpg,563.975,13.78,140.974,274.9509,0,0,1,0,1,0,1,0,1,0,1,0,1
bc030429-65.jpg,1.1334,925.9645,58.1224,173.6233,0,0,1,0,1,0,1,0,1,0,1,0,1
bc030429-65.jpg,703.7203,523.4359,48.4365,195.9972,0,0,1,0,1,0,1,0,1,0,1,0,1
bc030429-65.jpg,696.5349,410.3089,39.0232,232.4647,0,0,1,0,1,0,1,0,1,0,1,0,1
bc030429-65.jpg,372.506,292.8754,225.259,223.4494,0,0,1,0,1,0,1,0,1,0,1,0,1
bc030429-65.jpg,0.0,917.2382,61.3295,180.534,0,0,1,0,1,0,1,0,1,0,1,0,1
bc030429-65.jpg,738.2209,689.7656,42.9087,97.6382,0,0,1,0,1,0,1,0,1,0,1,0,1
bc030429-65.jpg,932.1414,0.0362,178.5666,22.1556,0,0,1,0,1,0,1,0,1,0,1,0,1
bc030429-65.jpg,1078.9905,94.7827,70.0518,157.6219,0,0,1,0,1,0,1,0,1,0,1,0,1
bc030429-65.jpg,647.3475,1.1295,127.6583,244.3004,0,0,1,0,1,0,1,0,1,0,1,0,1
bc030429-65.jpg,0.0,0.0,453.5586,355.2048,0,0,1,0,1,0,1,0,1,0,1,0,1
bc030429-65.jpg,699.9396,494.3709,49.3871,220.121,0,0,1,0,1,0,1,0,1,0,1,0,1
bf1a84f5-25.jpg,76.1606,0.0,409.876,311.221,5,1,1,1,1,1,1,1,1,1,1,0,1
bf1a84f5-25.jpg,343.7139,577.6144,269.4572,288.2419,2,1,1,1,1,0,1,0,1,0,1,0,1
bf1a84f5-25.jpg,477.7539,813.2717,186.3442,213.4681,2,1,1,1,1,0,1,0,1,0,1,0,1
bf1a84f5-25.jpg,973.2739,1011.5494,197.0427,202.0815,2,1,1,1,1,0,1,0,1,0,1,0,1
bf1a84f5-25.jpg,1147.9272,985.5453,209.1073,184.6375,2,1,1,1,1,0,1,0,1,0,1,0,1
bf1a84f5-25.jpg,1355.822,604.4569,266.7709,304.5029,1,1,1,0,1,0,1,0,1,0,1,0,1
bf1a84f5-25.jpg,1415.0634,296.7352,352.8267,363.155,1,1,1,0,1,0,1,0,1,0,1,0,1
bf1a84f5-25.jpg,1527.0122,0.0,396.5844,362.2157,4,1,1,1,1,1,1,1,1,0,1,0,1
bf1a84f5-25.jpg,1922.3918,713.4842,77.6082,490.4797,0,0,1,0,1,0,1,0,1,0,1,0,1
bf1a84f5-25.jpg,1922.5955,737.7067,77.4045,445.405,0,0,1,0,1,0,1,0,1,0,1,0,1
bf1a84f5-25.jpg,1918.2637,714.6982,81.7363,491.9891,0,0,1,0,1,0,1,0,1,0,1,0,1
bf1a84f5-25.jpg,1921.9419,685.5521,78.0581,516.4968,0,0,1,0,1,0,1,0,1,0,1,0,1
bf1a84f5-25.jpg,1919.7079,736.4291,80.2338,447.2628,0,0,1,0,1,0,1,0,1,0,1,0,1
bf1a84f5-25.jpg,1917.4062,683.7901,82.5938,519.0478,0,0,1,0,1,0,1,0,1,0,1,0,1
bf1a84f5-25.jpg,1920.2917,762.097,79.7083,423.9716,0,0,1,0,1,0,1,0,1,0,1,0,1
bf1a84f5-25.jpg,1923.3069,660.3334,76.6931,532.5296,0,0,1,0,1,0,1,0,1,0,1,0,1
bf1a84f5-25.jpg,1916.4213,755.788,83.4622,441.4142,0,0,1,0,1,0,1,0,1,0,1,0,1
bf1a84f5-25.jpg,1916.7206,739.6017,83.2794,440.1096,0,0,1,0,1,0,1,0,1,0,1,0,1
bf1a84f5-25.jpg,1919.8472,741.9286,80.1528,434.5257,0,0,1,0,1,0,1,0,1,0,1,0,1
bf1a84f5-25.jpg,1913.9736,759.153,86.0264,431.6887,0,0,1,0,1,0,1,0,1,0,1,0,1
bf1a84f5-25.jpg,1920.8845,726.3427,79.1155,432.9831,0,0,1,0,1,0,1,0,1,0,1,0,1
bf1a84f5-25.jpg,1919.0815,721.132,80.9185,440.9286,0,0,1,0,1,0,1,0,1,0,1,0,1
bf1a84f5-25.jpg,1915.5718,649.7603,84.4282,546.6,0,0,1,0,1,0,1,0,1,0,1,0,1
bf1a84f5-25.jpg,1922.7859,710.0839,77.2141,429.3054,0,0,1,0,1,0,1,0,1,0,1,0,1
bf1a84f5-25.jpg,1920.1805,699.8861,79.8195,443.3367,0,0,1,0,1,0,1,0,1,0,1,0,1
bf1a84f5-25.jpg,1919.2692,760.7332,80.7308,428.4676,0,0,1,0,1,0,1,0,1,0,1,0,1
bf1a84f5-25.jpg,1927.5516,696.2894,72.4484,412.5047,0,0,1,0,1,0,1,0,1,0,1,0,1
bf1a84f5-25.jpg,1937.1145,850.2401,62.8464,342.2108,0,0,1,0,1,0,1,0,1,0,1,0,1
bf1a84f5-25.jpg,1922.1813,672.9319,77.8187,441.3784,0,0,1,0,1,0,1,0,1,0,1,0,1
bf1a84f5-25.jpg,0.0,1016.9773,106.1515,283.0227,0,0,1,0,1,0,1,0,1,0,1,0,1
bf1a84f5-25.jpg,1913.4117,778.9661,86.5883,428.1814,0,0,1,0,1,0,1,0,1,0,1,0,1
bf1a84f5-25.jpg,0.2256,1008.1223,104.8619,291.8777,0,0,1,0,1,0,1,0,1,0,1,0,1
bf1a84f5-25.jpg,1935.4412,835.1677,64.5588,344.3634,0,0,1,0,1,0,1,0,1,0,1,0,1
bf1a84f5-25.jpg,1919.6615,806.6276,80.3385,378.8221,0,0,1,0,1,0,1,0,1,0,1,0,1
bf1a84f5-25.jpg,0.3267,1031.5912,111.4798,268.4088,0,0,1,0,1,0,1,0,1,0,1,0,1
bf1a84f5-25.jpg,1914.1178,630.4854,85.8822,539.2623,0,0,1,0,1,0,1,0,1,0,1,0,1
bf1a84f5-25.jpg,1918.2926,688.4614,81.7074,476.5635,0,0,1,0,1,0,1,0,1,0,1,0,1
bf1a84f5-25.jpg,1916.4792,721.3685,83.5208,456.312,0,0,1,0,1,0,1,0,1,0,1,0,1
bf1a84f5-25.jpg,1943.1414,860.9514,56.8146,350.087,0,0,1,0,1,0,1,0,1,0,1,0,1
bf1a84f5-25.jpg,1907.3755,797.1953,92.6245,409.2506,0,0,1,0,1,0,1,0,1,0,1,0,1
bf1a84f5-25.jpg,58.3345,0.0,402.6867,53.3764,0,0,1,0,1,0,1,0,1,0,1,0,1
bf1a84f5-25.jpg,1925.8159,662.6597,74.1841,425.77,0,0,1,0,1,0,1,0,1,0,1,0,1
bf1a84f5-25.jpg,1936.1626,688.1041,63.8374,393.3643,0,0,1,0,1,0,1,0,1,0,1,0,1
bf1a84f5-25.jpg,49.562,0.0,401.6447,53.7854,0,0,1,0,1,0,1,0,1,0,1,0,1
bf1a84f5-25.jpg,1945.3624,0.0,54.6376,173.8539,0,0,1,0,1,0,1,0,1,0,1,0,1
bf1a84f5-25.jpg,1899.6654,745.9964,100.3346,432.7327,0,0,1,0,1,0,1,0,1,0,1,0,1
bf1a84f5-25.jpg,143.7515,0.0,377.203,48.4165,0,0,1,0,1,0,1,0,1,0,1,0,1
bf1a84f5-25.jpg,1927.4456,642.5165,72.5544,520.1893,0,0,1,0,1,0,1,0,1,0,1,0,1
bf1a84f5-25.jpg,70.032,0.0,395.6867,92.6035,0,0,1,0,1,0,1,0,1,0,1,0,1
bf1a84f5-25.jpg,1517.0164,0.0,334.1223,48.4138,0,0,1,0,1,0,1,0,1,0,1,0,1
bf1a84f5-25.jpg,1914.1926,629.9272,85.4602,537.9003,0,0,1,0,1,0,1,0,1,0,1,0,1
bf1a84f5-25.jpg,1942.9257,903.9774,57.0743,276.9108,0,0,1,0,1,0,1,0,1,0,1,0,1
bf1a84f5-25.jpg,1906.2977,727.2695,93.7023,434.7809,0,0,1,0,1,0,1,0,1,0,1,0,1
bf1a84f5-25.jpg,1946.3555,943.0968,53.6445,280.4944,0,0,1,0,1,0,1,0,1,0,1,0,1
bf1a84f5-25.jpg,0.0,882.2275,40.6636,384.3351,0,0,1,0,1,0,1,0,1,0,1,0,1
bf1a84f5-25.jpg,69.7727,0.0,396.9719,50.7763,0,0,1,0,1,0,1,0,1,0,1,0,1
bf1a84f5-25.jpg,0.0,1010.6264,108.0053,289.3736,0,0,1,0,1,0,1,0,1,0,1,0,1
bf1a84f5-25.jpg,58.7002,0.0,346.5256,53.0578,0,0,1,0,1,0,1,0,1,0,1,0,1
bf27a3f3-122.jpg,1083.4506,296.0625,405.7675,379.5877,2,1,1,1,1,0,1,0,1,0,1,0,1
bf27a3f3-122.jpg,433.9998,371.6297,287.9727,249.0405,1,1,1,0,1,0,1,0,1,0,1,0,1
bf27a3f3-122.jpg,399.3686,539.0452,239.3847,251.5522,1,1,1,0,1,0,1,0,1,0,1,0,1
bf27a3f3-122.jpg,1922.772,186.8167,76.8109,400.4062,0,0,1,0,1,0,1,0,1,0,1,0,1
bf27a3f3-122.jpg,63.3958,812.2004,57.6749,44.7452,0,0,1,0,1,0,1,0,1,0,1,0,1
bf27a3f3-122.jpg,61.5785,812.542,60.269,47.0441,0,0,1,0,1,0,1,0,1,0,1,0,1
bf27a3f3-122.jpg,0.1734,1157.276,121.0012,142.724,0,0,1,0,1,0,1,0,1,0,1,0,1
bf27a3f3-122.jpg,60.4947,816.2195,63.3708,52.5066,0,0,1,0,1,0,1,0,1,0,1,0,1
bf27a3f3-122.jpg,0.0,0.0,13.9248,249.4935,0,0,1,0,1,0,1,0,1,0,1,0,1
bf27a3f3-122.jpg,41.4734,817.7136,79.8267,54.1865,0,0,1,0,1,0,1,0,1,0,1,0,1
bf27a3f3-122.jpg,1899.408,246.3186,100.2228,343.8236,0,0,1,0,1,0,1,0,1,0,1,0,1
c09975ec-268.jpg,572.8832,329.1479,224.7313,348.9181,1,1,1,0,1,0,1,0,1,0,1,0,1
c09975ec-268.jpg,667.686,651.0887,132.6655,319.5772,1,1,1,0,1,0,1,0,1,0,1,0,1
c09975ec-268.jpg,775.2416,309.2689,221.079,403.6031,1,1,1,0,1,0,1,0,1,0,1,0,1
c09975ec-268.jpg,780.0579,639.7661,97.119,274.346,1,1,1,0,1,0,1,0,1,0,1,0,1
c09975ec-268.jpg,979.9142,266.1238,125.8202,393.7651,1,1,1,0,1,0,1,0,1,0,1,0,1
c09975ec-268.jpg,534.0364,428.372,64.9818,241.588,0,0,1,0,1,0,1,0,1,0,1,0,1
c09975ec-268.jpg,531.408,440.054,64.5065,244.2369,0,0,1,0,1,0,1,0,1,0,1,0,1
c09975ec-268.jpg,993.9869,636.0667,118.4815,80.29,0,0,1,0,1,0,1,0,1,0,1,0,1
c09975ec-268.jpg,534.2763,418.2183,70.9077,240.6652,0,0,1,0,1,0,1,0,1,0,1,0,1
c09975ec-268.jpg,944.9804,339.4609,60.775,258.6233,0,0,1,0,1,0,1,0,1,0,1,0,1
c09975ec-268.jpg,0.0,0.0,9.9905,255.3366,0,0,1,0,1,0,1,0,1,0,1,0,1
c09975ec-268.jpg,995.2526,635.9104,123.1384,82.9233,0,0,1,0,1,0,1,0,1,0,1,0,1
c09975ec-268.jpg,535.2699,407.6026,73.6079,241.0519,0,0,1,0,1,0,1,0,1,0,1,0,1
c09975ec-268.jpg,0.0,1169.2245,346.5485,130.7755,0,0,1,0,1,0,1,0,1,0,1,0,1
c09975ec-268.jpg,986.7407,446.3357,55.0383,219.0743,0,0,1,0,1,0,1,0,1,0,1,0,1
c09975ec-268.jpg,993.5057,635.6356,123.6439,79.7905,0,0,1,0,1,0,1,0,1,0,1,0,1
c09975ec-268.jpg,444.471,722.9851,135.3592,281.1025,0,0,1,0,1,0,1,0,1,0,1,0,1
c09975ec-268.jpg,444.287,720.0453,135.8445,282.5629,0,0,1,0,1,0,1,0,1,0,1,0,1
c09975ec-268.jpg,536.0151,421.9458,65.9872,235.2567,0,0,1,0,1,0,1,0,1,0,1,0,1
c09975ec-268.jpg,539.4526,414.0316,69.3849,257.3578,0,0,1,0,1,0,1,0,1,0,1,0,1
c09975ec-268.jpg,0.0,0.0,49.3227,261.1802,0,0,1,0,1,0,1,0,1,0,1,0,1
c09975ec-268.jpg,943.2141,323.3833,61.2686,270.5806,0,0,1,0,1,0,1,0,1,0,1,0,1
c09975ec-268.jpg,538.7741,435.0862,64.9479,223.2003,0,0,1,0,1,0,1,0,1,0,1,0,1
c09975ec-268.jpg,528.5178,454.251,63.6027,240.6609,0,0,1,0,1,0,1,0,1,0,1,0,1
c09975ec-268.jpg,940.5516,0.0453,193.6959,19.5293,0,0,1,0,1,0,1,0,1,0,1,0,1
c09975ec-268.jpg,993.3704,634.9811,132.4399,88.9984,0,0,1,0,1,0,1,0,1,0,1,0,1
c09975ec-268.jpg,994.2724,638.5219,107.8167,71.6637,0,0,1,0,1,0,1,0,1,0,1,0,1
c09975ec-268.jpg,441.0377,740.1765,144.4351,223.7785,0,0,1,0,1,0,1,0,1,0,1,0,1
c09975ec-268.jpg,453.635,734.5141,126.0401,222.8889,0,0,1,0,1,0,1,0,1,0,1,0,1
c09975ec-268.jpg,542.5284,393.0134,69.9885,269.6421,0,0,1,0,1,0,1,0,1,0,1,0,1
c09975ec-268.jpg,955.743,0.0668,187.859,18.878,0,0,1,0,1,0,1,0,1,0,1,0,1
c09975ec-268.jpg,443.5746,735.2519,139.8281,248.9058,0,0,1,0,1,0,1,0,1,0,1,0,1
c09975ec-268.jpg,942.9202,340.5925,56.7053,263.0123,0,0,1,0,1,0,1,0,1,0,1,0,1
c09975ec-268.jpg,994.7035,636.7999,119.9663,80.8399,0,0,1,0,1,0,1,0,1,0,1,0,1
c09975ec-268.jpg,1.2205,1169.6001,352.4786,130.3999,0,0,1,0,1,0,1,0,1,0,1,0,1
c09975ec-268.jpg,0.0,0.0,0.3236,303.606,0,0,1,0,1,0,1,0,1,0,1,0,1
c09975ec-268.jpg,0.0,1152.0955,348.9894,147.9045,0,0,1,0,1,0,1,0,1,0,1,0,1
c09975ec-268.jpg,439.4803,730.2757,146.1852,252.4397,0,0,1,0,1,0,1,0,1,0,1,0,1
c09975ec-268.jpg,544.4644,372.6116,71.5761,279.4062,0,0,1,0,1,0,1,0,1,0,1,0,1
c09975ec-268.jpg,993.4633,634.673,117.9449,84.2024,0,0,1,0,1,0,1,0,1,0,1,0,1
c09975ec-268.jpg,444.1046,740.5924,138.7926,216.8478,0,0,1,0,1,0,1,0,1,0,1,0,1
c09975ec-268.jpg,0.0,1175.4286,346.6232,124.5714,0,0,1,0,1,0,1,0,1,0,1,0,1
c09975ec-268.jpg,923.4675,0.0709,198.2834,20.6997,0,0,1,0,1,0,1,0,1,0,1,0,1
c09975ec-268.jpg,536.0283,426.8328,65.3841,253.3386,0,0,1,0,1,0,1,0,1,0,1,0,1
c09975ec-268.jpg,436.3904,741.2797,139.6822,259.6152,0,0,1,0,1,0,1,0,1,0,1,0,1
c09975ec-268.jpg,987.3409,474.4684,53.4058,181.0939,0,0,1,0,1,0,1,0,1,0,1,0,1
c09975ec-268.jpg,941.715,324.3564,55.4722,273.076,0,0,1,0,1,0,1,0,1,0,1,0,1
c09975ec-268.jpg,994.1232,637.7283,132.0376,76.6126,0,0,1,0,1,0,1,0,1,0,1,0,1
c09975ec-268.jpg,987.0815,426.6492,53.9229,247.4685,0,0,1,0,1,0,1,0,1,0,1,0,1
c09975ec-268.jpg,440.6575,736.8007,145.4308,237.5435,0,0,1,0,1,0,1,0,1,0,1,0,1
c09975ec-268.jpg,955.5763,4.4741,359.6289,340.2726,0,0,1,0,1,0,1,0,1,0,1,0,1
c09975ec-268.jpg,0.0,1169.5942,361.6274,130.4058,0,0,1,0,1,0,1,0,1,0,1,0,1
c09975ec-268.jpg,447.5101,725.9969,135.2451,277.7194,0,0,1,0,1,0,1,0,1,0,1,0,1
c09975ec-268.jpg,441.3061,733.9593,144.9445,262.2104,0,0,1,0,1,0,1,0,1,0,1,0,1
c09975ec-268.jpg,538.953,396.9031,71.4908,238.8362,0,0,1,0,1,0,1,0,1,0,1,0,1
c0f75d30-129.jpg,310.4612,427.3492,67.95,181.0408,1,1,1,0,1,0,1,0,1,0,1,0,1
c0f75d30-129.jpg,343.679,431.3212,78.907,179.8644,1,1,1,0,1,0,1,0,1,0,1,0,1
c0f75d30-129.jpg,385.8807,437.0649,97.5096,184.6673,1,1,1,0,1,0,1,0,1,0,1,0,1
c0f75d30-129.jpg,450.0063,396.6695,155.1769,251.727,1,1,1,0,1,0,1,0,1,0,1,0,1
c0f75d30-129.jpg,576.102,395.3492,195.6104,248.4754,1,1,1,0,1,0,1,0,1,0,1,0,1
c0f75d30-129.jpg,308.0512,607.8077,90.8338,166.6368,1,1,1,0,1,0,1,0,1,0,1,0,1
c0f75d30-129.jpg,378.0957,617.8911,122.3206,186.3391,1,1,1,0,1,0,1,0,1,0,1,0,1
c0f75d30-129.jpg,453.2011,629.9742,130.3995,219.8764,1,1,1,0,1,0,1,0,1,0,1,0,1
c0f75d30-129.jpg,571.193,609.7346,136.8882,226.6156,1,1,1,0,1,0,1,0,1,0,1,0,1
c0f75d30-129.jpg,753.4987,366.8207,260.5204,300.2533,1,1,1,0,1,0,1,0,1,0,1,0,1
c0f75d30-129.jpg,698.4191,616.6994,168.6633,206.4711,1,1,1,0,1,0,1,0,1,0,1,0,1
c0f75d30-129.jpg,1002.7963,358.7973,263.5002,305.9705,1,1,1,0,1,0,1,0,1,0,1,0,1
c0f75d30-129.jpg,1185.4819,609.5832,171.4281,226.4545,2,1,1,1,1,0,1,0,1,0,1,0,1
c0f75d30-129.jpg,1254.493,383.1211,209.3163,251.5542,2,1,1,1,1,0,1,0,1,0,1,0,1
c0f75d30-129.jpg,862.5172,634.0307,166.2663,169.8238,1,1,1,0,1,0,1,0,1,0,1,0,1
c0f75d30-129.jpg,1026.5078,640.6782,161.8256,179.5552,1,1,1,0,1,0,1,0,1,0,1,0,1
c0f75d30-129.jpg,1446.2773,356.2572,175.3016,291.8137,2,1,1,1,1,0,1,0,1,0,1,0,1
c0f75d30-129.jpg,1343.3468,586.7184,172.5662,283.4932,1,1,1,0,1,0,1,0,1,0,1,0,1
c0f75d30-129.jpg,1500.9817,639.705,162.3677,182.2666,1,1,1,0,1,0,1,0,1,0,1,0,1
c0f75d30-129.jpg,1596.103,597.1578,170.4294,182.4958,2,1,1,1,1,0,1,0,1,0,1,0,1
c0f75d30-129.jpg,1603.5974,415.9252,110.1368,189.8613,1,1,1,0,1,0,1,0,1,0,1,0,1
c0f75d30-129.jpg,1689.9225,427.3535,92.8536,172.0353,1,1,1,0,1,0,1,0,1,0,1,0,1
c0f75d30-129.jpg,1765.6677,450.6086,88.6166,147.824,1,1,1,0,1,0,1,0,1,0,1,0,1
c0f75d30-129.jpg,1729.3468,589.7511,126.693,138.4815,1,1,1,0,1,0,1,0,1,0,1,0,1
c195bcab-20.jpg,57.7877,0.0,311.8325,305.3229,6,1,1,1,1,1,1,1,1,1,1,1,1
c195bcab-20.jpg,145.8841,255.6879,317.9087,348.1167,6,1,1,1,1,1,1,1,1,1,1,1,1
c195bcab-20.jpg,661.4697,1002.4089,190.8016,195.5259,1,1,1,0,1,0,1,0,1,0,1,0,1
c195bcab-20.jpg,835.8129,1029.0952,169.6965,179.7365,1,1,1,0,1,0,1,0,1,0,1,0,1
c195bcab-20.jpg,999.6935,1017.9094,168.4872,178.7101,1,1,1,0,1,0,1,0,1,0,1,0,1
c195bcab-20.jpg,1156.1381,971.1115,183.1261,189.9666,1,1,1,0,1,0,1,0,1,0,1,0,1
c195bcab-20.jpg,1446.6769,450.5438,271.6924,236.4203,2,1,1,1,1,0,1,0,1,0,1,0,1
c195bcab-20.jpg,1466.0332,158.2379,330.6724,323.3344,6,1,1,1,1,1,1,1,1,1,1,1,1
c195bcab-20.jpg,1496.848,0.0798,319.6379,173.9011,6,1,1,1,1,1,1,1,1,1,1,1,1
c195bcab-20.jpg,271.2803,531.3197,239.9397,241.7797,2,1,1,1,1,0,1,0,1,0,1,0,1
c195bcab-20.jpg,338.6174,715.9397,245.566,245.2278,2,1,1,1,1,0,1,0,1,0,1,0,1
c195bcab-20.jpg,493.9848,896.7539,213.6585,227.1125,2,1,1,1,1,0,1,0,1,0,1,0,1
c195bcab-20.jpg,1297.7764,840.3208,207.913,231.5121,2,1,1,1,1,0,1,0,1,0,1,0,1
c195bcab-20.jpg,1409.1425,662.3955,237.5161,231.657,2,1,1,1,1,0,1,0,1,0,1,0,1
c195bcab-20.jpg,139.4804,0.1011,191.5718,23.9198,0,0,1,0,1,0,1,0,1,0,1,0,1
c195bcab-20.jpg,146.6846,0.1066,193.5228,23.6476,0,0,1,0,1,0,1,0,1,0,1,0,1
c195bcab-20.jpg,0.0,686.5294,179.933,613.4706,0,0,1,0,1,0,1,0,1,0,1,0,1
c195bcab-20.jpg,0.4339,714.749,159.727,284.5259,0,0,1,0,1,0,1,0,1,0,1,0,1
c195bcab-20.jpg,0.0,683.5594,179.9929,616.4406,0,0,1,0,1,0,1,0,1,0,1,0,1
c195bcab-20.jpg,0.0,717.9,158.6243,425.0408,0,0,1,0,1,0,1,0,1,0,1,0,1
c195bcab-20.jpg,126.0979,0.1133,197.8511,25.4431,0,0,1,0,1,0,1,0,1,0,1,0,1
c195bcab-20.jpg,435.3189,1273.3175,167.498,26.6825,0,0,1,0,1,0,1,0,1,0,1,0,1
c195bcab-20.jpg,151.6588,0.0924,173.1545,24.7949,0,0,1,0,1,0,1,0,1,0,1,0,1
c195bcab-20.jpg,0.0,716.3345,153.692,310.4732,0,0,1,0,1,0,1,0,1,0,1,0,1
c195bcab-20.jpg,0.2035,717.3781,164.9059,376.0643,0,0,1,0,1,0,1,0,1,0,1,0,1
c195bcab-20.jpg,154.0855,0.107,174.4665,26.2329,0,0,1,0,1,0,1,0,1,0,1,0,1
c195bcab-20.jpg,0.0,125.7928,101.4069,686.1842,0,0,1,0,1,0,1,0,1,0,1,0,1
c195bcab-20.jpg,0.3272,686.5943,176.714,613.4057,0,0,1,0,1,0,1,0,1,0,1,0,1
c195bcab-20.jpg,142.2961,0.1394,173.8897,22.389,0,0,1,0,1,0,1,0,1,0,1,0,1
c195bcab-20.jpg,0.0787,294.9668,85.2772,489.4593,0,0,1,0,1,0,1,0,1,0,1,0,1
c195bcab-20.jpg,0.0937,318.5862,87.0411,475.6133,0,0,1,0,1,0,1,0,1,0,1,0,1
c195bcab-20.jpg,157.0683,0.1697,169.3434,23.9293,0,0,1,0,1,0,1,0,1,0,1,0,1
c195bcab-20.jpg,424.1563,1271.9297,172.2044,28.0703,0,0,1,0,1,0,1,0,1,0,1,0,1
c195bcab-20.jpg,0.7851,0.0,82.2734,440.9654,0,0,1,0,1,0,1,0,1,0,1,0,1
c195bcab-20.jpg,144.187,0.0,193.003,64.4858,0,0,1,0,1,0,1,0,1,0,1,0,1
c195bcab-20.jpg,0.0,0.0,66.5829,406.0495,0,0,1,0,1,0,1,0,1,0,1,0,1
c195bcab-20.jpg,1.1989,0.0,77.7166,347.0806,0,0,1,0,1,0,1,0,1,0,1,0,1
c195bcab-20.jpg,1.0065,0.0,80.4155,388.4455,0,0,1,0,1,0,1,0,1,0,1,0,1
c195bcab-20.jpg,0.1298,344.7724,89.0102,400.9128,0,0,1,0,1,0,1,0,1,0,1,0,1
c195bcab-20.jpg,1592.3265,1225.7932,247.408,73.9521,0,0,1,0,1,0,1,0,1,0,1,0,1
c195bcab-20.jpg,0.0,0.0,66.5471,435.1114,0,0,1,0,1,0,1,0,1,0,1,0,1
c195bcab-20.jpg,0.1683,399.5636,94.5118,353.7289,0,0,1,0,1,0,1,0,1,0,1,0,1
c195bcab-20.jpg,148.3743,0.0,218.4364,33.3776,0,0,1,0,1,0,1,0,1,0,1,0,1
c195bcab-20.jpg,122.7844,0.1445,193.6646,21.34,0,0,1,0,1,0,1,0,1,0,1,0,1
c195bcab-20.jpg,0.1315,371.9398,90.8245,371.923,0,0,1,0,1,0,1,0,1,0,1,0,1
c195bcab-20.jpg,109.6844,0.1039,194.9363,21.3313,0,0,1,0,1,0,1,0,1,0,1,0,1
c195bcab-20.jpg,0.1578,684.1962,176.691,615.8038,0,0,1,0,1,0,1,0,1,0,1,0,1
c195bcab-20.jpg,173.2823,0.1857,163.1703,25.093,0,0,1,0,1,0,1,0,1,0,1,0,1
c195bcab-20.jpg,0.2125,148.5867,113.5937,706.2079,0,0,1,0,1,0,1,0,1,0,1,0,1
c195bcab-20.jpg,1945.7516,0.0,54.1779,203.8603,0,0,1,0,1,0,1,0,1,0,1,0,1
c195bcab-20.jpg,0.0567,113.5426,111.1011,710.0214,0,0,1,0,1,0,1,0,1,0,1,0,1
c195bcab-20.jpg,0.0,0.0,65.7484,498.196,0,0,1,0,1,0,1,0,1,0,1,0,1
c195bcab-20.jpg,0.8832,0.0,82.8387,417.7899,0,0,1,0,1,0,1,0,1,0,1,0,1
c195bcab-20.jpg,0.5973,6.8871,79.6193,462.6474,0,0,1,0,1,0,1,0,1,0,1,0,1
c195bcab-20.jpg,0.6494,698.7922,156.3154,252.7245,0,0,1,0,1,0,1,0,1,0,1,0,1
c195bcab-20.jpg,108.0744,0.1201,204.6112,21.028,0,0,1,0,1,0,1,0,1,0,1,0,1
c195bcab-20.jpg,0.0873,269.3105,82.7267,492.438,0,0,1,0,1,0,1,0,1,0,1,0,1
c195bcab-20.jpg,0.0,0.0,31.4405,268.3122,0,0,1,0,1,0,1,0,1,0,1,0,1
c195bcab-20.jpg,72.6453,0.0,247.8023,31.7364,0,0,1,0,1,0,1,0,1,0,1,0,1
c195bcab-20.jpg,98.6614,0.0797,215.6974,21.5193,0,0,1,0,1,0,1,0,1,0,1,0,1
c195bcab-20.jpg,1584.6111,1223.5962,256.8528,75.7527,0,0,1,0,1,0,1,0,1,0,1,0,1
c195bcab-20.jpg,133.9431,0.0,212.3663,31.9537,0,0,1,0,1,0,1,0,1,0,1,0,1
c195bcab-20.jpg,0.2689,189.8018,115.185,636.4561,0,0,1,0,1,0,1,0,1,0,1,0,1
c195bcab-20.jpg,854.8241,1034.2397,142.5894,59.1299,0,0,1,0,1,0,1,0,1,0,1,0,1
c2e348a2-157.jpg,901.0673,504.2588,130.29,171.7502,2,1,1,1,1,0,1,0,1,0,1,0,1
c2e348a2-157.jpg,1002.0201,492.652,108.83,179.1892,2,1,1,1,1,0,1,0,1,0,1,0,1
c2e348a2-157.jpg,916.1647,661.2278,69.8597,148.089,2,1,1,1,1,0,1,0,1,0,1,0,1
c2e348a2-157.jpg,989.209,664.8471,38.5122,109.5386,2,1,1,1,1,0,1,0,1,0,1,0,1
c2e348a2-157.jpg,965.1066,0.0075,509.174,150.396,0,0,1,0,1,0,1,0,1,0,1,0,1
c2e348a2-157.jpg,947.8922,0.0332,522.7302,152.771,0,0,1,0,1,0,1,0,1,0,1,0,1
c2e348a2-157.jpg,951.0769,0.0,523.6678,152.0903,0,0,1,0,1,0,1,0,1,0,1,0,1
c2e348a2-157.jpg,945.1968,0.0167,524.5739,153.9013,0,0,1,0,1,0,1,0,1,0,1,0,1
c2e348a2-157.jpg,0.0,199.9823,179.8564,503.6575,0,0,1,0,1,0,1,0,1,0,1,0,1
c2e348a2-157.jpg,0.0,199.6893,182.0611,520.9849,0,0,1,0,1,0,1,0,1,0,1,0,1
c2e348a2-157.jpg,0.1134,202.0448,168.951,498.8226,0,0,1,0,1,0,1,0,1,0,1,0,1
c2e348a2-157.jpg,0.0767,196.1473,167.9801,508.7239,0,0,1,0,1,0,1,0,1,0,1,0,1
c2e348a2-157.jpg,0.7913,208.1476,188.1175,507.5604,0,0,1,0,1,0,1,0,1,0,1,0,1
c2e348a2-157.jpg,948.738,0.0792,527.8914,155.6609,0,0,1,0,1,0,1,0,1,0,1,0,1
c2e348a2-157.jpg,1016.8006,0.0702,458.8968,149.7836,0,0,1,0,1,0,1,0,1,0,1,0,1
c2e348a2-157.jpg,414.0778,314.5042,112.8959,410.7096,0,0,1,0,1,0,1,0,1,0,1,0,1
c2e348a2-157.jpg,1012.9013,0.0868,463.1441,150.8092,0,0,1,0,1,0,1,0,1,0,1,0,1
c2e348a2-157.jpg,316.4533,276.2653,138.7533,454.9059,0,0,1,0,1,0,1,0,1,0,1,0,1
c2e348a2-157.jpg,0.7414,206.6384,167.0039,494.9487,0,0,1,0,1,0,1,0,1,0,1,0,1
c2e348a2-157.jpg,404.172,303.3963,110.8907,421.907,0,0,1,0,1,0,1,0,1,0,1,0,1
c2e348a2-157.jpg,0.8337,207.2558,180.6684,496.671,0,0,1,0,1,0,1,0,1,0,1,0,1
c2e348a2-157.jpg,267.4917,266.8041,178.0349,462.7017,0,0,1,0,1,0,1,0,1,0,1,0,1
c2e348a2-157.jpg,409.3007,315.7187,110.2047,407.099,0,0,1,0,1,0,1,0,1,0,1,0,1
c2e348a2-157.jpg,130.2756,239.6057,175.9864,463.5176,0,0,1,0,1,0,1,0,1,0,1,0,1
c2e348a2-157.jpg,413.2198,313.2342,109.796,408.0435,0,0,1,0,1,0,1,0,1,0,1,0,1
c2e348a2-157.jpg,946.467,1.8613,528.7072,154.6855,0,0,1,0,1,0,1,0,1,0,1,0,1
c2e348a2-157.jpg,223.3136,258.3532,207.5838,469.0175,0,0,1,0,1,0,1,0,1,0,1,0,1
c2e348a2-157.jpg,1021.2935,1.8123,454.5691,151.2825,0,0,1,0,1,0,1,0,1,0,1,0,1
c2e348a2-157.jpg,852.6562,657.0311,79.5776,149.5726,0,0,1,0,1,0,1,0,1,0,1,0,1
c2e348a2-157.jpg,399.5959,290.5399,111.5199,436.0884,0,0,1,0,1,0,1,0,1,0,1,0,1
c2e348a2-157.jpg,0.5525,217.8697,202.2137,489.4712,0,0,1,0,1,0,1,0,1,0,1,0,1
c2e348a2-157.jpg,135.4403,244.4778,225.0416,467.2504,0,0,1,0,1,0,1,0,1,0,1,0,1
c2e348a2-157.jpg,162.8872,247.2375,273.3981,470.8555,0,0,1,0,1,0,1,0,1,0,1,0,1
c2e348a2-157.jpg,398.2115,303.0379,110.1965,421.5596,0,0,1,0,1,0,1,0,1,0,1,0,1
c2e348a2-157.jpg,412.8964,302.566,104.5134,433.1785,0,0,1,0,1,0,1,0,1,0,1,0,1
c2e348a2-157.jpg,852.5652,657.5256,76.1603,140.9286,0,0,1,0,1,0,1,0,1,0,1,0,1
c2e348a2-157.jpg,197.0007,252.1295,234.9508,469.1954,0,0,1,0,1,0,1,0,1,0,1,0,1
c2e348a2-157.jpg,280.4819,273.6587,159.0243,454.0607,0,0,1,0,1,0,1,0,1,0,1,0,1
c2e348a2-157.jpg,844.1915,510.073,69.4189,176.2033,0,0,1,0,1,0,1,0,1,0,1,0,1
c2e348a2-157.jpg,958.6205,0.0,506.3058,156.7997,0,0,1,0,1,0,1,0,1,0,1,0,1
c2e348a2-157.jpg,133.0489,250.4254,212.7469,468.2222,0,0,1,0,1,0,1,0,1,0,1,0,1
c2e348a2-157.jpg,923.0933,1.6572,546.0681,159.3884,0,0,1,0,1,0,1,0,1,0,1,0,1
c2e348a2-157.jpg,317.3055,282.4485,130.5163,446.372,0,0,1,0,1,0,1,0,1,0,1,0,1
c2e348a2-157.jpg,130.4252,243.6111,162.779,467.3901,0,0,1,0,1,0,1,0,1,0,1,0,1
c2e348a2-157.jpg,415.9865,307.3635,102.6455,401.3004,0,0,1,0,1,0,1,0,1,0,1,0,1
c2e348a2-157.jpg,1011.411,672.4467,97.4,187.8154,0,0,1,0,1,0,1,0,1,0,1,0,1
c2e348a2-157.jpg,408.873,306.8126,124.1308,383.7792,0,0,1,0,1,0,1,0,1,0,1,0,1
c2e348a2-157.jpg,277.1848,271.8244,156.0273,452.6276,0,0,1,0,1,0,1,0,1,0,1,0,1
c2e348a2-157.jpg,843.099,503.6652,67.3807,175.2391,0,0,1,0,1,0,1,0,1,0,1,0,1
c2e348a2-157.jpg,1015.7176,659.1277,43.1811,106.1382,0,0,1,0,1,0,1,0,1,0,1,0,1
c2e348a2-157.jpg,217.3702,248.5906,215.8375,489.4565,0,0,1,0,1,0,1,0,1,0,1,0,1
c2e348a2-157.jpg,929.1733,0.0,539.1428,164.0313,0,0,1,0,1,0,1,0,1,0,1,0,1
c2e348a2-157.jpg,419.8844,303.2141,98.9885,381.8145,0,0,1,0,1,0,1,0,1,0,1,0,1
c2e348a2-157.jpg,0.0,219.2955,197.0834,486.6283,0,0,1,0,1,0,1,0,1,0,1,0,1
c3496adf-18.jpg,1568.7872,601.2139,296.259,208.4167,6,1,1,1,1,1,1,1,1,1,1,1,1
c3496adf-18.jpg,1845.4495,515.5031,142.6929,153.1755,6,1,1,1,1,1,1,1,1,1,1,1,1
c3496adf-18.jpg,1647.2708,433.2867,262.1228,223.1432,2,1,1,1,1,0,1,0,1,0,1,0,1
c3496adf-18.jpg,1441.009,463.3778,217.4833,213.8416,2,1,1,1,1,0,1,0,1,0,1,0,1
c3496adf-18.jpg,1192.5337,395.1292,263.3625,330.933,1,1,1,0,1,0,1,0,1,0,1,0,1
c3496adf-18.jpg,900.2068,359.1656,314.3152,349.4556,1,1,1,0,1,0,1,0,1,0,1,0,1
c3496adf-18.jpg,664.9882,416.8125,252.696,331.9893,1,1,1,0,1,0,1,0,1,0,1,0,1
c3496adf-18.jpg,392.8909,420.5482,285.4449,354.4315,3,1,1,1,1,1,1,0,1,0,1,0,1
c3496adf-18.jpg,189.3597,392.326,228.4462,327.4881,3,1,1,1,1,1,1,0,1,0,1,0,1
c3496adf-18.jpg,132.3422,395.5041,104.2369,222.5763,2,1,1,1,1,0,1,0,1,0,1,0,1
c3496adf-18.jpg,77.7524,328.4095,97.7323,253.8221,2,1,1,1,1,0,1,0,1,0,1,0,1
c3496adf-18.jpg,154.5997,657.5508,101.5364,234.828,2,1,1,1,1,0,1,0,1,0,1,0,1
c3496adf-18.jpg,847.052,681.0918,271.3402,353.9087,2,1,1,1,1,0,1,0,1,0,1,0,1
c3496adf-18.jpg,1094.4315,641.1764,262.1722,313.77,2,1,1,1,1,0,1,0,1,0,1,0,1
c3496adf-18.jpg,1352.3706,649.673,224.2771,232.62,1,1,1,0,1,0,1,0,1,0,1,0,1
c3496adf-18.jpg,1520.7135,1243.1593,311.2723,56.8407,0,0,1,0,1,0,1,0,1,0,1,0,1
c3496adf-18.jpg,896.3367,1196.9924,219.5568,102.7518,0,0,1,0,1,0,1,0,1,0,1,0,1
c3496adf-18.jpg,1635.0819,162.7796,364.9181,303.2491,0,0,1,0,1,0,1,0,1,0,1,0,1
c3496adf-18.jpg,1558.8207,154.8794,439.6973,312.4558,0,0,1,0,1,0,1,0,1,0,1,0,1
c3496adf-18.jpg,1512.6602,1249.7836,293.0199,50.1013,0,0,1,0,1,0,1,0,1,0,1,0,1
c3496adf-18.jpg,1523.1042,1234.1564,303.7498,65.8436,0,0,1,0,1,0,1,0,1,0,1,0,1
c3496adf-18.jpg,1634.1757,158.1172,365.8243,308.2779,0,0,1,0,1,0,1,0,1,0,1,0,1
c636df10-156.jpg,777.1559,403.2231,315.3466,316.1223,2,1,1,1,1,0,1,0,1,0,1,0,1
c636df10-156.jpg,561.5944,470.444,239.1459,254.9307,2,1,1,1,1,0,1,0,1,0,1,0,1
c636df10-156.jpg,376.9532,460.2911,200.659,276.0399,1,1,1,0,1,0,1,0,1,0,1,0,1
c636df10-156.jpg,258.6067,469.4685,146.1057,236.2286,1,1,1,0,1,0,1,0,1,0,1,0,1
c636df10-156.jpg,1081.0975,409.6517,313.2291,305.6449,2,1,1,1,1,0,1,0,1,0,1,0,1
c636df10-156.jpg,1374.953,470.3578,224.3748,252.0479,2,1,1,1,1,0,1,0,1,0,1,0,1
c636df10-156.jpg,1587.7352,434.6038,183.0205,295.6032,1,1,1,0,1,0,1,0,1,0,1,0,1
c636df10-156.jpg,717.703,691.6088,206.6321,240.2286,1,1,1,0,1,0,1,0,1,0,1,0,1
c636df10-156.jpg,917.8549,694.6984,203.3267,232.6754,1,1,1,0,1,0,1,0,1,0,1,0,1
c636df10-156.jpg,1116.8867,698.9025,208.178,229.2793,1,1,1,0,1,0,1,0,1,0,1,0,1
c636df10-156.jpg,145.0794,625.2975,161.0558,106.5977,1,1,1,0,1,0,1,0,1,0,1,0,1
c636df10-156.jpg,274.7239,675.0003,145.9158,121.9324,1,1,1,0,1,0,1,0,1,0,1,0,1
c636df10-156.jpg,376.5199,702.6353,187.5261,163.417,1,1,1,0,1,0,1,0,1,0,1,0,1
c636df10-156.jpg,543.0102,699.0168,187.4959,204.6369,1,1,1,0,1,0,1,0,1,0,1,0,1
c636df10-156.jpg,1310.7336,693.7665,192.1628,236.1233,1,1,1,0,1,0,1,0,1,0,1,0,1
c636df10-156.jpg,1487.9514,685.121,169.928,249.3542,1,1,1,0,1,0,1,0,1,0,1,0,1
c636df10-156.jpg,1643.2393,702.4153,140.2985,162.8024,1,1,1,0,1,0,1,0,1,0,1,0,1
c8459c6b-257.jpg,1002.7981,472.7283,265.6586,303.0134,1,1,1,0,1,0,1,0,1,0,1,0,1
c8459c6b-257.jpg,1069.3281,689.9373,208.4358,188.9033,1,1,1,0,1,0,1,0,1,0,1,0,1
c8459c6b-257.jpg,1265.58,454.7147,330.2894,355.563,1,1,1,0,1,0,1,0,1,0,1,0,1
c8459c6b-257.jpg,1734.3303,773.1679,132.8496,76.8143,1,1,1,0,1,0,1,0,1,0,1,0,1
c8459c6b-257.jpg,0.0,0.0,1.6746,234.0391,0,0,1,0,1,0,1,0,1,0,1,0,1
c8459c6b-257.jpg,290.9315,0.2231,202.8981,26.9924,0,0,1,0,1,0,1,0,1,0,1,0,1
c8459c6b-257.jpg,983.8766,722.5392,80.847,84.197,0,0,1,0,1,0,1,0,1,0,1,0,1
c8459c6b-257.jpg,0.0,0.0,0.0,272.0491,0,0,1,0,1,0,1,0,1,0,1,0,1
c8459c6b-257.jpg,977.0331,725.1751,89.038,80.2591,0,0,1,0,1,0,1,0,1,0,1,0,1
c8459c6b-257.jpg,0.0,0.0,30.2808,235.8568,0,0,1,0,1,0,1,0,1,0,1,0,1
c8459c6b-257.jpg,275.8314,0.2016,234.935,26.3,0,0,1,0,1,0,1,0,1,0,1,0,1
c8459c6b-257.jpg,294.4992,0.1985,192.3333,26.2673,0,0,1,0,1,0,1,0,1,0,1,0,1
c8459c6b-257.jpg,1915.5474,546.8575,84.4526,322.231,0,0,1,0,1,0,1,0,1,0,1,0,1
c8459c6b-257.jpg,1580.5123,619.5969,76.7084,161.9062,0,0,1,0,1,0,1,0,1,0,1,0,1
c94855ad-205.jpg,311.914,668.9094,307.1646,300.9388,4,1,1,1,1,1,1,1,1,0,1,0,1
c94855ad-205.jpg,403.2774,553.8346,255.6152,184.4424,2,1,1,1,1,0,1,0,1,0,1,0,1
c94855ad-205.jpg,431.3677,377.9016,253.9374,208.7084,4,1,1,1,1,1,1,1,1,0,1,0,1
c94855ad-205.jpg,216.8549,850.9578,318.7859,246.2141,3,1,1,1,1,1,1,0,1,0,1,0,1
c94855ad-205.jpg,182.5528,1032.2361,296.5474,144.7144,3,1,1,1,1,1,1,0,1,0,1,0,1
c94855ad-205.jpg,489.4301,180.8403,219.7382,224.0583,1,1,1,0,1,0,1,0,1,0,1,0,1
c94855ad-205.jpg,1359.6713,417.9617,246.6869,196.6376,2,1,1,1,1,0,1,0,1,0,1,0,1
c94855ad-205.jpg,1388.322,581.6308,245.3478,179.6683,2,1,1,1,1,0,1,0,1,0,1,0,1
c94855ad-205.jpg,1396.7535,698.2958,305.9418,292.9797,2,1,1,1,1,0,1,0,1,0,1,0,1
c94855ad-205.jpg,1512.478,874.3695,273.4165,248.4104,3,1,1,1,1,1,1,0,1,0,1,0,1
c94855ad-205.jpg,1567.0846,1053.9574,235.2893,187.6331,2,1,1,1,1,0,1,0,1,0,1,0,1
c94855ad-205.jpg,1493.5361,0.0,506.4639,548.4926,0,0,1,0,1,0,1,0,1,0,1,0,1
c94855ad-205.jpg,1483.4659,50.0141,516.5341,497.6537,0,0,1,0,1,0,1,0,1,0,1,0,1
c94855ad-205.jpg,428.1772,1241.7025,263.4489,58.2975,0,0,1,0,1,0,1,0,1,0,1,0,1
c94855ad-205.jpg,319.2563,1233.1946,195.5578,66.8054,0,0,1,0,1,0,1,0,1,0,1,0,1
c94855ad-205.jpg,300.6011,1234.5201,210.2323,65.4799,0,0,1,0,1,0,1,0,1,0,1,0,1
c94855ad-205.jpg,303.1571,1240.0546,201.7921,59.7885,0,0,1,0,1,0,1,0,1,0,1,0,1
c94855ad-205.jpg,605.2211,1251.5234,272.489,48.4766,0,0,1,0,1,0,1,0,1,0,1,0,1
c94855ad-205.jpg,418.5441,1240.8193,274.6679,59.158,0,0,1,0,1,0,1,0,1,0,1,0,1
c94855ad-205.jpg,600.3794,1253.3348,298.2266,46.6652,0,0,1,0,1,0,1,0,1,0,1,0,1
c94855ad-205.jpg,364.6501,1233.3313,231.8501,66.4432,0,0,1,0,1,0,1,0,1,0,1,0,1
c94855ad-205.jpg,330.4959,1233.6565,186.4554,66.0969,0,0,1,0,1,0,1,0,1,0,1,0,1
c94855ad-205.jpg,611.7877,1250.6376,262.8165,49.3624,0,0,1,0,1,0,1,0,1,0,1,0,1
c94855ad-205.jpg,302.7896,1247.0073,167.3513,52.9927,0,0,1,0,1,0,1,0,1,0,1,0,1
c94855ad-205.jpg,449.5629,1245.0995,246.4048,54.9005,0,0,1,0,1,0,1,0,1,0,1,0,1
c94855ad-205.jpg,759.5526,1253.6875,288.0817,46.3125,0,0,1,0,1,0,1,0,1,0,1,0,1
c94855ad-205.jpg,1502.434,0.0,497.566,548.7727,0,0,1,0,1,0,1,0,1,0,1,0,1
c94855ad-205.jpg,610.3216,1250.0897,247.5321,49.9103,0,0,1,0,1,0,1,0,1,0,1,0,1
c94855ad-205.jpg,442.6527,1248.0547,264.2016,51.9453,0,0,1,0,1,0,1,0,1,0,1,0,1
c94855ad-205.jpg,300.7437,1242.0681,205.8395,57.9319,0,0,1,0,1,0,1,0,1,0,1,0,1
c94855ad-205.jpg,1485.0131,14.7412,514.9869,571.0571,0,0,1,0,1,0,1,0,1,0,1,0,1
c94855ad-205.jpg,367.8657,1232.6199,217.4917,67.3801,0,0,1,0,1,0,1,0,1,0,1,0,1
c94855ad-205.jpg,1848.0245,493.2064,151.9755,291.8557,0,0,1,0,1,0,1,0,1,0,1,0,1
c94855ad-205.jpg,1846.368,487.4225,153.632,293.3347,0,0,1,0,1,0,1,0,1,0,1,0,1
c94855ad-205.jpg,396.9881,1238.3969,286.2737,61.2251,0,0,1,0,1,0,1,0,1,0,1,0,1
c94855ad-205.jpg,0.0,366.2534,256.3861,295.0295,0,0,1,0,1,0,1,0,1,0,1,0,1
c94855ad-205.jpg,302.8101,1235.7886,214.3039,64.2114,0,0,1,0,1,0,1,0,1,0,1,0,1
c94855ad-205.jpg,752.316,1254.8756,297.7824,45.1244,0,0,1,0,1,0,1,0,1,0,1,0,1
c94855ad-205.jpg,238.8455,1226.8982,492.7315,73.1018,0,0,1,0,1,0,1,0,1,0,1,0,1
c94855ad-205.jpg,0.2381,365.6842,242.9843,300.9467,0,0,1,0,1,0,1,0,1,0,1,0,1
c94855ad-205.jpg,245.799,1229.198,471.2528,70.802,0,0,1,0,1,0,1,0,1,0,1,0,1
c94855ad-205.jpg,453.4935,1243.7615,233.3236,56.2385,0,0,1,0,1,0,1,0,1,0,1,0,1
c94855ad-205.jpg,1846.6997,468.8677,153.3003,314.5991,0,0,1,0,1,0,1,0,1,0,1,0,1
c94855ad-205.jpg,1847.8278,475.0259,152.1722,316.2445,0,0,1,0,1,0,1,0,1,0,1,0,1
c94855ad-205.jpg,1482.1516,41.1824,517.8484,582.5571,0,0,1,0,1,0,1,0,1,0,1,0,1
c94855ad-205.jpg,0.0,372.3856,261.5307,299.7388,0,0,1,0,1,0,1,0,1,0,1,0,1
c94855ad-205.jpg,445.1297,1249.9742,305.8212,50.0258,0,0,1,0,1,0,1,0,1,0,1,0,1
c94855ad-205.jpg,379.1234,1234.8567,126.9624,65.1433,0,0,1,0,1,0,1,0,1,0,1,0,1
c94855ad-205.jpg,256.7938,1229.1462,424.3555,70.8538,0,0,1,0,1,0,1,0,1,0,1,0,1
c94855ad-205.jpg,749.1425,1253.3531,299.0692,46.6469,0,0,1,0,1,0,1,0,1,0,1,0,1
c94855ad-205.jpg,540.8671,1249.1106,300.0028,50.7549,0,0,1,0,1,0,1,0,1,0,1,0,1
c94855ad-205.jpg,301.2546,1249.5176,138.2214,50.2539,0,0,1,0,1,0,1,0,1,0,1,0,1
c94855ad-205.jpg,382.1765,1237.03,302.3611,62.8601,0,0,1,0,1,0,1,0,1,0,1,0,1
c94855ad-205.jpg,1853.5498,502.4391,146.4502,283.8987,0,0,1,0,1,0,1,0,1,0,1,0,1
c94855ad-205.jpg,1717.0172,424.367,280.3528,189.6021,0,0,1,0,1,0,1,0,1,0,1,0,1
c94855ad-205.jpg,306.2073,1250.2373,127.932,49.7627,0,0,1,0,1,0,1,0,1,0,1,0,1
c94855ad-205.jpg,604.5446,1249.2758,272.3525,50.7242,0,0,1,0,1,0,1,0,1,0,1,0,1
c94855ad-205.jpg,112.6722,775.0488,87.0593,215.5952,0,0,1,0,1,0,1,0,1,0,1,0,1
c94855ad-205.jpg,603.7108,1249.6216,268.9633,50.3784,0,0,1,0,1,0,1,0,1,0,1,0,1
c94855ad-205.jpg,1848.2969,474.8966,151.7031,319.0675,0,0,1,0,1,0,1,0,1,0,1,0,1
c94855ad-205.jpg,1473.7673,36.3815,526.2327,543.6074,0,0,1,0,1,0,1,0,1,0,1,0,1
caf12a43-66.jpg,209.8537,644.425,307.3956,162.0849,3,1,1,1,1,1,1,0,1,0,1,0,1
caf12a43-66.jpg,867.8848,475.2191,263.0092,288.7837,1,1,1,0,1,0,1,0,1,0,1,0,1
caf12a43-66.jpg,1025.7501,1.0759,534.3141,214.0347,0,0,1,0,1,0,1,0,1,0,1,0,1
caf12a43-66.jpg,1034.4131,1.0488,561.3115,212.6831,0,0,1,0,1,0,1,0,1,0,1,0,1
caf12a43-66.jpg,1979.1819,0.0,20.8181,150.9676,0,0,1,0,1,0,1,0,1,0,1,0,1
caf12a43-66.jpg,0.0,0.0,0.0,245.0839,0,0,1,0,1,0,1,0,1,0,1,0,1
caf12a43-66.jpg,1056.8462,1.1771,576.8567,212.8238,0,0,1,0,1,0,1,0,1,0,1,0,1
caf12a43-66.jpg,217.3925,0.2044,245.4358,25.0456,0,0,1,0,1,0,1,0,1,0,1,0,1
caf12a43-66.jpg,1979.4933,0.0,20.4385,158.1712,0,0,1,0,1,0,1,0,1,0,1,0,1
caf12a43-66.jpg,0.0,0.0,28.9387,255.35,0,0,1,0,1,0,1,0,1,0,1,0,1
caf12a43-66.jpg,0.0,0.0,0.0,280.4186,0,0,1,0,1,0,1,0,1,0,1,0,1
caf12a43-66.jpg,196.8589,0.2172,247.1689,26.4168,0,0,1,0,1,0,1,0,1,0,1,0,1
caf12a43-66.jpg,0.0,854.0921,338.1842,372.5584,0,0,1,0,1,0,1,0,1,0,1,0,1
caf12a43-66.jpg,0.0,0.0,30.1703,301.9836,0,0,1,0,1,0,1,0,1,0,1,0,1
cb7648a4-27.jpg,430.9731,395.0929,308.8018,339.5227,3,1,1,1,1,1,1,0,1,0,1,0,1
cb7648a4-27.jpg,4.3265,532.9973,176.6138,176.8394,3,1,1,1,1,1,1,0,1,0,1,0,1
cb7648a4-27.jpg,15.714,695.9284,80.0722,96.8749,3,1,1,1,1,1,1,0,1,0,1,0,1
cb7648a4-27.jpg,834.8675,446.4775,276.7272,297.0372,3,1,1,1,1,1,1,0,1,0,1,0,1
cb7648a4-27.jpg,1096.6486,395.0858,355.8368,396.1107,3,1,1,1,1,1,1,0,1,0,1,0,1
cb7648a4-27.jpg,102.5687,628.3263,318.0138,213.3954,2,1,1,1,1,0,1,0,1,0,1,0,1
cb7648a4-27.jpg,402.9949,610.0001,251.4691,261.0813,2,1,1,1,1,0,1,0,1,0,1,0,1
cb7648a4-27.jpg,661.054,600.7267,274.2586,356.2084,3,1,1,1,1,1,1,0,1,0,1,0,1
cb7648a4-27.jpg,934.9016,686.899,219.0735,251.5374,3,1,1,1,1,1,1,0,1,0,1,0,1
cb7648a4-27.jpg,1434.4972,361.915,289.6686,392.9768,3,1,1,1,1,1,1,0,1,0,1,0,1
cb7648a4-27.jpg,1693.7609,305.5324,189.2704,322.3091,3,1,1,1,1,1,1,0,1,0,1,0,1
cb7648a4-27.jpg,1861.7451,312.8467,94.7742,230.4934,2,1,1,1,1,0,1,0,1,0,1,0,1
cb7648a4-27.jpg,1697.3015,602.1188,151.6562,234.4052,1,1,1,0,1,0,1,0,1,0,1,0,1
cb7648a4-27.jpg,1828.4099,561.7512,75.803,177.0892,1,1,1,0,1,0,1,0,1,0,1,0,1
cb7648a4-27.jpg,1197.7655,772.8683,156.3782,123.498,1,1,1,0,1,0,1,0,1,0,1,0,1
cb7648a4-27.jpg,1373.3492,723.2764,168.968,146.3257,1,1,1,0,1,0,1,0,1,0,1,0,1
cb7648a4-27.jpg,1562.0599,721.4692,147.5144,132.6037,1,1,1,0,1,0,1,0,1,0,1,0,1
cb7648a4-27.jpg,1388.5923,929.8363,154.9077,116.3462,0,0,1,0,1,0,1,0,1,0,1,0,1
cb7648a4-27.jpg,1078.1814,0.0528,348.1445,95.4236,0,0,1,0,1,0,1,0,1,0,1,0,1
cb7648a4-27.jpg,1048.855,0.0,378.8547,96.4688,0,0,1,0,1,0,1,0,1,0,1,0,1
cb7648a4-27.jpg,1388.4092,930.881,154.5171,114.61,0,0,1,0,1,0,1,0,1,0,1,0,1
cb7648a4-27.jpg,1033.5865,0.0,392.6952,98.1999,0,0,1,0,1,0,1,0,1,0,1,0,1
cb7648a4-27.jpg,894.2011,0.0966,541.1985,102.8169,0,0,1,0,1,0,1,0,1,0,1,0,1
cb7648a4-27.jpg,1390.6183,930.925,152.7216,115.3434,0,0,1,0,1,0,1,0,1,0,1,0,1
cbdcf4fe-16.jpg,1467.9424,244.9517,242.8053,323.6597,1,1,1,0,1,0,1,0,1,0,1,0,1
cbdcf4fe-16.jpg,1671.6364,264.5848,160.6678,300.4532,1,1,1,0,1,0,1,0,1,0,1,0,1
cbdcf4fe-16.jpg,278.8012,337.4392,213.0039,313.4024,2,1,1,1,1,0,1,0,1,0,1,0,1
cbdcf4fe-16.jpg,149.4815,338.2042,155.3356,284.0626,2,1,1,1,1,0,1,0,1,0,1,0,1
cbdcf4fe-16.jpg,72.2752,328.7983,113.4998,233.6424,2,1,1,1,1,0,1,0,1,0,1,0,1
cbdcf4fe-16.jpg,18.8449,327.8394,82.0488,109.869,2,1,1,1,1,0,1,0,1,0,1,0,1
cbdcf4fe-16.jpg,64.7449,481.8298,70.8609,94.0042,1,1,1,0,1,0,1,0,1,0,1,0,1
cbdcf4fe-16.jpg,102.1593,552.7388,108.1811,169.5631,2,1,1,1,1,0,1,0,1,0,1,0,1
cbdcf4fe-16.jpg,193.3399,588.6003,134.0238,196.304,2,1,1,1,1,0,1,0,1,0,1,0,1
cbdcf4fe-16.jpg,277.5462,605.2585,188.358,259.0948,2,1,1,1,1,0,1,0,1,0,1,0,1
cbdcf4fe-16.jpg,448.7962,633.1682,207.1897,286.6219,2,1,1,1,1,0,1,0,1,0,1,0,1
cbdcf4fe-16.jpg,1413.2822,555.941,189.1117,335.8261,2,1,1,1,1,0,1,0,1,0,1,0,1
cbdcf4fe-16.jpg,1566.5005,544.7614,180.2738,244.7313,2,1,1,1,1,0,1,0,1,0,1,0,1
cbdcf4fe-16.jpg,1690.6779,550.2523,129.0905,150.9711,1,1,1,0,1,0,1,0,1,0,1,0,1
cbdcf4fe-16.jpg,1796.0443,488.7735,111.3999,144.9792,6,1,1,1,1,1,1,1,1,1,1,1,1
cbdcf4fe-16.jpg,1801.9579,320.8165,102.8306,191.9244,2,1,1,1,1,0,1,0,1,0,1,0,1
cbdcf4fe-16.jpg,1882.9718,420.3183,87.3413,85.9302,1,1,1,0,1,0,1,0,1,0,1,0,1
cbdcf4fe-16.jpg,472.8311,374.3269,222.4496,277.3209,4,1,1,1,1,1,1,1,1,0,1,0,1
cbdcf4fe-16.jpg,637.8732,642.6837,210.5524,271.3266,4,1,1,1,1,1,1,1,1,0,1,0,1
cbdcf4fe-16.jpg,835.2921,655.302,197.8176,268.3578,4,1,1,1,1,1,1,1,1,0,1,0,1
cbdcf4fe-16.jpg,1027.923,671.175,198.5203,229.4785,4,1,1,1,1,1,1,1,1,0,1,0,1
cbdcf4fe-16.jpg,1218.578,618.9789,207.6471,275.7842,4,1,1,1,1,1,1,1,1,0,1,0,1
cbdcf4fe-16.jpg,1282.2174,325.9412,222.3585,314.6045,4,1,1,1,1,1,1,1,1,0,1,0,1
cbdcf4fe-16.jpg,983.1914,348.8048,313.3848,337.4133,4,1,1,1,1,1,1,1,1,0,1,0,1
cbdcf4fe-16.jpg,682.7109,344.269,314.6088,340.5125,4,1,1,1,1,1,1,1,1,0,1,0,1
cbfb0c55-113.jpg,219.7766,322.174,329.493,336.6348,6,1,1,1,1,1,1,1,1,1,1,1,1
cbfb0c55-113.jpg,139.9072,40.0027,328.3058,315.8904,5,1,1,1,1,1,1,1,1,1,1,0,1
cbfb0c55-113.jpg,362.0943,603.2191,244.4036,237.978,3,1,1,1,1,1,1,0,1,0,1,0,1
cbfb0c55-113.jpg,426.0074,802.5089,224.1999,228.9105,2,1,1,1,1,0,1,0,1,0,1,0,1
cbfb0c55-113.jpg,567.4724,960.1868,193.1544,214.0457,1,1,1,0,1,0,1,0,1,0,1,0,1
cbfb0c55-113.jpg,1027.2451,1049.3522,169.1697,197.5706,1,1,1,0,1,0,1,0,1,0,1,0,1
cbfb0c55-113.jpg,1521.036,15.8769,311.9823,308.1591,5,1,1,1,1,1,1,1,1,1,1,0,1
cbfb0c55-113.jpg,1460.509,286.5909,321.2289,347.438,3,1,1,1,1,1,1,0,1,0,1,0,1
cbfb0c55-113.jpg,1424.4321,588.3979,249.4659,220.9763,1,1,1,0,1,0,1,0,1,0,1,0,1
cbfb0c55-113.jpg,1258.335,931.9529,192.092,200.1238,1,1,1,0,1,0,1,0,1,0,1,0,1
cbfb0c55-113.jpg,1368.8082,778.5891,242.8339,229.3404,1,1,1,0,1,0,1,0,1,0,1,0,1
cbfb0c55-113.jpg,1940.8474,38.1848,59.1526,421.2169,0,0,1,0,1,0,1,0,1,0,1,0,1
cbfb0c55-113.jpg,1839.8949,469.0659,160.1051,481.558,0,0,1,0,1,0,1,0,1,0,1,0,1
cbfb0c55-113.jpg,1845.7439,443.7891,154.2561,489.0921,0,0,1,0,1,0,1,0,1,0,1,0,1
cbfb0c55-113.jpg,1852.3163,422.7268,147.6837,454.6402,0,0,1,0,1,0,1,0,1,0,1,0,1
cbfb0c55-113.jpg,1931.9,64.4456,68.1,424.7533,0,0,1,0,1,0,1,0,1,0,1,0,1
cbfb0c55-113.jpg,20.5631,1258.4229,318.2762,41.5771,0,0,1,0,1,0,1,0,1,0,1,0,1
cbfb0c55-113.jpg,1948.7251,16.1479,51.2749,410.3749,0,0,1,0,1,0,1,0,1,0,1,0,1
cbfb0c55-113.jpg,1926.5293,110.5412,73.4707,431.7182,0,0,1,0,1,0,1,0,1,0,1,0,1
cbfb0c55-113.jpg,1928.8333,84.2589,71.1667,423.1792,0,0,1,0,1,0,1,0,1,0,1,0,1
cbfb0c55-113.jpg,1930.757,57.518,69.243,432.624,0,0,1,0,1,0,1,0,1,0,1,0,1
cbfb0c55-113.jpg,1863.1788,400.0302,136.8212,455.6862,0,0,1,0,1,0,1,0,1,0,1,0,1
cbfb0c55-113.jpg,1935.7231,30.7248,64.2769,434.7012,0,0,1,0,1,0,1,0,1,0,1,0,1
cbfb0c55-113.jpg,1948.7229,0.0,51.2771,410.118,0,0,1,0,1,0,1,0,1,0,1,0,1
cbfb0c55-113.jpg,1847.8318,392.4588,152.1682,537.6078,0,0,1,0,1,0,1,0,1,0,1,0,1
cbfb0c55-113.jpg,83.2438,1259.9922,215.3206,40.0078,0,0,1,0,1,0,1,0,1,0,1,0,1
cbfb0c55-113.jpg,1928.1166,90.4294,71.8834,422.0282,0,0,1,0,1,0,1,0,1,0,1,0,1
cbfb0c55-113.jpg,1841.1693,425.2413,158.8307,515.6346,0,0,1,0,1,0,1,0,1,0,1,0,1
cbfb0c55-113.jpg,7.4677,1254.1362,311.7311,45.8638,0,0,1,0,1,0,1,0,1,0,1,0,1
cbfb0c55-113.jpg,1840.3292,427.3399,159.5992,499.6759,0,0,1,0,1,0,1,0,1,0,1,0,1
cbfb0c55-113.jpg,1836.3167,460.2949,163.4873,535.9832,0,0,1,0,1,0,1,0,1,0,1,0,1
cbfb0c55-113.jpg,1922.8306,133.2157,77.1694,441.5322,0,0,1,0,1,0,1,0,1,0,1,0,1
cbfb0c55-113.jpg,67.8649,1259.7629,208.8282,40.2371,0,0,1,0,1,0,1,0,1,0,1,0,1
cbfb0c55-113.jpg,1942.1482,0.0,57.8518,390.5357,0,0,1,0,1,0,1,0,1,0,1,0,1
cbfb0c55-113.jpg,1940.2019,5.9591,59.7981,427.863,0,0,1,0,1,0,1,0,1,0,1,0,1
cbfb0c55-113.jpg,109.6476,1261.9248,214.5184,38.0615,0,0,1,0,1,0,1,0,1,0,1,0,1
cbfb0c55-113.jpg,1926.2498,114.6732,73.7502,430.8256,0,0,1,0,1,0,1,0,1,0,1,0,1
cbfb0c55-113.jpg,1871.4963,368.5063,128.5037,500.6044,0,0,1,0,1,0,1,0,1,0,1,0,1
cbfb0c55-113.jpg,1830.5576,462.5519,169.0101,461.53,0,0,1,0,1,0,1,0,1,0,1,0,1
cbfb0c55-113.jpg,90.8087,1263.5923,194.2755,36.4077,0,0,1,0,1,0,1,0,1,0,1,0,1
cbfb0c55-113.jpg,110.992,1268.8011,195.3824,31.1989,0,0,1,0,1,0,1,0,1,0,1,0,1
cbfb0c55-113.jpg,118.1385,1273.2372,204.0148,26.7628,0,0,1,0,1,0,1,0,1,0,1,0,1
cbfb0c55-113.jpg,1.8853,982.2655,453.8916,305.6835,0,0,1,0,1,0,1,0,1,0,1,0,1
cbfb0c55-113.jpg,83.7018,1259.9615,251.174,40.0385,0,0,1,0,1,0,1,0,1,0,1,0,1
cbfb0c55-113.jpg,66.8556,1259.7231,273.5229,40.2769,0,0,1,0,1,0,1,0,1,0,1,0,1
cbfb0c55-113.jpg,1901.6416,211.2343,98.3584,585.8996,0,0,1,0,1,0,1,0,1,0,1,0,1
cbfb0c55-113.jpg,116.6176,1263.2756,231.4225,36.7244,0,0,1,0,1,0,1,0,1,0,1,0,1
cbfb0c55-113.jpg,1937.5688,0.0,62.4312,412.5757,0,0,1,0,1,0,1,0,1,0,1,0,1
cbfb0c55-113.jpg,1897.075,245.7861,102.925,525.8616,0,0,1,0,1,0,1,0,1,0,1,0,1
cbfb0c55-113.jpg,30.7589,1259.8566,347.6622,40.1434,0,0,1,0,1,0,1,0,1,0,1,0,1
cbfb0c55-113.jpg,1917.5504,97.1803,82.4496,566.5131,0,0,1,0,1,0,1,0,1,0,1,0,1
cbfb0c55-113.jpg,1903.7655,174.7731,96.2345,589.3174,0,0,1,0,1,0,1,0,1,0,1,0,1
cbfb0c55-113.jpg,1904.9774,144.9188,95.0016,588.4647,0,0,1,0,1,0,1,0,1,0,1,0,1
cbfb0c55-113.jpg,1864.8567,403.768,135.1433,414.9861,0,0,1,0,1,0,1,0,1,0,1,0,1
cbfb0c55-113.jpg,1733.1444,876.2155,85.8517,199.1316,0,0,1,0,1,0,1,0,1,0,1,0,1
cbfb0c55-113.jpg,1954.2405,0.0,45.7595,418.3823,0,0,1,0,1,0,1,0,1,0,1,0,1
cbfb0c55-113.jpg,1921.701,69.4181,78.299,561.3446,0,0,1,0,1,0,1,0,1,0,1,0,1
cbfb0c55-113.jpg,1928.9608,0.0,71.0392,392.289,0,0,1,0,1,0,1,0,1,0,1,0,1
cbfb0c55-113.jpg,88.1252,1265.2802,225.9796,34.7198,0,0,1,0,1,0,1,0,1,0,1,0,1
cbfb0c55-113.jpg,1836.4696,496.3822,163.5304,444.2804,0,0,1,0,1,0,1,0,1,0,1,0,1
cbfb0c55-113.jpg,1857.4127,402.4406,142.5873,478.7498,0,0,1,0,1,0,1,0,1,0,1,0,1
cc0eaa25-33.jpg,78.5788,317.7596,231.4158,374.0223,1,1,1,0,1,0,1,0,1,0,1,0,1
cc0eaa25-33.jpg,54.2738,394.2661,75.9319,269.6774,1,1,1,0,1,0,1,0,1,0,1,0,1
cc0eaa25-33.jpg,173.7464,680.7271,105.3931,234.7846,1,1,1,0,1,0,1,0,1,0,1,0,1
cc0eaa25-33.jpg,277.9575,300.8831,311.0327,393.7996,1,1,1,0,1,0,1,0,1,0,1,0,1
cc0eaa25-33.jpg,258.6066,674.7478,135.5807,228.0649,1,1,1,0,1,0,1,0,1,0,1,0,1
cc0eaa25-33.jpg,570.986,314.9936,284.7679,355.3625,1,1,1,0,1,0,1,0,1,0,1,0,1
cc0eaa25-33.jpg,845.0768,321.4979,343.6254,367.9613,2,1,1,1,1,0,1,0,1,0,1,0,1
cc0eaa25-33.jpg,1179.7623,400.3791,289.2458,306.2592,2,1,1,1,1,0,1,0,1,0,1,0,1
cc0eaa25-33.jpg,915.5772,625.2258,299.7803,336.6611,2,1,1,1,1,0,1,0,1,0,1,0,1
cc0eaa25-33.jpg,1202.5968,653.6583,279.3096,262.3319,2,1,1,1,1,0,1,0,1,0,1,0,1
cc0eaa25-33.jpg,1453.3987,466.758,256.031,237.032,2,1,1,1,1,0,1,0,1,0,1,0,1
cc0eaa25-33.jpg,1486.0026,656.7059,350.1709,150.6981,1,1,1,0,1,0,1,0,1,0,1,0,1
cc0eaa25-33.jpg,1688.1876,465.9811,295.7275,223.4847,2,1,1,1,1,0,1,0,1,0,1,0,1
cc0eaa25-33.jpg,1874.5754,654.0284,121.481,98.0591,1,1,1,0,1,0,1,0,1,0,1,0,1
cc0eaa25-33.jpg,1978.455,428.792,21.545,249.5344,0,0,1,0,1,0,1,0,1,0,1,0,1
cc0eaa25-33.jpg,1961.4944,389.1754,38.5056,274.1008,0,0,1,0,1,0,1,0,1,0,1,0,1
cc0eaa25-33.jpg,1978.1227,441.3246,21.8773,244.5681,0,0,1,0,1,0,1,0,1,0,1,0,1
cce45772-253.jpg,247.9946,955.4213,281.5941,261.4872,2,1,1,1,1,0,1,0,1,0,1,0,1
cce45772-253.jpg,305.2637,747.8011,281.0088,273.7166,2,1,1,1,1,0,1,0,1,0,1,0,1
cce45772-253.jpg,682.1808,168.0407,173.1023,165.4108,1,1,1,0,1,0,1,0,1,0,1,0,1
cce45772-253.jpg,1383.7653,729.3516,274.8472,268.6086,2,1,1,1,1,0,1,0,1,0,1,0,1
cce45772-253.jpg,1407.4402,942.5228,279.2017,256.9404,2,1,1,1,1,0,1,0,1,0,1,0,1
cce45772-253.jpg,1328.468,1284.9271,461.3944,15.0729,0,0,1,0,1,0,1,0,1,0,1,0,1
cce45772-253.jpg,1294.2714,1284.9879,490.7109,15.0121,0,0,1,0,1,0,1,0,1,0,1,0,1
cce45772-253.jpg,1331.4379,0.1559,171.7793,23.4722,0,0,1,0,1,0,1,0,1,0,1,0,1
cce45772-253.jpg,1324.6107,0.0107,183.7349,27.1312,0,0,1,0,1,0,1,0,1,0,1,0,1
cce45772-253.jpg,1328.0686,0.0,184.5131,26.0671,0,0,1,0,1,0,1,0,1,0,1,0,1
cce45772-253.jpg,1434.2479,1279.3895,206.0887,20.6105,0,0,1,0,1,0,1,0,1,0,1,0,1
cce45772-253.jpg,1414.9105,1280.0824,174.1714,19.9176,0,0,1,0,1,0,1,0,1,0,1,0,1
cce45772-253.jpg,1235.8367,1286.7496,555.3241,13.2504,0,0,1,0,1,0,1,0,1,0,1,0,1
cce45772-253.jpg,1338.0609,0.1775,168.6005,23.2393,0,0,1,0,1,0,1,0,1,0,1,0,1
cce45772-253.jpg,1336.5135,0.0,189.7323,26.4184,0,0,1,0,1,0,1,0,1,0,1,0,1
cce45772-253.jpg,1399.7469,1279.9034,172.7679,20.0966,0,0,1,0,1,0,1,0,1,0,1,0,1
cce45772-253.jpg,1297.446,0.0641,201.807,30.2226,0,0,1,0,1,0,1,0,1,0,1,0,1
cce45772-253.jpg,0.0,0.0,13.6946,250.419,0,0,1,0,1,0,1,0,1,0,1,0,1
cce45772-253.jpg,1441.0383,1279.7727,181.3687,20.2273,0,0,1,0,1,0,1,0,1,0,1,0,1
cce45772-253.jpg,0.0,0.0,34.7953,251.6707,0,0,1,0,1,0,1,0,1,0,1,0,1
cce45772-253.jpg,1977.9524,126.2437,22.0476,249.2294,0,0,1,0,1,0,1,0,1,0,1,0,1
cce45772-253.jpg,1425.2855,1267.4662,237.6484,32.5338,0,0,1,0,1,0,1,0,1,0,1,0,1
cce45772-253.jpg,1436.2372,1264.3854,235.5527,35.5935,0,0,1,0,1,0,1,0,1,0,1,0,1
cce45772-253.jpg,1311.5498,0.1022,186.8822,23.9224,0,0,1,0,1,0,1,0,1,0,1,0,1
cce45772-253.jpg,1351.5663,0.1983,160.4851,23.2972,0,0,1,0,1,0,1,0,1,0,1,0,1
cce45772-253.jpg,1410.9829,1268.0897,234.8861,31.9103,0,0,1,0,1,0,1,0,1,0,1,0,1
cce45772-253.jpg,1427.0996,1278.2566,222.5302,21.7434,0,0,1,0,1,0,1,0,1,0,1,0,1
cce45772-253.jpg,1360.0172,1285.9072,450.5277,14.0928,0,0,1,0,1,0,1,0,1,0,1,0,1
cce45772-253.jpg,1432.9426,1272.2517,225.4087,27.7483,0,0,1,0,1,0,1,0,1,0,1,0,1
cce45772-253.jpg,1282.8422,0.0847,222.6168,32.6948,0,0,1,0,1,0,1,0,1,0,1,0,1
cce45772-253.jpg,229.499,385.6417,98.6833,163.0117,0,0,1,0,1,0,1,0,1,0,1,0,1
cce45772-253.jpg,1980.2883,0.0,19.7117,170.7254,0,0,1,0,1,0,1,0,1,0,1,0,1
cce45772-253.jpg,1978.1294,102.4866,21.8706,270.276,0,0,1,0,1,0,1,0,1,0,1,0,1
cce45772-253.jpg,1440.058,1272.6583,192.1438,27.3417,0,0,1,0,1,0,1,0,1,0,1,0,1
cce45772-253.jpg,1507.8306,1248.3663,364.6581,51.6337,0,0,1,0,1,0,1,0,1,0,1,0,1
cce45772-253.jpg,1403.6083,1279.5273,155.6522,20.4727,0,0,1,0,1,0,1,0,1,0,1,0,1
cce45772-253.jpg,1418.6002,1273.261,173.4219,26.739,0,0,1,0,1,0,1,0,1,0,1,0,1
cce45772-253.jpg,1364.9058,0.0959,157.4219,23.3716,0,0,1,0,1,0,1,0,1,0,1,0,1
cce45772-253.jpg,1301.472,0.1222,198.6603,23.8135,0,0,1,0,1,0,1,0,1,0,1,0,1
cce45772-253.jpg,1979.8254,0.0,20.1746,127.4256,0,0,1,0,1,0,1,0,1,0,1,0,1
cce45772-253.jpg,1977.5411,144.6476,22.4589,236.0241,0,0,1,0,1,0,1,0,1,0,1,0,1
cce45772-253.jpg,1978.1731,85.7195,21.8269,270.0212,0,0,1,0,1,0,1,0,1,0,1,0,1
cce45772-253.jpg,0.0,0.0,6.7466,299.5226,0,0,1,0,1,0,1,0,1,0,1,0,1
cce45772-253.jpg,1451.965,1257.024,229.5906,42.6559,0,0,1,0,1,0,1,0,1,0,1,0,1
cce45772-253.jpg,1389.5288,1273.1902,184.485,26.8098,0,0,1,0,1,0,1,0,1,0,1,0,1
cce45772-253.jpg,1979.9244,0.0,20.0756,189.7614,0,0,1,0,1,0,1,0,1,0,1,0,1
cce45772-253.jpg,1959.4276,117.37,40.5724,273.901,0,0,1,0,1,0,1,0,1,0,1,0,1
cce45772-253.jpg,1267.618,0.0152,280.3718,33.5798,0,0,1,0,1,0,1,0,1,0,1,0,1
cce45772-253.jpg,1958.8419,133.4531,41.1581,257.9579,0,0,1,0,1,0,1,0,1,0,1,0,1
cce45772-253.jpg,1294.8888,0.0,227.7594,31.2004,0,0,1,0,1,0,1,0,1,0,1,0,1
cce45772-253.jpg,1346.7783,0.0,203.825,29.8549,0,0,1,0,1,0,1,0,1,0,1,0,1
cce45772-253.jpg,0.0,0.0,40.2677,231.8268,0,0,1,0,1,0,1,0,1,0,1,0,1
cce45772-253.jpg,1978.2047,73.0383,21.7953,264.7472,0,0,1,0,1,0,1,0,1,0,1,0,1
cce45772-253.jpg,1515.886,0.0606,172.3057,35.0227,0,0,1,0,1,0,1,0,1,0,1,0,1
cce45772-253.jpg,1435.4213,1288.8474,227.2153,11.1526,0,0,1,0,1,0,1,0,1,0,1,0,1
cd09abfe-106.jpg,550.4956,138.9232,124.0916,165.4656,1,1,1,0,1,0,1,0,1,0,1,0,1
cd09abfe-106.jpg,460.9642,148.8698,119.346,138.5967,1,1,1,0,1,0,1,0,1,0,1,0,1
cd09abfe-106.jpg,422.7748,182.4186,94.0294,109.793,1,1,1,0,1,0,1,0,1,0,1,0,1
cd09abfe-106.jpg,354.0568,190.4138,99.9456,84.0103,1,1,1,0,1,0,1,0,1,0,1,0,1
cd09abfe-106.jpg,337.8005,257.007,199.5051,170.3823,1,1,1,0,1,0,1,0,1,0,1,0,1
cd09abfe-106.jpg,364.4909,374.3394,241.9683,246.6429,1,1,1,0,1,0,1,0,1,0,1,0,1
cd09abfe-106.jpg,439.1774,574.9382,216.2479,151.5258,1,1,1,0,1,0,1,0,1,0,1,0,1
cd09abfe-106.jpg,487.3827,707.1956,213.8856,161.2157,1,1,1,0,1,0,1,0,1,0,1,0,1
cd09abfe-106.jpg,1280.5387,681.186,218.5128,161.7606,1,1,1,0,1,0,1,0,1,0,1,0,1
cd09abfe-106.jpg,1339.7626,539.0031,195.1079,154.2469,1,1,1,0,1,0,1,0,1,0,1,0,1
cd09abfe-106.jpg,1345.7756,347.2343,240.1798,216.959,1,1,1,0,1,0,1,0,1,0,1,0,1
cd09abfe-106.jpg,1370.91,261.3705,230.473,114.9274,1,1,1,0,1,0,1,0,1,0,1,0,1
cd35e202-111.jpg,1374.9281,661.6855,265.02,195.1827,3,1,1,1,1,1,1,0,1,0,1,0,1
cd35e202-111.jpg,1481.3199,492.2502,229.1428,198.5072,3,1,1,1,1,1,1,0,1,0,1,0,1
cd35e202-111.jpg,1689.5034,458.2666,166.1962,192.7895,2,1,1,1,1,0,1,0,1,0,1,0,1
cd35e202-111.jpg,1624.7572,641.829,206.5563,158.2227,2,1,1,1,1,0,1,0,1,0,1,0,1
cd35e202-111.jpg,0.0,1250.4127,151.4453,49.5873,0,0,1,0,1,0,1,0,1,0,1,0,1
cd35e202-111.jpg,1684.4814,633.8936,128.8872,43.1206,0,0,1,0,1,0,1,0,1,0,1,0,1
d1bf28ca-279.jpg,219.3648,481.9613,97.1132,149.9527,1,1,1,0,1,0,1,0,1,0,1,0,1
d1bf28ca-279.jpg,256.9294,620.8537,139.1329,110.0258,1,1,1,0,1,0,1,0,1,0,1,0,1
d1bf28ca-279.jpg,318.3303,434.5947,102.6631,198.5869,1,1,1,0,1,0,1,0,1,0,1,0,1
d1bf28ca-279.jpg,283.7294,467.5776,70.3616,165.0421,1,1,1,0,1,0,1,0,1,0,1,0,1
d1bf28ca-279.jpg,388.8167,385.8902,185.7383,259.1016,1,1,1,0,1,0,1,0,1,0,1,0,1
d1bf28ca-279.jpg,370.9926,629.2997,73.3345,113.8633,1,1,1,0,1,0,1,0,1,0,1,0,1
d1bf28ca-279.jpg,429.5343,605.1912,168.6483,173.812,1,1,1,0,1,0,1,0,1,0,1,0,1
d1bf28ca-279.jpg,561.8582,414.7054,211.9682,259.2917,1,1,1,0,1,0,1,0,1,0,1,0,1
d1bf28ca-279.jpg,761.5662,384.6906,259.5161,299.7721,1,1,1,0,1,0,1,0,1,0,1,0,1
d1bf28ca-279.jpg,1002.5558,360.541,275.6487,300.9893,1,1,1,0,1,0,1,0,1,0,1,0,1
d1bf28ca-279.jpg,1070.5179,650.3849,119.791,82.5259,1,1,1,0,1,0,1,0,1,0,1,0,1
d1bf28ca-279.jpg,1265.4291,388.0994,196.8296,259.1957,1,1,1,0,1,0,1,0,1,0,1,0,1
d1bf28ca-279.jpg,1326.2242,631.2927,134.1804,98.3356,1,1,1,0,1,0,1,0,1,0,1,0,1
d1bf28ca-279.jpg,1429.6831,445.0878,149.9932,242.2446,1,1,1,0,1,0,1,0,1,0,1,0,1
d1bf28ca-279.jpg,1565.6619,418.8895,160.8917,236.7446,1,1,1,0,1,0,1,0,1,0,1,0,1
d1bf28ca-279.jpg,1464.0732,594.9098,199.8115,250.7828,1,1,1,0,1,0,1,0,1,0,1,0,1
d1bf28ca-279.jpg,1647.0741,612.8312,63.0051,90.1376,1,1,1,0,1,0,1,0,1,0,1,0,1
d1bf28ca-279.jpg,1696.1853,558.7844,96.3539,145.1902,1,1,1,0,1,0,1,0,1,0,1,0,1
d1bf28ca-279.jpg,1661.6156,694.7123,98.2273,136.8215,1,1,1,0,1,0,1,0,1,0,1,0,1
d1bf28ca-279.jpg,1759.7157,589.6123,86.7462,113.0615,1,1,1,0,1,0,1,0,1,0,1,0,1
d1bf28ca-279.jpg,1746.0442,702.2752,76.7257,113.6647,1,1,1,0,1,0,1,0,1,0,1,0,1
d2b3cd3c-263.jpg,739.3957,504.9655,58.4031,200.5369,1,1,1,0,1,0,1,0,1,0,1,0,1
d2b3cd3c-263.jpg,792.7361,471.6414,217.6736,285.9087,1,1,1,0,1,0,1,0,1,0,1,0,1
d2b3cd3c-263.jpg,758.7449,688.9153,118.0885,184.7019,1,1,1,0,1,0,1,0,1,0,1,0,1
d2b3cd3c-263.jpg,861.1176,696.4731,193.1417,255.9742,2,1,1,1,1,0,1,0,1,0,1,0,1
d2b3cd3c-263.jpg,994.2816,481.0778,109.8397,279.436,1,1,1,0,1,0,1,0,1,0,1,0,1
d2b3cd3c-263.jpg,1068.4167,479.8032,107.3812,302.5601,1,1,1,0,1,0,1,0,1,0,1,0,1
d2b3cd3c-263.jpg,177.5866,618.9326,239.1238,262.1736,0,0,1,0,1,0,1,0,1,0,1,0,1
d2b3cd3c-263.jpg,148.4689,618.2512,268.0879,264.6408,0,0,1,0,1,0,1,0,1,0,1,0,1
d2b3cd3c-263.jpg,1050.6969,755.9452,59.6454,53.9474,0,0,1,0,1,0,1,0,1,0,1,0,1
d2b3cd3c-263.jpg,0.1531,605.0993,170.1985,282.3951,0,0,1,0,1,0,1,0,1,0,1,0,1
d2b3cd3c-263.jpg,1051.2252,754.0551,59.0485,55.4804,0,0,1,0,1,0,1,0,1,0,1,0,1
d2b3cd3c-263.jpg,1051.4711,753.2299,60.2091,56.9312,0,0,1,0,1,0,1,0,1,0,1,0,1
d2b3cd3c-263.jpg,1049.5348,755.9475,68.6683,53.1618,0,0,1,0,1,0,1,0,1,0,1,0,1
d2b3cd3c-263.jpg,0.2311,605.9392,170.5251,280.0535,0,0,1,0,1,0,1,0,1,0,1,0,1
d2b3cd3c-263.jpg,1050.1567,753.8413,60.7723,55.8901,0,0,1,0,1,0,1,0,1,0,1,0,1
d2b3cd3c-263.jpg,149.7843,257.6707,136.9797,185.7312,0,0,1,0,1,0,1,0,1,0,1,0,1
d2b3cd3c-263.jpg,0.0176,319.5958,50.6061,99.4137,0,0,1,0,1,0,1,0,1,0,1,0,1
d2b3cd3c-263.jpg,1051.0101,752.4644,57.0079,56.4638,0,0,1,0,1,0,1,0,1,0,1,0,1
d2b3cd3c-263.jpg,0.0,604.9103,169.0945,282.9783,0,0,1,0,1,0,1,0,1,0,1,0,1
d2b3cd3c-263.jpg,176.1687,618.2876,238.4934,263.429,0,0,1,0,1,0,1,0,1,0,1,0,1
d2b3cd3c-263.jpg,731.0927,307.6388,46.2994,57.7986,0,0,1,0,1,0,1,0,1,0,1,0,1
d2b3cd3c-263.jpg,0.0,605.3722,166.78,276.2552,0,0,1,0,1,0,1,0,1,0,1,0,1
d2b3cd3c-263.jpg,731.9036,307.2012,47.3185,58.0474,0,0,1,0,1,0,1,0,1,0,1,0,1
d2b3cd3c-263.jpg,732.9489,306.5664,51.278,64.1376,0,0,1,0,1,0,1,0,1,0,1,0,1
d2b3cd3c-263.jpg,87.5859,303.7136,78.3084,211.3472,0,0,1,0,1,0,1,0,1,0,1,0,1
d2b3cd3c-263.jpg,0.0,604.4235,161.1706,280.1517,0,0,1,0,1,0,1,0,1,0,1,0,1
d2b3cd3c-263.jpg,1050.2094,752.8865,58.6378,55.8077,0,0,1,0,1,0,1,0,1,0,1,0,1
d2b3cd3c-263.jpg,0.0,604.9863,167.4154,280.8079,0,0,1,0,1,0,1,0,1,0,1,0,1
d2b3cd3c-263.jpg,2.0095,605.5261,172.6396,277.8339,0,0,1,0,1,0,1,0,1,0,1,0,1
d2b3cd3c-263.jpg,151.3065,258.4563,136.2866,185.954,0,0,1,0,1,0,1,0,1,0,1,0,1
d2b3cd3c-263.jpg,0.9793,306.0335,71.201,55.4017,0,0,1,0,1,0,1,0,1,0,1,0,1
d2b3cd3c-263.jpg,93.6707,294.0981,73.5924,218.7363,0,0,1,0,1,0,1,0,1,0,1,0,1
d2b3cd3c-263.jpg,734.5612,307.8108,59.7441,67.6448,0,0,1,0,1,0,1,0,1,0,1,0,1
d2b3cd3c-263.jpg,1049.0464,752.3178,61.4653,57.734,0,0,1,0,1,0,1,0,1,0,1,0,1
d2b3cd3c-263.jpg,1052.5999,756.8397,71.446,65.48,0,0,1,0,1,0,1,0,1,0,1,0,1
d2b3cd3c-263.jpg,0.0,302.1139,71.3822,60.7859,0,0,1,0,1,0,1,0,1,0,1,0,1
d2b3cd3c-263.jpg,733.6683,308.7877,50.4793,65.1331,0,0,1,0,1,0,1,0,1,0,1,0,1
d2b3cd3c-263.jpg,271.8635,623.0637,138.9852,257.3594,0,0,1,0,1,0,1,0,1,0,1,0,1
d2b3cd3c-263.jpg,91.0584,298.0137,76.8283,215.9196,0,0,1,0,1,0,1,0,1,0,1,0,1
d2b3cd3c-263.jpg,135.7954,610.9235,282.0097,275.6637,0,0,1,0,1,0,1,0,1,0,1,0,1
d2b3cd3c-263.jpg,1052.4987,759.1513,75.0785,59.0685,0,0,1,0,1,0,1,0,1,0,1,0,1
d2b3cd3c-263.jpg,266.3946,623.2472,143.7409,256.7618,0,0,1,0,1,0,1,0,1,0,1,0,1
d2b3cd3c-263.jpg,132.0739,259.0942,156.5119,186.3464,0,0,1,0,1,0,1,0,1,0,1,0,1
d2b3cd3c-263.jpg,84.315,299.7513,83.0247,217.8375,0,0,1,0,1,0,1,0,1,0,1,0,1
d2b3cd3c-263.jpg,734.7776,295.1418,62.3357,78.2051,0,0,1,0,1,0,1,0,1,0,1,0,1
d2b3cd3c-263.jpg,91.7136,285.0768,77.0487,228.0181,0,0,1,0,1,0,1,0,1,0,1,0,1
d2b3cd3c-263.jpg,0.0,605.6591,149.2714,284.9791,0,0,1,0,1,0,1,0,1,0,1,0,1
d2b3cd3c-263.jpg,151.9906,615.6171,263.0739,267.4719,0,0,1,0,1,0,1,0,1,0,1,0,1
d2b3cd3c-263.jpg,153.5876,262.6104,193.9246,184.2579,0,0,1,0,1,0,1,0,1,0,1,0,1
d2b3cd3c-263.jpg,732.5936,303.4262,52.1922,67.6498,0,0,1,0,1,0,1,0,1,0,1,0,1
d2b3cd3c-263.jpg,730.8105,307.3552,47.8559,60.0462,0,0,1,0,1,0,1,0,1,0,1,0,1
d2b3cd3c-263.jpg,1053.3872,757.5554,68.2137,60.0101,0,0,1,0,1,0,1,0,1,0,1,0,1
d2b3cd3c-263.jpg,10.7877,295.9318,135.5075,228.3627,0,0,1,0,1,0,1,0,1,0,1,0,1
d2b3cd3c-263.jpg,734.3346,306.454,47.6896,66.667,0,0,1,0,1,0,1,0,1,0,1,0,1
d2b3cd3c-263.jpg,255.9503,621.9016,154.2904,257.6627,0,0,1,0,1,0,1,0,1,0,1,0,1
d2b3cd3c-263.jpg,732.6157,306.6064,46.5181,61.9786,0,0,1,0,1,0,1,0,1,0,1,0,1
d64f7147-149.jpg,212.3477,0.8582,291.276,282.3749,6,1,1,1,1,1,1,1,1,1,1,1,1
d64f7147-149.jpg,248.0865,258.051,293.7368,271.7156,3,1,1,1,1,1,1,0,1,0,1,0,1
d64f7147-149.jpg,300.9949,493.8527,313.1063,311.3411,1,1,1,0,1,0,1,0,1,0,1,0,1
d64f7147-149.jpg,558.327,906.5453,173.9114,173.9202,6,1,1,1,1,1,1,1,1,1,1,1,1
d64f7147-149.jpg,1329.4279,577.5443,298.7273,285.9049,6,1,1,1,1,1,1,1,1,1,1,1,1
d64f7147-149.jpg,1532.233,89.5742,302.0748,290.7742,5,1,1,1,1,1,1,1,1,1,1,0,1
d64f7147-149.jpg,431.8285,752.615,237.0144,230.1802,1,1,1,0,1,0,1,0,1,0,1,0,1
d64f7147-149.jpg,588.1855,1061.661,180.4193,173.3328,1,1,1,0,1,0,1,0,1,0,1,0,1
d64f7147-149.jpg,1293.7903,977.552,212.2207,192.7529,2,1,1,1,1,0,1,0,1,0,1,0,1
d64f7147-149.jpg,1225.8654,781.6013,254.5433,212.9213,1,1,1,0,1,0,1,0,1,0,1,0,1
d64f7147-149.jpg,1407.9198,337.4567,318.6298,282.7293,3,1,1,1,1,1,1,0,1,0,1,0,1
d64f7147-149.jpg,1878.661,388.3247,121.339,495.644,0,0,1,0,1,0,1,0,1,0,1,0,1
d64f7147-149.jpg,1875.9102,382.7363,124.0898,523.0981,0,0,1,0,1,0,1,0,1,0,1,0,1
d64f7147-149.jpg,1883.3494,357.9086,116.6506,442.6357,0,0,1,0,1,0,1,0,1,0,1,0,1
d64f7147-149.jpg,1833.5659,600.5139,166.4341,361.7883,0,0,1,0,1,0,1,0,1,0,1,0,1
d64f7147-149.jpg,1879.6567,350.7472,120.3433,475.7134,0,0,1,0,1,0,1,0,1,0,1,0,1
d64f7147-149.jpg,1835.5549,588.9187,164.4451,372.7268,0,0,1,0,1,0,1,0,1,0,1,0,1
d64f7147-149.jpg,1834.1747,598.7842,165.8253,390.8096,0,0,1,0,1,0,1,0,1,0,1,0,1
d64f7147-149.jpg,1864.4155,403.2064,135.249,468.0454,0,0,1,0,1,0,1,0,1,0,1,0,1
d64f7147-149.jpg,0.0,0.0,23.1598,255.69,0,0,1,0,1,0,1,0,1,0,1,0,1
d64f7147-149.jpg,1838.3965,585.8892,161.6035,387.0087,0,0,1,0,1,0,1,0,1,0,1,0,1
d64f7147-149.jpg,1880.9786,369.9163,119.0214,443.6539,0,0,1,0,1,0,1,0,1,0,1,0,1
d64f7147-149.jpg,1871.7434,406.8654,128.2566,459.3038,0,0,1,0,1,0,1,0,1,0,1,0,1
d64f7147-149.jpg,1836.8767,593.3148,163.1233,370.6245,0,0,1,0,1,0,1,0,1,0,1,0,1
d64f7147-149.jpg,1890.0129,215.6017,109.9871,429.4943,0,0,1,0,1,0,1,0,1,0,1,0,1
d64f7147-149.jpg,0.0,0.0,58.2445,255.349,0,0,1,0,1,0,1,0,1,0,1,0,1
d64f7147-149.jpg,184.141,0.0,304.7733,41.1616,0,0,1,0,1,0,1,0,1,0,1,0,1
d64f7147-149.jpg,199.6294,0.0,274.2493,62.7782,0,0,1,0,1,0,1,0,1,0,1,0,1
d64f7147-149.jpg,1820.7258,582.8895,175.5985,441.4955,0,0,1,0,1,0,1,0,1,0,1,0,1
d64f7147-149.jpg,1839.5359,604.8791,160.4641,369.9895,0,0,1,0,1,0,1,0,1,0,1,0,1
d64f7147-149.jpg,1842.437,608.5132,157.563,365.5646,0,0,1,0,1,0,1,0,1,0,1,0,1
d64f7147-149.jpg,1887.2321,307.4696,112.7679,457.386,0,0,1,0,1,0,1,0,1,0,1,0,1
d64f7147-149.jpg,1875.5371,212.9807,124.4629,503.9617,0,0,1,0,1,0,1,0,1,0,1,0,1
d64f7147-149.jpg,199.8224,0.0,262.713,65.0954,0,0,1,0,1,0,1,0,1,0,1,0,1
d64f7147-149.jpg,192.892,0.0,253.1331,66.2604,0,0,1,0,1,0,1,0,1,0,1,0,1
d64f7147-149.jpg,188.1166,0.0,325.9527,57.1656,0,0,1,0,1,0,1,0,1,0,1,0,1
d64f7147-149.jpg,1830.171,585.2782,167.6155,410.5928,0,0,1,0,1,0,1,0,1,0,1,0,1
d64f7147-149.jpg,206.9223,0.0,284.7157,61.5345,0,0,1,0,1,0,1,0,1,0,1,0,1
d64f7147-149.jpg,193.2151,0.1167,192.3903,29.4202,0,0,1,0,1,0,1,0,1,0,1,0,1
d64f7147-149.jpg,200.8828,0.0,294.8923,42.0835,0,0,1,0,1,0,1,0,1,0,1,0,1
d64f7147-149.jpg,1827.316,385.2244,172.684,530.5398,0,0,1,0,1,0,1,0,1,0,1,0,1
d64f7147-149.jpg,1918.1356,0.0,81.8644,401.4514,0,0,1,0,1,0,1,0,1,0,1,0,1
d64f7147-149.jpg,1880.2786,302.8786,119.7214,499.9222,0,0,1,0,1,0,1,0,1,0,1,0,1
d64f7147-149.jpg,1890.0103,238.4182,109.9897,495.085,0,0,1,0,1,0,1,0,1,0,1,0,1
d64f7147-149.jpg,196.5813,0.7865,232.769,80.5664,0,0,1,0,1,0,1,0,1,0,1,0,1
d64f7147-149.jpg,0.0,0.0,17.1251,312.1815,0,0,1,0,1,0,1,0,1,0,1,0,1
d64f7147-149.jpg,1893.2964,187.2193,106.7036,412.087,0,0,1,0,1,0,1,0,1,0,1,0,1
d64f7147-149.jpg,1835.4015,602.8934,164.5985,375.7984,0,0,1,0,1,0,1,0,1,0,1,0,1
d683bbb2-188.jpg,131.2553,405.8292,148.9018,248.9962,1,1,1,0,1,0,1,0,1,0,1,0,1
d683bbb2-188.jpg,257.3983,363.8707,220.101,348.5775,1,1,1,0,1,0,1,0,1,0,1,0,1
d683bbb2-188.jpg,458.505,431.6885,300.6795,327.0921,1,1,1,0,1,0,1,0,1,0,1,0,1
d683bbb2-188.jpg,748.6497,505.3192,255.4158,249.835,1,1,1,0,1,0,1,0,1,0,1,0,1
d683bbb2-188.jpg,1179.2501,536.3529,207.3584,223.7646,1,1,1,0,1,0,1,0,1,0,1,0,1
d683bbb2-188.jpg,1146.325,676.8509,181.308,163.1375,1,1,1,0,1,0,1,0,1,0,1,0,1
d683bbb2-188.jpg,1481.2245,514.0103,211.1425,150.2055,1,1,1,0,1,0,1,0,1,0,1,0,1
d683bbb2-188.jpg,1452.5249,639.4199,229.704,116.0891,1,1,1,0,1,0,1,0,1,0,1,0,1
d683bbb2-188.jpg,0.0,0.0,11.9513,240.2264,0,0,1,0,1,0,1,0,1,0,1,0,1
d683bbb2-188.jpg,0.0,0.0,37.4916,238.1687,0,0,1,0,1,0,1,0,1,0,1,0,1
d683bbb2-188.jpg,1138.4651,613.6718,62.7488,85.1269,0,0,1,0,1,0,1,0,1,0,1,0,1
d683bbb2-188.jpg,0.5511,1118.3091,228.5299,181.6909,0,0,1,0,1,0,1,0,1,0,1,0,1
d683bbb2-188.jpg,0.0,0.0,4.6079,279.9373,0,0,1,0,1,0,1,0,1,0,1,0,1
d683bbb2-188.jpg,1139.1869,615.8884,60.9576,81.8062,0,0,1,0,1,0,1,0,1,0,1,0,1
d683bbb2-188.jpg,981.4894,1269.1084,194.4722,30.8916,0,0,1,0,1,0,1,0,1,0,1,0,1
d683bbb2-188.jpg,0.0,0.0,38.3735,286.7936,0,0,1,0,1,0,1,0,1,0,1,0,1
d683bbb2-188.jpg,995.2935,1275.5095,168.1131,24.4905,0,0,1,0,1,0,1,0,1,0,1,0,1
d683bbb2-188.jpg,996.7084,1263.9642,190.8602,36.0358,0,0,1,0,1,0,1,0,1,0,1,0,1
d683bbb2-188.jpg,1139.15,612.4437,63.8013,84.3821,0,0,1,0,1,0,1,0,1,0,1,0,1
d911e2d0-47.jpg,51.4139,16.1946,373.0005,373.4984,1,1,1,0,1,0,1,0,1,0,1,0,1
d911e2d0-47.jpg,160.7925,345.9932,287.5827,287.8826,1,1,1,0,1,0,1,0,1,0,1,0,1
d911e2d0-47.jpg,285.1975,552.1209,283.8699,294.4438,1,1,1,0,1,0,1,0,1,0,1,0,1
d911e2d0-47.jpg,1361.1549,546.2523,290.8484,287.1107,1,1,1,0,1,0,1,0,1,0,1,0,1
d911e2d0-47.jpg,1470.3003,336.2672,310.2234,264.4028,1,1,1,0,1,0,1,0,1,0,1,0,1
d911e2d0-47.jpg,1578.6732,39.62,372.2765,386.3272,3,1,1,1,1,1,1,0,1,0,1,0,1
d911e2d0-47.jpg,1921.147,820.722,78.853,479.278,0,0,1,0,1,0,1,0,1,0,1,0,1
d911e2d0-47.jpg,1915.5911,811.8752,84.4089,488.1248,0,0,1,0,1,0,1,0,1,0,1,0,1
d911e2d0-47.jpg,1922.9567,838.2874,77.0433,443.9556,0,0,1,0,1,0,1,0,1,0,1,0,1
d911e2d0-47.jpg,1919.4996,799.2155,80.5004,500.7845,0,0,1,0,1,0,1,0,1,0,1,0,1
d911e2d0-47.jpg,1921.7543,845.5721,78.2457,454.4279,0,0,1,0,1,0,1,0,1,0,1,0,1
d911e2d0-47.jpg,1924.213,853.158,75.787,436.6243,0,0,1,0,1,0,1,0,1,0,1,0,1
d911e2d0-47.jpg,0.0,1003.3785,138.3042,296.6215,0,0,1,0,1,0,1,0,1,0,1,0,1
d911e2d0-47.jpg,1913.3169,794.6541,86.6831,505.3459,0,0,1,0,1,0,1,0,1,0,1,0,1
d911e2d0-47.jpg,1917.4005,842.0427,82.5995,457.9573,0,0,1,0,1,0,1,0,1,0,1,0,1
d911e2d0-47.jpg,1927.8198,878.795,72.1802,403.7661,0,0,1,0,1,0,1,0,1,0,1,0,1
d911e2d0-47.jpg,1929.6608,903.814,70.2911,396.186,0,0,1,0,1,0,1,0,1,0,1,0,1
d911e2d0-47.jpg,1925.3163,859.0627,74.6837,428.8065,0,0,1,0,1,0,1,0,1,0,1,0,1
d911e2d0-47.jpg,1919.3057,772.3082,80.6943,527.6918,0,0,1,0,1,0,1,0,1,0,1,0,1
d911e2d0-47.jpg,1927.8134,886.5549,72.1866,400.4606,0,0,1,0,1,0,1,0,1,0,1,0,1
d911e2d0-47.jpg,1924.1873,844.1308,75.8127,434.0446,0,0,1,0,1,0,1,0,1,0,1,0,1
d911e2d0-47.jpg,0.0632,1004.8817,133.402,295.1183,0,0,1,0,1,0,1,0,1,0,1,0,1
d911e2d0-47.jpg,0.1034,1007.921,130.0724,292.079,0,0,1,0,1,0,1,0,1,0,1,0,1
d911e2d0-47.jpg,1923.0743,820.7969,76.9257,448.9088,0,0,1,0,1,0,1,0,1,0,1,0,1
d911e2d0-47.jpg,1929.4335,908.9495,70.5665,391.0505,0,0,1,0,1,0,1,0,1,0,1,0,1
d911e2d0-47.jpg,1912.4353,765.575,87.5647,534.425,0,0,1,0,1,0,1,0,1,0,1,0,1
d911e2d0-47.jpg,1921.6991,879.8696,78.3009,420.1304,0,0,1,0,1,0,1,0,1,0,1,0,1
d911e2d0-47.jpg,0.0,1029.7104,144.5217,270.2896,0,0,1,0,1,0,1,0,1,0,1,0,1
d911e2d0-47.jpg,1924.2665,825.7372,75.7335,439.4196,0,0,1,0,1,0,1,0,1,0,1,0,1
d911e2d0-47.jpg,1925.6714,931.1374,74.2317,368.8626,0,0,1,0,1,0,1,0,1,0,1,0,1
d911e2d0-47.jpg,1920.3936,921.5056,79.5769,378.4944,0,0,1,0,1,0,1,0,1,0,1,0,1
d911e2d0-47.jpg,1916.5142,874.2036,83.4771,425.7964,0,0,1,0,1,0,1,0,1,0,1,0,1
d911e2d0-47.jpg,1923.8123,748.9323,76.1877,542.2695,0,0,1,0,1,0,1,0,1,0,1,0,1
d911e2d0-47.jpg,1922.5078,801.7565,77.4922,435.6449,0,0,1,0,1,0,1,0,1,0,1,0,1
d911e2d0-47.jpg,1914.1194,741.0999,85.804,553.1196,0,0,1,0,1,0,1,0,1,0,1,0,1
d911e2d0-47.jpg,1910.1307,914.3823,89.8414,385.6177,0,0,1,0,1,0,1,0,1,0,1,0,1
d911e2d0-47.jpg,1917.3204,812.2234,82.6796,477.8316,0,0,1,0,1,0,1,0,1,0,1,0,1
d911e2d0-47.jpg,0.7461,920.8916,133.235,379.1084,0,0,1,0,1,0,1,0,1,0,1,0,1
d911e2d0-47.jpg,1915.2954,801.473,84.7046,498.527,0,0,1,0,1,0,1,0,1,0,1,0,1
d911e2d0-47.jpg,1913.796,805.8445,86.204,475.0548,0,0,1,0,1,0,1,0,1,0,1,0,1
d911e2d0-47.jpg,1923.137,805.0988,76.863,426.8665,0,0,1,0,1,0,1,0,1,0,1,0,1
d911e2d0-47.jpg,1678.7926,1054.3005,321.2074,245.6995,0,0,1,0,1,0,1,0,1,0,1,0,1
d911e2d0-47.jpg,1916.7719,814.6313,83.2281,459.681,0,0,1,0,1,0,1,0,1,0,1,0,1
d911e2d0-47.jpg,1912.4458,797.8476,87.5542,493.6386,0,0,1,0,1,0,1,0,1,0,1,0,1
d911e2d0-47.jpg,0.4939,916.4272,122.9909,383.5728,0,0,1,0,1,0,1,0,1,0,1,0,1
d911e2d0-47.jpg,1941.5741,985.2667,58.3221,314.7333,0,0,1,0,1,0,1,0,1,0,1,0,1
d911e2d0-47.jpg,1920.9972,786.6231,79.0028,426.0995,0,0,1,0,1,0,1,0,1,0,1,0,1
d911e2d0-47.jpg,1941.1665,970.5236,58.7368,329.4764,0,0,1,0,1,0,1,0,1,0,1,0,1
d911e2d0-47.jpg,1669.4099,1059.1208,330.5901,240.6729,0,0,1,0,1,0,1,0,1,0,1,0,1
d911e2d0-47.jpg,1944.2881,1002.0731,55.6251,297.9269,0,0,1,0,1,0,1,0,1,0,1,0,1
d911e2d0-47.jpg,0.0,0.0,16.3412,262.9438,0,0,1,0,1,0,1,0,1,0,1,0,1
d911e2d0-47.jpg,0.0,973.3303,125.1942,326.6697,0,0,1,0,1,0,1,0,1,0,1,0,1
d911e2d0-47.jpg,0.1623,850.2494,116.3162,449.7506,0,0,1,0,1,0,1,0,1,0,1,0,1
d911e2d0-47.jpg,0.0,976.4937,126.3165,323.5063,0,0,1,0,1,0,1,0,1,0,1,0,1
d911e2d0-47.jpg,0.0,0.0,35.4015,260.2813,0,0,1,0,1,0,1,0,1,0,1,0,1
d911e2d0-47.jpg,1907.525,829.4003,92.475,460.9948,0,0,1,0,1,0,1,0,1,0,1,0,1
da87f715-189.jpg,223.3841,238.5007,320.7018,304.8134,4,1,1,1,1,1,1,1,1,0,1,0,1
da87f715-189.jpg,287.9331,509.0686,302.6423,242.7848,3,1,1,1,1,1,1,0,1,0,1,0,1
da87f715-189.jpg,430.7841,722.0749,182.6434,220.4817,2,1,1,1,1,0,1,0,1,0,1,0,1
da87f715-189.jpg,581.3095,846.4241,255.7285,230.139,2,1,1,1,1,0,1,0,1,0,1,0,1
da87f715-189.jpg,810.7783,954.0402,267.9338,261.1711,2,1,1,1,1,0,1,0,1,0,1,0,1
da87f715-189.jpg,1071.1401,932.7391,283.4972,241.9826,1,1,1,0,1,0,1,0,1,0,1,0,1
da87f715-189.jpg,1477.136,75.5408,373.2465,302.918,1,1,1,0,1,0,1,0,1,0,1,0,1
da87f715-189.jpg,1487.0869,338.0598,306.8164,187.7218,1,1,1,0,1,0,1,0,1,0,1,0,1
da87f715-189.jpg,1312.7493,843.2333,262.0354,204.186,1,1,1,0,1,0,1,0,1,0,1,0,1
da87f715-189.jpg,894.0056,0.0,258.9814,28.6029,0,0,1,0,1,0,1,0,1,0,1,0,1
da87f715-189.jpg,901.6077,0.1768,206.5704,25.5311,0,0,1,0,1,0,1,0,1,0,1,0,1
da87f715-189.jpg,892.6575,0.0,254.71,28.4444,0,0,1,0,1,0,1,0,1,0,1,0,1
da87f715-189.jpg,904.6802,0.0,231.1542,28.3381,0,0,1,0,1,0,1,0,1,0,1,0,1
da87f715-189.jpg,1277.29,0.2002,202.3203,26.4642,0,0,1,0,1,0,1,0,1,0,1,0,1
da87f715-189.jpg,1253.9753,0.0792,238.7656,28.4294,0,0,1,0,1,0,1,0,1,0,1,0,1
da87f715-189.jpg,896.2333,0.0,248.2784,28.3632,0,0,1,0,1,0,1,0,1,0,1,0,1
da87f715-189.jpg,904.1213,0.0174,247.342,27.8686,0,0,1,0,1,0,1,0,1,0,1,0,1
da87f715-189.jpg,906.4283,0.1401,217.5216,25.6519,0,0,1,0,1,0,1,0,1,0,1,0,1
da87f715-189.jpg,1260.6752,0.0,221.1968,27.6503,0,0,1,0,1,0,1,0,1,0,1,0,1
da87f715-189.jpg,889.0095,0.1559,226.6426,25.2519,0,0,1,0,1,0,1,0,1,0,1,0,1
da87f715-189.jpg,900.8348,0.0,227.3789,27.9688,0,0,1,0,1,0,1,0,1,0,1,0,1
da87f715-189.jpg,1255.2953,0.1535,215.6162,26.6901,0,0,1,0,1,0,1,0,1,0,1,0,1
da87f715-189.jpg,1238.4178,0.1475,253.6099,28.4594,0,0,1,0,1,0,1,0,1,0,1,0,1
da87f715-189.jpg,1268.4734,0.0,225.5499,26.5978,0,0,1,0,1,0,1,0,1,0,1,0,1
da87f715-189.jpg,895.7528,0.2619,219.2894,28.3495,0,0,1,0,1,0,1,0,1,0,1,0,1
da87f715-189.jpg,886.4049,0.0,243.0753,28.4203,0,0,1,0,1,0,1,0,1,0,1,0,1
da87f715-189.jpg,1284.0016,0.1766,193.7679,24.5344,0,0,1,0,1,0,1,0,1,0,1,0,1
da87f715-189.jpg,899.3232,0.0,257.5077,28.9395,0,0,1,0,1,0,1,0,1,0,1,0,1
da87f715-189.jpg,907.0609,0.0,239.7628,26.588,0,0,1,0,1,0,1,0,1,0,1,0,1
da87f715-189.jpg,907.2167,0.1054,220.5166,25.5236,0,0,1,0,1,0,1,0,1,0,1,0,1
da87f715-189.jpg,1263.0503,0.1436,206.1107,24.7892,0,0,1,0,1,0,1,0,1,0,1,0,1
da87f715-189.jpg,1239.3772,0.3445,273.5402,30.7215,0,0,1,0,1,0,1,0,1,0,1,0,1
da87f715-189.jpg,898.4385,0.2453,231.7699,28.7894,0,0,1,0,1,0,1,0,1,0,1,0,1
da87f715-189.jpg,1682.6152,893.1558,317.3848,406.8442,0,0,1,0,1,0,1,0,1,0,1,0,1
da87f715-189.jpg,897.7034,0.0,231.7081,26.8007,0,0,1,0,1,0,1,0,1,0,1,0,1
da87f715-189.jpg,908.1336,0.331,234.7366,27.8024,0,0,1,0,1,0,1,0,1,0,1,0,1
da87f715-189.jpg,895.4493,0.0812,211.331,24.8209,0,0,1,0,1,0,1,0,1,0,1,0,1
da87f715-189.jpg,899.0597,0.2873,233.4631,28.4056,0,0,1,0,1,0,1,0,1,0,1,0,1
da87f715-189.jpg,876.1856,0.2295,245.2215,27.3072,0,0,1,0,1,0,1,0,1,0,1,0,1
da87f715-189.jpg,914.7831,0.2578,231.7535,27.2134,0,0,1,0,1,0,1,0,1,0,1,0,1
da87f715-189.jpg,1276.4082,0.0975,216.5673,26.4992,0,0,1,0,1,0,1,0,1,0,1,0,1
da87f715-189.jpg,1219.4424,0.2673,292.86,30.8772,0,0,1,0,1,0,1,0,1,0,1,0,1
da87f715-189.jpg,901.679,0.065,189.1212,24.006,0,0,1,0,1,0,1,0,1,0,1,0,1
da87f715-189.jpg,916.8339,0.1039,219.7239,25.2911,0,0,1,0,1,0,1,0,1,0,1,0,1
da87f715-189.jpg,1285.4946,0.1746,199.3873,24.0737,0,0,1,0,1,0,1,0,1,0,1,0,1
da87f715-189.jpg,1213.5765,0.1385,278.8347,28.8048,0,0,1,0,1,0,1,0,1,0,1,0,1
da87f715-189.jpg,1255.9686,0.3529,249.0704,30.6108,0,0,1,0,1,0,1,0,1,0,1,0,1
da87f715-189.jpg,1252.3282,0.0567,205.6503,24.7865,0,0,1,0,1,0,1,0,1,0,1,0,1
da87f715-189.jpg,893.3279,0.0419,222.9021,26.4649,0,0,1,0,1,0,1,0,1,0,1,0,1
da87f715-189.jpg,897.8256,0.0603,224.8239,25.875,0,0,1,0,1,0,1,0,1,0,1,0,1
da87f715-189.jpg,897.9392,0.2077,247.5353,31.2176,0,0,1,0,1,0,1,0,1,0,1,0,1
da87f715-189.jpg,910.8034,0.0,252.652,25.7978,0,0,1,0,1,0,1,0,1,0,1,0,1
da87f715-189.jpg,1280.2021,0.0,264.4058,26.111,0,0,1,0,1,0,1,0,1,0,1,0,1
da87f715-189.jpg,867.3815,0.2273,243.4421,26.3494,0,0,1,0,1,0,1,0,1,0,1,0,1
da87f715-189.jpg,923.7296,0.1424,214.2231,24.5212,0,0,1,0,1,0,1,0,1,0,1,0,1
da87f715-189.jpg,1204.5326,0.0,293.7211,27.9961,0,0,1,0,1,0,1,0,1,0,1,0,1
da87f715-189.jpg,898.8127,0.17,237.8706,31.17,0,0,1,0,1,0,1,0,1,0,1,0,1
da87f715-189.jpg,1242.0742,0.1727,220.3445,26.8409,0,0,1,0,1,0,1,0,1,0,1,0,1
da87f715-189.jpg,892.6973,0.0,297.7837,33.3582,0,0,1,0,1,0,1,0,1,0,1,0,1
dad6d960-145.jpg,648.1257,498.8222,241.5472,263.5316,1,1,1,0,1,0,1,0,1,0,1,0,1
dad6d960-145.jpg,448.1045,673.4975,212.1782,252.3604,2,1,1,1,1,0,1,0,1,0,1,0,1
dad6d960-145.jpg,634.5679,701.2384,94.013,132.2175,2,1,1,1,1,0,1,0,1,0,1,0,1
dad6d960-145.jpg,726.913,745.4717,97.1266,70.2103,2,1,1,1,1,0,1,0,1,0,1,0,1
dad6d960-145.jpg,818.3131,734.39,52.6787,57.0369,2,1,1,1,1,0,1,0,1,0,1,0,1
dad6d960-145.jpg,859.2327,541.0272,105.1525,207.6422,1,1,1,0,1,0,1,0,1,0,1,0,1
dad6d960-145.jpg,944.6965,506.8734,138.5861,264.424,1,1,1,0,1,0,1,0,1,0,1,0,1
dad6d960-145.jpg,856.1277,742.7888,62.4122,60.0839,2,1,1,1,1,0,1,0,1,0,1,0,1
dad6d960-145.jpg,1049.885,498.6212,82.6854,265.0183,0,0,1,0,1,0,1,0,1,0,1,0,1
dad6d960-145.jpg,912.3508,735.1096,50.9457,62.2243,0,0,1,0,1,0,1,0,1,0,1,0,1
dad6d960-145.jpg,910.9531,734.1397,50.3603,77.5994,0,0,1,0,1,0,1,0,1,0,1,0,1
dad6d960-145.jpg,1053.2349,498.5137,84.0071,266.7547,0,0,1,0,1,0,1,0,1,0,1,0,1
dad6d960-145.jpg,912.0371,734.4679,49.3696,74.6691,0,0,1,0,1,0,1,0,1,0,1,0,1
dad6d960-145.jpg,1050.1284,505.9312,80.8109,255.4875,0,0,1,0,1,0,1,0,1,0,1,0,1
dad6d960-145.jpg,1049.9683,494.9912,94.2488,260.6444,0,0,1,0,1,0,1,0,1,0,1,0,1
dad6d960-145.jpg,912.4811,734.2489,49.658,63.6052,0,0,1,0,1,0,1,0,1,0,1,0,1
dad6d960-145.jpg,912.5744,730.708,46.4968,65.2913,0,0,1,0,1,0,1,0,1,0,1,0,1
dad6d960-145.jpg,1057.8594,500.8994,85.4136,244.5343,0,0,1,0,1,0,1,0,1,0,1,0,1
dad6d960-145.jpg,1053.9602,585.0201,63.5155,163.0007,0,0,1,0,1,0,1,0,1,0,1,0,1
dad6d960-145.jpg,1052.9901,501.0727,88.5253,254.7264,0,0,1,0,1,0,1,0,1,0,1,0,1
dad6d960-145.jpg,1060.3391,492.0198,71.567,209.8296,0,0,1,0,1,0,1,0,1,0,1,0,1
dad6d960-145.jpg,913.4852,731.0864,44.2307,62.4157,0,0,1,0,1,0,1,0,1,0,1,0,1
dad6d960-145.jpg,1049.5448,510.7537,82.2351,251.5041,0,0,1,0,1,0,1,0,1,0,1,0,1
dad6d960-145.jpg,1051.2637,498.3574,90.3267,259.3398,0,0,1,0,1,0,1,0,1,0,1,0,1
dad6d960-145.jpg,908.3652,734.0037,51.7383,84.6222,0,0,1,0,1,0,1,0,1,0,1,0,1
dad6d960-145.jpg,909.5856,728.9754,49.4671,77.8371,0,0,1,0,1,0,1,0,1,0,1,0,1
dad6d960-145.jpg,1059.5243,481.0723,74.4299,240.2847,0,0,1,0,1,0,1,0,1,0,1,0,1
dad6d960-145.jpg,1060.8677,469.1443,73.6901,269.3655,0,0,1,0,1,0,1,0,1,0,1,0,1
dad6d960-145.jpg,1053.7853,500.1502,86.6978,264.5029,0,0,1,0,1,0,1,0,1,0,1,0,1
dad6d960-145.jpg,1053.4946,586.0499,69.9272,162.5043,0,0,1,0,1,0,1,0,1,0,1,0,1
dad6d960-145.jpg,1055.9956,568.5001,62.9491,180.6772,0,0,1,0,1,0,1,0,1,0,1,0,1
dad6d960-145.jpg,1068.7928,490.2701,52.9884,195.9997,0,0,1,0,1,0,1,0,1,0,1,0,1
dad6d960-145.jpg,1052.5833,502.7334,75.0122,244.9138,0,0,1,0,1,0,1,0,1,0,1,0,1
dad6d960-145.jpg,1065.4829,488.1854,56.3152,195.1578,0,0,1,0,1,0,1,0,1,0,1,0,1
dad6d960-145.jpg,911.8967,730.0309,43.9091,64.2028,0,0,1,0,1,0,1,0,1,0,1,0,1
dad6d960-145.jpg,1061.7286,469.4731,73.0847,285.7098,0,0,1,0,1,0,1,0,1,0,1,0,1
dad6d960-145.jpg,1062.1836,498.343,67.2245,184.8096,0,0,1,0,1,0,1,0,1,0,1,0,1
dad6d960-145.jpg,1053.4561,496.5666,89.9799,248.861,0,0,1,0,1,0,1,0,1,0,1,0,1
dad6d960-145.jpg,1057.7928,556.1971,60.0231,182.9792,0,0,1,0,1,0,1,0,1,0,1,0,1
dad6d960-145.jpg,1068.804,495.7158,53.2277,173.6375,0,0,1,0,1,0,1,0,1,0,1,0,1
dad6d960-145.jpg,1053.9869,565.7218,69.1421,184.82,0,0,1,0,1,0,1,0,1,0,1,0,1
dad6d960-145.jpg,910.9879,735.749,49.6473,83.2424,0,0,1,0,1,0,1,0,1,0,1,0,1
dad6d960-145.jpg,1064.5275,473.0699,66.7915,257.617,0,0,1,0,1,0,1,0,1,0,1,0,1
dad6d960-145.jpg,1062.4724,495.114,64.868,193.5444,0,0,1,0,1,0,1,0,1,0,1,0,1
dad6d960-145.jpg,1055.0635,502.8609,90.1584,255.9051,0,0,1,0,1,0,1,0,1,0,1,0,1
dad6d960-145.jpg,1062.9362,485.3776,66.4067,230.1531,0,0,1,0,1,0,1,0,1,0,1,0,1
dad6d960-145.jpg,418.9478,443.9605,48.3784,228.8017,0,0,1,0,1,0,1,0,1,0,1,0,1
dad6d960-145.jpg,1065.0171,488.3748,55.3558,194.2992,0,0,1,0,1,0,1,0,1,0,1,0,1
dad6d960-145.jpg,1053.0532,530.7646,78.9116,228.5713,0,0,1,0,1,0,1,0,1,0,1,0,1
dad6d960-145.jpg,0.0,0.0,4.4501,258.0686,0,0,1,0,1,0,1,0,1,0,1,0,1
dad6d960-145.jpg,912.3223,730.2642,44.7552,67.9186,0,0,1,0,1,0,1,0,1,0,1,0,1
dad6d960-145.jpg,1055.1978,594.273,66.4596,148.7705,0,0,1,0,1,0,1,0,1,0,1,0,1
dad6d960-145.jpg,1053.2372,593.4167,62.6671,151.9107,0,0,1,0,1,0,1,0,1,0,1,0,1
dad6d960-145.jpg,1059.6226,533.0128,72.6844,218.7567,0,0,1,0,1,0,1,0,1,0,1,0,1
dad6d960-145.jpg,1055.7007,550.9447,66.2991,189.0293,0,0,1,0,1,0,1,0,1,0,1,0,1
dad6d960-145.jpg,1066.491,493.2404,55.8372,182.1773,0,0,1,0,1,0,1,0,1,0,1,0,1
dad6d960-145.jpg,1065.2653,469.137,67.1223,281.6932,0,0,1,0,1,0,1,0,1,0,1,0,1
dad6d960-145.jpg,423.747,444.1756,51.7182,216.4409,0,0,1,0,1,0,1,0,1,0,1,0,1
dd171414-143.jpg,287.2265,542.1927,332.8394,329.2372,5,1,1,1,1,1,1,1,1,1,1,0,1
dd171414-143.jpg,182.3016,808.9205,314.9595,332.225,5,1,1,1,1,1,1,1,1,1,1,0,1
dd171414-143.jpg,418.788,349.4054,269.3832,247.066,1,1,1,0,1,0,1,0,1,0,1,0,1
dd171414-143.jpg,699.5953,75.0626,210.1138,215.1938,1,1,1,0,1,0,1,0,1,0,1,0,1
dd171414-143.jpg,1495.2146,356.6677,239.7002,248.9904,1,1,1,0,1,0,1,0,1,0,1,0,1
dd171414-143.jpg,1450.2036,793.3571,336.4181,314.7405,4,1,1,1,1,1,1,1,1,0,1,0,1
dd171414-143.jpg,1456.4976,1080.5426,334.9117,214.0896,3,1,1,1,1,1,1,0,1,0,1,0,1
dd171414-143.jpg,0.0,359.3469,127.2093,339.6098,0,0,1,0,1,0,1,0,1,0,1,0,1
dd171414-143.jpg,0.0,359.1181,128.7525,320.3321,0,0,1,0,1,0,1,0,1,0,1,0,1
dd171414-143.jpg,1941.3621,565.1154,58.6379,324.3364,0,0,1,0,1,0,1,0,1,0,1,0,1
dd171414-143.jpg,0.0,350.059,121.1596,320.7338,0,0,1,0,1,0,1,0,1,0,1,0,1
dd171414-143.jpg,0.0,0.0,82.438,264.8472,0,0,1,0,1,0,1,0,1,0,1,0,1
dd171414-143.jpg,1940.8436,560.658,59.1564,351.6113,0,0,1,0,1,0,1,0,1,0,1,0,1
dd171414-143.jpg,1939.5457,561.9172,60.4543,288.8391,0,0,1,0,1,0,1,0,1,0,1,0,1
dd171414-143.jpg,1937.7452,560.7576,62.2548,408.5859,0,0,1,0,1,0,1,0,1,0,1,0,1
dd171414-143.jpg,0.0,0.0,11.772,260.0117,0,0,1,0,1,0,1,0,1,0,1,0,1
dd171414-143.jpg,1948.0017,557.3782,51.9983,264.781,0,0,1,0,1,0,1,0,1,0,1,0,1
dd171414-143.jpg,1946.1351,558.2523,53.8649,322.7615,0,0,1,0,1,0,1,0,1,0,1,0,1
dd171414-143.jpg,1945.0581,555.8874,54.9419,211.7504,0,0,1,0,1,0,1,0,1,0,1,0,1
dd171414-143.jpg,1942.8741,556.7441,57.1259,205.9055,0,0,1,0,1,0,1,0,1,0,1,0,1
dd171414-143.jpg,0.0,321.5072,118.01,373.3191,0,0,1,0,1,0,1,0,1,0,1,0,1
dd171414-143.jpg,1950.3788,526.2455,49.6212,278.1694,0,0,1,0,1,0,1,0,1,0,1,0,1
dd171414-143.jpg,1951.0566,530.5997,48.9434,291.7136,0,0,1,0,1,0,1,0,1,0,1,0,1
dd171414-143.jpg,0.0,0.0,53.859,318.0122,0,0,1,0,1,0,1,0,1,0,1,0,1
dd171414-143.jpg,0.0,365.7278,116.3393,306.1706,0,0,1,0,1,0,1,0,1,0,1,0,1
dd171414-143.jpg,0.0,341.8193,115.5781,368.5225,0,0,1,0,1,0,1,0,1,0,1,0,1
dd171414-143.jpg,1938.6624,548.7593,61.3376,367.4629,0,0,1,0,1,0,1,0,1,0,1,0,1
dd171414-143.jpg,1945.0049,559.1246,54.9951,274.465,0,0,1,0,1,0,1,0,1,0,1,0,1
dd171414-143.jpg,1942.6079,563.2648,57.3921,321.3701,0,0,1,0,1,0,1,0,1,0,1,0,1
dd171414-143.jpg,1932.7867,550.6215,67.2133,472.2067,0,0,1,0,1,0,1,0,1,0,1,0,1
dd171414-143.jpg,1938.2117,542.2237,61.7883,210.7534,0,0,1,0,1,0,1,0,1,0,1,0,1
dd171414-143.jpg,0.0,0.0,2.4804,306.6003,0,0,1,0,1,0,1,0,1,0,1,0,1
dd171414-143.jpg,1930.6183,553.8459,69.3817,352.2418,0,0,1,0,1,0,1,0,1,0,1,0,1
dd171414-143.jpg,1925.9088,562.171,74.0912,389.7895,0,0,1,0,1,0,1,0,1,0,1,0,1
dd171414-143.jpg,0.0,862.5162,254.9904,437.4838,0,0,1,0,1,0,1,0,1,0,1,0,1
dd171414-143.jpg,0.0,835.14,248.1448,464.86,0,0,1,0,1,0,1,0,1,0,1,0,1
dd171414-143.jpg,0.0,360.6992,111.1879,311.7332,0,0,1,0,1,0,1,0,1,0,1,0,1
dd171414-143.jpg,1919.364,545.6492,80.636,409.0656,0,0,1,0,1,0,1,0,1,0,1,0,1
dd171414-143.jpg,1948.038,523.7831,51.962,260.2322,0,0,1,0,1,0,1,0,1,0,1,0,1
dd171414-143.jpg,1932.8167,557.3944,67.1833,401.0406,0,0,1,0,1,0,1,0,1,0,1,0,1
dd171414-143.jpg,0.0,359.3691,129.1088,268.8521,0,0,1,0,1,0,1,0,1,0,1,0,1
dd171414-143.jpg,0.0,353.9676,123.1954,311.7418,0,0,1,0,1,0,1,0,1,0,1,0,1
dd171414-143.jpg,1938.0146,537.6349,61.9854,214.3198,0,0,1,0,1,0,1,0,1,0,1,0,1
dd171414-143.jpg,0.0,310.5167,122.588,361.5725,0,0,1,0,1,0,1,0,1,0,1,0,1
dd171414-143.jpg,0.0,0.0,193.5728,419.571,0,0,1,0,1,0,1,0,1,0,1,0,1
dd171414-143.jpg,0.0,360.8716,121.3218,355.6914,0,0,1,0,1,0,1,0,1,0,1,0,1
dd171414-143.jpg,1979.8492,1043.0784,19.973,256.9216,0,0,1,0,1,0,1,0,1,0,1,0,1
dd171414-143.jpg,1911.9867,556.37,87.7583,431.8427,0,0,1,0,1,0,1,0,1,0,1,0,1
dd171414-143.jpg,0.0,364.9178,116.4189,380.7409,0,0,1,0,1,0,1,0,1,0,1,0,1
dd171414-143.jpg,0.0,349.4679,115.0028,405.5998,0,0,1,0,1,0,1,0,1,0,1,0,1
dd171414-143.jpg,1951.2986,551.376,48.3955,278.2952,0,0,1,0,1,0,1,0,1,0,1,0,1
dd171414-143.jpg,1948.0269,495.2511,51.9731,334.1294,0,0,1,0,1,0,1,0,1,0,1,0,1
dd171414-143.jpg,91.6784,472.5435,148.5503,350.8601,0,0,1,0,1,0,1,0,1,0,1,0,1
dd171414-143.jpg,0.0,376.8094,21.9032,269.8569,0,0,1,0,1,0,1,0,1,0,1,0,1
dd171414-143.jpg,1934.3521,510.5054,65.6479,232.6628,0,0,1,0,1,0,1,0,1,0,1,0,1
dd171414-143.jpg,1979.5505,1050.6584,20.2556,249.3416,0,0,1,0,1,0,1,0,1,0,1,0,1
dd171414-143.jpg,1946.9567,507.4896,53.0433,340.5243,0,0,1,0,1,0,1,0,1,0,1,0,1
df3ae704-48.jpg,674.7164,360.7133,324.1714,388.0119,1,1,1,0,1,0,1,0,1,0,1,0,1
df3ae704-48.jpg,995.3096,364.8461,367.3732,377.107,1,1,1,0,1,0,1,0,1,0,1,0,1
df3ae704-48.jpg,1752.9894,0.0,246.9158,172.767,0,0,1,0,1,0,1,0,1,0,1,0,1
df3ae704-48.jpg,1775.0817,0.0,224.9183,174.2059,0,0,1,0,1,0,1,0,1,0,1,0,1
df3ae704-48.jpg,1744.0151,0.0,255.9849,167.5795,0,0,1,0,1,0,1,0,1,0,1,0,1
df3ae704-48.jpg,0.0,0.0,1.2544,243.8042,0,0,1,0,1,0,1,0,1,0,1,0,1
e039ac13-1.jpg,485.6752,583.9326,172.9869,212.7472,1,1,1,0,1,0,1,0,1,0,1,0,1
e039ac13-1.jpg,502.8701,344.3438,251.3248,275.5876,1,1,1,0,1,0,1,0,1,0,1,0,1
e039ac13-1.jpg,1058.3834,289.4837,321.8121,331.919,1,1,1,0,1,0,1,0,1,0,1,0,1
e039ac13-1.jpg,1360.3604,330.6336,230.074,281.301,1,1,1,0,1,0,1,0,1,0,1,0,1
e039ac13-1.jpg,1427.4564,576.8899,184.6942,244.5575,2,1,1,1,1,0,1,0,1,0,1,0,1
e039ac13-1.jpg,1585.4821,296.4153,185.6564,288.4764,2,1,1,1,1,0,1,0,1,0,1,0,1
e039ac13-1.jpg,1596.7135,559.1749,168.6632,233.7268,2,1,1,1,1,0,1,0,1,0,1,0,1
e039ac13-1.jpg,322.611,274.4025,194.5686,322.4784,2,1,1,1,1,0,1,0,1,0,1,0,1
e039ac13-1.jpg,282.9946,564.8842,228.6137,219.4291,2,1,1,1,1,0,1,0,1,0,1,0,1
e039ac13-1.jpg,190.1787,271.9059,143.2595,262.2131,2,1,1,1,1,0,1,0,1,0,1,0,1
e039ac13-1.jpg,1741.1709,311.5808,129.092,242.2765,2,1,1,1,1,0,1,0,1,0,1,0,1
e039ac13-1.jpg,189.3765,540.2517,109.5382,138.5845,1,1,1,0,1,0,1,0,1,0,1,0,1
e039ac13-1.jpg,79.0356,465.5518,150.5894,150.824,2,1,1,1,1,0,1,0,1,0,1,0,1
e039ac13-1.jpg,117.3551,275.3151,99.6936,184.5548,2,1,1,1,1,0,1,0,1,0,1,0,1
e039ac13-1.jpg,11.8603,379.8496,115.4384,128.4615,1,1,1,0,1,0,1,0,1,0,1,0,1
e039ac13-1.jpg,43.3229,240.6002,98.0825,155.3499,1,1,1,0,1,0,1,0,1,0,1,0,1
e039ac13-1.jpg,1759.5842,549.0009,88.9202,175.4575,2,1,1,1,1,0,1,0,1,0,1,0,1
e039ac13-1.jpg,740.8422,304.8482,326.7048,332.2193,3,1,1,1,1,1,1,0,1,0,1,0,1
e039ac13-1.jpg,1830.5007,541.8832,88.1836,123.6551,2,1,1,1,1,0,1,0,1,0,1,0,1
e0a09bed-254.jpg,242.2433,135.6284,306.9615,286.9158,1,1,1,0,1,0,1,0,1,0,1,0,1
e0a09bed-254.jpg,298.4884,384.9452,302.8844,303.3767,3,1,1,1,1,1,1,0,1,0,1,0,1
e0a09bed-254.jpg,1391.2866,428.657,315.2905,302.4575,3,1,1,1,1,1,1,0,1,0,1,0,1
e0a09bed-254.jpg,1459.663,183.5287,308.2596,279.2683,1,1,1,0,1,0,1,0,1,0,1,0,1
e0a09bed-254.jpg,176.8494,0.0,281.4104,55.1507,0,0,1,0,1,0,1,0,1,0,1,0,1
e0a09bed-254.jpg,198.7615,0.0,272.1472,58.4552,0,0,1,0,1,0,1,0,1,0,1,0,1
e0a09bed-254.jpg,201.6523,0.0,258.2963,57.51,0,0,1,0,1,0,1,0,1,0,1,0,1
e0a09bed-254.jpg,191.6949,0.0,254.3351,58.6472,0,0,1,0,1,0,1,0,1,0,1,0,1
e0a09bed-254.jpg,195.7082,0.0,263.9761,57.884,0,0,1,0,1,0,1,0,1,0,1,0,1
e0a09bed-254.jpg,181.6057,0.0,262.9692,54.0929,0,0,1,0,1,0,1,0,1,0,1,0,1
e0a09bed-254.jpg,181.342,0.0,304.9879,54.3413,0,0,1,0,1,0,1,0,1,0,1,0,1
e0a09bed-254.jpg,159.3961,0.0,318.6307,51.1756,0,0,1,0,1,0,1,0,1,0,1,0,1
e0a09bed-254.jpg,141.3355,0.0,313.6342,54.2357,0,0,1,0,1,0,1,0,1,0,1,0,1
e0a09bed-254.jpg,185.0795,0.0,251.5954,56.0763,0,0,1,0,1,0,1,0,1,0,1,0,1
e0a09bed-254.jpg,175.0301,0.1315,315.3362,54.6673,0,0,1,0,1,0,1,0,1,0,1,0,1
e0a09bed-254.jpg,184.1882,0.0,263.4102,63.6037,0,0,1,0,1,0,1,0,1,0,1,0,1
e0a09bed-254.jpg,188.3734,0.0,323.9486,51.1437,0,0,1,0,1,0,1,0,1,0,1,0,1
e0a09bed-254.jpg,114.2531,0.0,328.1436,70.2537,0,0,1,0,1,0,1,0,1,0,1,0,1
e0a09bed-254.jpg,174.8211,0.1059,289.2502,51.2845,0,0,1,0,1,0,1,0,1,0,1,0,1
e0a09bed-254.jpg,160.3652,0.0612,301.4268,52.2935,0,0,1,0,1,0,1,0,1,0,1,0,1
e0a09bed-254.jpg,196.5708,0.0,287.5084,62.9413,0,0,1,0,1,0,1,0,1,0,1,0,1
e0a09bed-254.jpg,185.2818,0.0804,269.0224,52.1935,0,0,1,0,1,0,1,0,1,0,1,0,1
e0a09bed-254.jpg,225.9118,0.1677,248.8074,26.438,0,0,1,0,1,0,1,0,1,0,1,0,1
e0a09bed-254.jpg,257.8428,0.167,217.1304,25.26,0,0,1,0,1,0,1,0,1,0,1,0,1
e0a09bed-254.jpg,195.1343,0.0668,273.3059,46.383,0,0,1,0,1,0,1,0,1,0,1,0,1
e0a09bed-254.jpg,189.071,0.0,264.665,52.0101,0,0,1,0,1,0,1,0,1,0,1,0,1
e0a09bed-254.jpg,178.5685,0.0965,291.5851,42.3239,0,0,1,0,1,0,1,0,1,0,1,0,1
e0a09bed-254.jpg,188.5325,0.1278,266.1009,37.8168,0,0,1,0,1,0,1,0,1,0,1,0,1
e0a09bed-254.jpg,206.6152,0.0,324.6053,50.7905,0,0,1,0,1,0,1,0,1,0,1,0,1
e0a09bed-254.jpg,194.5232,0.421,314.1005,74.6782,0,0,1,0,1,0,1,0,1,0,1,0,1
e0a09bed-254.jpg,209.4526,0.1572,257.6055,27.8261,0,0,1,0,1,0,1,0,1,0,1,0,1
e0a09bed-254.jpg,200.3868,0.1434,260.9231,31.9581,0,0,1,0,1,0,1,0,1,0,1,0,1
e0a09bed-254.jpg,169.9394,0.0934,301.861,41.9904,0,0,1,0,1,0,1,0,1,0,1,0,1
e0a09bed-254.jpg,179.067,0.0989,272.2028,41.5136,0,0,1,0,1,0,1,0,1,0,1,0,1
e0a09bed-254.jpg,264.6561,0.1949,218.3356,23.937,0,0,1,0,1,0,1,0,1,0,1,0,1
e0a09bed-254.jpg,198.2265,0.0564,248.0652,42.0396,0,0,1,0,1,0,1,0,1,0,1,0,1
e0a09bed-254.jpg,191.6188,0.0,244.816,51.3308,0,0,1,0,1,0,1,0,1,0,1,0,1
e0a09bed-254.jpg,201.5265,0.0,243.7426,41.8397,0,0,1,0,1,0,1,0,1,0,1,0,1
e0a09bed-254.jpg,0.0,1137.8234,251.4209,162.1766,0,0,1,0,1,0,1,0,1,0,1,0,1
e0a09bed-254.jpg,163.5944,0.5439,286.6575,67.8596,0,0,1,0,1,0,1,0,1,0,1,0,1
e0a09bed-254.jpg,157.3011,0.3459,283.0004,76.6426,0,0,1,0,1,0,1,0,1,0,1,0,1
e0a09bed-254.jpg,190.0345,0.057,282.2201,42.5296,0,0,1,0,1,0,1,0,1,0,1,0,1
e0a09bed-254.jpg,286.9297,0.2089,202.5688,22.7351,0,0,1,0,1,0,1,0,1,0,1,0,1
e0a09bed-254.jpg,195.4725,0.0,221.6663,42.7415,0,0,1,0,1,0,1,0,1,0,1,0,1
e0a09bed-254.jpg,202.7364,0.0,279.9971,38.3595,0,0,1,0,1,0,1,0,1,0,1,0,1
e0a09bed-254.jpg,202.4098,0.0,226.2178,42.7904,0,0,1,0,1,0,1,0,1,0,1,0,1
e0a09bed-254.jpg,158.0204,0.0,267.9813,70.9521,0,0,1,0,1,0,1,0,1,0,1,0,1
e0a09bed-254.jpg,0.0,0.0,29.88,261.6304,0,0,1,0,1,0,1,0,1,0,1,0,1
e0a09bed-254.jpg,219.8943,0.0,269.2511,34.8697,0,0,1,0,1,0,1,0,1,0,1,0,1
e0a09bed-254.jpg,1299.0812,0.0,192.9856,22.3567,0,0,1,0,1,0,1,0,1,0,1,0,1
e0a09bed-254.jpg,185.6963,0.0,241.7895,51.7348,0,0,1,0,1,0,1,0,1,0,1,0,1
e0a09bed-254.jpg,0.0,1156.8914,441.1409,143.1086,0,0,1,0,1,0,1,0,1,0,1,0,1
e0a09bed-254.jpg,254.8265,0.0,232.0225,33.0708,0,0,1,0,1,0,1,0,1,0,1,0,1
e0a09bed-254.jpg,1294.2988,0.0946,194.1345,24.9369,0,0,1,0,1,0,1,0,1,0,1,0,1
e2811a20-201.jpg,11.5249,551.6764,130.2271,162.4622,1,1,1,0,1,0,1,0,1,0,1,0,1
e2811a20-201.jpg,129.3428,575.6016,133.7538,171.9401,1,1,1,0,1,0,1,0,1,0,1,0,1
e2811a20-201.jpg,226.3426,579.9609,92.3177,168.003,1,1,1,0,1,0,1,0,1,0,1,0,1
e2811a20-201.jpg,269.7831,516.2215,118.0353,219.5223,1,1,1,0,1,0,1,0,1,0,1,0,1
e2811a20-201.jpg,55.3493,687.0054,117.9239,95.9684,1,1,1,0,1,0,1,0,1,0,1,0,1
e2811a20-201.jpg,146.8481,734.8448,165.61,112.4213,1,1,1,0,1,0,1,0,1,0,1,0,1
e2811a20-201.jpg,286.2806,735.2471,81.6299,97.9652,1,1,1,0,1,0,1,0,1,0,1,0,1
e2811a20-201.jpg,350.4155,693.5749,150.7567,183.1421,1,1,1,0,1,0,1,0,1,0,1,0,1
e2811a20-201.jpg,1335.4005,428.4857,157.3671,279.8588,1,1,1,0,1,0,1,0,1,0,1,0,1
e2811a20-201.jpg,1472.4421,517.6552,70.1979,196.6391,1,1,1,0,1,0,1,0,1,0,1,0,1
e2811a20-201.jpg,1510.8398,544.6027,92.4137,171.1498,1,1,1,0,1,0,1,0,1,0,1,0,1
e2811a20-201.jpg,1581.3035,536.5967,80.6909,155.5868,1,1,1,0,1,0,1,0,1,0,1,0,1
e2811a20-201.jpg,1403.9382,699.7575,96.3176,151.3865,1,1,1,0,1,0,1,0,1,0,1,0,1
e2811a20-201.jpg,459.79,906.5952,134.7816,102.4298,0,0,1,0,1,0,1,0,1,0,1,0,1
e2811a20-201.jpg,459.4009,906.154,136.7697,102.4547,0,0,1,0,1,0,1,0,1,0,1,0,1
e2811a20-201.jpg,459.2287,906.9509,135.1181,102.4691,0,0,1,0,1,0,1,0,1,0,1,0,1
e2811a20-201.jpg,460.5871,905.9141,133.7915,102.5173,0,0,1,0,1,0,1,0,1,0,1,0,1
e2811a20-201.jpg,459.1737,906.396,137.466,101.8404,0,0,1,0,1,0,1,0,1,0,1,0,1
e2811a20-201.jpg,460.0117,906.8224,135.0644,102.6146,0,0,1,0,1,0,1,0,1,0,1,0,1
e2811a20-201.jpg,1729.8855,1123.3998,270.1145,175.0542,0,0,1,0,1,0,1,0,1,0,1,0,1
e2b30393-88.jpg,41.9213,973.2039,318.6758,288.6525,1,1,1,0,1,0,1,0,1,0,1,0,1
e2b30393-88.jpg,76.8431,734.2636,325.4839,313.8569,1,1,1,0,1,0,1,0,1,0,1,0,1
e2b30393-88.jpg,534.0016,141.0737,211.8496,184.2775,1,1,1,0,1,0,1,0,1,0,1,0,1
e2b30393-88.jpg,708.6751,71.499,260.9938,192.3369,1,1,1,0,1,0,1,0,1,0,1,0,1
e2b30393-88.jpg,989.5301,72.8537,259.1684,197.9333,1,1,1,0,1,0,1,0,1,0,1,0,1
e2b30393-88.jpg,1237.6072,135.9204,201.2272,192.4305,1,1,1,0,1,0,1,0,1,0,1,0,1
e2b30393-88.jpg,1605.855,745.0107,316.9502,326.3045,1,1,1,0,1,0,1,0,1,0,1,0,1
e2b30393-88.jpg,1624.7009,995.5427,334.5723,276.3879,1,1,1,0,1,0,1,0,1,0,1,0,1
e2b30393-88.jpg,1.8051,16.4145,243.1127,400.9077,0,0,1,0,1,0,1,0,1,0,1,0,1
e2b30393-88.jpg,1.861,2.047,213.8094,508.6719,0,0,1,0,1,0,1,0,1,0,1,0,1
e2b30393-88.jpg,0.0,0.0,221.1035,482.2507,0,0,1,0,1,0,1,0,1,0,1,0,1
e2b30393-88.jpg,0.0,23.2936,234.6494,414.0605,0,0,1,0,1,0,1,0,1,0,1,0,1
e2b30393-88.jpg,901.1603,1136.6588,98.5775,94.7388,0,0,1,0,1,0,1,0,1,0,1,0,1
e2b30393-88.jpg,494.5797,0.2495,287.6169,41.349,0,0,1,0,1,0,1,0,1,0,1,0,1
e2b30393-88.jpg,984.9514,1152.9467,70.1125,132.111,0,0,1,0,1,0,1,0,1,0,1,0,1
e2b30393-88.jpg,983.2451,1156.0646,71.9845,129.6887,0,0,1,0,1,0,1,0,1,0,1,0,1
e2b30393-88.jpg,988.5256,1156.8716,64.3603,131.5006,0,0,1,0,1,0,1,0,1,0,1,0,1
e2b30393-88.jpg,497.599,0.204,302.6814,42.5484,0,0,1,0,1,0,1,0,1,0,1,0,1
e2b30393-88.jpg,1.1016,11.0044,215.6396,503.4518,0,0,1,0,1,0,1,0,1,0,1,0,1
e2b30393-88.jpg,910.1671,1134.2196,90.9643,96.6011,0,0,1,0,1,0,1,0,1,0,1,0,1
e2b30393-88.jpg,12.8586,15.0627,233.2817,375.8596,0,0,1,0,1,0,1,0,1,0,1,0,1
e2b30393-88.jpg,1958.215,425.3904,41.785,332.877,0,0,1,0,1,0,1,0,1,0,1,0,1
e2b30393-88.jpg,0.0,42.8248,31.5694,545.1618,0,0,1,0,1,0,1,0,1,0,1,0,1
e2b30393-88.jpg,1957.2083,449.4132,42.7917,319.7742,0,0,1,0,1,0,1,0,1,0,1,0,1
e2b30393-88.jpg,902.0792,1136.4395,97.8281,92.6321,0,0,1,0,1,0,1,0,1,0,1,0,1
e2b30393-88.jpg,995.6958,1157.3242,59.692,127.4906,0,0,1,0,1,0,1,0,1,0,1,0,1
e2b30393-88.jpg,0.0,88.8303,182.9677,491.1429,0,0,1,0,1,0,1,0,1,0,1,0,1
e2b30393-88.jpg,900.744,1136.2562,99.8203,94.183,0,0,1,0,1,0,1,0,1,0,1,0,1
e2b30393-88.jpg,981.2645,1158.6157,74.2628,127.3563,0,0,1,0,1,0,1,0,1,0,1,0,1
e2b30393-88.jpg,4.3662,20.304,243.7047,401.2477,0,0,1,0,1,0,1,0,1,0,1,0,1
e2b30393-88.jpg,1957.4944,411.0202,42.5056,344.2663,0,0,1,0,1,0,1,0,1,0,1,0,1
e2b30393-88.jpg,901.0683,1136.1755,99.2855,91.5792,0,0,1,0,1,0,1,0,1,0,1,0,1
e2b30393-88.jpg,984.5674,1154.7739,73.3021,131.0879,0,0,1,0,1,0,1,0,1,0,1,0,1
e2b30393-88.jpg,907.1324,1135.7975,95.6013,91.5605,0,0,1,0,1,0,1,0,1,0,1,0,1
e2b30393-88.jpg,1506.8496,0.0,360.5435,248.9576,0,0,1,0,1,0,1,0,1,0,1,0,1
e2b30393-88.jpg,907.2181,1134.6707,96.2791,89.4327,0,0,1,0,1,0,1,0,1,0,1,0,1
e2b30393-88.jpg,1958.1794,448.1061,41.8206,365.5931,0,0,1,0,1,0,1,0,1,0,1,0,1
e2b30393-88.jpg,1956.3796,435.8978,43.6204,360.6449,0,0,1,0,1,0,1,0,1,0,1,0,1
e2b30393-88.jpg,1958.078,504.2832,41.8602,359.5849,0,0,1,0,1,0,1,0,1,0,1,0,1
e2b30393-88.jpg,0.0,72.3654,42.0621,536.7335,0,0,1,0,1,0,1,0,1,0,1,0,1
e2b30393-88.jpg,0.0,62.1649,198.8759,507.8802,0,0,1,0,1,0,1,0,1,0,1,0,1
e2b30393-88.jpg,1514.1782,0.0,353.3551,253.0938,0,0,1,0,1,0,1,0,1,0,1,0,1
e2b30393-88.jpg,512.7335,0.1595,280.0337,43.28,0,0,1,0,1,0,1,0,1,0,1,0,1
e2b30393-88.jpg,1953.9385,477.7549,46.0615,318.5142,0,0,1,0,1,0,1,0,1,0,1,0,1
e2b30393-88.jpg,478.8404,0.0486,319.404,43.2496,0,0,1,0,1,0,1,0,1,0,1,0,1
e2b30393-88.jpg,989.0356,1153.4939,69.487,132.0615,0,0,1,0,1,0,1,0,1,0,1,0,1
e2b30393-88.jpg,1958.4116,483.3184,41.5256,363.6707,0,0,1,0,1,0,1,0,1,0,1,0,1
e2b30393-88.jpg,906.9192,1135.697,96.2172,88.7534,0,0,1,0,1,0,1,0,1,0,1,0,1
e2b30393-88.jpg,482.3777,0.1881,290.041,40.0712,0,0,1,0,1,0,1,0,1,0,1,0,1
e2b30393-88.jpg,911.4529,1136.3577,91.7269,92.3071,0,0,1,0,1,0,1,0,1,0,1,0,1
e2b30393-88.jpg,15.1279,12.2709,233.2511,395.3684,0,0,1,0,1,0,1,0,1,0,1,0,1
e2b30393-88.jpg,0.0,17.2207,28.469,566.7137,0,0,1,0,1,0,1,0,1,0,1,0,1
e2b30393-88.jpg,993.6926,1153.4443,62.2978,124.3263,0,0,1,0,1,0,1,0,1,0,1,0,1
e2b30393-88.jpg,1951.3035,394.6747,48.6965,371.3648,0,0,1,0,1,0,1,0,1,0,1,0,1
e2b30393-88.jpg,1967.1411,515.0876,32.8589,329.3587,0,0,1,0,1,0,1,0,1,0,1,0,1
e2b30393-88.jpg,1958.5551,462.5359,41.4036,368.3692,0,0,1,0,1,0,1,0,1,0,1,0,1
e2b30393-88.jpg,988.1748,1154.9862,66.0977,123.5508,0,0,1,0,1,0,1,0,1,0,1,0,1
e2b30393-88.jpg,475.558,0.1547,336.1484,44.4916,0,0,1,0,1,0,1,0,1,0,1,0,1
e3229c3b-19.jpg,751.4333,33.1962,251.5341,244.5915,2,1,1,1,1,0,1,0,1,0,1,0,1
e3229c3b-19.jpg,996.402,34.3671,251.8368,240.6617,2,1,1,1,1,0,1,0,1,0,1,0,1
e3229c3b-19.jpg,574.6953,116.8462,209.5249,197.8984,2,1,1,1,1,0,1,0,1,0,1,0,1
e3229c3b-19.jpg,410.0555,255.008,235.4693,235.2773,1,1,1,0,1,0,1,0,1,0,1,0,1
e3229c3b-19.jpg,308.6967,419.6287,267.0602,224.0532,1,1,1,0,1,0,1,0,1,0,1,0,1
e3229c3b-19.jpg,239.2281,616.8791,275.6459,215.2662,2,1,1,1,1,0,1,0,1,0,1,0,1
e3229c3b-19.jpg,188.9352,800.3748,309.3273,307.3387,5,1,1,1,1,1,1,1,1,1,1,0,1
e3229c3b-19.jpg,140.5557,1041.4929,298.2027,247.4501,6,1,1,1,1,1,1,1,1,1,1,1,1
e3229c3b-19.jpg,1213.809,129.9137,207.2838,210.9888,2,1,1,1,1,0,1,0,1,0,1,0,1
e3229c3b-19.jpg,1363.1963,253.1999,231.1951,236.1444,2,1,1,1,1,0,1,0,1,0,1,0,1
e3229c3b-19.jpg,1424.017,439.0892,284.4412,233.0479,3,1,1,1,1,1,1,0,1,0,1,0,1
e3229c3b-19.jpg,1505.5573,634.6019,278.4451,211.7514,2,1,1,1,1,0,1,0,1,0,1,0,1
e3229c3b-19.jpg,1531.2357,817.5596,310.4713,318.5577,5,1,1,1,1,1,1,1,1,1,1,0,1
e3229c3b-19.jpg,1593.0294,1069.462,275.9956,230.538,6,1,1,1,1,1,1,1,1,1,1,1,1
e3229c3b-19.jpg,1454.011,1275.8058,472.6227,24.1942,0,0,1,0,1,0,1,0,1,0,1,0,1
e3229c3b-19.jpg,1513.1796,1267.9066,376.3069,32.0934,0,0,1,0,1,0,1,0,1,0,1,0,1
e3229c3b-19.jpg,1408.4897,1273.994,531.9562,26.006,0,0,1,0,1,0,1,0,1,0,1,0,1
e3229c3b-19.jpg,1476.9457,1278.5253,452.2739,21.4747,0,0,1,0,1,0,1,0,1,0,1,0,1
e3229c3b-19.jpg,1567.739,1267.1694,212.9541,32.8306,0,0,1,0,1,0,1,0,1,0,1,0,1
e3229c3b-19.jpg,1465.389,1267.2428,408.7113,32.7572,0,0,1,0,1,0,1,0,1,0,1,0,1
e3229c3b-19.jpg,1407.5991,1268.7048,520.0892,31.2952,0,0,1,0,1,0,1,0,1,0,1,0,1
e3229c3b-19.jpg,1526.1958,1264.4153,380.218,35.5847,0,0,1,0,1,0,1,0,1,0,1,0,1
e3229c3b-19.jpg,1563.6287,1268.7747,206.2394,31.2253,0,0,1,0,1,0,1,0,1,0,1,0,1
e3229c3b-19.jpg,1482.3091,1270.0867,393.2687,29.9133,0,0,1,0,1,0,1,0,1,0,1,0,1
e3229c3b-19.jpg,1561.7748,1268.7157,198.7725,31.2843,0,0,1,0,1,0,1,0,1,0,1,0,1
e3229c3b-19.jpg,1369.7056,1273.9674,555.7716,26.0326,0,0,1,0,1,0,1,0,1,0,1,0,1
e3229c3b-19.jpg,1510.6339,1279.776,444.1459,20.224,0,0,1,0,1,0,1,0,1,0,1,0,1
e3229c3b-19.jpg,1568.299,1272.2759,191.7823,27.7241,0,0,1,0,1,0,1,0,1,0,1,0,1
e3229c3b-19.jpg,1567.1423,1272.7825,174.5521,27.2175,0,0,1,0,1,0,1,0,1,0,1,0,1
e3229c3b-19.jpg,0.0,1250.0608,122.6612,49.9392,0,0,1,0,1,0,1,0,1,0,1,0,1
e3229c3b-19.jpg,0.0,1253.2443,123.6254,46.7557,0,0,1,0,1,0,1,0,1,0,1,0,1
e3229c3b-19.jpg,18.1141,1281.0105,496.6912,18.9895,0,0,1,0,1,0,1,0,1,0,1,0,1
e3229c3b-19.jpg,1559.7233,1266.6294,197.4559,33.3706,0,0,1,0,1,0,1,0,1,0,1,0,1
e3229c3b-19.jpg,1553.3079,1272.0475,203.1121,27.9525,0,0,1,0,1,0,1,0,1,0,1,0,1
e3229c3b-19.jpg,0.0,1280.049,501.336,19.951,0,0,1,0,1,0,1,0,1,0,1,0,1
e3229c3b-19.jpg,0.0,1253.7052,130.866,46.2948,0,0,1,0,1,0,1,0,1,0,1,0,1
e3229c3b-19.jpg,1553.9069,1269.4818,222.1989,30.5182,0,0,1,0,1,0,1,0,1,0,1,0,1
e3229c3b-19.jpg,42.1286,1284.1918,472.3908,15.8082,0,0,1,0,1,0,1,0,1,0,1,0,1
e3229c3b-19.jpg,828.1659,0.3082,285.2833,80.8343,0,0,1,0,1,0,1,0,1,0,1,0,1
e3229c3b-19.jpg,1545.9668,1268.3765,248.1254,31.6235,0,0,1,0,1,0,1,0,1,0,1,0,1
e3229c3b-19.jpg,843.8649,0.1002,276.6309,77.1781,0,0,1,0,1,0,1,0,1,0,1,0,1
e3229c3b-19.jpg,1458.5735,1271.9916,384.692,28.0084,0,0,1,0,1,0,1,0,1,0,1,0,1
e3229c3b-19.jpg,1549.5098,1274.8871,277.8246,25.1129,0,0,1,0,1,0,1,0,1,0,1,0,1
e3229c3b-19.jpg,1549.3906,1270.0612,200.5165,29.9388,0,0,1,0,1,0,1,0,1,0,1,0,1
e3229c3b-19.jpg,1560.5723,1272.8489,211.9286,27.1511,0,0,1,0,1,0,1,0,1,0,1,0,1
e3229c3b-19.jpg,871.0115,0.0,256.7275,74.8634,0,0,1,0,1,0,1,0,1,0,1,0,1
e3229c3b-19.jpg,1557.7,1277.2982,260.2684,22.7018,0,0,1,0,1,0,1,0,1,0,1,0,1
e3229c3b-19.jpg,1543.0762,1277.1046,282.5479,22.8954,0,0,1,0,1,0,1,0,1,0,1,0,1
e3229c3b-19.jpg,0.0,1281.1139,498.6333,18.8861,0,0,1,0,1,0,1,0,1,0,1,0,1
e3229c3b-19.jpg,1559.4427,1275.2893,188.6848,24.7107,0,0,1,0,1,0,1,0,1,0,1,0,1
e3229c3b-19.jpg,864.7495,0.0,262.8003,77.8215,0,0,1,0,1,0,1,0,1,0,1,0,1
e3229c3b-19.jpg,1487.5316,0.0982,239.3029,25.8934,0,0,1,0,1,0,1,0,1,0,1,0,1
e3229c3b-19.jpg,861.9617,0.0,273.8461,78.2644,0,0,1,0,1,0,1,0,1,0,1,0,1
e3229c3b-19.jpg,1542.6017,1252.5751,457.3983,47.4249,0,0,1,0,1,0,1,0,1,0,1,0,1
e3229c3b-19.jpg,1554.9514,1266.8892,258.5698,33.1108,0,0,1,0,1,0,1,0,1,0,1,0,1
e3229c3b-19.jpg,1552.2251,1282.0306,266.6168,17.9694,0,0,1,0,1,0,1,0,1,0,1,0,1
e3229c3b-19.jpg,797.2988,1.9821,283.196,87.7453,0,0,1,0,1,0,1,0,1,0,1,0,1
e3229c3b-19.jpg,0.6871,796.8973,109.616,502.2811,0,0,1,0,1,0,1,0,1,0,1,0,1
e3229c3b-19.jpg,914.4794,0.6079,226.606,81.4056,0,0,1,0,1,0,1,0,1,0,1,0,1
e3229c3b-19.jpg,1528.2397,1274.6061,271.4906,25.3939,0,0,1,0,1,0,1,0,1,0,1,0,1
e3229c3b-19.jpg,0.1065,801.4694,111.2391,498.5306,0,0,1,0,1,0,1,0,1,0,1,0,1
e3229c3b-19.jpg,0.3328,737.6116,117.4867,562.3884,0,0,1,0,1,0,1,0,1,0,1,0,1
e3229c3b-19.jpg,0.0,1267.0728,498.5727,32.9272,0,0,1,0,1,0,1,0,1,0,1,0,1
e3229c3b-19.jpg,883.6229,0.0,247.9775,66.3369,0,0,1,0,1,0,1,0,1,0,1,0,1
e559ff0b-260.jpg,21.5405,15.682,331.0718,288.3005,1,1,1,0,1,0,1,0,1,0,1,0,1
e559ff0b-260.jpg,86.8567,271.205,346.6526,339.649,2,1,1,1,1,0,1,0,1,0,1,0,1
e559ff0b-260.jpg,217.7583,566.0331,241.0354,253.2125,1,1,1,0,1,0,1,0,1,0,1,0,1
e559ff0b-260.jpg,320.9727,771.2877,226.8334,228.4805,1,1,1,0,1,0,1,0,1,0,1,0,1
e559ff0b-260.jpg,1184.5277,917.8704,201.9189,179.7928,1,1,1,0,1,0,1,0,1,0,1,0,1
e559ff0b-260.jpg,1354.204,759.9896,218.8751,244.9411,1,1,1,0,1,0,1,0,1,0,1,0,1
e559ff0b-260.jpg,1481.3932,596.9241,237.8735,253.4409,1,1,1,0,1,0,1,0,1,0,1,0,1
e559ff0b-260.jpg,1515.2786,298.0765,343.2335,345.9872,3,1,1,1,1,1,1,0,1,0,1,0,1
e559ff0b-260.jpg,1624.376,30.5745,328.4058,305.2003,4,1,1,1,1,1,1,1,1,0,1,0,1
e559ff0b-260.jpg,71.296,1228.2737,208.7379,71.3163,0,0,1,0,1,0,1,0,1,0,1,0,1
e559ff0b-260.jpg,1652.5764,1137.7485,253.9062,161.2343,0,0,1,0,1,0,1,0,1,0,1,0,1
e559ff0b-260.jpg,68.1346,1227.9236,212.2246,72.0066,0,0,1,0,1,0,1,0,1,0,1,0,1
e559ff0b-260.jpg,70.0426,1228.6503,218.6831,71.3029,0,0,1,0,1,0,1,0,1,0,1,0,1
e559ff0b-260.jpg,1615.1705,1135.3269,292.5166,163.7909,0,0,1,0,1,0,1,0,1,0,1,0,1
e559ff0b-260.jpg,68.6677,1227.9856,213.2992,72.0144,0,0,1,0,1,0,1,0,1,0,1,0,1
e559ff0b-260.jpg,68.5125,1227.1549,211.701,72.8451,0,0,1,0,1,0,1,0,1,0,1,0,1
e559ff0b-260.jpg,1669.59,1141.2876,237.7942,158.3893,0,0,1,0,1,0,1,0,1,0,1,0,1
e559ff0b-260.jpg,71.2328,1227.6967,214.0542,72.1671,0,0,1,0,1,0,1,0,1,0,1,0,1
e559ff0b-260.jpg,1609.3252,1134.762,300.4315,165.1227,0,0,1,0,1,0,1,0,1,0,1,0,1
e559ff0b-260.jpg,1628.3372,1140.1605,279.3007,159.8395,0,0,1,0,1,0,1,0,1,0,1,0,1
e559ff0b-260.jpg,1615.3877,1139.587,294.7944,160.413,0,0,1,0,1,0,1,0,1,0,1,0,1
e559ff0b-260.jpg,60.8204,1226.589,212.1786,72.67,0,0,1,0,1,0,1,0,1,0,1,0,1
e559ff0b-260.jpg,1645.1576,1139.6265,261.3136,159.1892,0,0,1,0,1,0,1,0,1,0,1,0,1
e559ff0b-260.jpg,1604.4865,1134.4384,298.5276,165.5616,0,0,1,0,1,0,1,0,1,0,1,0,1
e559ff0b-260.jpg,74.3959,1229.9791,217.6939,69.7117,0,0,1,0,1,0,1,0,1,0,1,0,1
e559ff0b-260.jpg,0.0,1155.2789,31.342,144.288,0,0,1,0,1,0,1,0,1,0,1,0,1
e559ff0b-260.jpg,1609.507,1135.2461,296.9926,164.7539,0,0,1,0,1,0,1,0,1,0,1,0,1
e559ff0b-260.jpg,0.1283,1150.1561,32.545,149.8439,0,0,1,0,1,0,1,0,1,0,1,0,1
e559ff0b-260.jpg,0.0,1125.6464,24.1494,174.3536,0,0,1,0,1,0,1,0,1,0,1,0,1
e559ff0b-260.jpg,0.0,1104.875,24.6108,195.125,0,0,1,0,1,0,1,0,1,0,1,0,1
e559ff0b-260.jpg,0.0,1164.7659,25.7037,135.2341,0,0,1,0,1,0,1,0,1,0,1,0,1
e559ff0b-260.jpg,0.0834,1141.8304,33.0893,158.1696,0,0,1,0,1,0,1,0,1,0,1,0,1
e559ff0b-260.jpg,0.0,1151.9612,23.6207,148.0388,0,0,1,0,1,0,1,0,1,0,1,0,1
e559ff0b-260.jpg,0.0,1114.6117,34.3918,185.3883,0,0,1,0,1,0,1,0,1,0,1,0,1
e559ff0b-260.jpg,75.6329,1222.558,221.5257,77.042,0,0,1,0,1,0,1,0,1,0,1,0,1
e559ff0b-260.jpg,2.6195,1120.7899,160.0587,179.2101,0,0,1,0,1,0,1,0,1,0,1,0,1
e559ff0b-260.jpg,0.0,1087.2705,24.2271,212.7295,0,0,1,0,1,0,1,0,1,0,1,0,1
e559ff0b-260.jpg,71.5921,1229.2305,223.1892,70.7695,0,0,1,0,1,0,1,0,1,0,1,0,1
e559ff0b-260.jpg,0.0,1209.944,530.2027,90.056,0,0,1,0,1,0,1,0,1,0,1,0,1
e559ff0b-260.jpg,0.2335,1106.9506,29.328,191.1724,0,0,1,0,1,0,1,0,1,0,1,0,1
e559ff0b-260.jpg,4.2167,1113.0945,129.452,185.0376,0,0,1,0,1,0,1,0,1,0,1,0,1
e559ff0b-260.jpg,0.0,1216.6294,517.6115,83.3706,0,0,1,0,1,0,1,0,1,0,1,0,1
e559ff0b-260.jpg,0.0,1093.1992,34.9812,206.8008,0,0,1,0,1,0,1,0,1,0,1,0,1
e559ff0b-260.jpg,83.3637,1222.517,179.6729,77.483,0,0,1,0,1,0,1,0,1,0,1,0,1
e559ff0b-260.jpg,0.3275,1184.2964,32.088,115.1085,0,0,1,0,1,0,1,0,1,0,1,0,1
e559ff0b-260.jpg,0.0,1242.3722,338.6882,57.6278,0,0,1,0,1,0,1,0,1,0,1,0,1
e559ff0b-260.jpg,71.5754,1230.0863,212.2205,69.756,0,0,1,0,1,0,1,0,1,0,1,0,1
e559ff0b-260.jpg,1610.6106,1105.3586,300.04,194.6414,0,0,1,0,1,0,1,0,1,0,1,0,1
e559ff0b-260.jpg,0.0,1186.1433,40.2388,113.8567,0,0,1,0,1,0,1,0,1,0,1,0,1
e559ff0b-260.jpg,78.2448,1229.812,195.3309,70.188,0,0,1,0,1,0,1,0,1,0,1,0,1
e559ff0b-260.jpg,1636.0416,1131.7935,272.8973,168.2065,0,0,1,0,1,0,1,0,1,0,1,0,1
e559ff0b-260.jpg,0.3232,1068.6058,29.3286,231.3942,0,0,1,0,1,0,1,0,1,0,1,0,1
e559ff0b-260.jpg,2.2107,1085.7452,130.6041,214.2548,0,0,1,0,1,0,1,0,1,0,1,0,1
e559ff0b-260.jpg,1638.6816,0.0,315.4502,56.3602,0,0,1,0,1,0,1,0,1,0,1,0,1
e559ff0b-260.jpg,0.0,1070.5214,22.0673,229.4786,0,0,1,0,1,0,1,0,1,0,1,0,1
e559ff0b-260.jpg,0.0,1211.1941,481.5618,88.8059,0,0,1,0,1,0,1,0,1,0,1,0,1
e559ff0b-260.jpg,5.9328,1115.5704,152.4233,184.4296,0,0,1,0,1,0,1,0,1,0,1,0,1
e559ff0b-260.jpg,72.0763,1218.5253,210.7175,81.4747,0,0,1,0,1,0,1,0,1,0,1,0,1
e559ff0b-260.jpg,0.0,1073.8115,35.2561,226.1885,0,0,1,0,1,0,1,0,1,0,1,0,1
e957f889-55.jpg,320.4356,621.2445,125.1017,182.3496,1,1,1,0,1,0,1,0,1,0,1,0,1
e957f889-55.jpg,466.8298,337.6841,239.6198,317.3004,1,1,1,0,1,0,1,0,1,0,1,0,1
e957f889-55.jpg,446.7287,626.5182,116.0988,226.3101,1,1,1,0,1,0,1,0,1,0,1,0,1
e957f889-55.jpg,698.0363,372.3493,295.6216,320.4927,1,1,1,0,1,0,1,0,1,0,1,0,1
e957f889-55.jpg,978.528,418.6064,273.0429,299.5983,1,1,1,0,1,0,1,0,1,0,1,0,1
e957f889-55.jpg,1236.8568,385.3578,255.3433,316.9818,1,1,1,0,1,0,1,0,1,0,1,0,1
e957f889-55.jpg,1477.0372,400.8068,281.4537,280.9396,1,1,1,0,1,0,1,0,1,0,1,0,1
e957f889-55.jpg,637.5469,991.5476,391.3185,303.0582,0,0,1,0,1,0,1,0,1,0,1,0,1
e957f889-55.jpg,638.3779,1001.2449,370.3272,294.2504,0,0,1,0,1,0,1,0,1,0,1,0,1
e957f889-55.jpg,638.1198,1000.6188,347.4716,295.6978,0,0,1,0,1,0,1,0,1,0,1,0,1
e957f889-55.jpg,643.1409,998.4287,460.5506,289.8857,0,0,1,0,1,0,1,0,1,0,1,0,1
e957f889-55.jpg,640.3738,997.5147,464.1143,302.4853,0,0,1,0,1,0,1,0,1,0,1,0,1
e957f889-55.jpg,415.6266,624.5986,56.4624,119.4288,0,0,1,0,1,0,1,0,1,0,1,0,1
e957f889-55.jpg,419.0614,623.6346,53.4076,117.9856,0,0,1,0,1,0,1,0,1,0,1,0,1
e957f889-55.jpg,641.1868,1001.3394,326.7761,293.7206,0,0,1,0,1,0,1,0,1,0,1,0,1
e957f889-55.jpg,637.1042,976.337,405.1584,317.4364,0,0,1,0,1,0,1,0,1,0,1,0,1
e957f889-55.jpg,640.6123,1000.8058,344.0697,294.6087,0,0,1,0,1,0,1,0,1,0,1,0,1
e957f889-55.jpg,635.3656,982.2779,363.5742,314.2276,0,0,1,0,1,0,1,0,1,0,1,0,1
e957f889-55.jpg,640.6404,961.6287,434.8156,329.371,0,0,1,0,1,0,1,0,1,0,1,0,1
e957f889-55.jpg,200.7748,0.0183,410.6241,47.7278,0,0,1,0,1,0,1,0,1,0,1,0,1
e957f889-55.jpg,736.6514,1255.4806,346.9307,44.5194,0,0,1,0,1,0,1,0,1,0,1,0,1
e957f889-55.jpg,0.0,0.0,9.4517,256.0327,0,0,1,0,1,0,1,0,1,0,1,0,1
e957f889-55.jpg,165.9861,386.1244,59.5847,198.7667,0,0,1,0,1,0,1,0,1,0,1,0,1
e957f889-55.jpg,352.1728,0.3232,269.559,50.7772,0,0,1,0,1,0,1,0,1,0,1,0,1
e957f889-55.jpg,182.4238,0.1602,421.1608,94.7975,0,0,1,0,1,0,1,0,1,0,1,0,1
e957f889-55.jpg,173.0945,0.025,433.5492,81.279,0,0,1,0,1,0,1,0,1,0,1,0,1
e957f889-55.jpg,237.878,0.1447,373.775,47.6926,0,0,1,0,1,0,1,0,1,0,1,0,1
e957f889-55.jpg,743.9287,1258.0032,350.7056,41.9968,0,0,1,0,1,0,1,0,1,0,1,0,1
e957f889-55.jpg,182.2071,299.4895,73.2054,287.6919,0,0,1,0,1,0,1,0,1,0,1,0,1
e957f889-55.jpg,163.3302,331.5611,66.576,251.8648,0,0,1,0,1,0,1,0,1,0,1,0,1
e957f889-55.jpg,423.4658,0.0968,199.4362,53.2895,0,0,1,0,1,0,1,0,1,0,1,0,1
e957f889-55.jpg,411.77,619.1385,59.0379,132.7081,0,0,1,0,1,0,1,0,1,0,1,0,1
e957f889-55.jpg,422.9064,620.2073,53.688,130.9578,0,0,1,0,1,0,1,0,1,0,1,0,1
e957f889-55.jpg,0.0,0.0,33.0088,260.0165,0,0,1,0,1,0,1,0,1,0,1,0,1
e957f889-55.jpg,399.3308,624.9771,71.9484,189.1437,0,0,1,0,1,0,1,0,1,0,1,0,1
e957f889-55.jpg,637.383,966.3008,481.6519,323.5293,0,0,1,0,1,0,1,0,1,0,1,0,1
e957f889-55.jpg,636.3674,996.4903,382.0419,299.2912,0,0,1,0,1,0,1,0,1,0,1,0,1
e957f889-55.jpg,166.5796,413.7652,57.3449,156.9482,0,0,1,0,1,0,1,0,1,0,1,0,1
e957f889-55.jpg,154.1323,0.0,455.8954,54.7623,0,0,1,0,1,0,1,0,1,0,1,0,1
e957f889-55.jpg,420.2949,625.0125,50.4819,115.5869,0,0,1,0,1,0,1,0,1,0,1,0,1
e957f889-55.jpg,165.1984,385.8607,61.4274,198.6584,0,0,1,0,1,0,1,0,1,0,1,0,1
e957f889-55.jpg,167.0753,297.5219,95.6867,286.4332,0,0,1,0,1,0,1,0,1,0,1,0,1
e957f889-55.jpg,418.2371,621.7038,59.1924,141.1897,0,0,1,0,1,0,1,0,1,0,1,0,1
e957f889-55.jpg,596.424,0.0,427.1625,148.2492,0,0,1,0,1,0,1,0,1,0,1,0,1
e957f889-55.jpg,161.6283,409.3058,64.6799,169.3552,0,0,1,0,1,0,1,0,1,0,1,0,1
e957f889-55.jpg,438.7469,0.092,163.6872,45.7062,0,0,1,0,1,0,1,0,1,0,1,0,1
e957f889-55.jpg,165.9998,339.2903,60.3817,266.4659,0,0,1,0,1,0,1,0,1,0,1,0,1
e957f889-55.jpg,597.487,0.0,355.797,146.7361,0,0,1,0,1,0,1,0,1,0,1,0,1
e957f889-55.jpg,427.3928,0.249,177.9359,51.9562,0,0,1,0,1,0,1,0,1,0,1,0,1
e957f889-55.jpg,407.4427,624.186,58.6365,127.3771,0,0,1,0,1,0,1,0,1,0,1,0,1
e957f889-55.jpg,426.2145,622.8311,49.4665,125.3015,0,0,1,0,1,0,1,0,1,0,1,0,1
e957f889-55.jpg,165.9862,416.1288,59.0271,157.4398,0,0,1,0,1,0,1,0,1,0,1,0,1
e957f889-55.jpg,430.8289,0.0758,174.3553,51.3788,0,0,1,0,1,0,1,0,1,0,1,0,1
e957f889-55.jpg,166.7084,451.394,52.0327,118.1803,0,0,1,0,1,0,1,0,1,0,1,0,1
e957f889-55.jpg,0.0,0.0,1.0994,303.5543,0,0,1,0,1,0,1,0,1,0,1,0,1
e958bf9f-107.jpg,645.5415,503.161,215.2626,220.5111,2,1,1,1,1,0,1,0,1,0,1,0,1
e958bf9f-107.jpg,613.2918,695.1224,164.8634,197.0765,2,1,1,1,1,0,1,0,1,0,1,0,1
e958bf9f-107.jpg,615.0743,878.7667,140.3717,122.9182,1,1,1,0,1,0,1,0,1,0,1,0,1
e958bf9f-107.jpg,647.7814,967.7816,174.8924,117.7556,1,1,1,0,1,0,1,0,1,0,1,0,1
e958bf9f-107.jpg,733.5948,397.2819,180.1682,152.7549,1,1,1,0,1,0,1,0,1,0,1,0,1
e958bf9f-107.jpg,790.5465,269.1209,170.2457,148.5843,4,1,1,1,1,1,1,1,1,0,1,0,1
e958bf9f-107.jpg,892.413,210.0452,139.7078,131.1656,4,1,1,1,1,1,1,1,1,0,1,0,1
e958bf9f-107.jpg,989.4412,164.8169,121.8885,133.767,4,1,1,1,1,1,1,1,1,0,1,0,1
e958bf9f-107.jpg,1103.5243,157.9626,111.5072,125.1846,4,1,1,1,1,1,1,1,1,0,1,0,1
e958bf9f-107.jpg,1206.4092,170.4223,120.2572,122.2792,4,1,1,1,1,1,1,1,1,0,1,0,1
e958bf9f-107.jpg,1297.785,214.6786,123.5422,113.1941,4,1,1,1,1,1,1,1,1,0,1,0,1
e958bf9f-107.jpg,1363.5219,260.5988,137.3392,143.2349,4,1,1,1,1,1,1,1,1,0,1,0,1
e958bf9f-107.jpg,1415.08,572.4656,235.0913,224.2099,3,1,1,1,1,1,1,0,1,0,1,0,1
e958bf9f-107.jpg,1521.8021,775.2429,162.011,142.1213,3,1,1,1,1,1,1,0,1,0,1,0,1
e958bf9f-107.jpg,1367.6616,370.5254,184.8497,138.0832,2,1,1,1,1,0,1,0,1,0,1,0,1
e958bf9f-107.jpg,1350.467,468.681,186.7805,159.3735,4,1,1,1,1,1,1,1,1,0,1,0,1
e958bf9f-107.jpg,1538.0853,908.0269,149.0884,126.344,1,1,1,0,1,0,1,0,1,0,1,0,1
e958bf9f-107.jpg,1473.1112,979.2918,183.7816,152.2527,2,1,1,1,1,0,1,0,1,0,1,0,1
e958bf9f-107.jpg,1407.3577,1029.2905,140.2252,142.3092,1,1,1,0,1,0,1,0,1,0,1,0,1
ec98b5a9-206.jpg,177.07,900.4939,302.4086,254.0541,5,1,1,1,1,1,1,1,1,1,1,0,1
ec98b5a9-206.jpg,252.886,660.1895,318.7585,283.375,3,1,1,1,1,1,1,0,1,0,1,0,1
ec98b5a9-206.jpg,356.8935,543.5406,261.2429,189.142,1,1,1,0,1,0,1,0,1,0,1,0,1
ec98b5a9-206.jpg,405.7818,382.3206,231.6145,220.5146,2,1,1,1,1,0,1,0,1,0,1,0,1
ec98b5a9-206.jpg,1289.3043,475.3477,267.5295,202.602,1,1,1,0,1,0,1,0,1,0,1,0,1
ec98b5a9-206.jpg,1346.9115,604.3973,315.7247,286.3693,2,1,1,1,1,0,1,0,1,0,1,0,1
ec98b5a9-206.jpg,1441.2214,839.6676,306.2292,278.4766,4,1,1,1,1,1,1,1,1,0,1,0,1
ec98b5a9-206.jpg,1643.0396,1034.2648,130.474,104.2427,1,1,1,0,1,0,1,0,1,0,1,0,1
ec98b5a9-206.jpg,242.0839,1242.3594,128.4531,57.6406,2,1,1,1,1,0,1,0,1,0,1,0,1
ec98b5a9-206.jpg,0.0,1033.8553,137.4065,266.1447,0,0,1,0,1,0,1,0,1,0,1,0,1
ec98b5a9-206.jpg,0.3761,1033.9619,135.1813,265.526,0,0,1,0,1,0,1,0,1,0,1,0,1
ec98b5a9-206.jpg,0.0,1033.5959,138.8015,265.485,0,0,1,0,1,0,1,0,1,0,1,0,1
ec98b5a9-206.jpg,1911.9513,450.7375,88.0487,402.4775,0,0,1,0,1,0,1,0,1,0,1,0,1
ec98b5a9-206.jpg,0.0,1048.2449,141.8975,251.7551,0,0,1,0,1,0,1,0,1,0,1,0,1
ec98b5a9-206.jpg,1909.4719,449.1738,90.5281,416.2601,0,0,1,0,1,0,1,0,1,0,1,0,1
ec98b5a9-206.jpg,1908.1589,447.0325,91.6992,388.0698,0,0,1,0,1,0,1,0,1,0,1,0,1
ec98b5a9-206.jpg,1907.4801,445.4492,92.5199,394.7713,0,0,1,0,1,0,1,0,1,0,1,0,1
ec98b5a9-206.jpg,0.4523,1049.543,139.9267,250.457,0,0,1,0,1,0,1,0,1,0,1,0,1
ec98b5a9-206.jpg,1381.5223,0.0,466.4246,74.8047,0,0,1,0,1,0,1,0,1,0,1,0,1
ec98b5a9-206.jpg,357.472,1251.8696,235.8029,48.1304,0,0,1,0,1,0,1,0,1,0,1,0,1
ec98b5a9-206.jpg,1399.9043,0.0093,508.7878,75.1826,0,0,1,0,1,0,1,0,1,0,1,0,1
ec98b5a9-206.jpg,1913.8794,470.7345,86.1206,382.0531,0,0,1,0,1,0,1,0,1,0,1,0,1
ec98b5a9-206.jpg,1907.5281,437.3715,92.4719,346.8737,0,0,1,0,1,0,1,0,1,0,1,0,1
ec98b5a9-206.jpg,1907.8291,435.1574,91.9288,362.195,0,0,1,0,1,0,1,0,1,0,1,0,1
ec98b5a9-206.jpg,1917.1995,469.8596,82.8005,375.9203,0,0,1,0,1,0,1,0,1,0,1,0,1
ec98b5a9-206.jpg,1382.7744,0.0558,424.7196,77.5382,0,0,1,0,1,0,1,0,1,0,1,0,1
ec98b5a9-206.jpg,1388.9204,0.0,486.0759,81.9013,0,0,1,0,1,0,1,0,1,0,1,0,1
ec98b5a9-206.jpg,1813.595,487.3992,154.4437,333.4303,0,0,1,0,1,0,1,0,1,0,1,0,1
ec98b5a9-206.jpg,1375.3386,0.0176,432.4014,79.0889,0,0,1,0,1,0,1,0,1,0,1,0,1
ec98b5a9-206.jpg,1396.8407,0.0,285.9027,78.2017,0,0,1,0,1,0,1,0,1,0,1,0,1
ec98b5a9-206.jpg,1399.0295,0.0,282.5242,82.5572,0,0,1,0,1,0,1,0,1,0,1,0,1
ec98b5a9-206.jpg,1391.0564,0.0,391.3363,90.3774,0,0,1,0,1,0,1,0,1,0,1,0,1
ec98b5a9-206.jpg,303.61,1252.8362,291.9655,46.9902,0,0,1,0,1,0,1,0,1,0,1,0,1
ec98b5a9-206.jpg,831.9799,1165.4091,534.6505,134.5909,0,0,1,0,1,0,1,0,1,0,1,0,1
ec98b5a9-206.jpg,1388.6163,0.0722,317.6724,79.6877,0,0,1,0,1,0,1,0,1,0,1,0,1
ec98b5a9-206.jpg,1374.3334,0.1475,385.6388,82.6635,0,0,1,0,1,0,1,0,1,0,1,0,1
ec98b5a9-206.jpg,1387.3016,0.0,387.9982,83.4059,0,0,1,0,1,0,1,0,1,0,1,0,1
ec98b5a9-206.jpg,1808.9996,515.4884,133.8542,286.7855,0,0,1,0,1,0,1,0,1,0,1,0,1
ec98b5a9-206.jpg,1395.5533,0.0,367.4172,88.5801,0,0,1,0,1,0,1,0,1,0,1,0,1
ec98b5a9-206.jpg,1386.4552,0.0,423.7758,80.8532,0,0,1,0,1,0,1,0,1,0,1,0,1
ec98b5a9-206.jpg,1811.8027,504.396,134.2407,294.2259,0,0,1,0,1,0,1,0,1,0,1,0,1
ec98b5a9-206.jpg,1374.2172,0.0,522.2761,93.1487,0,0,1,0,1,0,1,0,1,0,1,0,1
ec98b5a9-206.jpg,1385.561,0.0,390.2026,86.5732,0,0,1,0,1,0,1,0,1,0,1,0,1
ec98b5a9-206.jpg,824.6192,1164.3278,529.6125,135.6722,0,0,1,0,1,0,1,0,1,0,1,0,1
ec98b5a9-206.jpg,1379.9606,0.0,430.6786,88.7171,0,0,1,0,1,0,1,0,1,0,1,0,1
ec98b5a9-206.jpg,79.4532,839.826,62.2656,126.4679,0,0,1,0,1,0,1,0,1,0,1,0,1
ec98b5a9-206.jpg,1377.1661,0.0,433.6201,82.9548,0,0,1,0,1,0,1,0,1,0,1,0,1
ec98b5a9-206.jpg,1390.5057,0.0,306.5643,79.7133,0,0,1,0,1,0,1,0,1,0,1,0,1
ec98b5a9-206.jpg,868.3124,1164.7031,486.1262,135.2969,0,0,1,0,1,0,1,0,1,0,1,0,1
ec98b5a9-206.jpg,1407.7419,0.0,534.0828,91.7465,0,0,1,0,1,0,1,0,1,0,1,0,1
ec98b5a9-206.jpg,879.7345,1164.8236,492.1116,135.1764,0,0,1,0,1,0,1,0,1,0,1,0,1
ec98b5a9-206.jpg,1394.8442,0.0,304.108,84.3067,0,0,1,0,1,0,1,0,1,0,1,0,1
ec98b5a9-206.jpg,1399.0166,0.0334,281.0626,75.0807,0,0,1,0,1,0,1,0,1,0,1,0,1
ec98b5a9-206.jpg,0.0,1033.2218,129.6483,266.7782,0,0,1,0,1,0,1,0,1,0,1,0,1
ec98b5a9-206.jpg,1909.5038,475.8315,90.4365,212.1732,0,0,1,0,1,0,1,0,1,0,1,0,1
ec98b5a9-206.jpg,1916.4774,555.3644,83.5226,369.5169,0,0,1,0,1,0,1,0,1,0,1,0,1
ec98b5a9-206.jpg,1807.5966,515.2253,132.6031,270.8592,0,0,1,0,1,0,1,0,1,0,1,0,1
ec98b5a9-206.jpg,1820.7201,492.7119,138.408,322.5451,0,0,1,0,1,0,1,0,1,0,1,0,1
ec98b5a9-206.jpg,1471.6068,97.2705,274.8826,407.1622,0,0,1,0,1,0,1,0,1,0,1,0,1
f07e5340-266.jpg,173.715,303.6239,340.0571,311.1275,2,1,1,1,1,0,1,0,1,0,1,0,1
f07e5340-266.jpg,279.6538,546.6714,285.7725,228.154,1,1,1,0,1,0,1,0,1,0,1,0,1
f07e5340-266.jpg,336.907,704.2849,254.6186,234.5996,1,1,1,0,1,0,1,0,1,0,1,0,1
f07e5340-266.jpg,461.8099,851.449,187.0536,174.0978,1,1,1,0,1,0,1,0,1,0,1,0,1
f07e5340-266.jpg,633.8705,885.3527,189.8443,158.2188,1,1,1,0,1,0,1,0,1,0,1,0,1
f07e5340-266.jpg,1273.656,856.1368,186.3295,185.186,1,1,1,0,1,0,1,0,1,0,1,0,1
f07e5340-266.jpg,1356.8894,722.1907,260.1971,251.2878,1,1,1,0,1,0,1,0,1,0,1,0,1
f07e5340-266.jpg,1465.9265,325.2241,350.7272,320.5051,2,1,1,1,1,0,1,0,1,0,1,0,1
f07e5340-266.jpg,1571.6516,76.7184,311.3209,291.8958,1,1,1,0,1,0,1,0,1,0,1,0,1
f07e5340-266.jpg,1658.4994,533.5847,341.5006,615.5455,0,0,1,0,1,0,1,0,1,0,1,0,1
f07e5340-266.jpg,1667.0945,507.0279,332.9055,611.1857,0,0,1,0,1,0,1,0,1,0,1,0,1
f07e5340-266.jpg,1682.3494,506.2769,317.6506,607.1476,0,0,1,0,1,0,1,0,1,0,1,0,1
f07e5340-266.jpg,1653.1382,557.6454,346.8618,616.0198,0,0,1,0,1,0,1,0,1,0,1,0,1
f07e5340-266.jpg,1651.6724,535.4186,348.3276,617.5826,0,0,1,0,1,0,1,0,1,0,1,0,1
f07e5340-266.jpg,1687.5516,471.268,312.4484,611.131,0,0,1,0,1,0,1,0,1,0,1,0,1
f07e5340-266.jpg,1655.0039,509.8784,344.9961,612.7131,0,0,1,0,1,0,1,0,1,0,1,0,1
f07e5340-266.jpg,1688.0691,447.3166,311.9309,605.945,0,0,1,0,1,0,1,0,1,0,1,0,1
f07e5340-266.jpg,1676.9877,470.893,323.0123,612.686,0,0,1,0,1,0,1,0,1,0,1,0,1
f07e5340-266.jpg,0.0,433.91,68.8178,469.0012,0,0,1,0,1,0,1,0,1,0,1,0,1
f07e5340-266.jpg,0.0,425.347,61.5056,420.5596,0,0,1,0,1,0,1,0,1,0,1,0,1
f07e5340-266.jpg,0.0,450.6466,72.2831,474.6121,0,0,1,0,1,0,1,0,1,0,1,0,1
f07e5340-266.jpg,0.0,419.9892,65.3087,452.7201,0,0,1,0,1,0,1,0,1,0,1,0,1
f07e5340-266.jpg,1746.8662,2.3363,219.4061,159.1477,0,0,1,0,1,0,1,0,1,0,1,0,1
f07e5340-266.jpg,0.0,401.4591,64.7696,588.5481,0,0,1,0,1,0,1,0,1,0,1,0,1
f07e5340-266.jpg,1714.991,0.5436,261.0463,155.8345,0,0,1,0,1,0,1,0,1,0,1,0,1
f07e5340-266.jpg,1718.3601,0.9075,260.7628,149.9937,0,0,1,0,1,0,1,0,1,0,1,0,1
f07e5340-266.jpg,1719.728,0.6744,260.7544,152.6567,0,0,1,0,1,0,1,0,1,0,1,0,1
f07e5340-266.jpg,1638.7771,593.6156,361.2229,595.1251,0,0,1,0,1,0,1,0,1,0,1,0,1
f07e5340-266.jpg,1726.9871,1.545,253.4912,152.5956,0,0,1,0,1,0,1,0,1,0,1,0,1
f07e5340-266.jpg,1647.8601,541.9153,352.1399,611.4911,0,0,1,0,1,0,1,0,1,0,1,0,1
f07e5340-266.jpg,1744.4086,1.3205,228.3718,155.4362,0,0,1,0,1,0,1,0,1,0,1,0,1
f07e5340-266.jpg,0.0,432.8419,73.5974,593.565,0,0,1,0,1,0,1,0,1,0,1,0,1
f07e5340-266.jpg,1729.2134,1.5932,240.8492,155.8576,0,0,1,0,1,0,1,0,1,0,1,0,1
f07e5340-266.jpg,0.0,404.7524,57.1321,416.4549,0,0,1,0,1,0,1,0,1,0,1,0,1
f07e5340-266.jpg,1720.6044,1.6779,254.6757,156.9056,0,0,1,0,1,0,1,0,1,0,1,0,1
f07e5340-266.jpg,0.0,408.281,81.2152,648.3694,0,0,1,0,1,0,1,0,1,0,1,0,1
f07e5340-266.jpg,1652.5045,515.4787,347.4955,605.0369,0,0,1,0,1,0,1,0,1,0,1,0,1
f07e5340-266.jpg,1755.7471,3.7169,210.86,155.3346,0,0,1,0,1,0,1,0,1,0,1,0,1
f07e5340-266.jpg,1736.3257,2.7759,233.0173,155.7635,0,0,1,0,1,0,1,0,1,0,1,0,1
f07e5340-266.jpg,1752.5883,1.3554,218.401,154.4379,0,0,1,0,1,0,1,0,1,0,1,0,1
f07e5340-266.jpg,0.0,416.6763,58.8329,514.9128,0,0,1,0,1,0,1,0,1,0,1,0,1
f07e5340-266.jpg,0.0,410.3973,74.5232,435.683,0,0,1,0,1,0,1,0,1,0,1,0,1
f07e5340-266.jpg,1682.7765,0.248,294.3203,149.9819,0,0,1,0,1,0,1,0,1,0,1,0,1
f07e5340-266.jpg,1728.4773,2.0431,245.2373,149.9554,0,0,1,0,1,0,1,0,1,0,1,0,1
f07e5340-266.jpg,1637.7822,0.5088,338.0753,135.0522,0,0,1,0,1,0,1,0,1,0,1,0,1
f07e5340-266.jpg,0.0,425.55,76.2155,480.4571,0,0,1,0,1,0,1,0,1,0,1,0,1
f07e5340-266.jpg,1659.2987,0.4447,319.104,145.3004,0,0,1,0,1,0,1,0,1,0,1,0,1
f07e5340-266.jpg,1661.6011,0.7936,311.8096,145.4468,0,0,1,0,1,0,1,0,1,0,1,0,1
f07e5340-266.jpg,1748.8295,2.2151,219.2241,155.5616,0,0,1,0,1,0,1,0,1,0,1,0,1
f07e5340-266.jpg,0.0913,444.0519,76.6663,481.7835,0,0,1,0,1,0,1,0,1,0,1,0,1
f07e5340-266.jpg,0.0,432.8017,83.0778,654.1584,0,0,1,0,1,0,1,0,1,0,1,0,1
f07e5340-266.jpg,0.0,405.692,75.6072,469.3373,0,0,1,0,1,0,1,0,1,0,1,0,1
f07e5340-266.jpg,0.0,812.2505,40.405,347.8915,0,0,1,0,1,0,1,0,1,0,1,0,1
f07e5340-266.jpg,1656.9828,1.0194,319.5237,148.5705,0,0,1,0,1,0,1,0,1,0,1,0,1
f07e5340-266.jpg,0.116,471.8255,77.2779,474.9539,0,0,1,0,1,0,1,0,1,0,1,0,1
f07e5340-266.jpg,1676.9625,531.7935,323.0375,609.7599,0,0,1,0,1,0,1,0,1,0,1,0,1
f07e5340-266.jpg,0.152,393.0097,71.8095,429.731,0,0,1,0,1,0,1,0,1,0,1,0,1
f07e5340-266.jpg,1760.635,3.4756,204.8347,150.7901,0,0,1,0,1,0,1,0,1,0,1,0,1
f07e5340-266.jpg,0.1839,502.4734,75.6996,470.7751,0,0,1,0,1,0,1,0,1,0,1,0,1
f08afd15-36.jpg,639.3282,347.4795,341.9903,369.1395,1,1,1,0,1,0,1,0,1,0,1,0,1
f08afd15-36.jpg,434.3695,386.5705,234.774,322.4188,1,1,1,0,1,0,1,0,1,0,1,0,1
f08afd15-36.jpg,67.4724,498.3829,116.3282,105.2379,1,1,1,0,1,0,1,0,1,0,1,0,1
f08afd15-36.jpg,1308.6157,361.7311,241.9366,321.4944,1,1,1,0,1,0,1,0,1,0,1,0,1
f08afd15-36.jpg,1319.7373,623.4564,271.229,256.2448,1,1,1,0,1,0,1,0,1,0,1,0,1
f08afd15-36.jpg,246.7706,326.9669,207.1405,295.8839,1,1,1,0,1,0,1,0,1,0,1,0,1
f08afd15-36.jpg,1531.311,314.7825,240.4114,312.5624,1,1,1,0,1,0,1,0,1,0,1,0,1
f08afd15-36.jpg,1980.0846,357.7491,19.9154,219.1117,0,0,1,0,1,0,1,0,1,0,1,0,1
f08afd15-36.jpg,1978.7979,342.9863,21.2021,231.9449,0,0,1,0,1,0,1,0,1,0,1,0,1
f08afd15-36.jpg,0.0,59.9039,94.07,446.5518,0,0,1,0,1,0,1,0,1,0,1,0,1
f08afd15-36.jpg,0.0,63.1479,88.1232,449.0737,0,0,1,0,1,0,1,0,1,0,1,0,1
f08afd15-36.jpg,1977.9232,344.8098,22.0768,214.8609,0,0,1,0,1,0,1,0,1,0,1,0,1
f0daeb4d-28.jpg,28.7064,361.0683,136.6432,313.1416,3,1,1,1,1,1,1,0,1,0,1,0,1
f0daeb4d-28.jpg,141.1513,444.9619,156.9172,275.2901,3,1,1,1,1,1,1,0,1,0,1,0,1
f0daeb4d-28.jpg,158.9782,699.9999,124.628,187.8605,2,1,1,1,1,0,1,0,1,0,1,0,1
f0daeb4d-28.jpg,275.6065,428.4046,287.9507,381.0636,3,1,1,1,1,1,1,0,1,0,1,0,1
f0daeb4d-28.jpg,292.2997,783.4668,118.8992,130.2553,2,1,1,1,1,0,1,0,1,0,1,0,1
f0daeb4d-28.jpg,446.0854,769.9807,164.5512,147.0953,1,1,1,0,1,0,1,0,1,0,1,0,1
f0daeb4d-28.jpg,622.8931,803.5979,169.1135,130.0295,1,1,1,0,1,0,1,0,1,0,1,0,1
f0daeb4d-28.jpg,555.1297,441.4462,332.9891,381.1804,3,1,1,1,1,1,1,0,1,0,1,0,1
f0daeb4d-28.jpg,873.8177,431.646,304.3121,320.4637,3,1,1,1,1,1,1,0,1,0,1,0,1
f0daeb4d-28.jpg,1041.7804,633.6835,267.8047,348.5332,3,1,1,1,1,1,1,0,1,0,1,0,1
f0daeb4d-28.jpg,816.8114,688.8407,222.541,265.652,1,1,1,0,1,0,1,0,1,0,1,0,1
f0daeb4d-28.jpg,1295.017,670.7045,257.8607,264.1843,3,1,1,1,1,1,1,0,1,0,1,0,1
f0daeb4d-28.jpg,1431.7067,467.1147,246.62,253.4156,2,1,1,1,1,0,1,0,1,0,1,0,1
f0daeb4d-28.jpg,1652.8828,519.569,249.9526,197.446,1,1,1,0,1,0,1,0,1,0,1,0,1
f0daeb4d-28.jpg,1824.3929,670.0939,163.7897,154.4169,3,1,1,1,1,1,1,0,1,0,1,0,1
f0daeb4d-28.jpg,1541.1627,678.528,287.1403,170.9114,1,1,1,0,1,0,1,0,1,0,1,0,1
f11eea49-190.jpg,33.8877,725.07,405.2119,417.6251,4,1,1,1,1,1,1,1,1,0,1,0,1
f11eea49-190.jpg,197.2001,539.7961,313.7641,243.6102,1,1,1,0,1,0,1,0,1,0,1,0,1
f11eea49-190.jpg,309.3887,366.7323,276.8541,264.0439,1,1,1,0,1,0,1,0,1,0,1,0,1
f11eea49-190.jpg,447.0507,185.8115,263.7457,251.5907,1,1,1,0,1,0,1,0,1,0,1,0,1
f11eea49-190.jpg,1470.7635,929.0847,390.3564,352.7172,4,1,1,1,1,1,1,1,1,0,1,0,1
f11eea49-190.jpg,0.0,0.0,18.0883,257.9211,0,0,1,0,1,0,1,0,1,0,1,0,1
f11eea49-190.jpg,263.2001,0.529,476.2232,257.8598,0,0,1,0,1,0,1,0,1,0,1,0,1
f11eea49-190.jpg,259.9169,0.1613,527.9143,268.2462,0,0,1,0,1,0,1,0,1,0,1,0,1
f11eea49-190.jpg,1833.3513,0.0,166.6487,307.5435,0,0,1,0,1,0,1,0,1,0,1,0,1
f11eea49-190.jpg,261.2398,0.1108,511.8192,263.0732,0,0,1,0,1,0,1,0,1,0,1,0,1
f11eea49-190.jpg,262.9797,0.5856,475.2635,262.0602,0,0,1,0,1,0,1,0,1,0,1,0,1
f11eea49-190.jpg,824.8934,0.0,294.9461,78.6431,0,0,1,0,1,0,1,0,1,0,1,0,1
f11eea49-190.jpg,825.8478,0.0,278.563,84.0383,0,0,1,0,1,0,1,0,1,0,1,0,1
f11eea49-190.jpg,262.7859,0.4015,398.1788,257.2415,0,0,1,0,1,0,1,0,1,0,1,0,1
f11eea49-190.jpg,0.0,0.0,110.4659,267.2274,0,0,1,0,1,0,1,0,1,0,1,0,1
f11eea49-190.jpg,841.4828,0.0594,281.866,106.2039,0,0,1,0,1,0,1,0,1,0,1,0,1
f11eea49-190.jpg,829.2772,0.1969,275.7294,95.3091,0,0,1,0,1,0,1,0,1,0,1,0,1
f11eea49-190.jpg,826.2104,0.1508,295.5942,98.0862,0,0,1,0,1,0,1,0,1,0,1,0,1
f11eea49-190.jpg,828.3434,0.1101,288.0452,93.6655,0,0,1,0,1,0,1,0,1,0,1,0,1
f11eea49-190.jpg,827.5364,0.0,289.4005,85.9585,0,0,1,0,1,0,1,0,1,0,1,0,1
f11eea49-190.jpg,0.0,0.0,277.4322,254.4099,0,0,1,0,1,0,1,0,1,0,1,0,1
f11eea49-190.jpg,794.2431,0.0635,275.361,61.209,0,0,1,0,1,0,1,0,1,0,1,0,1
f11eea49-190.jpg,0.0,173.5271,20.4007,205.6237,0,0,1,0,1,0,1,0,1,0,1,0,1
f11eea49-190.jpg,837.352,0.0,280.5355,103.3261,0,0,1,0,1,0,1,0,1,0,1,0,1
f11eea49-190.jpg,841.0135,0.7756,273.8993,106.827,0,0,1,0,1,0,1,0,1,0,1,0,1
f11eea49-190.jpg,1835.1478,0.0,164.8522,346.928,0,0,1,0,1,0,1,0,1,0,1,0,1
f11eea49-190.jpg,1834.5322,0.0,165.4678,337.4284,0,0,1,0,1,0,1,0,1,0,1,0,1
f11eea49-190.jpg,827.9621,0.6888,288.2495,107.4052,0,0,1,0,1,0,1,0,1,0,1,0,1
f11eea49-190.jpg,781.1656,0.0798,268.3279,63.3488,0,0,1,0,1,0,1,0,1,0,1,0,1
f11eea49-190.jpg,831.1018,0.3152,284.491,97.1128,0,0,1,0,1,0,1,0,1,0,1,0,1
f11eea49-190.jpg,264.8532,0.2375,477.1916,256.0659,0,0,1,0,1,0,1,0,1,0,1,0,1
f11eea49-190.jpg,0.0258,0.0,278.7665,259.1,0,0,1,0,1,0,1,0,1,0,1,0,1
f11eea49-190.jpg,819.4461,0.0,290.8121,74.1281,0,0,1,0,1,0,1,0,1,0,1,0,1
f11eea49-190.jpg,0.0,0.0,0.8516,305.2596,0,0,1,0,1,0,1,0,1,0,1,0,1
f11eea49-190.jpg,0.0,186.5434,19.1125,202.3619,0,0,1,0,1,0,1,0,1,0,1,0,1
f11eea49-190.jpg,826.6273,0.0854,279.6738,92.1422,0,0,1,0,1,0,1,0,1,0,1,0,1
f11eea49-190.jpg,0.2536,0.0,281.0437,265.3862,0,0,1,0,1,0,1,0,1,0,1,0,1
f11eea49-190.jpg,267.2881,0.2737,559.0043,266.6124,0,0,1,0,1,0,1,0,1,0,1,0,1
f11eea49-190.jpg,259.117,0.0,590.2367,269.5736,0,0,1,0,1,0,1,0,1,0,1,0,1
f11eea49-190.jpg,837.2965,0.2986,276.2579,107.4655,0,0,1,0,1,0,1,0,1,0,1,0,1
f11eea49-190.jpg,843.8372,1.4255,264.9949,107.8956,0,0,1,0,1,0,1,0,1,0,1,0,1
f11eea49-190.jpg,368.2987,0.8829,508.8998,186.8662,0,0,1,0,1,0,1,0,1,0,1,0,1
f11eea49-190.jpg,807.7208,0.1991,299.499,71.1382,0,0,1,0,1,0,1,0,1,0,1,0,1
f11eea49-190.jpg,0.0,0.0,261.6097,456.787,0,0,1,0,1,0,1,0,1,0,1,0,1
f11eea49-190.jpg,0.0,0.4227,263.2296,259.6102,0,0,1,0,1,0,1,0,1,0,1,0,1
f11eea49-190.jpg,0.0,153.6354,22.1289,214.3478,0,0,1,0,1,0,1,0,1,0,1,0,1
f11eea49-190.jpg,0.0,99.2541,201.5996,389.603,0,0,1,0,1,0,1,0,1,0,1,0,1
f11eea49-190.jpg,264.2555,0.9108,435.317,255.5579,0,0,1,0,1,0,1,0,1,0,1,0,1
f11eea49-190.jpg,810.6537,0.0647,264.2449,71.0217,0,0,1,0,1,0,1,0,1,0,1,0,1
f11eea49-190.jpg,0.0,1018.5369,137.7754,281.4631,0,0,1,0,1,0,1,0,1,0,1,0,1
f11eea49-190.jpg,0.0,137.2086,149.6112,427.7962,0,0,1,0,1,0,1,0,1,0,1,0,1
f11eea49-190.jpg,1961.7645,580.269,38.2355,292.4022,0,0,1,0,1,0,1,0,1,0,1,0,1
f11eea49-190.jpg,1901.5873,1111.3026,98.4127,188.6974,0,0,1,0,1,0,1,0,1,0,1,0,1
f11eea49-190.jpg,1970.2413,591.1448,29.5247,259.6065,0,0,1,0,1,0,1,0,1,0,1,0,1
f11eea49-190.jpg,0.0,1017.6712,143.6445,282.3288,0,0,1,0,1,0,1,0,1,0,1,0,1
f250a7c4-146.jpg,144.0167,423.9831,220.9712,180.6463,2,1,1,1,1,0,1,0,1,0,1,0,1
f250a7c4-146.jpg,317.6649,545.4285,147.0388,163.9401,2,1,1,1,1,0,1,0,1,0,1,0,1
f250a7c4-146.jpg,86.2411,556.0417,199.4218,109.3737,2,1,1,1,1,0,1,0,1,0,1,0,1
f250a7c4-146.jpg,241.0783,637.108,190.9898,113.6133,1,1,1,0,1,0,1,0,1,0,1,0,1
f250a7c4-146.jpg,438.5317,475.2029,156.2697,270.2903,2,1,1,1,1,0,1,0,1,0,1,0,1
f250a7c4-146.jpg,576.8383,517.3491,206.4044,239.473,1,1,1,0,1,0,1,0,1,0,1,0,1
f250a7c4-146.jpg,766.9612,493.768,264.8586,300.0064,1,1,1,0,1,0,1,0,1,0,1,0,1
f250a7c4-146.jpg,1018.9794,520.9649,206.962,246.1851,1,1,1,0,1,0,1,0,1,0,1,0,1
f250a7c4-146.jpg,699.5226,717.5703,231.4636,253.1591,2,1,1,1,1,0,1,0,1,0,1,0,1
f250a7c4-146.jpg,929.0966,726.9782,172.7432,147.7422,2,1,1,1,1,0,1,0,1,0,1,0,1
f250a7c4-146.jpg,1101.9186,741.4059,147.7704,102.8942,2,1,1,1,1,0,1,0,1,0,1,0,1
f250a7c4-146.jpg,1193.8168,453.0042,270.3533,325.0807,1,1,1,0,1,0,1,0,1,0,1,0,1
f250a7c4-146.jpg,1448.6068,444.192,235.7346,297.1126,1,1,1,0,1,0,1,0,1,0,1,0,1
f250a7c4-146.jpg,1259.0745,750.2696,116.9132,70.3544,2,1,1,1,1,0,1,0,1,0,1,0,1
f250a7c4-146.jpg,1376.1544,736.2518,126.7969,85.3688,2,1,1,1,1,0,1,0,1,0,1,0,1
f250a7c4-146.jpg,1503.8295,736.3738,93.3779,53.2678,2,1,1,1,1,0,1,0,1,0,1,0,1
f250a7c4-146.jpg,1600.9865,718.6,156.7029,132.9518,2,1,1,1,1,0,1,0,1,0,1,0,1
f250a7c4-146.jpg,1669.05,452.8515,176.4153,282.2849,1,1,1,0,1,0,1,0,1,0,1,0,1
f250a7c4-146.jpg,299.7541,591.4952,87.383,67.7913,0,0,1,0,1,0,1,0,1,0,1,0,1
f250a7c4-146.jpg,299.7659,592.9996,89.2397,67.0545,0,0,1,0,1,0,1,0,1,0,1,0,1
f250a7c4-146.jpg,299.7335,594.4121,89.2622,63.7032,0,0,1,0,1,0,1,0,1,0,1,0,1
f250a7c4-146.jpg,299.8792,595.3636,90.4038,63.1214,0,0,1,0,1,0,1,0,1,0,1,0,1
f70a7554-199.jpg,225.7661,197.6792,349.2382,313.8129,2,1,1,1,1,0,1,0,1,0,1,0,1
f70a7554-199.jpg,327.2312,481.5593,259.6866,206.5362,1,1,1,0,1,0,1,0,1,0,1,0,1
f70a7554-199.jpg,370.2796,664.5792,255.0385,205.7221,2,1,1,1,1,0,1,0,1,0,1,0,1
f70a7554-199.jpg,602.6401,998.8817,208.5779,180.4392,1,1,1,0,1,0,1,0,1,0,1,0,1
f70a7554-199.jpg,761.7031,1043.7843,245.2523,230.4025,1,1,1,0,1,0,1,0,1,0,1,0,1
f70a7554-199.jpg,999.8903,1047.4309,240.1704,226.9128,1,1,1,0,1,0,1,0,1,0,1,0,1
f70a7554-199.jpg,1193.9873,998.6848,204.9919,183.1886,1,1,1,0,1,0,1,0,1,0,1,0,1
f70a7554-199.jpg,1339.8262,865.6532,217.6448,225.9779,1,1,1,0,1,0,1,0,1,0,1,0,1
f70a7554-199.jpg,1410.1183,688.905,252.6831,216.2101,1,1,1,0,1,0,1,0,1,0,1,0,1
f70a7554-199.jpg,1468.707,522.6958,254.6816,200.4747,1,1,1,0,1,0,1,0,1,0,1,0,1
f70a7554-199.jpg,1484.5968,224.7018,339.5691,331.7041,3,1,1,1,1,1,1,0,1,0,1,0,1
f70a7554-199.jpg,1579.9631,0.0,377.5608,314.679,0,0,1,0,1,0,1,0,1,0,1,0,1
f70a7554-199.jpg,1578.0334,0.0,370.366,309.7223,0,0,1,0,1,0,1,0,1,0,1,0,1
f70a7554-199.jpg,1579.2635,0.0,369.3582,303.6613,0,0,1,0,1,0,1,0,1,0,1,0,1
f70a7554-199.jpg,1581.6174,0.0,329.5828,317.3743,0,0,1,0,1,0,1,0,1,0,1,0,1
f70a7554-199.jpg,1581.2628,0.0,328.5031,312.2485,0,0,1,0,1,0,1,0,1,0,1,0,1
f70a7554-199.jpg,1578.3528,0.0,353.7788,316.1813,0,0,1,0,1,0,1,0,1,0,1,0,1
f70a7554-199.jpg,1580.0667,0.0,371.0934,320.8482,0,0,1,0,1,0,1,0,1,0,1,0,1
f70a7554-199.jpg,1580.4432,0.0,367.6605,309.0461,0,0,1,0,1,0,1,0,1,0,1,0,1
f70a7554-199.jpg,1579.7965,0.0,372.9331,310.222,0,0,1,0,1,0,1,0,1,0,1,0,1
f70a7554-199.jpg,1579.3921,0.0,341.8613,318.7902,0,0,1,0,1,0,1,0,1,0,1,0,1
f70a7554-199.jpg,1579.9031,0.0,365.0348,305.629,0,0,1,0,1,0,1,0,1,0,1,0,1
f70a7554-199.jpg,1579.0677,0.0,356.5625,304.8874,0,0,1,0,1,0,1,0,1,0,1,0,1
f70a7554-199.jpg,1584.8082,0.0,366.1791,323.7554,0,0,1,0,1,0,1,0,1,0,1,0,1
f70a7554-199.jpg,1587.6462,0.0,366.1095,325.5596,0,0,1,0,1,0,1,0,1,0,1,0,1
f70a7554-199.jpg,0.0,611.4636,326.8802,688.5364,0,0,1,0,1,0,1,0,1,0,1,0,1
f70a7554-199.jpg,1581.9254,0.6835,325.6042,316.7635,0,0,1,0,1,0,1,0,1,0,1,0,1
f70a7554-199.jpg,1592.067,0.0,369.6586,325.8631,0,0,1,0,1,0,1,0,1,0,1,0,1
f70a7554-199.jpg,0.0,830.9603,349.3796,469.0397,0,0,1,0,1,0,1,0,1,0,1,0,1
f70a7554-199.jpg,1581.1204,0.0,327.3605,312.48,0,0,1,0,1,0,1,0,1,0,1,0,1
f70a7554-199.jpg,1582.8033,0.0,369.9055,328.1054,0,0,1,0,1,0,1,0,1,0,1,0,1
f70a7554-199.jpg,1578.6963,0.0,359.8861,306.3056,0,0,1,0,1,0,1,0,1,0,1,0,1
f70a7554-199.jpg,0.0,608.3383,322.2254,691.6617,0,0,1,0,1,0,1,0,1,0,1,0,1
f70a7554-199.jpg,1588.6409,0.0,368.7448,326.9412,0,0,1,0,1,0,1,0,1,0,1,0,1
f70a7554-199.jpg,1582.824,0.0,376.5487,316.6816,0,0,1,0,1,0,1,0,1,0,1,0,1
f70a7554-199.jpg,1583.2539,0.0,363.3105,309.5855,0,0,1,0,1,0,1,0,1,0,1,0,1
f70a7554-199.jpg,1583.4882,0.0,365.8452,312.2773,0,0,1,0,1,0,1,0,1,0,1,0,1
f70a7554-199.jpg,0.0,647.0065,324.6355,652.9935,0,0,1,0,1,0,1,0,1,0,1,0,1
f70a7554-199.jpg,1578.6887,2.2943,330.697,318.2823,0,0,1,0,1,0,1,0,1,0,1,0,1
f70a7554-199.jpg,0.0,685.3806,331.6569,614.6194,0,0,1,0,1,0,1,0,1,0,1,0,1
f70a7554-199.jpg,1581.912,0.0,322.3137,297.306,0,0,1,0,1,0,1,0,1,0,1,0,1
f70a7554-199.jpg,0.0,611.6083,298.8878,516.8198,0,0,1,0,1,0,1,0,1,0,1,0,1
f70a7554-199.jpg,0.0,622.941,336.0274,677.059,0,0,1,0,1,0,1,0,1,0,1,0,1
f70a7554-199.jpg,0.0,854.1014,348.8303,445.8986,0,0,1,0,1,0,1,0,1,0,1,0,1
f70a7554-199.jpg,1580.0051,0.0,330.5458,292.5883,0,0,1,0,1,0,1,0,1,0,1,0,1
f70a7554-199.jpg,0.0,561.528,292.1283,517.306,0,0,1,0,1,0,1,0,1,0,1,0,1
f70a7554-199.jpg,1583.1624,0.0,369.9423,312.5353,0,0,1,0,1,0,1,0,1,0,1,0,1
f70a7554-199.jpg,0.0,581.7006,324.5664,718.2994,0,0,1,0,1,0,1,0,1,0,1,0,1
f70a7554-199.jpg,0.0,833.0925,341.0508,466.9075,0,0,1,0,1,0,1,0,1,0,1,0,1
f70a7554-199.jpg,1579.968,0.0,323.6764,303.5875,0,0,1,0,1,0,1,0,1,0,1,0,1
f70a7554-199.jpg,0.0,577.8445,318.9868,722.1555,0,0,1,0,1,0,1,0,1,0,1,0,1
f70a7554-199.jpg,0.0,585.6587,296.031,518.1862,0,0,1,0,1,0,1,0,1,0,1,0,1
f70a7554-199.jpg,1587.1429,0.0,362.6316,315.8904,0,0,1,0,1,0,1,0,1,0,1,0,1
f70a7554-199.jpg,0.0,568.1489,287.3156,488.6451,0,0,1,0,1,0,1,0,1,0,1,0,1
f70a7554-199.jpg,0.0,648.5847,331.4379,651.4153,0,0,1,0,1,0,1,0,1,0,1,0,1
f70a7554-199.jpg,0.0,590.0836,333.8315,709.9164,0,0,1,0,1,0,1,0,1,0,1,0,1
f70a7554-199.jpg,0.0,833.7591,343.6927,466.2409,0,0,1,0,1,0,1,0,1,0,1,0,1
f70a7554-199.jpg,679.399,0.3257,477.7632,112.2351,0,0,1,0,1,0,1,0,1,0,1,0,1
f70a7554-199.jpg,685.9692,0.0,469.676,125.0469,0,0,1,0,1,0,1,0,1,0,1,0,1
f70a7554-199.jpg,195.6004,407.3469,83.7817,121.2206,0,0,1,0,1,0,1,0,1,0,1,0,1
f70a7554-199.jpg,697.429,0.2786,459.1663,115.1438,0,0,1,0,1,0,1,0,1,0,1,0,1
f887a525-273.jpg,90.0681,455.9716,104.571,166.1346,1,1,1,0,1,0,1,0,1,0,1,0,1
f887a525-273.jpg,178.4468,468.7283,95.4372,189.6197,1,1,1,0,1,0,1,0,1,0,1,0,1
f887a525-273.jpg,238.8286,448.6672,81.6402,217.9753,1,1,1,0,1,0,1,0,1,0,1,0,1
f887a525-273.jpg,285.3464,434.6569,123.3604,251.2133,1,1,1,0,1,0,1,0,1,0,1,0,1
f887a525-273.jpg,385.0597,382.9618,202.8755,343.9296,1,1,1,0,1,0,1,0,1,0,1,0,1
f887a525-273.jpg,154.289,626.4139,116.6989,125.3416,1,1,1,0,1,0,1,0,1,0,1,0,1
f887a525-273.jpg,241.0267,659.929,110.5204,139.5204,1,1,1,0,1,0,1,0,1,0,1,0,1
f887a525-273.jpg,313.0658,666.1411,104.2431,154.6617,1,1,1,0,1,0,1,0,1,0,1,0,1
f887a525-273.jpg,393.8351,650.7679,191.9227,239.8888,1,1,1,0,1,0,1,0,1,0,1,0,1
f887a525-273.jpg,573.4589,367.4631,242.2026,314.2767,1,1,1,0,1,0,1,0,1,0,1,0,1
f887a525-273.jpg,567.5832,638.8468,216.4868,267.8118,1,1,1,0,1,0,1,0,1,0,1,0,1
f887a525-273.jpg,773.3838,658.4764,149.3754,160.3184,1,1,1,0,1,0,1,0,1,0,1,0,1
f887a525-273.jpg,796.3014,393.9174,281.5709,339.8655,1,1,1,0,1,0,1,0,1,0,1,0,1
f887a525-273.jpg,1059.0758,370.2002,279.4233,358.3945,1,1,1,0,1,0,1,0,1,0,1,0,1
f887a525-273.jpg,924.38,705.95,136.558,168.6906,1,1,1,0,1,0,1,0,1,0,1,0,1
f887a525-273.jpg,1040.7678,691.366,189.957,216.8643,1,1,1,0,1,0,1,0,1,0,1,0,1
f887a525-273.jpg,1319.7814,402.7396,207.2177,294.3361,1,1,1,0,1,0,1,0,1,0,1,0,1
f887a525-273.jpg,1328.1949,661.9305,208.1116,276.6891,1,1,1,0,1,0,1,0,1,0,1,0,1
f887a525-273.jpg,1503.3722,448.6774,191.394,315.0782,1,1,1,0,1,0,1,0,1,0,1,0,1
f887a525-273.jpg,1523.7896,703.3766,139.5111,223.67,2,1,1,1,1,0,1,0,1,0,1,0,1
f887a525-273.jpg,1647.7319,741.1526,94.5107,160.7567,1,1,1,0,1,0,1,0,1,0,1,0,1
f887a525-273.jpg,1654.1606,522.0938,116.2335,233.33,1,1,1,0,1,0,1,0,1,0,1,0,1
f887a525-273.jpg,1739.0544,524.32,86.1466,207.0388,1,1,1,0,1,0,1,0,1,0,1,0,1
f887a525-273.jpg,1825.0784,532.4033,90.7264,167.86,1,1,1,0,1,0,1,0,1,0,1,0,1
f9687157-53.jpg,147.2268,108.6711,271.2956,277.2719,2,1,1,1,1,0,1,0,1,0,1,0,1
f9687157-53.jpg,226.8898,343.4684,285.5442,344.7873,3,1,1,1,1,1,1,0,1,0,1,0,1
f9687157-53.jpg,1478.8091,523.9561,214.9779,217.4191,1,1,1,0,1,0,1,0,1,0,1,0,1
f9687157-53.jpg,1514.4866,225.9237,267.4348,325.4782,4,1,1,1,1,1,1,1,1,0,1,0,1
f9687157-53.jpg,1544.5657,1.0496,241.3779,243.7036,3,1,1,1,1,1,1,0,1,0,1,0,1
f9687157-53.jpg,1906.8977,428.5534,93.1023,265.0422,0,0,1,0,1,0,1,0,1,0,1,0,1
f9687157-53.jpg,1936.2651,461.0322,63.6223,280.4064,0,0,1,0,1,0,1,0,1,0,1,0,1
f9687157-53.jpg,1909.3159,414.8438,90.6841,277.1578,0,0,1,0,1,0,1,0,1,0,1,0,1
f9687157-53.jpg,1906.8898,410.2625,93.0732,283.0645,0,0,1,0,1,0,1,0,1,0,1,0,1
f9687157-53.jpg,1938.6227,427.6683,61.3773,347.3755,0,0,1,0,1,0,1,0,1,0,1,0,1
f9687157-53.jpg,1903.9022,426.5158,95.9648,266.7755,0,0,1,0,1,0,1,0,1,0,1,0,1
f9687157-53.jpg,1921.9948,347.727,78.0052,369.0642,0,0,1,0,1,0,1,0,1,0,1,0,1
f9687157-53.jpg,1926.0796,359.8556,73.9204,355.9924,0,0,1,0,1,0,1,0,1,0,1,0,1
f9687157-53.jpg,1922.3127,326.3739,77.6873,398.725,0,0,1,0,1,0,1,0,1,0,1,0,1
f9687157-53.jpg,1900.8137,441.3116,99.1863,250.6016,0,0,1,0,1,0,1,0,1,0,1,0,1
f9687157-53.jpg,1925.0234,377.1596,74.8944,337.0988,0,0,1,0,1,0,1,0,1,0,1,0,1
f9687157-53.jpg,20.5509,1005.8228,317.0201,294.1772,0,0,1,0,1,0,1,0,1,0,1,0,1
f9687157-53.jpg,1931.8003,475.6644,68.1997,246.3118,0,0,1,0,1,0,1,0,1,0,1,0,1
f9687157-53.jpg,1946.1649,0.0,53.8351,436.096,0,0,1,0,1,0,1,0,1,0,1,0,1
f9687157-53.jpg,1910.5471,375.94,89.4529,314.0244,0,0,1,0,1,0,1,0,1,0,1,0,1
f9687157-53.jpg,0.0184,646.5771,149.2246,452.8566,0,0,1,0,1,0,1,0,1,0,1,0,1
f9687157-53.jpg,1913.2911,386.3206,86.7089,303.7434,0,0,1,0,1,0,1,0,1,0,1,0,1
f9687157-53.jpg,1913.9724,308.7531,86.0276,413.169,0,0,1,0,1,0,1,0,1,0,1,0,1
f9687157-53.jpg,1919.6763,289.0438,80.3237,442.0684,0,0,1,0,1,0,1,0,1,0,1,0,1
f9687157-53.jpg,0.084,657.3882,160.3038,419.7934,0,0,1,0,1,0,1,0,1,0,1,0,1
f9687157-53.jpg,1541.9005,0.1646,165.4821,36.9463,0,0,1,0,1,0,1,0,1,0,1,0,1
f9687157-53.jpg,1946.6101,0.0,53.3899,408.0811,0,0,1,0,1,0,1,0,1,0,1,0,1
f9687157-53.jpg,1902.092,428.187,97.908,267.3955,0,0,1,0,1,0,1,0,1,0,1,0,1
f9687157-53.jpg,1923.6423,256.0498,76.3577,524.4774,0,0,1,0,1,0,1,0,1,0,1,0,1
f9687157-53.jpg,1942.8188,0.0,57.1812,504.5524,0,0,1,0,1,0,1,0,1,0,1,0,1
f9687157-53.jpg,1944.692,0.0,55.308,472.3975,0,0,1,0,1,0,1,0,1,0,1,0,1
f9687157-53.jpg,1905.1628,467.8466,94.5144,239.6677,0,0,1,0,1,0,1,0,1,0,1,0,1
f9687157-53.jpg,1946.165,0.0,53.835,196.2498,0,0,1,0,1,0,1,0,1,0,1,0,1
f9687157-53.jpg,1903.6045,438.1425,96.1334,258.3769,0,0,1,0,1,0,1,0,1,0,1,0,1
f9687157-53.jpg,18.8437,1011.0245,320.8358,288.5439,0,0,1,0,1,0,1,0,1,0,1,0,1
f9687157-53.jpg,1950.1248,223.1179,49.8752,401.8036,0,0,1,0,1,0,1,0,1,0,1,0,1
f9687157-53.jpg,1948.4835,0.0,51.5165,375.9031,0,0,1,0,1,0,1,0,1,0,1,0,1
f9687157-53.jpg,1926.788,383.6887,73.212,334.1501,0,0,1,0,1,0,1,0,1,0,1,0,1
f9687157-53.jpg,21.5739,1035.1801,317.3275,264.8199,0,0,1,0,1,0,1,0,1,0,1,0,1
f9687157-53.jpg,1943.0845,61.0743,56.9155,549.8688,0,0,1,0,1,0,1,0,1,0,1,0,1
f9687157-53.jpg,1940.6088,0.1874,59.3912,562.0483,0,0,1,0,1,0,1,0,1,0,1,0,1
f9687157-53.jpg,1953.4424,145.1532,46.5576,363.5628,0,0,1,0,1,0,1,0,1,0,1,0,1
f9687157-53.jpg,1546.4843,0.0,226.1262,36.4336,0,0,1,0,1,0,1,0,1,0,1,0,1
f9687157-53.jpg,1941.1536,0.0,58.8464,529.7388,0,0,1,0,1,0,1,0,1,0,1,0,1
f9687157-53.jpg,1909.4862,271.4131,90.5138,454.0089,0,0,1,0,1,0,1,0,1,0,1,0,1
f9687157-53.jpg,1944.6902,408.6264,55.3098,359.7243,0,0,1,0,1,0,1,0,1,0,1,0,1
f9687157-53.jpg,1504.8615,0.0171,246.4828,48.3599,0,0,1,0,1,0,1,0,1,0,1,0,1
f9687157-53.jpg,1954.9812,170.6052,45.0188,359.0859,0,0,1,0,1,0,1,0,1,0,1,0,1
f9687157-53.jpg,21.5794,981.7216,309.9062,318.2784,0,0,1,0,1,0,1,0,1,0,1,0,1
f9687157-53.jpg,1941.6002,31.1119,58.3998,556.6708,0,0,1,0,1,0,1,0,1,0,1,0,1
f9687157-53.jpg,1952.8043,193.9634,47.1957,380.3659,0,0,1,0,1,0,1,0,1,0,1,0,1
f9687157-53.jpg,1535.4954,0.2878,155.3829,39.4254,0,0,1,0,1,0,1,0,1,0,1,0,1
f9687157-53.jpg,1956.9427,0.0,43.0573,223.5643,0,0,1,0,1,0,1,0,1,0,1,0,1
f9687157-53.jpg,0.0054,753.7557,227.8053,389.7528,0,0,1,0,1,0,1,0,1,0,1,0,1
f9687157-53.jpg,1946.3176,249.256,53.6824,390.1976,0,0,1,0,1,0,1,0,1,0,1,0,1
f99e85d7-159.jpg,141.8557,427.1111,87.0095,230.2963,1,1,1,0,1,0,1,0,1,0,1,0,1
f99e85d7-159.jpg,207.2481,432.5229,140.2367,213.9945,2,1,1,1,1,0,1,0,1,0,1,0,1
f99e85d7-159.jpg,326.3124,374.3986,254.2589,273.8517,2,1,1,1,1,0,1,0,1,0,1,0,1
f99e85d7-159.jpg,559.1674,391.0514,273.1153,259.4895,2,1,1,1,1,0,1,0,1,0,1,0,1
f99e85d7-159.jpg,818.5499,453.6741,229.2103,221.0306,2,1,1,1,1,0,1,0,1,0,1,0,1
f99e85d7-159.jpg,176.4696,639.3262,81.9374,134.3464,2,1,1,1,1,0,1,0,1,0,1,0,1
f99e85d7-159.jpg,237.5513,635.6208,102.3829,164.642,2,1,1,1,1,0,1,0,1,0,1,0,1
f99e85d7-159.jpg,327.8586,634.8928,141.113,203.183,1,1,1,0,1,0,1,0,1,0,1,0,1
f99e85d7-159.jpg,455.2652,638.1593,158.7408,200.6899,1,1,1,0,1,0,1,0,1,0,1,0,1
f99e85d7-159.jpg,603.4337,635.4692,180.6406,211.5521,1,1,1,0,1,0,1,0,1,0,1,0,1
f99e85d7-159.jpg,776.9341,625.2974,186.3533,234.5681,2,1,1,1,1,0,1,0,1,0,1,0,1
f99e85d7-159.jpg,954.9771,638.5372,203.8134,240.1647,2,1,1,1,1,0,1,0,1,0,1,0,1
f99e85d7-159.jpg,1041.2313,423.3255,225.4022,267.9488,1,1,1,0,1,0,1,0,1,0,1,0,1
f99e85d7-159.jpg,1252.2032,483.6224,178.9198,199.4703,1,1,1,0,1,0,1,0,1,0,1,0,1
f99e85d7-159.jpg,1412.3336,498.7413,144.7555,158.122,1,1,1,0,1,0,1,0,1,0,1,0,1
f99e85d7-159.jpg,1457.6868,592.6173,190.0848,113.9124,2,1,1,1,1,0,1,0,1,0,1,0,1
f99e85d7-159.jpg,1538.0887,463.7567,173.885,146.4658,2,1,1,1,1,0,1,0,1,0,1,0,1
f99e85d7-159.jpg,1626.6277,586.6492,86.6699,67.3238,0,0,1,0,1,0,1,0,1,0,1,0,1
f99e85d7-159.jpg,1628.2626,586.7103,86.243,71.8763,0,0,1,0,1,0,1,0,1,0,1,0,1
f99e85d7-159.jpg,230.6719,1248.3531,402.1274,51.6469,0,0,1,0,1,0,1,0,1,0,1,0,1
f99e85d7-159.jpg,400.7581,1250.4266,398.0539,49.5734,0,0,1,0,1,0,1,0,1,0,1,0,1
f99e85d7-159.jpg,195.7782,1246.6929,413.6033,53.3071,0,0,1,0,1,0,1,0,1,0,1,0,1
f99e85d7-159.jpg,417.2772,1250.6428,398.7651,49.3572,0,0,1,0,1,0,1,0,1,0,1,0,1
f99e85d7-159.jpg,185.6017,1244.6581,381.9304,55.3419,0,0,1,0,1,0,1,0,1,0,1,0,1
f99e85d7-159.jpg,458.1544,1250.7638,395.9957,49.2362,0,0,1,0,1,0,1,0,1,0,1,0,1
f99e85d7-159.jpg,246.7921,1250.0455,416.2392,49.9545,0,0,1,0,1,0,1,0,1,0,1,0,1
f99e85d7-159.jpg,374.7188,1250.8916,397.4591,49.1084,0,0,1,0,1,0,1,0,1,0,1,0,1
f99e85d7-159.jpg,1626.2308,586.8674,87.8506,69.4797,0,0,1,0,1,0,1,0,1,0,1,0,1
f99e85d7-159.jpg,341.1039,1251.7253,425.3927,48.2747,0,0,1,0,1,0,1,0,1,0,1,0,1
f99e85d7-159.jpg,252.4688,1251.6534,445.3869,48.3466,0,0,1,0,1,0,1,0,1,0,1,0,1
f9a8221b-194.jpg,1394.7896,445.9227,263.9404,233.4272,6,1,1,1,1,1,1,1,1,1,1,1,1
f9a8221b-194.jpg,1512.3975,1070.8889,333.1542,229.1111,4,1,1,1,1,1,1,1,1,0,1,0,1
f9a8221b-194.jpg,1491.3589,801.3198,324.7083,340.5048,3,1,1,1,1,1,1,0,1,0,1,0,1
f9a8221b-194.jpg,1477.4747,632.6747,256.5304,205.9895,3,1,1,1,1,1,1,0,1,0,1,0,1
f9a8221b-194.jpg,139.4862,980.878,337.012,318.4848,3,1,1,1,1,1,1,0,1,0,1,0,1
f9a8221b-194.jpg,232.9576,650.8096,265.3036,209.1858,2,1,1,1,1,0,1,0,1,0,1,0,1
f9a8221b-194.jpg,304.122,452.7917,273.3404,227.061,1,1,1,0,1,0,1,0,1,0,1,0,1
f9a8221b-194.jpg,720.5783,119.3716,244.0408,213.4034,1,1,1,0,1,0,1,0,1,0,1,0,1
f9a8221b-194.jpg,1197.9915,169.0952,181.0648,170.1111,2,1,1,1,1,0,1,0,1,0,1,0,1
f9a8221b-194.jpg,1888.5414,460.1924,111.4586,520.1888,0,0,1,0,1,0,1,0,1,0,1,0,1
f9a8221b-194.jpg,1882.9268,402.9666,117.0732,551.1693,0,0,1,0,1,0,1,0,1,0,1,0,1
f9a8221b-194.jpg,1878.4977,346.5174,121.5023,480.2519,0,0,1,0,1,0,1,0,1,0,1,0,1
f9a8221b-194.jpg,1882.0499,376.1218,117.9501,506.9839,0,0,1,0,1,0,1,0,1,0,1,0,1
f9a8221b-194.jpg,1880.9323,354.0423,119.0677,495.3236,0,0,1,0,1,0,1,0,1,0,1,0,1
f9a8221b-194.jpg,0.0,452.0213,75.9302,391.3669,0,0,1,0,1,0,1,0,1,0,1,0,1
f9a8221b-194.jpg,1870.71,325.1191,129.29,481.6334,0,0,1,0,1,0,1,0,1,0,1,0,1
f9a8221b-194.jpg,1873.2053,339.5245,126.7947,492.6904,0,0,1,0,1,0,1,0,1,0,1,0,1
f9a8221b-194.jpg,0.0,349.8766,77.88,535.5841,0,0,1,0,1,0,1,0,1,0,1,0,1
f9a8221b-194.jpg,0.0,311.2922,82.6212,565.0458,0,0,1,0,1,0,1,0,1,0,1,0,1
f9a8221b-194.jpg,1881.7172,367.2695,118.2828,465.004,0,0,1,0,1,0,1,0,1,0,1,0,1
f9a8221b-194.jpg,0.0,420.0632,78.3676,425.27,0,0,1,0,1,0,1,0,1,0,1,0,1
f9a8221b-194.jpg,0.0,255.2189,86.4433,597.5004,0,0,1,0,1,0,1,0,1,0,1,0,1
f9a8221b-194.jpg,1897.879,471.4734,101.693,526.1156,0,0,1,0,1,0,1,0,1,0,1,0,1
f9a8221b-194.jpg,0.0,405.5284,70.9263,464.699,0,0,1,0,1,0,1,0,1,0,1,0,1
f9a8221b-194.jpg,0.0,380.5169,78.8718,435.062,0,0,1,0,1,0,1,0,1,0,1,0,1
f9a8221b-194.jpg,0.4751,253.8907,90.7289,599.967,0,0,1,0,1,0,1,0,1,0,1,0,1
f9a8221b-194.jpg,0.0,361.9153,80.2643,423.4238,0,0,1,0,1,0,1,0,1,0,1,0,1
f9a8221b-194.jpg,0.5371,310.8524,87.3363,572.5051,0,0,1,0,1,0,1,0,1,0,1,0,1
f9a8221b-194.jpg,0.0,399.3141,76.8039,448.3231,0,0,1,0,1,0,1,0,1,0,1,0,1
f9a8221b-194.jpg,0.0,436.5221,74.8996,408.5995,0,0,1,0,1,0,1,0,1,0,1,0,1
f9a8221b-194.jpg,1895.0254,476.7877,104.9746,518.5891,0,0,1,0,1,0,1,0,1,0,1,0,1
f9a8221b-194.jpg,1930.0056,1197.0052,69.9944,102.9948,0,0,1,0,1,0,1,0,1,0,1,0,1
f9a8221b-194.jpg,0.0485,475.3999,70.8151,372.6828,0,0,1,0,1,0,1,0,1,0,1,0,1
f9a8221b-194.jpg,0.2342,463.8597,73.6013,383.0839,0,0,1,0,1,0,1,0,1,0,1,0,1
f9a8221b-194.jpg,0.0,0.0,19.1697,252.9185,0,0,1,0,1,0,1,0,1,0,1,0,1
f9a8221b-194.jpg,1866.6982,317.1052,133.3018,494.6232,0,0,1,0,1,0,1,0,1,0,1,0,1
f9a8221b-194.jpg,1881.6698,421.6199,118.3302,524.048,0,0,1,0,1,0,1,0,1,0,1,0,1
f9a8221b-194.jpg,1883.1659,474.9471,116.8341,502.9787,0,0,1,0,1,0,1,0,1,0,1,0,1
f9a8221b-194.jpg,0.0,0.0,50.5002,254.8435,0,0,1,0,1,0,1,0,1,0,1,0,1
f9a8221b-194.jpg,1882.2299,397.816,117.7701,481.1481,0,0,1,0,1,0,1,0,1,0,1,0,1
f9a8221b-194.jpg,0.0,355.1699,80.5996,406.5822,0,0,1,0,1,0,1,0,1,0,1,0,1
f9a8221b-194.jpg,1494.3584,1277.6201,248.3059,22.3799,0,0,1,0,1,0,1,0,1,0,1,0,1
f9a8221b-194.jpg,1501.8663,1278.1873,214.0323,21.8127,0,0,1,0,1,0,1,0,1,0,1,0,1
f9a8221b-194.jpg,1905.0287,1224.5021,94.2273,75.1488,0,0,1,0,1,0,1,0,1,0,1,0,1
f9a8221b-194.jpg,1162.4972,248.3642,228.8988,193.8108,0,0,1,0,1,0,1,0,1,0,1,0,1
f9a8221b-194.jpg,0.0,217.9506,90.7236,596.8733,0,0,1,0,1,0,1,0,1,0,1,0,1
f9a8221b-194.jpg,177.0373,1248.7739,277.2849,51.2261,0,0,1,0,1,0,1,0,1,0,1,0,1
f9a8221b-194.jpg,1949.4283,1148.7122,50.5717,150.7676,0,0,1,0,1,0,1,0,1,0,1,0,1
f9a8221b-194.jpg,0.0,516.5496,47.7765,285.4391,0,0,1,0,1,0,1,0,1,0,1,0,1
f9a8221b-194.jpg,182.5741,1251.0627,276.8304,48.9373,0,0,1,0,1,0,1,0,1,0,1,0,1
f9a8221b-194.jpg,0.0,358.6013,81.7736,407.3168,0,0,1,0,1,0,1,0,1,0,1,0,1
f9a8221b-194.jpg,73.238,1283.1008,518.0446,16.8992,0,0,1,0,1,0,1,0,1,0,1,0,1
f9a8221b-194.jpg,0.2777,215.6081,96.206,600.0422,0,0,1,0,1,0,1,0,1,0,1,0,1
f9a8221b-194.jpg,1916.8732,496.7873,83.1268,517.4591,0,0,1,0,1,0,1,0,1,0,1,0,1
f9a8221b-194.jpg,0.0,527.9777,42.9586,292.697,0,0,1,0,1,0,1,0,1,0,1,0,1
f9a8221b-194.jpg,0.0,0.0,16.166,297.182,0,0,1,0,1,0,1,0,1,0,1,0,1
f9a8221b-194.jpg,0.0,605.604,24.0534,284.0317,0,0,1,0,1,0,1,0,1,0,1,0,1
f9a8221b-194.jpg,0.0,622.4203,20.3707,265.251,0,0,1,0,1,0,1,0,1,0,1,0,1
f9a8221b-194.jpg,1504.7073,1277.0466,241.9327,22.9534,0,0,1,0,1,0,1,0,1,0,1,0,1
fa238421-97.jpg,86.0711,507.5068,170.9329,208.7715,1,1,1,0,1,0,1,0,1,0,1,0,1
fa238421-97.jpg,214.7042,385.4075,337.7982,361.019,1,1,1,0,1,0,1,0,1,0,1,0,1
fa238421-97.jpg,533.7748,403.2203,332.0594,356.7279,1,1,1,0,1,0,1,0,1,0,1,0,1
fa238421-97.jpg,224.1044,690.2283,172.9628,138.5427,1,1,1,0,1,0,1,0,1,0,1,0,1
fa238421-97.jpg,433.8263,646.8277,159.0735,184.8345,1,1,1,0,1,0,1,0,1,0,1,0,1
fa238421-97.jpg,782.6372,657.5202,216.761,199.5885,1,1,1,0,1,0,1,0,1,0,1,0,1
fa238421-97.jpg,1125.4597,417.6437,241.307,273.4362,1,1,1,0,1,0,1,0,1,0,1,0,1
fa238421-97.jpg,1225.2084,675.1598,225.6503,226.428,1,1,1,0,1,0,1,0,1,0,1,0,1
fa238421-97.jpg,1366.6748,402.7788,202.4949,174.5734,5,1,1,1,1,1,1,1,1,1,1,0,1
fa238421-97.jpg,1379.7275,460.9953,352.7821,189.9597,4,1,1,1,1,1,1,1,1,0,1,0,1
fa238421-97.jpg,1375.1312,618.9844,229.2775,164.1926,1,1,1,0,1,0,1,0,1,0,1,0,1
fa238421-97.jpg,1373.6553,482.6314,106.9517,140.0095,0,0,1,0,1,0,1,0,1,0,1,0,1
fa238421-97.jpg,1373.4491,475.4861,104.4136,147.7529,0,0,1,0,1,0,1,0,1,0,1,0,1
fa238421-97.jpg,1370.3816,483.0486,111.1108,140.2296,0,0,1,0,1,0,1,0,1,0,1,0,1
fa52a2ab-147.jpg,161.1802,463.4279,174.8643,289.833,1,1,1,0,1,0,1,0,1,0,1,0,1
fa52a2ab-147.jpg,319.5587,503.3678,157.4243,243.8338,1,1,1,0,1,0,1,0,1,0,1,0,1
fa52a2ab-147.jpg,228.5639,711.6216,169.8708,195.6097,2,1,1,1,1,0,1,0,1,0,1,0,1
fa52a2ab-147.jpg,385.6108,736.322,145.9137,98.7879,2,1,1,1,1,0,1,0,1,0,1,0,1
fa52a2ab-147.jpg,528.8128,759.5421,119.5774,61.8939,2,1,1,1,1,0,1,0,1,0,1,0,1
fa52a2ab-147.jpg,660.3101,726.7818,110.3343,81.0717,2,1,1,1,1,0,1,0,1,0,1,0,1
fa52a2ab-147.jpg,429.3256,442.7491,277.8902,328.1872,1,1,1,0,1,0,1,0,1,0,1,0,1
fa52a2ab-147.jpg,689.0653,445.0063,265.6121,306.1983,1,1,1,0,1,0,1,0,1,0,1,0,1
fa52a2ab-147.jpg,943.5865,464.1411,220.8062,289.698,1,1,1,0,1,0,1,0,1,0,1,0,1
fa52a2ab-147.jpg,1152.6506,471.431,241.199,267.108,1,1,1,0,1,0,1,0,1,0,1,0,1
fa52a2ab-147.jpg,1351.6096,497.3736,168.0336,254.9999,1,1,1,0,1,0,1,0,1,0,1,0,1
fa52a2ab-147.jpg,766.043,735.9918,116.358,83.0927,2,1,1,1,1,0,1,0,1,0,1,0,1
fa52a2ab-147.jpg,893.7961,730.4636,123.943,64.7106,2,1,1,1,1,0,1,0,1,0,1,0,1
fa52a2ab-147.jpg,1020.0324,682.7547,200.2368,193.4791,2,1,1,1,1,0,1,0,1,0,1,0,1
fa52a2ab-147.jpg,1282.3007,700.6612,198.7976,162.7866,2,1,1,1,1,0,1,0,1,0,1,0,1
fa52a2ab-147.jpg,1481.5942,491.7871,110.3799,195.0113,2,1,1,1,1,0,1,0,1,0,1,0,1
fa52a2ab-147.jpg,1557.2738,459.2692,138.8711,198.609,1,1,1,0,1,0,1,0,1,0,1,0,1
fa52a2ab-147.jpg,1690.1573,407.9863,131.7733,185.3002,1,1,1,0,1,0,1,0,1,0,1,0,1
fa52a2ab-147.jpg,1475.4039,639.3103,217.1862,163.5569,1,1,1,0,1,0,1,0,1,0,1,0,1
fa52a2ab-147.jpg,1801.8402,478.1443,98.468,130.5956,2,1,1,1,1,0,1,0,1,0,1,0,1
fa52a2ab-147.jpg,1670.957,569.5816,141.3818,133.57,2,1,1,1,1,0,1,0,1,0,1,0,1
fa52a2ab-147.jpg,1201.9968,714.1483,106.8932,103.0654,0,0,1,0,1,0,1,0,1,0,1,0,1
fb42774b-207.jpg,754.2643,438.6292,248.2727,269.658,1,1,1,0,1,0,1,0,1,0,1,0,1
fb42774b-207.jpg,990.4426,416.4827,247.7429,294.7795,1,1,1,0,1,0,1,0,1,0,1,0,1
fb42774b-207.jpg,605.5722,475.0014,172.2863,227.344,1,1,1,0,1,0,1,0,1,0,1,0,1
fb42774b-207.jpg,286.0514,503.4248,95.0274,160.5256,2,1,1,1,1,0,1,0,1,0,1,0,1
fb42774b-207.jpg,359.3175,495.4742,123.0984,187.1871,2,1,1,1,1,0,1,0,1,0,1,0,1
fb42774b-207.jpg,460.0885,476.899,157.7468,232.6709,1,1,1,0,1,0,1,0,1,0,1,0,1
fb42774b-207.jpg,284.2869,639.3907,117.5919,119.2932,2,1,1,1,1,0,1,0,1,0,1,0,1
fb42774b-207.jpg,392.7653,670.543,85.2625,113.1021,2,1,1,1,1,0,1,0,1,0,1,0,1
fb42774b-207.jpg,470.734,677.2909,116.4817,150.1924,1,1,1,0,1,0,1,0,1,0,1,0,1
fb42774b-207.jpg,731.6415,679.9562,146.6212,137.4484,1,1,1,0,1,0,1,0,1,0,1,0,1
fb42774b-207.jpg,877.7205,690.6484,127.9284,122.6525,1,1,1,0,1,0,1,0,1,0,1,0,1
fb42774b-207.jpg,999.4183,681.6679,153.5717,185.1132,1,1,1,0,1,0,1,0,1,0,1,0,1
fb42774b-207.jpg,1146.0355,674.894,143.829,180.1208,1,1,1,0,1,0,1,0,1,0,1,0,1
fb42774b-207.jpg,1225.1503,439.5116,187.4406,249.9382,1,1,1,0,1,0,1,0,1,0,1,0,1
fb42774b-207.jpg,1397.3232,428.9913,154.3918,246.0869,1,1,1,0,1,0,1,0,1,0,1,0,1
fb42774b-207.jpg,1530.5623,462.2303,140.9218,203.5826,1,1,1,0,1,0,1,0,1,0,1,0,1
fb42774b-207.jpg,1449.6758,643.7132,127.785,202.6583,1,1,1,0,1,0,1,0,1,0,1,0,1
fb42774b-207.jpg,1564.1342,654.9745,102.2955,140.1192,1,1,1,0,1,0,1,0,1,0,1,0,1
fb42774b-207.jpg,1647.7654,620.882,141.7942,159.9494,1,1,1,0,1,0,1,0,1,0,1,0,1
fb42774b-207.jpg,1713.8317,488.2533,94.3138,136.5573,1,1,1,0,1,0,1,0,1,0,1,0,1
fb42774b-207.jpg,1651.6887,499.2049,73.3208,152.7561,1,1,1,0,1,0,1,0,1,0,1,0,1
fb42774b-207.jpg,233.2604,560.9283,61.7284,82.5905,0,0,1,0,1,0,1,0,1,0,1,0,1
fb42774b-207.jpg,231.0479,560.8614,64.4209,82.4915,0,0,1,0,1,0,1,0,1,0,1,0,1
fb42774b-207.jpg,228.8398,561.7308,65.6379,82.1996,0,0,1,0,1,0,1,0,1,0,1,0,1
ff319412-220.jpg,775.2972,436.943,156.3431,223.5977,3,1,1,1,1,1,1,0,1,0,1,0,1
ff319412-220.jpg,777.6787,650.9043,165.6717,266.282,2,1,1,1,1,0,1,0,1,0,1,0,1
ff319412-220.jpg,890.544,416.7834,108.4948,243.2823,2,1,1,1,1,0,1,0,1,0,1,0,1
ff319412-220.jpg,989.0001,416.5248,93.7722,254.5669,2,1,1,1,1,0,1,0,1,0,1,0,1
ff319412-220.jpg,924.9942,646.7307,106.4676,248.2987,2,1,1,1,1,0,1,0,1,0,1,0,1
ff319412-220.jpg,1003.3755,662.6516,104.4769,223.9366,2,1,1,1,1,0,1,0,1,0,1,0,1
ff319412-220.jpg,207.3873,244.4924,226.1864,561.7817,0,0,1,0,1,0,1,0,1,0,1,0,1
ff319412-220.jpg,81.5542,234.1389,346.6767,575.0679,0,0,1,0,1,0,1,0,1,0,1,0,1
ff319412-220.jpg,10.968,230.5427,415.0074,576.5225,0,0,1,0,1,0,1,0,1,0,1,0,1
ff319412-220.jpg,233.3306,251.6281,205.9732,549.5442,0,0,1,0,1,0,1,0,1,0,1,0,1
ff319412-220.jpg,0.0,217.1319,395.3862,606.7545,0,0,1,0,1,0,1,0,1,0,1,0,1
ff319412-220.jpg,0.0749,217.4158,350.0532,593.8715,0,0,1,0,1,0,1,0,1,0,1,0,1
ff319412-220.jpg,0.0,228.6325,435.831,595.2437,0,0,1,0,1,0,1,0,1,0,1,0,1
ff319412-220.jpg,0.0,223.7921,380.0964,584.7371,0,0,1,0,1,0,1,0,1,0,1,0,1
ff319412-220.jpg,0.0,222.813,402.334,602.4803,0,0,1,0,1,0,1,0,1,0,1,0,1
ff319412-220.jpg,199.4182,240.4007,242.2763,578.4587,0,0,1,0,1,0,1,0,1,0,1,0,1
ff319412-220.jpg,785.1887,1.0758,420.7982,202.2843,0,0,1,0,1,0,1,0,1,0,1,0,1
ff319412-220.jpg,736.299,0.5323,472.4659,233.7798,0,0,1,0,1,0,1,0,1,0,1,0,1
ff319412-220.jpg,717.8962,0.0,487.6524,251.976,0,0,1,0,1,0,1,0,1,0,1,0,1
ff319412-220.jpg,0.118,207.5897,313.6126,620.7276,0,0,1,0,1,0,1,0,1,0,1,0,1
ff319412-220.jpg,179.8859,239.3657,253.0331,567.9525,0,0,1,0,1,0,1,0,1,0,1,0,1
ff319412-220.jpg,234.6212,245.3647,215.6886,559.1832,0,0,1,0,1,0,1,0,1,0,1,0,1
ff319412-220.jpg,0.3679,208.5743,276.2713,611.1146,0,0,1,0,1,0,1,0,1,0,1,0,1
ff319412-220.jpg,367.2517,269.5861,140.8395,529.829,0,0,1,0,1,0,1,0,1,0,1,0,1
ff319412-220.jpg,196.6253,252.7608,263.8895,524.9056,0,0,1,0,1,0,1,0,1,0,1,0,1
ff319412-220.jpg,226.8367,255.3864,197.7309,549.635,0,0,1,0,1,0,1,0,1,0,1,0,1
ff319412-220.jpg,0.0,205.6488,189.9452,451.4473,0,0,1,0,1,0,1,0,1,0,1,0,1
ff319412-220.jpg,205.8763,239.6638,215.9376,566.418,0,0,1,0,1,0,1,0,1,0,1,0,1
ff319412-220.jpg,0.0,0.0,344.1076,223.8798,0,0,1,0,1,0,1,0,1,0,1,0,1
ff319412-220.jpg,0.2542,208.7896,199.0343,480.3065,0,0,1,0,1,0,1,0,1,0,1,0,1
ff319412-220.jpg,0.1615,207.8859,242.2376,459.9694,0,0,1,0,1,0,1,0,1,0,1,0,1
ff319412-220.jpg,362.2485,278.2184,145.5987,523.5638,0,0,1,0,1,0,1,0,1,0,1,0,1
ff319412-220.jpg,1049.1614,498.4916,48.6504,170.3554,0,0,1,0,1,0,1,0,1,0,1,0,1
ff319412-220.jpg,1060.333,539.4698,44.2032,126.9578,0,0,1,0,1,0,1,0,1,0,1,0,1
ff319412-220.jpg,1047.8915,453.2003,48.9506,223.9427,0,0,1,0,1,0,1,0,1,0,1,0,1
ff319412-220.jpg,0.0,0.0,522.8875,243.5425,0,0,1,0,1,0,1,0,1,0,1,0,1
ff319412-220.jpg,0.0,0.0229,345.6555,226.7832,0,0,1,0,1,0,1,0,1,0,1,0,1
ff319412-220.jpg,0.0,0.0,7.4982,247.029,0,0,1,0,1,0,1,0,1,0,1,0,1
ff319412-220.jpg,372.1577,273.5304,133.8746,496.5492,0,0,1,0,1,0,1,0,1,0,1,0,1
ff319412-220.jpg,798.2242,1.09,413.2959,194.476,0,0,1,0,1,0,1,0,1,0,1,0,1
ff319412-220.jpg,1051.4417,528.6263,47.1875,145.0807,0,0,1,0,1,0,1,0,1,0,1,0,1
ff319412-220.jpg,0.0,0.0,350.9749,229.543,0,0,1,0,1,0,1,0,1,0,1,0,1
ff319412-220.jpg,860.7332,1.096,350.6277,171.9853,0,0,1,0,1,0,1,0,1,0,1,0,1
ff319412-220.jpg,1061.5585,560.4191,43.3717,111.9615,0,0,1,0,1,0,1,0,1,0,1,0,1
ff319412-220.jpg,1059.0629,480.9501,41.4181,216.6742,0,0,1,0,1,0,1,0,1,0,1,0,1
ff319412-220.jpg,696.9191,1.2775,516.1466,196.5857,0,0,1,0,1,0,1,0,1,0,1,0,1
ff319412-220.jpg,291.4517,268.2249,165.8716,534.685,0,0,1,0,1,0,1,0,1,0,1,0,1
ff319412-220.jpg,0.0,0.492,346.7579,227.8802,0,0,1,0,1,0,1,0,1,0,1,0,1
ff319412-220.jpg,716.743,0.0,490.886,278.6618,0,0,1,0,1,0,1,0,1,0,1,0,1
ff319412-220.jpg,426.9891,286.5268,248.697,571.5432,0,0,1,0,1,0,1,0,1,0,1,0,1
ff319412-220.jpg,691.3398,1.591,520.0356,180.3626,0,0,1,0,1,0,1,0,1,0,1,0,1
ff319412-220.jpg,368.5337,275.5629,137.3269,462.5838,0,0,1,0,1,0,1,0,1,0,1,0,1
ff319412-220.jpg,1059.7047,499.6581,44.6381,171.252,0,0,1,0,1,0,1,0,1,0,1,0,1
ff319412-220.jpg,389.0546,263.1953,106.9117,453.3063,0,0,1,0,1,0,1,0,1,0,1,0,1
ff319412-220.jpg,1054.4794,418.2669,66.8076,260.7567,0,0,1,0,1,0,1,0,1,0,1,0,1
ff319412-220.jpg,74.7275,249.8441,393.1841,492.4543,0,0,1,0,1,0,1,0,1,0,1,0,1
