image_id,x,y,w,h,gt_icdas,y_ge1,y_ge2,y_ge3,y_ge4,y_ge5,y_ge6,mask_ge1,mask_ge2,mask_ge3,mask_ge4,mask_ge5,mask_ge6
27.jpg,26,552,148,212,3,1,1,1,0,0,0,1,1,1,1,1,1
27.jpg,112,667,280,177,1,1,0,0,0,0,0,1,1,1,1,1,1
27.jpg,429,397,304,336,3,1,1,1,0,0,0,1,1,1,1,1,1
27.jpg,412,677,247,192,3,1,1,1,0,0,0,1,1,1,1,1,1
27.jpg,684,624,259,342,3,1,1,1,0,0,0,1,1,1,1,1,1
27.jpg,840,473,269,270,3,1,1,1,0,0,0,1,1,1,1,1,1
27.jpg,936,729,222,212,3,1,1,1,0,0,0,1,1,1,1,1,1
27.jpg,1114,407,327,384,3,1,1,1,0,0,0,1,1,1,1,1,1
27.jpg,1443,366,277,383,3,1,1,1,0,0,0,1,1,1,1,1,1
27.jpg,1403,748,128,150,0,0,0,0,0,0,0,1,1,1,1,1,1
27.jpg,1712,323,171,310,3,1,1,1,0,0,0,1,1,1,1,1,1
27.jpg,1867,310,90,221,0,0,0,0,0,0,0,1,1,1,1,1,1
27.jpg,1838,571,79,171,0,0,0,0,0,0,0,1,1,1,1,1,1
27.jpg,1712,627,151,227,1,1,0,0,0,0,0,1,1,1,1,1,1
249.jpg,354,542,146,185,1,1,0,0,0,0,0,1,1,1,1,1,1
249.jpg,464,528,179,258,1,1,0,0,0,0,0,1,1,1,1,1,1
249.jpg,615,487,181,235,0,0,0,0,0,0,0,1,1,1,1,1,1
249.jpg,771,426,240,269,0,0,0,0,0,0,0,1,1,1,1,1,1
249.jpg,1016,409,242,282,0,0,0,0,0,0,0,1,1,1,1,1,1
249.jpg,1249,491,132,220,0,0,0,0,0,0,0,1,1,1,1,1,1
249.jpg,1367,477,144,268,0,0,0,0,0,0,0,1,1,1,1,1,1
249.jpg,1503,493,106,205,0,0,0,0,0,0,0,1,1,1,1,1,1
249.jpg,729,678,123,121,0,0,0,0,0,0,0,1,1,1,1,1,1
249.jpg,594,700,108,124,1,1,0,0,0,0,0,1,1,1,1,1,1
249.jpg,452,685,116,177,0,0,0,0,0,0,0,1,1,1,1,1,1
249.jpg,378,700,74,125,0,0,0,0,0,0,0,1,1,1,1,1,1
249.jpg,1005,655,113,103,0,0,0,0,0,0,0,1,1,1,1,1,1
249.jpg,881,682,103,62,0,0,0,0,0,0,0,1,1,1,1,1,1
249.jpg,1375,663,156,161,0,0,0,0,0,0,0,1,1,1,1,1,1
249.jpg,1271,678,98,97,0,0,0,0,0,0,0,1,1,1,1,1,1
249.jpg,1154,683,98,79,1,1,0,0,0,0,0,1,1,1,1,1,1
159.jpg,109,437,39,188,0,0,0,0,0,0,0,1,1,1,1,1,1
159.jpg,143,430,75,224,0,0,0,0,0,0,0,1,1,1,1,1,1
159.jpg,212,432,124,217,1,1,0,0,0,0,0,1,1,1,1,1,1
159.jpg,326,377,234,270,1,1,0,0,0,0,0,1,1,1,1,1,1
159.jpg,559,395,253,256,1,1,0,0,0,0,0,1,1,1,1,1,1
159.jpg,824,462,214,217,1,1,0,0,0,0,0,1,1,1,1,1,1
159.jpg,1049,422,208,270,1,1,0,0,0,0,0,1,1,1,1,1,1
159.jpg,1257,489,158,193,1,1,0,0,0,0,0,1,1,1,1,1,1
159.jpg,1323,691,1,1,0,0,0,0,0,0,0,1,1,1,1,1,1
159.jpg,1419,505,130,149,1,1,0,0,0,0,0,1,1,1,1,1,1
159.jpg,1542,484,107,120,2,1,1,0,0,0,0,1,1,1,1,1,1
159.jpg,175,632,79,130,1,1,0,0,0,0,0,1,1,1,1,1,1
159.jpg,243,626,91,175,1,1,0,0,0,0,0,1,1,1,1,1,1
159.jpg,328,639,133,202,1,1,0,0,0,0,0,1,1,1,1,1,1
159.jpg,458,639,148,188,0,0,0,0,0,0,0,1,1,1,1,1,1
159.jpg,611,636,167,199,0,0,0,0,0,0,0,1,1,1,1,1,1
159.jpg,785,624,170,229,0,0,0,0,0,0,0,1,1,1,1,1,1
159.jpg,966,635,183,231,1,1,0,0,0,0,0,1,1,1,1,1,1
159.jpg,1152,636,175,198,1,1,0,0,0,0,0,1,1,1,1,1,1
159.jpg,1306,649,151,118,0,0,0,0,0,0,0,1,1,1,1,1,1
159.jpg,1453,605,191,93,2,1,1,0,0,0,0,1,1,1,1,1,1
6.jpg,967,373,312,338,0,0,0,0,0,0,0,1,1,1,1,1,1
6.jpg,1273,376,242,308,0,0,0,0,0,0,0,1,1,1,1,1,1
6.jpg,1524,391,121,221,0,0,0,0,0,0,0,1,1,1,1,1,1
6.jpg,1653,347,140,208,0,0,0,0,0,0,0,1,1,1,1,1,1
6.jpg,1802,380,80,169,0,0,0,0,0,0,0,1,1,1,1,1,1
6.jpg,1868,347,88,205,0,0,0,0,0,0,0,1,1,1,1,1,1
6.jpg,674,392,292,331,0,0,0,0,0,0,0,1,1,1,1,1,1
6.jpg,468,431,235,246,0,0,0,0,0,0,0,1,1,1,1,1,1
6.jpg,320,400,183,242,0,0,0,0,0,0,0,1,1,1,1,1,1
6.jpg,191,370,166,223,0,0,0,0,0,0,0,1,1,1,1,1,1
6.jpg,87,342,133,180,0,0,0,0,0,0,0,1,1,1,1,1,1
6.jpg,104,527,169,155,2,1,1,0,0,0,0,1,1,1,1,1,1
6.jpg,309,633,225,181,1,1,0,0,0,0,0,1,1,1,1,1,1
6.jpg,538,667,168,193,0,0,0,0,0,0,0,1,1,1,1,1,1
6.jpg,726,710,177,140,2,1,1,0,0,0,0,1,1,1,1,1,1
6.jpg,906,692,174,159,0,0,0,0,0,0,0,1,1,1,1,1,1
6.jpg,1081,691,174,153,0,0,0,0,0,0,0,1,1,1,1,1,1
6.jpg,1257,661,183,171,0,0,0,0,0,0,0,1,1,1,1,1,1
6.jpg,1443,618,144,192,0,0,0,0,0,0,0,1,1,1,1,1,1
6.jpg,1600,561,142,222,0,0,0,0,0,0,0,1,1,1,1,1,1
6.jpg,1729,561,109,193,0,0,0,0,0,0,0,1,1,1,1,1,1
2.jpg,44,364,242,339,3,1,1,1,0,0,0,1,1,1,1,1,1
2.jpg,288,350,262,336,1,1,0,0,0,0,0,1,1,1,1,1,1
2.jpg,552,435,266,280,2,1,1,0,0,0,0,1,1,1,1,1,1
2.jpg,829,394,298,350,2,1,1,0,0,0,0,1,1,1,1,1,1
2.jpg,1140,456,263,308,2,1,1,0,0,0,0,1,1,1,1,1,1
2.jpg,1410,510,203,245,2,1,1,0,0,0,0,1,1,1,1,1,1
2.jpg,1614,519,306,221,2,1,1,0,0,0,0,1,1,1,1,1,1
2.jpg,1823,695,159,181,0,0,0,0,0,0,0,1,1,1,1,1,1
2.jpg,1484,744,350,180,2,1,1,0,0,0,0,1,1,1,1,1,1
2.jpg,1227,723,244,246,2,1,1,0,0,0,0,1,1,1,1,1,1
2.jpg,954,700,280,295,2,1,1,0,0,0,0,1,1,1,1,1,1
2.jpg,694,668,256,297,2,1,1,0,0,0,0,1,1,1,1,1,1
2.jpg,499,667,197,279,0,0,0,0,0,0,0,1,1,1,1,1,1
2.jpg,347,661,154,298,0,0,0,0,0,0,0,1,1,1,1,1,1
2.jpg,227,698,118,264,0,0,0,0,0,0,0,1,1,1,1,1,1
2.jpg,137,698,89,208,0,0,0,0,0,0,0,1,1,1,1,1,1
2.jpg,70,697,69,166,0,0,0,0,0,0,0,1,1,1,1,1,1
177.jpg,238,932,284,258,4,1,1,1,1,0,0,1,1,1,1,1,1
177.jpg,309,758,275,238,3,1,1,1,0,0,0,1,1,1,1,1,1
177.jpg,386,638,224,169,2,1,1,0,0,0,0,1,1,1,1,1,1
177.jpg,394,453,232,196,2,1,1,0,0,0,0,1,1,1,1,1,1
177.jpg,468,314,200,152,1,1,0,0,0,0,0,1,1,1,1,1,1
177.jpg,625,262,190,128,1,1,0,0,0,0,0,1,1,1,1,1,1
177.jpg,818,240,214,138,1,1,0,0,0,0,0,1,1,1,1,1,1
177.jpg,1034,207,220,154,0,0,0,0,0,0,0,1,1,1,1,1,1
177.jpg,1220,273,198,137,1,1,0,0,0,0,0,1,1,1,1,1,1
177.jpg,1402,293,216,189,1,1,0,0,0,0,0,1,1,1,1,1,1
177.jpg,1433,484,246,189,2,1,1,0,0,0,0,1,1,1,1,1,1
177.jpg,1449,675,243,155,2,1,1,0,0,0,0,1,1,1,1,1,1
177.jpg,1425,833,282,197,3,1,1,1,0,0,0,1,1,1,1,1,1
177.jpg,1503,969,287,210,4,1,1,1,1,0,0,1,1,1,1,1,1
36.jpg,254,319,206,306,1,1,0,0,0,0,0,1,1,1,1,1,1
36.jpg,439,395,230,311,1,1,0,0,0,0,0,1,1,1,1,1,1
36.jpg,645,357,337,356,1,1,0,0,0,0,0,1,1,1,1,1,1
36.jpg,981,322,343,378,0,0,0,0,0,0,0,1,1,1,1,1,1
36.jpg,1320,367,224,319,1,1,0,0,0,0,0,1,1,1,1,1,1
36.jpg,1549,320,213,308,1,1,0,0,0,0,0,1,1,1,1,1,1
36.jpg,1722,395,179,267,0,0,0,0,0,0,0,1,1,1,1,1,1
36.jpg,986,621,188,216,1,1,0,0,0,0,0,1,1,1,1,1,1
36.jpg,1328,613,258,260,1,1,0,0,0,0,0,1,1,1,1,1,1
36.jpg,1535,529,200,288,1,1,0,0,0,0,0,1,1,1,1,1,1
36.jpg,416,592,193,186,1,1,0,0,0,0,0,1,1,1,1,1,1
36.jpg,793,630,178,240,1,1,0,0,0,0,0,1,1,1,1,1,1
202.jpg,713,700,355,292,1,1,0,0,0,0,0,1,1,1,1,1,1
202.jpg,719,994,304,176,0,0,0,0,0,0,0,1,1,1,1,1,1
202.jpg,783,508,323,206,0,0,0,0,0,0,0,1,1,1,1,1,1
202.jpg,797,333,352,178,1,1,0,0,0,0,0,1,1,1,1,1,1
202.jpg,849,251,311,119,0,0,0,0,0,0,0,1,1,1,1,1,1
202.jpg,977,751,278,233,1,1,0,0,0,0,0,1,1,1,1,1,1
202.jpg,994,613,252,142,0,0,0,0,0,0,0,1,1,1,1,1,1
137.jpg,0,905,370,385,3,1,1,1,0,0,0,1,1,1,1,1,1
137.jpg,199,743,293,212,4,1,1,1,1,0,0,1,1,1,1,1,1
137.jpg,246,414,299,311,4,1,1,1,1,0,0,1,1,1,1,1,1
137.jpg,425,282,174,175,0,0,0,0,0,0,0,1,1,1,1,1,1
137.jpg,600,209,179,184,5,1,1,1,1,1,0,1,1,1,1,1,1
137.jpg,762,167,249,195,4,1,1,1,1,0,0,1,1,1,1,1,1
137.jpg,1006,180,223,205,5,1,1,1,1,1,0,1,1,1,1,1,1
137.jpg,1231,252,187,190,5,1,1,1,1,1,0,1,1,1,1,1,1
137.jpg,1469,493,306,324,4,1,1,1,1,0,0,1,1,1,1,1,1
137.jpg,1537,756,362,364,5,1,1,1,1,1,0,1,1,1,1,1,1
157.jpg,897,512,146,169,2,1,1,0,0,0,0,1,1,1,1,1,1
157.jpg,1009,490,101,182,1,1,0,0,0,0,0,1,1,1,1,1,1
157.jpg,918,657,71,159,2,1,1,0,0,0,0,1,1,1,1,1,1
157.jpg,993,672,30,140,1,1,0,0,0,0,0,1,1,1,1,1,1
72.jpg,39,15,329,310,4,1,1,1,1,0,0,1,1,1,1,1,1
72.jpg,134,308,323,331,3,1,1,1,0,0,0,1,1,1,1,1,1
72.jpg,267,613,253,192,2,1,1,0,0,0,0,1,1,1,1,1,1
72.jpg,376,778,210,218,1,1,0,0,0,0,0,1,1,1,1,1,1
72.jpg,531,929,178,187,0,0,0,0,0,0,0,1,1,1,1,1,1
72.jpg,680,1023,172,163,0,0,0,0,0,0,0,1,1,1,1,1,1
72.jpg,845,1042,155,165,0,0,0,0,0,0,0,1,1,1,1,1,1
72.jpg,1005,1048,155,155,0,0,0,0,0,0,0,1,1,1,1,1,1
72.jpg,1162,1015,169,166,0,0,0,0,0,0,0,1,1,1,1,1,1
72.jpg,1287,934,180,183,0,0,0,0,0,0,0,1,1,1,1,1,1
72.jpg,1402,780,213,214,1,1,0,0,0,0,0,1,1,1,1,1,1
72.jpg,1461,598,255,212,2,1,1,0,0,0,0,1,1,1,1,1,1
72.jpg,1522,310,302,323,1,1,0,0,0,0,0,1,1,1,1,1,1
72.jpg,1606,12,321,317,2,1,1,0,0,0,0,1,1,1,1,1,1
53.jpg,167,118,244,264,2,1,1,0,0,0,0,1,1,1,1,1,1
53.jpg,229,347,269,340,3,1,1,1,0,0,0,1,1,1,1,1,1
53.jpg,365,652,210,207,2,1,1,0,0,0,0,1,1,1,1,1,1
53.jpg,474,826,217,230,1,1,0,0,0,0,0,1,1,1,1,1,1
53.jpg,622,983,201,197,0,0,0,0,0,0,0,1,1,1,1,1,1
53.jpg,780,1064,165,163,0,0,0,0,0,0,0,1,1,1,1,1,1
53.jpg,946,1099,147,147,0,0,0,0,0,0,0,1,1,1,1,1,1
53.jpg,1097,1073,142,144,0,0,0,0,0,0,0,1,1,1,1,1,1
53.jpg,1242,1055,158,142,0,0,0,0,0,0,0,1,1,1,1,1,1
53.jpg,1334,907,195,202,0,0,0,0,0,0,0,1,1,1,1,1,1
53.jpg,1425,726,224,219,1,1,0,0,0,0,0,1,1,1,1,1,1
53.jpg,1481,539,211,187,2,1,1,0,0,0,0,1,1,1,1,1,1
53.jpg,1536,233,233,306,4,1,1,1,1,0,0,1,1,1,1,1,1
53.jpg,1558,0,226,244,3,1,1,1,0,0,0,1,1,1,1,1,1
253.jpg,249,964,277,253,2,1,1,0,0,0,0,1,1,1,1,1,1
253.jpg,300,757,277,260,2,1,1,0,0,0,0,1,1,1,1,1,1
253.jpg,386,619,246,170,1,1,0,0,0,0,0,1,1,1,1,1,1
253.jpg,453,453,242,197,1,1,0,0,0,0,0,1,1,1,1,1,1
253.jpg,554,284,189,192,1,1,0,0,0,0,0,1,1,1,1,1,1
253.jpg,688,170,163,149,0,0,0,0,0,0,0,1,1,1,1,1,1
253.jpg,800,66,218,183,0,0,0,0,0,0,0,1,1,1,1,1,1
253.jpg,1022,63,199,182,0,0,0,0,0,0,0,1,1,1,1,1,1
253.jpg,1190,140,154,162,0,0,0,0,0,0,0,1,1,1,1,1,1
253.jpg,1269,250,186,206,1,1,0,0,0,0,0,1,1,1,1,1,1
253.jpg,1311,417,243,196,1,1,0,0,0,0,0,1,1,1,1,1,1
253.jpg,1381,587,227,162,1,1,0,0,0,0,0,1,1,1,1,1,1
253.jpg,1388,735,269,258,2,1,1,0,0,0,0,1,1,1,1,1,1
253.jpg,1415,951,262,244,2,1,1,0,0,0,0,1,1,1,1,1,1
232.jpg,681,453,210,245,0,0,0,0,0,0,0,1,1,1,1,1,1
232.jpg,902,495,200,233,3,1,1,1,0,0,0,1,1,1,1,1,1
232.jpg,867,704,104,199,1,1,0,0,0,0,0,1,1,1,1,1,1
232.jpg,652,715,187,237,1,1,0,0,0,0,0,1,1,1,1,1,1
226.jpg,287,423,249,323,0,0,0,0,0,0,0,1,1,1,1,1,1
226.jpg,129,504,177,224,0,0,0,0,0,0,0,1,1,1,1,1,1
226.jpg,122,716,163,182,1,1,0,0,0,0,0,1,1,1,1,1,1
226.jpg,260,722,158,135,0,0,0,0,0,0,0,1,1,1,1,1,1
226.jpg,564,740,166,131,0,0,0,0,0,0,0,1,1,1,1,1,1
226.jpg,525,392,281,357,0,0,0,0,0,0,0,1,1,1,1,1,1
226.jpg,805,430,246,284,0,0,0,0,0,0,0,1,1,1,1,1,1
226.jpg,1060,374,249,317,0,0,0,0,0,0,0,1,1,1,1,1,1
226.jpg,936,647,242,313,0,0,0,0,0,0,0,1,1,1,1,1,1
226.jpg,726,690,204,183,0,0,0,0,0,0,0,1,1,1,1,1,1
226.jpg,1183,654,227,295,0,0,0,0,0,0,0,1,1,1,1,1,1
226.jpg,1299,422,229,264,0,0,0,0,0,0,0,1,1,1,1,1,1
226.jpg,1396,685,143,179,0,0,0,0,0,0,0,1,1,1,1,1,1
226.jpg,1513,618,226,176,3,1,1,1,0,0,0,1,1,1,1,1,1
226.jpg,1519,476,140,196,0,0,0,0,0,0,0,1,1,1,1,1,1
28.jpg,26,377,139,304,3,1,1,1,0,0,0,1,1,1,1,1,1
28.jpg,144,467,145,252,3,1,1,1,0,0,0,1,1,1,1,1,1
28.jpg,156,723,103,184,2,1,1,0,0,0,0,1,1,1,1,1,1
28.jpg,288,425,274,378,3,1,1,1,0,0,0,1,1,1,1,1,1
28.jpg,296,797,107,130,2,1,1,0,0,0,0,1,1,1,1,1,1
28.jpg,556,454,316,376,3,1,1,1,0,0,0,1,1,1,1,1,1
28.jpg,874,416,301,345,3,1,1,1,0,0,0,1,1,1,1,1,1
28.jpg,843,726,198,236,1,1,0,0,0,0,0,1,1,1,1,1,1
28.jpg,1055,648,254,344,3,1,1,1,0,0,0,1,1,1,1,1,1
28.jpg,1211,531,232,160,0,0,0,0,0,0,0,1,1,1,1,1,1
28.jpg,1299,685,257,277,3,1,1,1,0,0,0,1,1,1,1,1,1
28.jpg,1443,469,225,257,1,1,0,0,0,0,0,1,1,1,1,1,1
28.jpg,1676,537,222,183,1,1,0,0,0,0,0,1,1,1,1,1,1
28.jpg,1570,719,263,144,1,1,0,0,0,0,0,1,1,1,1,1,1
28.jpg,1843,700,150,130,5,1,1,1,1,1,0,1,1,1,1,1,1
168.jpg,87,471,59,159,2,1,1,0,0,0,0,1,1,1,1,1,1
168.jpg,136,495,103,158,2,1,1,0,0,0,0,1,1,1,1,1,1
168.jpg,216,509,117,185,2,1,1,0,0,0,0,1,1,1,1,1,1
168.jpg,297,488,136,197,2,1,1,0,0,0,0,1,1,1,1,1,1
168.jpg,420,477,151,200,1,1,0,0,0,0,0,1,1,1,1,1,1
168.jpg,549,435,194,221,1,1,0,0,0,0,0,1,1,1,1,1,1
168.jpg,755,415,233,244,1,1,0,0,0,0,0,1,1,1,1,1,1
168.jpg,994,415,239,244,1,1,0,0,0,0,0,1,1,1,1,1,1
168.jpg,1232,436,175,217,1,1,0,0,0,0,0,1,1,1,1,1,1
168.jpg,1406,432,117,229,1,1,0,0,0,0,0,1,1,1,1,1,1
168.jpg,1509,476,104,190,1,1,0,0,0,0,0,1,1,1,1,1,1
168.jpg,1583,495,84,175,1,1,0,0,0,0,0,1,1,1,1,1,1
168.jpg,1658,464,95,170,2,1,1,0,0,0,0,1,1,1,1,1,1
168.jpg,155,655,137,140,2,1,1,0,0,0,0,1,1,1,1,1,1
168.jpg,299,678,85,131,1,1,0,0,0,0,0,1,1,1,1,1,1
168.jpg,384,648,160,152,1,1,0,0,0,0,0,1,1,1,1,1,1
168.jpg,543,652,134,122,0,0,0,0,0,0,0,1,1,1,1,1,1
168.jpg,667,616,168,156,0,0,0,0,0,0,0,1,1,1,1,1,1
168.jpg,826,648,156,69,0,0,0,0,0,0,0,1,1,1,1,1,1
168.jpg,983,645,151,90,1,1,0,0,0,0,0,1,1,1,1,1,1
168.jpg,1132,621,150,128,0,0,0,0,0,0,0,1,1,1,1,1,1
168.jpg,1287,639,126,110,0,0,0,0,0,0,0,1,1,1,1,1,1
168.jpg,1410,639,137,158,1,1,0,0,0,0,0,1,1,1,1,1,1
168.jpg,1591,624,117,151,2,1,1,0,0,0,0,1,1,1,1,1,1
168.jpg,1539,661,56,128,1,1,0,0,0,0,0,1,1,1,1,1,1
155.jpg,142,39,309,248,3,1,1,1,0,0,0,1,1,1,1,1,1
155.jpg,222,287,333,327,4,1,1,1,1,0,0,1,1,1,1,1,1
155.jpg,350,560,260,215,0,0,0,0,0,0,0,1,1,1,1,1,1
155.jpg,387,753,241,226,0,0,0,0,0,0,0,1,1,1,1,1,1
155.jpg,509,924,213,217,0,0,0,0,0,0,0,1,1,1,1,1,1
155.jpg,680,1000,185,196,0,0,0,0,0,0,0,1,1,1,1,1,1
155.jpg,846,1055,171,187,0,0,0,0,0,0,0,1,1,1,1,1,1
155.jpg,1017,1046,182,168,0,0,0,0,0,0,0,1,1,1,1,1,1
155.jpg,1182,1009,185,180,0,0,0,0,0,0,0,1,1,1,1,1,1
155.jpg,1299,899,195,203,0,0,0,0,0,0,0,1,1,1,1,1,1
155.jpg,1384,706,242,245,0,0,0,0,0,0,0,1,1,1,1,1,1
155.jpg,1407,514,262,216,0,0,0,0,0,0,0,1,1,1,1,1,1
155.jpg,1468,260,330,318,4,1,1,1,1,0,0,1,1,1,1,1,1
155.jpg,1453,3,318,249,5,1,1,1,1,1,0,1,1,1,1,1,1
273.jpg,186,482,85,181,2,1,1,0,0,0,0,1,1,1,1,1,1
273.jpg,250,448,71,224,1,1,0,0,0,0,0,1,1,1,1,1,1
273.jpg,84,415,104,211,2,1,1,0,0,0,0,1,1,1,1,1,1
273.jpg,292,434,111,261,2,1,1,0,0,0,0,1,1,1,1,1,1
273.jpg,392,390,193,333,2,1,1,0,0,0,0,1,1,1,1,1,1
273.jpg,579,372,236,310,1,1,0,0,0,0,0,1,1,1,1,1,1
273.jpg,795,403,269,336,0,0,0,0,0,0,0,1,1,1,1,1,1
273.jpg,1071,375,275,353,0,0,0,0,0,0,0,1,1,1,1,1,1
273.jpg,1327,412,195,281,1,1,0,0,0,0,0,1,1,1,1,1,1
273.jpg,1507,459,170,308,1,1,0,0,0,0,0,1,1,1,1,1,1
273.jpg,1660,529,111,231,1,1,0,0,0,0,0,1,1,1,1,1,1
273.jpg,406,654,170,234,2,1,1,0,0,0,0,1,1,1,1,1,1
273.jpg,579,644,204,259,1,1,0,0,0,0,0,1,1,1,1,1,1
273.jpg,927,719,131,151,1,1,0,0,0,0,0,1,1,1,1,1,1
273.jpg,1051,709,174,203,0,0,0,0,0,0,0,1,1,1,1,1,1
273.jpg,1229,662,121,162,1,1,0,0,0,0,0,1,1,1,1,1,1
273.jpg,1340,665,193,277,1,1,0,0,0,0,0,1,1,1,1,1,1
273.jpg,1529,699,131,230,1,1,0,0,0,0,0,1,1,1,1,1,1
273.jpg,1658,749,82,151,1,1,0,0,0,0,0,1,1,1,1,1,1
273.jpg,323,679,92,150,1,1,0,0,0,0,0,1,1,1,1,1,1
273.jpg,241,657,112,137,1,1,0,0,0,0,0,1,1,1,1,1,1
247.jpg,267,579,249,225,2,1,1,0,0,0,0,1,1,1,1,1,1
247.jpg,185,306,306,301,3,1,1,1,0,0,0,1,1,1,1,1,1
247.jpg,176,3,187,337,3,1,1,1,0,0,0,1,1,1,1,1,1
247.jpg,376,729,231,263,1,1,0,0,0,0,0,1,1,1,1,1,1
247.jpg,502,911,177,227,0,0,0,0,0,0,0,1,1,1,1,1,1
247.jpg,662,1001,189,160,0,0,0,0,0,0,0,1,1,1,1,1,1
247.jpg,821,1061,170,120,0,0,0,0,0,0,0,1,1,1,1,1,1
247.jpg,996,1058,171,110,0,0,0,0,0,0,0,1,1,1,1,1,1
247.jpg,1144,1012,183,161,0,0,0,0,0,0,0,1,1,1,1,1,1
247.jpg,1304,954,190,211,0,0,0,0,0,0,0,1,1,1,1,1,1
247.jpg,1352,762,243,238,0,0,0,0,0,0,0,1,1,1,1,1,1
247.jpg,1421,596,253,217,0,0,0,0,0,0,0,1,1,1,1,1,1
247.jpg,1503,328,302,321,1,1,0,0,0,0,0,1,1,1,1,1,1
247.jpg,1638,62,174,291,2,1,1,0,0,0,0,1,1,1,1,1,1
15.jpg,1656,231,287,268,2,1,1,0,0,0,0,1,1,1,1,1,1
15.jpg,1501,475,324,298,1,1,0,0,0,0,0,1,1,1,1,1,1
15.jpg,1458,747,232,209,1,1,0,0,0,0,0,1,1,1,1,1,1
15.jpg,1303,825,203,234,1,1,0,0,0,0,0,1,1,1,1,1,1
15.jpg,1196,957,151,205,0,0,0,0,0,0,0,1,1,1,1,1,1
15.jpg,1021,1047,192,156,0,0,0,0,0,0,0,1,1,1,1,1,1
15.jpg,715,1038,144,132,0,0,0,0,0,0,0,1,1,1,1,1,1
15.jpg,548,951,160,172,0,0,0,0,0,0,0,1,1,1,1,1,1
15.jpg,364,812,206,229,0,0,0,0,0,0,0,1,1,1,1,1,1
15.jpg,246,648,233,181,0,0,0,0,0,0,0,1,1,1,1,1,1
15.jpg,138,348,318,295,3,1,1,1,0,0,0,1,1,1,1,1,1
15.jpg,60,73,303,270,2,1,1,0,0,0,0,1,1,1,1,1,1
204.jpg,6,477,291,320,0,0,0,0,0,0,0,1,1,1,1,1,1
204.jpg,291,464,303,333,0,0,0,0,0,0,0,1,1,1,1,1,1
204.jpg,590,483,230,286,0,0,0,0,0,0,0,1,1,1,1,1,1
204.jpg,828,403,246,353,1,1,0,0,0,0,0,1,1,1,1,1,1
204.jpg,767,675,217,285,1,1,0,0,0,0,0,1,1,1,1,1,1
204.jpg,987,706,165,200,1,1,0,0,0,0,0,1,1,1,1,1,1
204.jpg,1060,486,146,249,1,1,0,0,0,0,0,1,1,1,1,1,1
204.jpg,1231,678,253,131,1,1,0,0,0,0,0,1,1,1,1,1,1
204.jpg,1275,486,175,208,2,1,1,0,0,0,0,1,1,1,1,1,1
204.jpg,1178,539,114,197,0,0,0,0,0,0,0,1,1,1,1,1,1
204.jpg,571,719,186,210,1,1,0,0,0,0,0,1,1,1,1,1,1
204.jpg,381,748,184,176,1,1,0,0,0,0,0,1,1,1,1,1,1
16.jpg,981,351,312,345,4,1,1,1,1,0,0,1,1,1,1,1,1
16.jpg,684,350,301,341,4,1,1,1,1,0,0,1,1,1,1,1,1
16.jpg,1291,342,223,297,4,1,1,1,1,0,0,1,1,1,1,1,1
16.jpg,473,388,216,271,4,1,1,1,1,0,0,1,1,1,1,1,1
16.jpg,276,358,207,292,1,1,0,0,0,0,0,1,1,1,1,1,1
16.jpg,147,345,134,280,0,0,0,0,0,0,0,1,1,1,1,1,1
16.jpg,62,338,113,218,0,0,0,0,0,0,0,1,1,1,1,1,1
16.jpg,1482,239,232,330,1,1,0,0,0,0,0,1,1,1,1,1,1
16.jpg,1711,264,100,314,2,1,1,0,0,0,0,1,1,1,1,1,1
16.jpg,1826,321,77,202,0,0,0,0,0,0,0,1,1,1,1,1,1
16.jpg,124,584,74,139,2,1,1,0,0,0,0,1,1,1,1,1,1
16.jpg,211,617,89,169,2,1,1,0,0,0,0,1,1,1,1,1,1
16.jpg,287,629,159,233,2,1,1,0,0,0,0,1,1,1,1,1,1
16.jpg,447,623,206,289,3,1,1,1,0,0,0,1,1,1,1,1,1
16.jpg,627,642,224,283,4,1,1,1,1,0,0,1,1,1,1,1,1
16.jpg,824,658,209,279,4,1,1,1,1,0,0,1,1,1,1,1,1
16.jpg,1027,667,210,243,4,1,1,1,1,0,0,1,1,1,1,1,1
16.jpg,1229,620,198,280,4,1,1,1,1,0,0,1,1,1,1,1,1
16.jpg,1414,602,184,297,2,1,1,0,0,0,0,1,1,1,1,1,1
16.jpg,1581,571,171,220,2,1,1,0,0,0,0,1,1,1,1,1,1
16.jpg,1726,552,101,161,0,0,0,0,0,0,0,1,1,1,1,1,1
276.jpg,81,340,251,352,1,1,0,0,0,0,0,1,1,1,1,1,1
276.jpg,313,387,269,369,0,0,0,0,0,0,0,1,1,1,1,1,1
276.jpg,597,345,286,396,0,0,0,0,0,0,0,1,1,1,1,1,1
276.jpg,867,376,255,333,1,1,0,0,0,0,0,1,1,1,1,1,1
276.jpg,1110,422,244,366,1,1,0,0,0,0,0,1,1,1,1,1,1
276.jpg,1351,491,170,273,1,1,0,0,0,0,0,1,1,1,1,1,1
276.jpg,1525,497,118,229,1,1,0,0,0,0,0,1,1,1,1,1,1
276.jpg,1626,516,135,186,1,1,0,0,0,0,0,1,1,1,1,1,1
276.jpg,1759,486,152,194,1,1,0,0,0,0,0,1,1,1,1,1,1
276.jpg,121,639,189,257,2,1,1,0,0,0,0,1,1,1,1,1,1
276.jpg,478,741,133,142,1,1,0,0,0,0,0,1,1,1,1,1,1
276.jpg,600,728,177,197,0,0,0,0,0,0,0,1,1,1,1,1,1
276.jpg,782,652,136,173,0,0,0,0,0,0,0,1,1,1,1,1,1
276.jpg,919,654,247,327,1,1,0,0,0,0,0,1,1,1,1,1,1
276.jpg,1171,710,193,226,1,1,0,0,0,0,0,1,1,1,1,1,1
276.jpg,1356,701,167,211,1,1,0,0,0,0,0,1,1,1,1,1,1
276.jpg,1516,694,147,160,1,1,0,0,0,0,0,1,1,1,1,1,1
188.jpg,134,406,128,247,0,0,0,0,0,0,0,1,1,1,1,1,1
188.jpg,114,418,43,117,0,0,0,0,0,0,0,1,1,1,1,1,1
188.jpg,268,365,194,341,0,0,0,0,0,0,0,1,1,1,1,1,1
188.jpg,461,439,285,316,0,0,0,0,0,0,0,1,1,1,1,1,1
188.jpg,757,517,237,233,0,0,0,0,0,0,0,1,1,1,1,1,1
188.jpg,1019,553,150,113,0,0,0,0,0,0,0,1,1,1,1,1,1
188.jpg,1187,539,190,221,0,0,0,0,0,0,0,1,1,1,1,1,1
188.jpg,1358,580,132,146,0,0,0,0,0,0,0,1,1,1,1,1,1
188.jpg,1484,528,150,141,0,0,0,0,0,0,0,1,1,1,1,1,1
188.jpg,1158,678,162,149,0,0,0,0,0,0,0,1,1,1,1,1,1
188.jpg,939,614,216,233,0,0,0,0,0,0,0,1,1,1,1,1,1
188.jpg,746,648,163,199,0,0,0,0,0,0,0,1,1,1,1,1,1
188.jpg,570,652,168,165,0,0,0,0,0,0,0,1,1,1,1,1,1
188.jpg,441,635,103,169,0,0,0,0,0,0,0,1,1,1,1,1,1
145.jpg,455,495,201,221,0,0,0,0,0,0,0,1,1,1,1,1,1
145.jpg,651,508,234,252,0,0,0,0,0,0,0,1,1,1,1,1,1
145.jpg,854,556,100,193,0,0,0,0,0,0,0,1,1,1,1,1,1
145.jpg,952,501,113,268,2,1,1,0,0,0,0,1,1,1,1,1,1
145.jpg,448,681,207,227,3,1,1,1,0,0,0,1,1,1,1,1,1
145.jpg,641,706,87,142,2,1,1,0,0,0,0,1,1,1,1,1,1
145.jpg,720,750,100,76,1,1,0,0,0,0,0,1,1,1,1,1,1
145.jpg,846,740,66,66,1,1,0,0,0,0,0,1,1,1,1,1,1
81.jpg,125,411,303,317,1,1,0,0,0,0,0,1,1,1,1,1,1
81.jpg,420,399,307,340,0,0,0,0,0,0,0,1,1,1,1,1,1
81.jpg,723,403,255,326,0,0,0,0,0,0,0,1,1,1,1,1,1
81.jpg,986,367,268,367,1,1,0,0,0,0,0,1,1,1,1,1,1
81.jpg,1251,411,250,303,1,1,0,0,0,0,0,1,1,1,1,1,1
81.jpg,1486,426,227,245,2,1,1,0,0,0,0,1,1,1,1,1,1
81.jpg,1706,442,258,200,2,1,1,0,0,0,0,1,1,1,1,1,1
81.jpg,86,671,159,207,1,1,0,0,0,0,0,1,1,1,1,1,1
81.jpg,244,699,163,202,0,0,0,0,0,0,0,1,1,1,1,1,1
81.jpg,412,696,171,221,1,1,0,0,0,0,0,1,1,1,1,1,1
81.jpg,580,661,210,257,0,0,0,0,0,0,0,1,1,1,1,1,1
81.jpg,802,637,239,317,1,1,0,0,0,0,0,1,1,1,1,1,1
81.jpg,1042,655,273,271,1,1,0,0,0,0,0,1,1,1,1,1,1
81.jpg,1303,657,255,251,1,1,0,0,0,0,0,1,1,1,1,1,1
81.jpg,1556,627,323,220,1,1,0,0,0,0,0,1,1,1,1,1,1
229.jpg,107,963,322,271,1,1,0,0,0,0,0,1,1,1,1,1,1
229.jpg,191,664,356,326,3,1,1,1,0,0,0,1,1,1,1,1,1
229.jpg,285,487,290,229,2,1,1,0,0,0,0,1,1,1,1,1,1
229.jpg,360,302,256,251,0,0,0,0,0,0,0,1,1,1,1,1,1
229.jpg,479,142,210,227,0,0,0,0,0,0,0,1,1,1,1,1,1
229.jpg,625,177,204,187,0,0,0,0,0,0,0,1,1,1,1,1,1
229.jpg,829,186,168,163,0,0,0,0,0,0,0,1,1,1,1,1,1
229.jpg,993,165,176,167,0,0,0,0,0,0,0,1,1,1,1,1,1
229.jpg,1155,177,204,173,0,0,0,0,0,0,0,1,1,1,1,1,1
229.jpg,1338,165,210,236,0,0,0,0,0,0,0,1,1,1,1,1,1
229.jpg,1446,301,238,246,0,0,0,0,0,0,0,1,1,1,1,1,1
229.jpg,1469,477,273,232,0,0,0,0,0,0,0,1,1,1,1,1,1
229.jpg,1475,658,344,332,3,1,1,1,0,0,0,1,1,1,1,1,1
229.jpg,1606,955,280,249,2,1,1,0,0,0,0,1,1,1,1,1,1
215.jpg,265,394,174,151,2,1,1,0,0,0,0,1,1,1,1,1,1
215.jpg,431,387,131,186,1,1,0,0,0,0,0,1,1,1,1,1,1
215.jpg,326,527,171,160,1,1,0,0,0,0,0,1,1,1,1,1,1
215.jpg,565,403,185,203,1,1,0,0,0,0,0,1,1,1,1,1,1
215.jpg,502,553,162,182,1,1,0,0,0,0,0,1,1,1,1,1,1
215.jpg,656,556,192,206,1,1,0,0,0,0,0,1,1,1,1,1,1
215.jpg,745,405,222,206,1,1,0,0,0,0,0,1,1,1,1,1,1
215.jpg,961,397,224,224,1,1,0,0,0,0,0,1,1,1,1,1,1
215.jpg,1186,377,250,279,1,1,0,0,0,0,0,1,1,1,1,1,1
215.jpg,1426,373,198,255,0,0,0,0,0,0,0,1,1,1,1,1,1
215.jpg,1620,390,119,216,1,1,0,0,0,0,0,1,1,1,1,1,1
215.jpg,848,566,190,209,1,1,0,0,0,0,0,1,1,1,1,1,1
215.jpg,1038,570,171,212,1,1,0,0,0,0,0,1,1,1,1,1,1
215.jpg,1210,603,146,178,0,0,0,0,0,0,0,1,1,1,1,1,1
215.jpg,1358,609,139,165,0,0,0,0,0,0,0,1,1,1,1,1,1
215.jpg,1490,617,116,141,0,0,0,0,0,0,0,1,1,1,1,1,1
147.jpg,74,454,69,215,1,1,0,0,0,0,0,1,1,1,1,1,1
147.jpg,103,488,91,222,0,0,0,0,0,0,0,1,1,1,1,1,1
147.jpg,159,473,168,278,0,0,0,0,0,0,0,1,1,1,1,1,1
147.jpg,328,501,146,242,1,1,0,0,0,0,0,1,1,1,1,1,1
147.jpg,430,451,255,320,0,0,0,0,0,0,0,1,1,1,1,1,1
147.jpg,693,458,259,285,0,0,0,0,0,0,0,1,1,1,1,1,1
147.jpg,945,469,213,284,0,0,0,0,0,0,0,1,1,1,1,1,1
147.jpg,1161,474,225,253,0,0,0,0,0,0,0,1,1,1,1,1,1
147.jpg,1364,495,143,251,0,0,0,0,0,0,0,1,1,1,1,1,1
147.jpg,1491,504,90,198,1,1,0,0,0,0,0,1,1,1,1,1,1
147.jpg,1571,463,110,193,1,1,0,0,0,0,0,1,1,1,1,1,1
147.jpg,1690,419,133,174,1,1,0,0,0,0,0,1,1,1,1,1,1
147.jpg,225,742,170,155,3,1,1,1,0,0,0,1,1,1,1,1,1
147.jpg,374,740,144,94,2,1,1,0,0,0,0,1,1,1,1,1,1
147.jpg,526,760,120,64,2,1,1,0,0,0,0,1,1,1,1,1,1
147.jpg,670,743,99,57,1,1,0,0,0,0,0,1,1,1,1,1,1
147.jpg,772,750,100,61,1,1,0,0,0,0,0,1,1,1,1,1,1
147.jpg,893,735,101,54,1,1,0,0,0,0,0,1,1,1,1,1,1
147.jpg,1010,695,206,179,2,1,1,0,0,0,0,1,1,1,1,1,1
147.jpg,1291,718,188,145,2,1,1,0,0,0,0,1,1,1,1,1,1
147.jpg,1476,648,215,149,1,1,0,0,0,0,0,1,1,1,1,1,1
147.jpg,1665,592,157,113,3,1,1,1,0,0,0,1,1,1,1,1,1
194.jpg,150,996,315,285,3,1,1,1,0,0,0,1,1,1,1,1,1
194.jpg,237,662,255,191,2,1,1,0,0,0,0,1,1,1,1,1,1
194.jpg,307,455,260,220,1,1,0,0,0,0,0,1,1,1,1,1,1
194.jpg,408,279,215,224,1,1,0,0,0,0,0,1,1,1,1,1,1
194.jpg,563,180,183,181,0,0,0,0,0,0,0,1,1,1,1,1,1
194.jpg,722,121,238,205,1,1,0,0,0,0,0,1,1,1,1,1,1
194.jpg,963,123,247,177,1,1,0,0,0,0,0,1,1,1,1,1,1
194.jpg,1218,182,154,154,3,1,1,1,0,0,0,1,1,1,1,1,1
194.jpg,1332,279,205,213,2,1,1,0,0,0,0,1,1,1,1,1,1
194.jpg,1403,451,251,225,6,1,1,1,1,1,1,1,1,1,1,1,1
194.jpg,1482,638,244,206,3,1,1,1,0,0,0,1,1,1,1,1,1
194.jpg,1496,807,314,330,2,1,1,0,0,0,0,1,1,1,1,1,1
194.jpg,1524,1072,309,214,3,1,1,1,0,0,0,1,1,1,1,1,1
199.jpg,262,207,300,296,3,1,1,1,0,0,0,1,1,1,1,1,1
199.jpg,328,488,258,195,2,1,1,0,0,0,0,1,1,1,1,1,1
199.jpg,380,678,243,190,3,1,1,1,0,0,0,1,1,1,1,1,1
199.jpg,465,854,188,211,2,1,1,0,0,0,0,1,1,1,1,1,1
199.jpg,610,1010,191,166,0,0,0,0,0,0,0,1,1,1,1,1,1
199.jpg,770,1055,232,206,1,1,0,0,0,0,0,1,1,1,1,1,1
199.jpg,1006,1059,232,213,1,1,0,0,0,0,0,1,1,1,1,1,1
199.jpg,1197,994,194,184,1,1,0,0,0,0,0,1,1,1,1,1,1
199.jpg,1341,873,213,211,0,0,0,0,0,0,0,1,1,1,1,1,1
199.jpg,1422,702,231,200,1,1,0,0,0,0,0,1,1,1,1,1,1
199.jpg,1470,528,253,192,1,1,0,0,0,0,0,1,1,1,1,1,1
199.jpg,1494,226,317,325,2,1,1,0,0,0,0,1,1,1,1,1,1
219.jpg,63,383,90,214,1,1,0,0,0,0,0,1,1,1,1,1,1
219.jpg,146,316,91,357,2,1,1,0,0,0,0,1,1,1,1,1,1
219.jpg,205,380,110,303,3,1,1,1,0,0,0,1,1,1,1,1,1
219.jpg,316,381,140,290,3,1,1,1,0,0,0,1,1,1,1,1,1
219.jpg,441,328,163,308,1,1,0,0,0,0,0,1,1,1,1,1,1
219.jpg,306,658,125,304,1,1,0,0,0,0,0,1,1,1,1,1,1
219.jpg,189,669,127,266,2,1,1,0,0,0,0,1,1,1,1,1,1
219.jpg,90,613,100,229,1,1,0,0,0,0,0,1,1,1,1,1,1
219.jpg,412,624,120,249,1,1,0,0,0,0,0,1,1,1,1,1,1
219.jpg,590,354,201,267,1,1,0,0,0,0,0,1,1,1,1,1,1
219.jpg,528,611,155,346,1,1,0,0,0,0,0,1,1,1,1,1,1
219.jpg,667,607,177,290,1,1,0,0,0,0,0,1,1,1,1,1,1
219.jpg,855,637,138,231,2,1,1,0,0,0,0,1,1,1,1,1,1
219.jpg,1000,637,150,266,2,1,1,0,0,0,0,1,1,1,1,1,1
219.jpg,1139,644,136,250,2,1,1,0,0,0,0,1,1,1,1,1,1
219.jpg,756,356,258,294,1,1,0,0,0,0,0,1,1,1,1,1,1
219.jpg,1022,346,271,304,1,1,0,0,0,0,0,1,1,1,1,1,1
219.jpg,1287,372,195,256,1,1,0,0,0,0,0,1,1,1,1,1,1
219.jpg,1480,352,185,287,2,1,1,0,0,0,0,1,1,1,1,1,1
219.jpg,1282,616,199,283,2,1,1,0,0,0,0,1,1,1,1,1,1
219.jpg,1435,611,135,251,3,1,1,1,0,0,0,1,1,1,1,1,1
219.jpg,1513,642,201,294,3,1,1,1,0,0,0,1,1,1,1,1,1
219.jpg,1647,384,130,294,3,1,1,1,0,0,0,1,1,1,1,1,1
219.jpg,1766,397,93,253,3,1,1,1,0,0,0,1,1,1,1,1,1
33.jpg,273,302,301,397,1,1,0,0,0,0,0,1,1,1,1,1,1
33.jpg,68,316,229,379,1,1,0,0,0,0,0,1,1,1,1,1,1
33.jpg,262,682,117,230,1,1,0,0,0,0,0,1,1,1,1,1,1
33.jpg,165,686,98,226,1,1,0,0,0,0,0,1,1,1,1,1,1
33.jpg,378,669,143,207,1,1,0,0,0,0,0,1,1,1,1,1,1
33.jpg,518,641,169,233,0,0,0,0,0,0,0,1,1,1,1,1,1
33.jpg,573,323,276,343,0,0,0,0,0,0,0,1,1,1,1,1,1
33.jpg,696,585,214,312,0,0,0,0,0,0,0,1,1,1,1,1,1
33.jpg,852,343,324,333,2,1,1,0,0,0,0,1,1,1,1,1,1
33.jpg,923,624,285,323,2,1,1,0,0,0,0,1,1,1,1,1,1
33.jpg,1180,416,276,289,2,1,1,0,0,0,0,1,1,1,1,1,1
33.jpg,1212,662,264,248,2,1,1,0,0,0,0,1,1,1,1,1,1
33.jpg,1612,897,0,1,2,1,1,0,0,0,0,1,1,1,1,1,1
33.jpg,1462,484,243,226,2,1,1,0,0,0,0,1,1,1,1,1,1
33.jpg,1687,467,300,219,2,1,1,0,0,0,0,1,1,1,1,1,1
113.jpg,156,56,305,284,4,1,1,1,1,0,0,1,1,1,1,1,1
113.jpg,229,344,312,291,6,1,1,1,1,1,1,1,1,1,1,1,1
113.jpg,366,622,237,197,3,1,1,1,0,0,0,1,1,1,1,1,1
113.jpg,431,814,212,202,2,1,1,0,0,0,0,1,1,1,1,1,1
113.jpg,580,966,176,194,1,1,0,0,0,0,0,1,1,1,1,1,1
113.jpg,725,1018,161,198,1,1,0,0,0,0,0,1,1,1,1,1,1
113.jpg,888,1034,143,183,1,1,0,0,0,0,0,1,1,1,1,1,1
113.jpg,1034,1055,154,197,0,0,0,0,0,0,0,1,1,1,1,1,1
113.jpg,1150,1015,160,183,0,0,0,0,0,0,0,1,1,1,1,1,1
113.jpg,1271,940,174,178,0,0,0,0,0,0,0,1,1,1,1,1,1
113.jpg,1382,798,225,209,1,1,0,0,0,0,0,1,1,1,1,1,1
113.jpg,1425,597,242,208,3,1,1,1,0,0,0,1,1,1,1,1,1
113.jpg,1460,299,318,327,2,1,1,0,0,0,0,1,1,1,1,1,1
113.jpg,1533,23,293,290,4,1,1,1,1,0,0,1,1,1,1,1,1
43.jpg,735,460,79,260,1,1,0,0,0,0,0,1,1,1,1,1,1
43.jpg,812,545,74,210,1,1,0,0,0,0,0,1,1,1,1,1,1
43.jpg,874,422,203,289,0,0,0,0,0,0,0,1,1,1,1,1,1
227.jpg,224,450,211,183,1,1,0,0,0,0,0,1,1,1,1,1,1
227.jpg,273,615,268,195,2,1,1,0,0,0,0,1,1,1,1,1,1
227.jpg,427,482,181,190,0,0,0,0,0,0,0,1,1,1,1,1,1
227.jpg,609,463,216,245,0,0,0,0,0,0,0,1,1,1,1,1,1
227.jpg,819,416,269,314,1,1,0,0,0,0,0,1,1,1,1,1,1
227.jpg,1099,459,246,261,0,0,0,0,0,0,0,1,1,1,1,1,1
227.jpg,1343,396,247,314,0,0,0,0,0,0,0,1,1,1,1,1,1
227.jpg,1572,419,244,282,0,0,0,0,0,0,0,1,1,1,1,1,1
227.jpg,931,665,256,315,1,1,0,0,0,0,0,1,1,1,1,1,1
227.jpg,707,668,253,264,1,1,0,0,0,0,0,1,1,1,1,1,1
227.jpg,533,654,181,228,1,1,0,0,0,0,0,1,1,1,1,1,1
227.jpg,1147,705,168,145,0,0,0,0,0,0,0,1,1,1,1,1,1
227.jpg,1491,682,140,148,0,0,0,0,0,0,0,1,1,1,1,1,1
227.jpg,1630,705,128,119,0,0,0,0,0,0,0,1,1,1,1,1,1
250.jpg,554,439,198,276,1,1,0,0,0,0,0,1,1,1,1,1,1
250.jpg,755,428,184,227,1,1,0,0,0,0,0,1,1,1,1,1,1
250.jpg,936,397,136,242,0,0,0,0,0,0,0,1,1,1,1,1,1
250.jpg,880,589,126,125,0,0,0,0,0,0,0,1,1,1,1,1,1
250.jpg,712,590,78,152,0,0,0,0,0,0,0,1,1,1,1,1,1
25.jpg,87,20,384,270,5,1,1,1,1,1,0,1,1,1,1,1,1
25.jpg,185,301,360,307,0,0,0,0,0,0,0,1,1,1,1,1,1
25.jpg,323,603,303,266,2,1,1,0,0,0,0,1,1,1,1,1,1
25.jpg,484,840,200,171,2,1,1,0,0,0,0,1,1,1,1,1,1
25.jpg,590,1001,189,200,0,0,0,0,0,0,0,1,1,1,1,1,1
25.jpg,780,1033,196,183,0,0,0,0,0,0,0,1,1,1,1,1,1
25.jpg,976,1011,198,225,1,1,0,0,0,0,0,1,1,1,1,1,1
25.jpg,1161,982,195,196,1,1,0,0,0,0,0,1,1,1,1,1,1
25.jpg,1290,832,198,211,0,0,0,0,0,0,0,1,1,1,1,1,1
25.jpg,1347,599,281,299,1,1,0,0,0,0,0,1,1,1,1,1,1
25.jpg,1407,298,362,354,0,0,0,0,0,0,0,1,1,1,1,1,1
25.jpg,1541,10,369,351,5,1,1,1,1,1,0,1,1,1,1,1,1
92.jpg,125,422,245,190,2,1,1,0,0,0,0,1,1,1,1,1,1
92.jpg,206,590,314,213,2,1,1,0,0,0,0,1,1,1,1,1,1
92.jpg,368,460,205,214,1,1,0,0,0,0,0,1,1,1,1,1,1
92.jpg,523,633,204,199,1,1,0,0,0,0,0,1,1,1,1,1,1
92.jpg,577,486,245,245,0,0,0,0,0,0,0,1,1,1,1,1,1
92.jpg,818,520,260,221,2,1,1,0,0,0,0,1,1,1,1,1,1
92.jpg,1061,401,265,281,1,1,0,0,0,0,0,1,1,1,1,1,1
92.jpg,1327,336,333,370,0,0,0,0,0,0,0,1,1,1,1,1,1
92.jpg,1660,354,282,298,0,0,0,0,0,0,0,1,1,1,1,1,1
92.jpg,951,628,266,322,1,1,0,0,0,0,0,1,1,1,1,1,1
92.jpg,713,675,240,235,1,1,0,0,0,0,0,1,1,1,1,1,1
92.jpg,1216,641,248,319,1,1,0,0,0,0,0,1,1,1,1,1,1
92.jpg,1460,672,142,186,0,0,0,0,0,0,0,1,1,1,1,1,1
92.jpg,1612,623,187,162,0,0,0,0,0,0,0,1,1,1,1,1,1
258.jpg,69,379,358,382,0,0,0,0,0,0,0,1,1,1,1,1,1
258.jpg,470,393,344,375,0,0,0,0,0,0,0,1,1,1,1,1,1
258.jpg,825,384,252,334,0,0,0,0,0,0,0,1,1,1,1,1,1
258.jpg,1073,403,234,351,0,0,0,0,0,0,0,1,1,1,1,1,1
258.jpg,1312,455,182,246,1,1,0,0,0,0,0,1,1,1,1,1,1
258.jpg,1493,501,142,193,1,1,0,0,0,0,0,1,1,1,1,1,1
258.jpg,1092,638,265,315,1,1,0,0,0,0,0,1,1,1,1,1,1
258.jpg,1352,654,152,204,0,0,0,0,0,0,0,1,1,1,1,1,1
258.jpg,1507,614,195,194,2,1,1,0,0,0,0,1,1,1,1,1,1
258.jpg,847,678,256,159,1,1,0,0,0,0,0,1,1,1,1,1,1
5.jpg,71,5,341,162,3,1,1,1,0,0,0,1,1,1,1,1,1
5.jpg,91,177,366,341,1,1,0,0,0,0,0,1,1,1,1,1,1
5.jpg,182,522,294,193,0,0,0,0,0,0,0,1,1,1,1,1,1
5.jpg,281,719,271,242,0,0,0,0,0,0,0,1,1,1,1,1,1
5.jpg,456,902,200,242,0,0,0,0,0,0,0,1,1,1,1,1,1
5.jpg,630,985,196,223,0,0,0,0,0,0,0,1,1,1,1,1,1
5.jpg,827,1001,173,217,0,0,0,0,0,0,0,1,1,1,1,1,1
5.jpg,1003,1005,165,211,0,0,0,0,0,0,0,1,1,1,1,1,1
5.jpg,1171,951,197,212,0,0,0,0,0,0,0,1,1,1,1,1,1
5.jpg,1327,865,207,230,0,0,0,0,0,0,0,1,1,1,1,1,1
5.jpg,1457,672,271,270,0,0,0,0,0,0,0,1,1,1,1,1,1
5.jpg,1526,465,281,234,1,1,0,0,0,0,0,1,1,1,1,1,1
5.jpg,1559,123,368,359,2,1,1,0,0,0,0,1,1,1,1,1,1
5.jpg,1665,14,291,115,3,1,1,1,0,0,0,1,1,1,1,1,1
32.jpg,420,514,190,196,2,1,1,0,0,0,0,1,1,1,1,1,1
32.jpg,616,529,146,192,2,1,1,0,0,0,0,1,1,1,1,1,1
32.jpg,768,498,210,258,2,1,1,0,0,0,0,1,1,1,1,1,1
32.jpg,989,477,265,262,2,1,1,0,0,0,0,1,1,1,1,1,1
32.jpg,1265,462,256,279,1,1,0,0,0,0,0,1,1,1,1,1,1
32.jpg,1529,435,319,337,1,1,0,0,0,0,0,1,1,1,1,1,1
32.jpg,522,723,213,143,2,1,1,0,0,0,0,1,1,1,1,1,1
32.jpg,741,751,172,166,1,1,0,0,0,0,0,1,1,1,1,1,1
32.jpg,917,737,230,246,2,1,1,0,0,0,0,1,1,1,1,1,1
32.jpg,1160,724,260,291,1,1,0,0,0,0,0,1,1,1,1,1,1
32.jpg,1435,736,205,252,2,1,1,0,0,0,0,1,1,1,1,1,1
32.jpg,1651,757,166,196,0,0,0,0,0,0,0,1,1,1,1,1,1
32.jpg,1826,760,142,202,0,0,0,0,0,0,0,1,1,1,1,1,1
86.jpg,46,402,256,338,0,0,0,0,0,0,0,1,1,1,1,1,1
86.jpg,299,375,298,356,0,0,0,0,0,0,0,1,1,1,1,1,1
86.jpg,596,452,246,254,0,0,0,0,0,0,0,1,1,1,1,1,1
86.jpg,841,363,262,343,0,0,0,0,0,0,0,1,1,1,1,1,1
86.jpg,1109,455,269,261,0,0,0,0,0,0,0,1,1,1,1,1,1
86.jpg,1378,529,204,165,0,0,0,0,0,0,0,1,1,1,1,1,1
86.jpg,1651,479,217,160,5,1,1,1,1,1,0,1,1,1,1,1,1
86.jpg,1459,590,343,175,4,1,1,1,1,0,0,1,1,1,1,1,1
86.jpg,1254,654,222,175,0,0,0,0,0,0,0,1,1,1,1,1,1
86.jpg,1020,628,246,262,0,0,0,0,0,0,0,1,1,1,1,1,1
86.jpg,758,616,255,320,0,0,0,0,0,0,0,1,1,1,1,1,1
86.jpg,541,634,216,293,0,0,0,0,0,0,0,1,1,1,1,1,1
86.jpg,351,717,185,169,0,0,0,0,0,0,0,1,1,1,1,1,1
151.jpg,306,532,134,148,0,0,0,0,0,0,0,1,1,1,1,1,1
151.jpg,451,500,237,223,0,0,0,0,0,0,0,1,1,1,1,1,1
151.jpg,712,517,206,202,0,0,0,0,0,0,0,1,1,1,1,1,1
151.jpg,909,476,146,231,0,0,0,0,0,0,0,1,1,1,1,1,1
151.jpg,665,642,114,182,1,1,0,0,0,0,0,1,1,1,1,1,1
151.jpg,455,657,184,184,1,1,0,0,0,0,0,1,1,1,1,1,1
151.jpg,838,704,55,100,0,0,0,0,0,0,0,1,1,1,1,1,1
34.jpg,236,984,229,288,3,1,1,1,0,0,0,1,1,1,1,1,1
34.jpg,239,763,321,276,2,1,1,0,0,0,0,1,1,1,1,1,1
34.jpg,300,582,259,196,2,1,1,0,0,0,0,1,1,1,1,1,1
34.jpg,354,394,255,193,2,1,1,0,0,0,0,1,1,1,1,1,1
34.jpg,458,199,200,208,1,1,0,0,0,0,0,1,1,1,1,1,1
34.jpg,609,101,205,196,1,1,0,0,0,0,0,1,1,1,1,1,1
34.jpg,800,33,224,237,2,1,1,0,0,0,0,1,1,1,1,1,1
34.jpg,1028,36,227,231,2,1,1,0,0,0,0,1,1,1,1,1,1
34.jpg,1243,115,191,170,2,1,1,0,0,0,0,1,1,1,1,1,1
34.jpg,1370,219,214,216,1,1,0,0,0,0,0,1,1,1,1,1,1
34.jpg,1442,399,281,224,2,1,1,0,0,0,0,1,1,1,1,1,1
34.jpg,1531,586,253,193,2,1,1,0,0,0,0,1,1,1,1,1,1
34.jpg,1535,754,313,309,2,1,1,0,0,0,0,1,1,1,1,1,1
34.jpg,1645,969,303,292,4,1,1,1,1,0,0,1,1,1,1,1,1
183.jpg,400,936,242,241,4,1,1,1,1,0,0,1,1,1,1,1,1
183.jpg,448,679,255,271,4,1,1,1,1,0,0,1,1,1,1,1,1
183.jpg,555,546,207,162,1,1,0,0,0,0,0,1,1,1,1,1,1
183.jpg,654,384,174,190,1,1,0,0,0,0,0,1,1,1,1,1,1
183.jpg,774,278,156,166,0,0,0,0,0,0,0,1,1,1,1,1,1
183.jpg,920,238,123,135,0,0,0,0,0,0,0,1,1,1,1,1,1
183.jpg,1045,251,122,121,0,0,0,0,0,0,0,1,1,1,1,1,1
183.jpg,1170,271,145,166,0,0,0,0,0,0,0,1,1,1,1,1,1
183.jpg,1278,363,177,186,0,0,0,0,0,0,0,1,1,1,1,1,1
183.jpg,1344,511,200,168,2,1,1,0,0,0,0,1,1,1,1,1,1
183.jpg,1381,657,246,261,3,1,1,1,0,0,0,1,1,1,1,1,1
183.jpg,1465,887,242,253,4,1,1,1,1,0,0,1,1,1,1,1,1
70.jpg,110,428,169,288,0,0,0,0,0,0,0,1,1,1,1,1,1
70.jpg,262,412,265,347,0,0,0,0,0,0,0,1,1,1,1,1,1
70.jpg,529,405,322,354,0,0,0,0,0,0,0,1,1,1,1,1,1
70.jpg,858,415,281,306,0,0,0,0,0,0,0,1,1,1,1,1,1
70.jpg,1136,426,229,252,1,1,0,0,0,0,0,1,1,1,1,1,1
70.jpg,1376,399,223,231,1,1,0,0,0,0,0,1,1,1,1,1,1
70.jpg,1570,447,182,193,1,1,0,0,0,0,0,1,1,1,1,1,1
70.jpg,77,681,168,193,2,1,1,0,0,0,0,1,1,1,1,1,1
70.jpg,231,720,129,188,2,1,1,0,0,0,0,1,1,1,1,1,1
70.jpg,367,740,159,144,1,1,0,0,0,0,0,1,1,1,1,1,1
70.jpg,512,716,184,190,0,0,0,0,0,0,0,1,1,1,1,1,1
70.jpg,704,668,173,229,0,0,0,0,0,0,0,1,1,1,1,1,1
70.jpg,891,648,230,217,0,0,0,0,0,0,0,1,1,1,1,1,1
70.jpg,1131,647,203,264,0,0,0,0,0,0,0,1,1,1,1,1,1
70.jpg,1338,587,230,303,1,1,0,0,0,0,0,1,1,1,1,1,1
70.jpg,1555,614,204,261,1,1,0,0,0,0,0,1,1,1,1,1,1
77.jpg,218,284,140,241,3,1,1,1,0,0,0,1,1,1,1,1,1
77.jpg,351,305,158,272,2,1,1,0,0,0,0,1,1,1,1,1,1
77.jpg,503,337,208,278,2,1,1,0,0,0,0,1,1,1,1,1,1
77.jpg,712,323,279,323,1,1,0,0,0,0,0,1,1,1,1,1,1
77.jpg,1028,317,274,329,0,0,0,0,0,0,0,1,1,1,1,1,1
77.jpg,1309,336,217,295,1,1,0,0,0,0,0,1,1,1,1,1,1
77.jpg,1534,314,173,291,1,1,0,0,0,0,0,1,1,1,1,1,1
77.jpg,1713,291,147,251,1,1,0,0,0,0,0,1,1,1,1,1,1
77.jpg,338,536,172,149,1,1,0,0,0,0,0,1,1,1,1,1,1
77.jpg,1610,483,156,221,0,0,0,0,0,0,0,1,1,1,1,1,1
77.jpg,891,467,152,227,0,0,0,0,0,0,0,1,1,1,1,1,1
263.jpg,793,477,210,286,2,1,1,0,0,0,0,1,1,1,1,1,1
263.jpg,997,480,111,278,1,1,0,0,0,0,0,1,1,1,1,1,1
263.jpg,1074,488,93,296,1,1,0,0,0,0,0,1,1,1,1,1,1
263.jpg,856,700,195,253,1,1,0,0,0,0,0,1,1,1,1,1,1
206.jpg,180,902,292,247,4,1,1,1,1,0,0,1,1,1,1,1,1
206.jpg,248,665,320,276,3,1,1,1,0,0,0,1,1,1,1,1,1
206.jpg,364,551,255,179,2,1,1,0,0,0,0,1,1,1,1,1,1
206.jpg,412,382,216,221,2,1,1,0,0,0,0,1,1,1,1,1,1
206.jpg,542,271,162,208,1,1,0,0,0,0,0,1,1,1,1,1,1
206.jpg,684,223,172,187,0,0,0,0,0,0,0,1,1,1,1,1,1
206.jpg,825,178,153,162,0,0,0,0,0,0,0,1,1,1,1,1,1
206.jpg,978,163,155,183,0,0,0,0,0,0,0,1,1,1,1,1,1
206.jpg,1106,189,172,193,0,0,0,0,0,0,0,1,1,1,1,1,1
206.jpg,1277,203,155,193,0,0,0,0,0,0,0,1,1,1,1,1,1
206.jpg,1287,313,224,230,0,0,0,0,0,0,0,1,1,1,1,1,1
206.jpg,1293,500,260,173,1,1,0,0,0,0,0,1,1,1,1,1,1
206.jpg,1351,609,307,276,2,1,1,0,0,0,0,1,1,1,1,1,1
206.jpg,1444,846,301,276,3,1,1,1,0,0,0,1,1,1,1,1,1
46.jpg,165,972,303,327,3,1,1,1,0,0,0,1,1,1,1,1,1
46.jpg,174,764,279,220,1,1,0,0,0,0,0,1,1,1,1,1,1
46.jpg,265,562,279,234,1,1,0,0,0,0,0,1,1,1,1,1,1
46.jpg,355,319,249,251,0,0,0,0,0,0,0,1,1,1,1,1,1
46.jpg,536,186,235,213,0,0,0,0,0,0,0,1,1,1,1,1,1
46.jpg,742,49,275,271,0,0,0,0,0,0,0,1,1,1,1,1,1
46.jpg,1020,70,269,234,0,0,0,0,0,0,0,1,1,1,1,1,1
46.jpg,1229,244,222,200,0,0,0,0,0,0,0,1,1,1,1,1,1
46.jpg,1439,268,234,213,0,0,0,0,0,0,0,1,1,1,1,1,1
46.jpg,1422,521,281,254,2,1,1,0,0,0,0,1,1,1,1,1,1
46.jpg,1523,741,278,229,1,1,0,0,0,0,0,1,1,1,1,1,1
46.jpg,1519,959,327,268,2,1,1,0,0,0,0,1,1,1,1,1,1
283.jpg,174,945,299,249,3,1,1,1,0,0,0,1,1,1,1,1,1
283.jpg,240,757,290,268,2,1,1,0,0,0,0,1,1,1,1,1,1
283.jpg,349,403,259,243,3,1,1,1,0,0,0,1,1,1,1,1,1
283.jpg,1476,997,293,224,3,1,1,1,0,0,0,1,1,1,1,1,1
283.jpg,494,293,202,214,3,1,1,1,0,0,0,1,1,1,1,1,1
283.jpg,614,180,171,180,2,1,1,0,0,0,0,1,1,1,1,1,1
283.jpg,328,614,252,195,2,1,1,0,0,0,0,1,1,1,1,1,1
283.jpg,1458,787,292,251,2,1,1,0,0,0,0,1,1,1,1,1,1
283.jpg,1430,651,256,167,2,1,1,0,0,0,0,1,1,1,1,1,1
283.jpg,1391,472,275,191,2,1,1,0,0,0,0,1,1,1,1,1,1
283.jpg,1389,289,209,200,1,1,0,0,0,0,0,1,1,1,1,1,1
283.jpg,1251,239,191,170,0,0,0,0,0,0,0,1,1,1,1,1,1
283.jpg,1015,179,232,213,0,0,0,0,0,0,0,1,1,1,1,1,1
283.jpg,790,153,237,167,0,0,0,0,0,0,0,1,1,1,1,1,1
37.jpg,612,490,158,275,1,1,0,0,0,0,0,1,1,1,1,1,1
37.jpg,760,456,200,276,2,1,1,0,0,0,0,1,1,1,1,1,1
37.jpg,919,450,95,251,1,1,0,0,0,0,0,1,1,1,1,1,1
37.jpg,745,686,82,193,1,1,0,0,0,0,0,1,1,1,1,1,1
181.jpg,396,463,104,142,0,0,0,0,0,0,0,1,1,1,1,1,1
181.jpg,506,524,171,148,1,1,0,0,0,0,0,1,1,1,1,1,1
181.jpg,405,610,163,111,2,1,1,0,0,0,0,1,1,1,1,1,1
181.jpg,567,654,243,134,2,1,1,0,0,0,0,1,1,1,1,1,1
181.jpg,680,577,137,137,1,1,0,0,0,0,0,1,1,1,1,1,1
181.jpg,807,553,177,187,1,1,0,0,0,0,0,1,1,1,1,1,1
181.jpg,789,696,172,121,1,1,0,0,0,0,0,1,1,1,1,1,1
181.jpg,972,525,198,217,0,0,0,0,0,0,0,1,1,1,1,1,1
181.jpg,959,668,189,192,0,0,0,0,0,0,0,1,1,1,1,1,1
181.jpg,1178,504,217,247,0,0,0,0,0,0,0,1,1,1,1,1,1
181.jpg,1148,688,172,179,0,0,0,0,0,0,0,1,1,1,1,1,1
181.jpg,1391,471,248,285,0,0,0,0,0,0,0,1,1,1,1,1,1
181.jpg,1639,429,226,293,0,0,0,0,0,0,0,1,1,1,1,1,1
181.jpg,1915,353,85,286,0,0,0,0,0,0,0,1,1,1,1,1,1
181.jpg,1851,476,62,213,0,0,0,0,0,0,0,1,1,1,1,1,1
181.jpg,1361,690,133,141,0,0,0,0,0,0,0,1,1,1,1,1,1
44.jpg,16,416,155,158,0,0,0,0,0,0,0,1,1,1,1,1,1
44.jpg,168,447,232,205,1,1,0,0,0,0,0,1,1,1,1,1,1
44.jpg,394,473,223,243,0,0,0,0,0,0,0,1,1,1,1,1,1
44.jpg,571,379,331,318,0,0,0,0,0,0,0,1,1,1,1,1,1
44.jpg,874,525,253,250,0,0,0,0,0,0,0,1,1,1,1,1,1
44.jpg,1128,450,349,354,0,0,0,0,0,0,0,1,1,1,1,1,1
44.jpg,1478,421,248,354,0,0,0,0,0,0,0,1,1,1,1,1,1
44.jpg,1714,452,120,291,0,0,0,0,0,0,0,1,1,1,1,1,1
44.jpg,1828,381,87,298,0,0,0,0,0,0,0,1,1,1,1,1,1
44.jpg,657,618,275,227,1,1,0,0,0,0,0,1,1,1,1,1,1
44.jpg,419,642,232,230,1,1,0,0,0,0,0,1,1,1,1,1,1
44.jpg,167,609,262,162,1,1,0,0,0,0,0,1,1,1,1,1,1
210.jpg,192,407,215,269,1,1,0,0,0,0,0,1,1,1,1,1,1
210.jpg,398,399,248,278,1,1,0,0,0,0,0,1,1,1,1,1,1
210.jpg,641,421,221,253,1,1,0,0,0,0,0,1,1,1,1,1,1
210.jpg,859,415,221,262,1,1,0,0,0,0,0,1,1,1,1,1,1
210.jpg,1082,471,210,232,1,1,0,0,0,0,0,1,1,1,1,1,1
210.jpg,1287,519,172,191,1,1,0,0,0,0,0,1,1,1,1,1,1
210.jpg,1461,513,241,203,1,1,0,0,0,0,0,1,1,1,1,1,1
210.jpg,458,652,149,207,0,0,0,0,0,0,0,1,1,1,1,1,1
210.jpg,603,631,169,222,0,0,0,0,0,0,0,1,1,1,1,1,1
210.jpg,774,631,205,264,1,1,0,0,0,0,0,1,1,1,1,1,1
210.jpg,983,637,202,250,0,0,0,0,0,0,0,1,1,1,1,1,1
210.jpg,1180,677,196,192,1,1,0,0,0,0,0,1,1,1,1,1,1
210.jpg,1380,679,277,191,1,1,0,0,0,0,0,1,1,1,1,1,1
210.jpg,280,673,113,155,1,1,0,0,0,0,0,1,1,1,1,1,1
210.jpg,215,675,91,183,1,1,0,0,0,0,0,1,1,1,1,1,1
51.jpg,113,374,288,360,1,1,0,0,0,0,0,1,1,1,1,1,1
51.jpg,405,425,292,327,0,0,0,0,0,0,0,1,1,1,1,1,1
51.jpg,706,476,258,285,0,0,0,0,0,0,0,1,1,1,1,1,1
51.jpg,973,438,282,285,1,1,0,0,0,0,0,1,1,1,1,1,1
51.jpg,1258,484,232,210,0,0,0,0,0,0,0,1,1,1,1,1,1
51.jpg,1494,459,216,199,0,0,0,0,0,0,0,1,1,1,1,1,1
51.jpg,1713,436,185,134,0,0,0,0,0,0,0,1,1,1,1,1,1
51.jpg,622,644,202,254,1,1,0,0,0,0,0,1,1,1,1,1,1
51.jpg,457,743,158,148,0,0,0,0,0,0,0,1,1,1,1,1,1
51.jpg,831,639,252,265,0,0,0,0,0,0,0,1,1,1,1,1,1
51.jpg,1094,628,261,262,0,0,0,0,0,0,0,1,1,1,1,1,1
51.jpg,1351,618,243,166,0,0,0,0,0,0,0,1,1,1,1,1,1
51.jpg,1599,546,311,192,1,1,0,0,0,0,0,1,1,1,1,1,1
179.jpg,260,403,79,140,1,1,0,0,0,0,0,1,1,1,1,1,1
179.jpg,335,446,75,131,0,0,0,0,0,0,0,1,1,1,1,1,1
179.jpg,384,423,110,193,1,1,0,0,0,0,0,1,1,1,1,1,1
179.jpg,482,406,133,221,1,1,0,0,0,0,0,1,1,1,1,1,1
179.jpg,613,403,162,248,0,0,0,0,0,0,0,1,1,1,1,1,1
179.jpg,783,378,249,298,0,0,0,0,0,0,0,1,1,1,1,1,1
179.jpg,1038,356,249,307,0,0,0,0,0,0,0,1,1,1,1,1,1
179.jpg,1297,422,133,237,0,0,0,0,0,0,0,1,1,1,1,1,1
179.jpg,1434,325,176,278,0,0,0,0,0,0,0,1,1,1,1,1,1
179.jpg,1610,337,104,227,0,0,0,0,0,0,0,1,1,1,1,1,1
179.jpg,1768,329,65,130,1,1,0,0,0,0,0,1,1,1,1,1,1
179.jpg,1610,548,145,113,2,1,1,0,0,0,0,1,1,1,1,1,1
179.jpg,1499,558,146,142,0,0,0,0,0,0,0,1,1,1,1,1,1
179.jpg,1364,533,159,212,0,0,0,0,0,0,0,1,1,1,1,1,1
179.jpg,1190,638,161,135,0,0,0,0,0,0,0,1,1,1,1,1,1
179.jpg,1012,634,139,118,0,0,0,0,0,0,0,1,1,1,1,1,1
179.jpg,823,652,136,114,0,0,0,0,0,0,0,1,1,1,1,1,1
179.jpg,649,638,155,137,0,0,0,0,0,0,0,1,1,1,1,1,1
179.jpg,504,611,143,162,0,0,0,0,0,0,0,1,1,1,1,1,1
179.jpg,284,559,159,114,1,1,0,0,0,0,0,1,1,1,1,1,1
179.jpg,407,592,120,130,0,0,0,0,0,0,0,1,1,1,1,1,1
213.jpg,128,364,90,189,0,0,0,0,0,0,0,1,1,1,1,1,1
213.jpg,203,364,143,216,0,0,0,0,0,0,0,1,1,1,1,1,1
213.jpg,222,546,129,181,0,0,0,0,0,0,0,1,1,1,1,1,1
213.jpg,136,538,113,144,0,0,0,0,0,0,0,1,1,1,1,1,1
213.jpg,312,361,185,214,1,1,0,0,0,0,0,1,1,1,1,1,1
213.jpg,477,336,229,247,1,1,0,0,0,0,0,1,1,1,1,1,1
213.jpg,702,317,279,299,1,1,0,0,0,0,0,1,1,1,1,1,1
213.jpg,978,310,262,288,1,1,0,0,0,0,0,1,1,1,1,1,1
213.jpg,1247,338,202,234,1,1,0,0,0,0,0,1,1,1,1,1,1
213.jpg,1452,320,150,221,1,1,0,0,0,0,0,1,1,1,1,1,1
213.jpg,1591,323,132,220,1,1,0,0,0,0,0,1,1,1,1,1,1
213.jpg,616,529,177,241,1,1,0,0,0,0,0,1,1,1,1,1,1
213.jpg,457,551,155,222,1,1,0,0,0,0,0,1,1,1,1,1,1
213.jpg,320,569,142,207,1,1,0,0,0,0,0,1,1,1,1,1,1
213.jpg,800,592,156,201,0,0,0,0,0,0,0,1,1,1,1,1,1
213.jpg,960,570,181,219,0,0,0,0,0,0,0,1,1,1,1,1,1
213.jpg,1140,525,175,243,0,0,0,0,0,0,0,1,1,1,1,1,1
213.jpg,1316,552,175,210,0,0,0,0,0,0,0,1,1,1,1,1,1
213.jpg,1464,535,181,207,1,1,0,0,0,0,0,1,1,1,1,1,1
213.jpg,1606,522,152,165,1,1,0,0,0,0,0,1,1,1,1,1,1
213.jpg,1719,484,137,173,2,1,1,0,0,0,0,1,1,1,1,1,1
213.jpg,1720,316,148,165,3,1,1,1,0,0,0,1,1,1,1,1,1
271.jpg,52,1007,324,252,2,1,1,0,0,0,0,1,1,1,1,1,1
271.jpg,101,778,365,327,2,1,1,0,0,0,0,1,1,1,1,1,1
271.jpg,171,599,276,219,2,1,1,0,0,0,0,1,1,1,1,1,1
271.jpg,252,387,292,261,2,1,1,0,0,0,0,1,1,1,1,1,1
271.jpg,377,222,224,227,1,1,0,0,0,0,0,1,1,1,1,1,1
271.jpg,578,162,199,210,2,1,1,0,0,0,0,1,1,1,1,1,1
271.jpg,732,124,255,170,1,1,0,0,0,0,0,1,1,1,1,1,1
271.jpg,986,127,259,202,1,1,0,0,0,0,0,1,1,1,1,1,1
271.jpg,1192,209,219,192,2,1,1,0,0,0,0,1,1,1,1,1,1
271.jpg,1357,291,230,212,1,1,0,0,0,0,0,1,1,1,1,1,1
271.jpg,1432,435,282,257,2,1,1,0,0,0,0,1,1,1,1,1,1
271.jpg,1516,634,286,245,2,1,1,0,0,0,0,1,1,1,1,1,1
271.jpg,1553,786,363,345,1,1,0,0,0,0,0,1,1,1,1,1,1
271.jpg,1612,1053,332,240,2,1,1,0,0,0,0,1,1,1,1,1,1
80.jpg,165,422,252,248,1,1,0,0,0,0,0,1,1,1,1,1,1
80.jpg,418,375,278,346,1,1,0,0,0,0,0,1,1,1,1,1,1
80.jpg,702,353,303,388,1,1,0,0,0,0,0,1,1,1,1,1,1
80.jpg,1005,403,281,312,0,0,0,0,0,0,0,1,1,1,1,1,1
80.jpg,1286,398,282,323,0,0,0,0,0,0,0,1,1,1,1,1,1
80.jpg,1567,323,286,360,0,0,0,0,0,0,0,1,1,1,1,1,1
80.jpg,267,637,266,266,1,1,0,0,0,0,0,1,1,1,1,1,1
80.jpg,6,627,278,229,2,1,1,0,0,0,0,1,1,1,1,1,1
80.jpg,523,634,298,325,1,1,0,0,0,0,0,1,1,1,1,1,1
80.jpg,825,617,251,360,1,1,0,0,0,0,0,1,1,1,1,1,1
80.jpg,1084,661,218,269,0,0,0,0,0,0,0,1,1,1,1,1,1
80.jpg,1303,692,159,202,0,0,0,0,0,0,0,1,1,1,1,1,1
80.jpg,1461,661,146,235,0,0,0,0,0,0,0,1,1,1,1,1,1
80.jpg,1607,685,139,175,0,0,0,0,0,0,0,1,1,1,1,1,1
38.jpg,235,457,182,170,1,1,0,0,0,0,0,1,1,1,1,1,1
38.jpg,423,462,214,223,1,1,0,0,0,0,0,1,1,1,1,1,1
38.jpg,625,409,255,289,1,1,0,0,0,0,0,1,1,1,1,1,1
38.jpg,876,463,255,293,1,1,0,0,0,0,0,1,1,1,1,1,1
38.jpg,1139,425,314,319,1,1,0,0,0,0,0,1,1,1,1,1,1
38.jpg,1451,390,253,320,0,0,0,0,0,0,0,1,1,1,1,1,1
38.jpg,1689,430,98,276,0,0,0,0,0,0,0,1,1,1,1,1,1
38.jpg,1761,385,117,262,0,0,0,0,0,0,0,1,1,1,1,1,1
38.jpg,534,625,215,221,0,0,0,0,0,0,0,1,1,1,1,1,1
38.jpg,752,589,242,255,0,0,0,0,0,0,0,1,1,1,1,1,1
38.jpg,1023,662,171,170,0,0,0,0,0,0,0,1,1,1,1,1,1
38.jpg,1200,734,171,162,0,0,0,0,0,0,0,1,1,1,1,1,1
38.jpg,1386,665,130,192,0,0,0,0,0,0,0,1,1,1,1,1,1
38.jpg,1577,709,181,167,1,1,0,0,0,0,0,1,1,1,1,1,1
38.jpg,317,609,227,162,0,0,0,0,0,0,0,1,1,1,1,1,1
38.jpg,96,587,291,125,1,1,0,0,0,0,0,1,1,1,1,1,1
38.jpg,27,422,210,184,2,1,1,0,0,0,0,1,1,1,1,1,1
170.jpg,299,449,121,131,3,1,1,1,0,0,0,1,1,1,1,1,1
170.jpg,309,562,117,93,1,1,0,0,0,0,0,1,1,1,1,1,1
170.jpg,429,457,162,176,3,1,1,1,0,0,0,1,1,1,1,1,1
170.jpg,428,617,224,151,2,1,1,0,0,0,0,1,1,1,1,1,1
170.jpg,589,515,158,173,1,1,0,0,0,0,0,1,1,1,1,1,1
170.jpg,726,520,176,182,1,1,0,0,0,0,0,1,1,1,1,1,1
170.jpg,647,676,149,125,0,0,0,0,0,0,0,1,1,1,1,1,1
170.jpg,800,659,188,175,0,0,0,0,0,0,0,1,1,1,1,1,1
170.jpg,907,517,187,216,1,1,0,0,0,0,0,1,1,1,1,1,1
170.jpg,1093,509,208,216,0,0,0,0,0,0,0,1,1,1,1,1,1
170.jpg,1306,488,229,233,1,1,0,0,0,0,0,1,1,1,1,1,1
170.jpg,1538,520,207,168,1,1,0,0,0,0,0,1,1,1,1,1,1
170.jpg,1000,699,162,131,0,0,0,0,0,0,0,1,1,1,1,1,1
170.jpg,1178,671,159,149,0,0,0,0,0,0,0,1,1,1,1,1,1
170.jpg,1483,682,124,73,0,0,0,0,0,0,0,1,1,1,1,1,1
170.jpg,1620,690,98,59,0,0,0,0,0,0,0,1,1,1,1,1,1
170.jpg,1336,712,121,43,1,1,0,0,0,0,0,1,1,1,1,1,1
220.jpg,787,450,143,213,3,1,1,1,0,0,0,1,1,1,1,1,1
220.jpg,893,416,105,234,3,1,1,1,0,0,0,1,1,1,1,1,1
220.jpg,981,414,90,265,1,1,0,0,0,0,0,1,1,1,1,1,1
220.jpg,781,633,158,286,1,1,0,0,0,0,0,1,1,1,1,1,1
220.jpg,931,642,100,250,2,1,1,0,0,0,0,1,1,1,1,1,1
220.jpg,1009,666,95,203,2,1,1,0,0,0,0,1,1,1,1,1,1
148.jpg,125,990,327,271,5,1,1,1,1,1,0,1,1,1,1,1,1
148.jpg,202,757,326,282,4,1,1,1,1,0,0,1,1,1,1,1,1
148.jpg,270,579,284,204,3,1,1,1,0,0,0,1,1,1,1,1,1
148.jpg,294,363,306,235,2,1,1,0,0,0,0,1,1,1,1,1,1
148.jpg,384,177,262,229,1,1,0,0,0,0,0,1,1,1,1,1,1
148.jpg,572,93,193,201,3,1,1,1,0,0,0,1,1,1,1,1,1
148.jpg,1006,52,256,223,1,1,0,0,0,0,0,1,1,1,1,1,1
148.jpg,766,59,248,232,1,1,0,0,0,0,0,1,1,1,1,1,1
148.jpg,1172,142,206,208,1,1,0,0,0,0,0,1,1,1,1,1,1
148.jpg,1339,180,239,254,1,1,0,0,0,0,0,1,1,1,1,1,1
148.jpg,1386,378,307,243,1,1,0,0,0,0,0,1,1,1,1,1,1
148.jpg,1470,580,286,194,3,1,1,1,0,0,0,1,1,1,1,1,1
148.jpg,1413,779,303,276,1,1,0,0,0,0,0,1,1,1,1,1,1
148.jpg,1569,917,260,293,4,1,1,1,1,0,0,1,1,1,1,1,1
148.jpg,1632,1175,218,124,4,1,1,1,1,0,0,1,1,1,1,1,1
282.jpg,77,525,259,297,1,1,0,0,0,0,0,1,1,1,1,1,1
282.jpg,310,477,278,314,1,1,0,0,0,0,0,1,1,1,1,1,1
282.jpg,585,490,216,273,1,1,0,0,0,0,0,1,1,1,1,1,1
282.jpg,783,552,190,256,1,1,0,0,0,0,0,1,1,1,1,1,1
282.jpg,980,483,207,253,1,1,0,0,0,0,0,1,1,1,1,1,1
282.jpg,1118,590,130,189,0,0,0,0,0,0,0,1,1,1,1,1,1
282.jpg,1235,603,165,171,2,1,1,0,0,0,0,1,1,1,1,1,1
282.jpg,1402,606,145,140,2,1,1,0,0,0,0,1,1,1,1,1,1
282.jpg,903,675,236,270,1,1,0,0,0,0,0,1,1,1,1,1,1
282.jpg,1205,756,203,147,2,1,1,0,0,0,0,1,1,1,1,1,1
76.jpg,26,442,262,199,2,1,1,0,0,0,0,1,1,1,1,1,1
76.jpg,282,497,181,169,3,1,1,1,0,0,0,1,1,1,1,1,1
76.jpg,452,446,234,269,2,1,1,0,0,0,0,1,1,1,1,1,1
76.jpg,689,440,266,308,2,1,1,0,0,0,0,1,1,1,1,1,1
76.jpg,961,459,242,291,1,1,0,0,0,0,0,1,1,1,1,1,1
76.jpg,1203,423,271,337,1,1,0,0,0,0,0,1,1,1,1,1,1
76.jpg,1471,375,263,354,1,1,0,0,0,0,0,1,1,1,1,1,1
76.jpg,1744,397,120,313,1,1,0,0,0,0,0,1,1,1,1,1,1
76.jpg,1871,395,81,271,1,1,0,0,0,0,0,1,1,1,1,1,1
76.jpg,618,635,236,246,0,0,0,0,0,0,0,1,1,1,1,1,1
76.jpg,864,645,221,223,0,0,0,0,0,0,0,1,1,1,1,1,1
76.jpg,373,631,221,195,1,1,0,0,0,0,0,1,1,1,1,1,1
76.jpg,97,606,305,142,2,1,1,0,0,0,0,1,1,1,1,1,1
41.jpg,133,22,340,387,2,1,1,0,0,0,0,1,1,1,1,1,1
41.jpg,232,373,279,282,2,1,1,0,0,0,0,1,1,1,1,1,1
41.jpg,354,603,261,298,1,1,0,0,0,0,0,1,1,1,1,1,1
41.jpg,470,857,224,275,1,1,0,0,0,0,0,1,1,1,1,1,1
41.jpg,689,852,198,244,0,0,0,0,0,0,0,1,1,1,1,1,1
41.jpg,828,990,159,219,0,0,0,0,0,0,0,1,1,1,1,1,1
41.jpg,993,1028,168,192,0,0,0,0,0,0,0,1,1,1,1,1,1
41.jpg,1113,873,178,254,0,0,0,0,0,0,0,1,1,1,1,1,1
41.jpg,1300,816,197,254,0,0,0,0,0,0,0,1,1,1,1,1,1
41.jpg,1371,576,265,306,0,0,0,0,0,0,0,1,1,1,1,1,1
41.jpg,1455,375,288,253,1,1,0,0,0,0,0,1,1,1,1,1,1
41.jpg,1502,40,332,381,2,1,1,0,0,0,0,1,1,1,1,1,1
274.jpg,818,504,172,268,2,1,1,0,0,0,0,1,1,1,1,1,1
274.jpg,994,498,107,254,3,1,1,1,0,0,0,1,1,1,1,1,1
274.jpg,1081,493,111,250,1,1,0,0,0,0,0,1,1,1,1,1,1
274.jpg,841,692,172,238,1,1,0,0,0,0,0,1,1,1,1,1,1
169.jpg,84,436,213,179,0,0,0,0,0,0,0,1,1,1,1,1,1
169.jpg,296,408,227,237,1,1,0,0,0,0,0,1,1,1,1,1,1
169.jpg,528,444,206,213,1,1,0,0,0,0,0,1,1,1,1,1,1
169.jpg,736,432,201,234,1,1,0,0,0,0,0,1,1,1,1,1,1
169.jpg,681,617,175,172,1,1,0,0,0,0,0,1,1,1,1,1,1
169.jpg,520,620,159,145,0,0,0,0,0,0,0,1,1,1,1,1,1
169.jpg,368,625,130,108,1,1,0,0,0,0,0,1,1,1,1,1,1
169.jpg,249,616,116,84,1,1,0,0,0,0,0,1,1,1,1,1,1
169.jpg,871,607,178,216,1,1,0,0,0,0,0,1,1,1,1,1,1
169.jpg,741,429,203,237,1,1,0,0,0,0,0,1,1,1,1,1,1
169.jpg,926,466,185,195,1,1,0,0,0,0,0,1,1,1,1,1,1
169.jpg,1090,495,145,159,0,0,0,0,0,0,0,1,1,1,1,1,1
169.jpg,1051,630,133,173,0,0,0,0,0,0,0,1,1,1,1,1,1
169.jpg,1239,435,204,183,3,1,1,1,0,0,0,1,1,1,1,1,1
169.jpg,1202,597,220,172,3,1,1,1,0,0,0,1,1,1,1,1,1
169.jpg,1422,552,155,143,2,1,1,0,0,0,0,1,1,1,1,1,1
169.jpg,1444,442,118,118,3,1,1,1,0,0,0,1,1,1,1,1,1
14.jpg,1608,1036,235,224,5,1,1,1,1,1,0,1,1,1,1,1,1
14.jpg,1524,791,253,218,3,1,1,1,0,0,0,1,1,1,1,1,1
14.jpg,1403,524,278,270,2,1,1,0,0,0,0,1,1,1,1,1,1
14.jpg,1355,355,232,159,0,0,0,0,0,0,0,1,1,1,1,1,1
14.jpg,1317,199,181,157,1,1,0,0,0,0,0,1,1,1,1,1,1
14.jpg,1196,72,185,171,0,0,0,0,0,0,0,1,1,1,1,1,1
14.jpg,1000,27,189,185,0,0,0,0,0,0,0,1,1,1,1,1,1
14.jpg,774,45,197,180,0,0,0,0,0,0,0,1,1,1,1,1,1
14.jpg,626,92,142,125,0,0,0,0,0,0,0,1,1,1,1,1,1
14.jpg,424,150,215,181,0,0,0,0,0,0,0,1,1,1,1,1,1
14.jpg,321,290,219,182,0,0,0,0,0,0,0,1,1,1,1,1,1
14.jpg,246,425,218,178,0,0,0,0,0,0,0,1,1,1,1,1,1
14.jpg,153,562,271,283,3,1,1,1,0,0,0,1,1,1,1,1,1
14.jpg,133,835,266,232,2,1,1,0,0,0,0,1,1,1,1,1,1
14.jpg,131,1072,248,218,2,1,1,0,0,0,0,1,1,1,1,1,1
233.jpg,509,415,286,283,2,1,1,0,0,0,0,1,1,1,1,1,1
233.jpg,364,436,147,222,2,1,1,0,0,0,0,1,1,1,1,1,1
233.jpg,303,421,85,251,2,1,1,0,0,0,0,1,1,1,1,1,1
233.jpg,64,284,193,295,2,1,1,0,0,0,0,1,1,1,1,1,1
233.jpg,196,592,184,254,1,1,0,0,0,0,0,1,1,1,1,1,1
233.jpg,361,656,178,224,0,0,0,0,0,0,0,1,1,1,1,1,1
233.jpg,519,664,188,209,0,0,0,0,0,0,0,1,1,1,1,1,1
233.jpg,711,661,203,217,0,0,0,0,0,0,0,1,1,1,1,1,1
233.jpg,926,641,201,268,0,0,0,0,0,0,0,1,1,1,1,1,1
233.jpg,789,479,256,241,0,0,0,0,0,0,0,1,1,1,1,1,1
233.jpg,1053,465,212,255,1,1,0,0,0,0,0,1,1,1,1,1,1
233.jpg,1130,635,211,230,0,0,0,0,0,0,0,1,1,1,1,1,1
233.jpg,1267,493,196,204,0,0,0,0,0,0,0,1,1,1,1,1,1
233.jpg,1353,646,141,154,0,0,0,0,0,0,0,1,1,1,1,1,1
233.jpg,1444,521,162,165,0,0,0,0,0,0,0,1,1,1,1,1,1
233.jpg,1595,524,162,116,2,1,1,0,0,0,0,1,1,1,1,1,1
233.jpg,1503,636,214,111,3,1,1,1,0,0,0,1,1,1,1,1,1
100.jpg,89,46,372,348,3,1,1,1,0,0,0,1,1,1,1,1,1
100.jpg,223,386,272,236,3,1,1,1,0,0,0,1,1,1,1,1,1
100.jpg,330,630,225,191,2,1,1,0,0,0,0,1,1,1,1,1,1
100.jpg,482,795,200,204,1,1,0,0,0,0,0,1,1,1,1,1,1
100.jpg,635,925,188,119,1,1,0,0,0,0,0,1,1,1,1,1,1
100.jpg,830,924,169,162,0,0,0,0,0,0,0,1,1,1,1,1,1
100.jpg,1003,915,168,128,0,0,0,0,0,0,0,1,1,1,1,1,1
100.jpg,1168,890,190,137,0,0,0,0,0,0,0,1,1,1,1,1,1
100.jpg,1361,778,185,176,0,0,0,0,0,0,0,1,1,1,1,1,1
100.jpg,1536,666,195,183,2,1,1,0,0,0,0,1,1,1,1,1,1
100.jpg,1475,357,318,319,3,1,1,1,0,0,0,1,1,1,1,1,1
100.jpg,1564,55,376,330,3,1,1,1,0,0,0,1,1,1,1,1,1
198.jpg,77,450,126,220,0,0,0,0,0,0,0,1,1,1,1,1,1
198.jpg,0,457,87,205,0,0,0,0,0,0,0,1,1,1,1,1,1
198.jpg,196,439,256,300,0,0,0,0,0,0,0,1,1,1,1,1,1
198.jpg,452,443,269,288,0,0,0,0,0,0,0,1,1,1,1,1,1
198.jpg,713,457,231,227,0,0,0,0,0,0,0,1,1,1,1,1,1
198.jpg,951,447,226,250,0,0,0,0,0,0,0,1,1,1,1,1,1
198.jpg,1177,459,172,234,0,0,0,0,0,0,0,1,1,1,1,1,1
198.jpg,1349,479,136,184,0,0,0,0,0,0,0,1,1,1,1,1,1
198.jpg,1481,419,191,195,2,1,1,0,0,0,0,1,1,1,1,1,1
198.jpg,1583,505,185,162,2,1,1,0,0,0,0,1,1,1,1,1,1
198.jpg,1358,593,230,146,3,1,1,1,0,0,0,1,1,1,1,1,1
198.jpg,1209,642,156,151,0,0,0,0,0,0,0,1,1,1,1,1,1
198.jpg,1010,614,200,223,0,0,0,0,0,0,0,1,1,1,1,1,1
198.jpg,783,610,222,200,0,0,0,0,0,0,0,1,1,1,1,1,1
198.jpg,71,665,152,146,0,0,0,0,0,0,0,1,1,1,1,1,1
125.jpg,156,416,216,134,3,1,1,1,0,0,0,1,1,1,1,1,1
125.jpg,185,525,220,146,3,1,1,1,0,0,0,1,1,1,1,1,1
125.jpg,375,443,243,192,2,1,1,0,0,0,0,1,1,1,1,1,1
125.jpg,388,607,282,169,2,1,1,0,0,0,0,1,1,1,1,1,1
125.jpg,603,480,243,187,2,1,1,0,0,0,0,1,1,1,1,1,1
125.jpg,672,631,244,185,2,1,1,0,0,0,0,1,1,1,1,1,1
125.jpg,884,416,257,278,1,1,0,0,0,0,0,1,1,1,1,1,1
125.jpg,1151,459,228,258,1,1,0,0,0,0,0,1,1,1,1,1,1
125.jpg,1016,627,214,254,1,1,0,0,0,0,0,1,1,1,1,1,1
125.jpg,1387,425,253,306,1,1,0,0,0,0,0,1,1,1,1,1,1
125.jpg,1629,447,217,279,1,1,0,0,0,0,0,1,1,1,1,1,1
125.jpg,1230,587,196,251,1,1,0,0,0,0,0,1,1,1,1,1,1
125.jpg,1425,686,153,152,0,0,0,0,0,0,0,1,1,1,1,1,1
125.jpg,1578,706,120,117,1,1,0,0,0,0,0,1,1,1,1,1,1
125.jpg,1705,713,83,107,1,1,0,0,0,0,0,1,1,1,1,1,1
125.jpg,1784,704,69,127,1,1,0,0,0,0,0,1,1,1,1,1,1
178.jpg,205,846,302,282,1,1,0,0,0,0,0,1,1,1,1,1,1
178.jpg,273,593,292,281,4,1,1,1,1,0,0,1,1,1,1,1,1
178.jpg,390,470,252,169,2,1,1,0,0,0,0,1,1,1,1,1,1
178.jpg,422,351,213,192,1,1,0,0,0,0,0,1,1,1,1,1,1
178.jpg,461,162,168,211,1,1,0,0,0,0,0,1,1,1,1,1,1
178.jpg,632,178,171,155,0,0,0,0,0,0,0,1,1,1,1,1,1
178.jpg,809,141,153,172,0,0,0,0,0,0,0,1,1,1,1,1,1
178.jpg,968,124,137,173,0,0,0,0,0,0,0,1,1,1,1,1,1
178.jpg,1097,149,184,172,0,0,0,0,0,0,0,1,1,1,1,1,1
178.jpg,1268,135,171,220,1,1,0,0,0,0,0,1,1,1,1,1,1
178.jpg,1182,371,191,159,3,1,1,1,0,0,0,1,1,1,1,1,1
178.jpg,1316,279,224,207,2,1,1,0,0,0,0,1,1,1,1,1,1
178.jpg,1331,422,329,302,4,1,1,1,1,0,0,1,1,1,1,1,1
178.jpg,1445,685,303,266,4,1,1,1,1,0,0,1,1,1,1,1,1
178.jpg,1567,908,244,257,4,1,1,1,1,0,0,1,1,1,1,1,1
42.jpg,271,332,260,300,1,1,0,0,0,0,0,1,1,1,1,1,1
42.jpg,538,459,204,249,0,0,0,0,0,0,0,1,1,1,1,1,1
42.jpg,723,387,321,340,0,0,0,0,0,0,0,1,1,1,1,1,1
42.jpg,1051,356,318,360,0,0,0,0,0,0,0,1,1,1,1,1,1
42.jpg,1360,397,237,302,0,0,0,0,0,0,0,1,1,1,1,1,1
42.jpg,1599,357,179,306,1,1,0,0,0,0,0,1,1,1,1,1,1
42.jpg,1767,388,105,224,1,1,0,0,0,0,0,1,1,1,1,1,1
42.jpg,428,524,200,260,1,1,0,0,0,0,0,1,1,1,1,1,1
42.jpg,286,583,142,218,1,1,0,0,0,0,0,1,1,1,1,1,1
68.jpg,361,518,153,261,0,0,0,0,0,0,0,1,1,1,1,1,1
68.jpg,511,509,210,268,0,0,0,0,0,0,0,1,1,1,1,1,1
68.jpg,720,468,280,322,0,0,0,0,0,0,0,1,1,1,1,1,1
68.jpg,981,398,287,334,0,0,0,0,0,0,0,1,1,1,1,1,1
68.jpg,1244,442,216,276,0,0,0,0,0,0,0,1,1,1,1,1,1
68.jpg,1455,418,172,289,1,1,0,0,0,0,0,1,1,1,1,1,1
68.jpg,1610,488,94,213,1,1,0,0,0,0,0,1,1,1,1,1,1
68.jpg,322,758,140,138,1,1,0,0,0,0,0,1,1,1,1,1,1
68.jpg,473,733,132,189,1,1,0,0,0,0,0,1,1,1,1,1,1
68.jpg,636,737,150,195,1,1,0,0,0,0,0,1,1,1,1,1,1
68.jpg,807,765,172,159,1,1,0,0,0,0,0,1,1,1,1,1,1
68.jpg,984,726,171,201,0,0,0,0,0,0,0,1,1,1,1,1,1
68.jpg,1178,706,153,182,0,0,0,0,0,0,0,1,1,1,1,1,1
68.jpg,1345,607,172,330,1,1,0,0,0,0,0,1,1,1,1,1,1
68.jpg,1519,696,127,203,1,1,0,0,0,0,0,1,1,1,1,1,1
149.jpg,226,6,274,263,2,1,1,0,0,0,0,1,1,1,1,1,1
149.jpg,259,270,272,247,3,1,1,1,0,0,0,1,1,1,1,1,1
149.jpg,311,502,290,290,1,1,0,0,0,0,0,1,1,1,1,1,1
149.jpg,434,758,230,215,1,1,0,0,0,0,0,1,1,1,1,1,1
149.jpg,540,941,162,134,6,1,1,1,1,1,1,1,1,1,1,1,1
149.jpg,595,1071,152,166,0,0,0,0,0,0,0,1,1,1,1,1,1
149.jpg,710,1068,142,141,0,0,0,0,0,0,0,1,1,1,1,1,1
149.jpg,823,1126,140,137,0,0,0,0,0,0,0,1,1,1,1,1,1
149.jpg,968,1110,127,140,0,0,0,0,0,0,0,1,1,1,1,1,1
149.jpg,1075,1081,157,154,0,0,0,0,0,0,0,1,1,1,1,1,1
149.jpg,1172,1017,168,174,0,0,0,0,0,0,0,1,1,1,1,1,1
149.jpg,1292,990,204,178,1,1,0,0,0,0,0,1,1,1,1,1,1
149.jpg,1232,800,252,178,2,1,1,0,0,0,0,1,1,1,1,1,1
149.jpg,1342,582,275,274,6,1,1,1,1,1,1,1,1,1,1,1,1
149.jpg,1421,350,306,274,4,1,1,1,1,0,0,1,1,1,1,1,1
149.jpg,1538,105,287,275,5,1,1,1,1,1,0,1,1,1,1,1,1
246.jpg,225,423,221,231,1,1,0,0,0,0,0,1,1,1,1,1,1
246.jpg,251,645,246,197,1,1,0,0,0,0,0,1,1,1,1,1,1
246.jpg,435,459,221,277,1,1,0,0,0,0,0,1,1,1,1,1,1
246.jpg,628,389,252,345,1,1,0,0,0,0,0,1,1,1,1,1,1
246.jpg,602,685,240,249,0,0,0,0,0,0,0,1,1,1,1,1,1
246.jpg,780,674,265,360,0,0,0,0,0,0,0,1,1,1,1,1,1
246.jpg,868,403,277,303,0,0,0,0,0,0,0,1,1,1,1,1,1
246.jpg,1123,334,342,393,0,0,0,0,0,0,0,1,1,1,1,1,1
246.jpg,1470,341,335,378,0,0,0,0,0,0,0,1,1,1,1,1,1
246.jpg,1791,369,201,303,0,0,0,0,0,0,0,1,1,1,1,1,1
246.jpg,1012,674,232,279,0,0,0,0,0,0,0,1,1,1,1,1,1
246.jpg,1244,689,217,279,0,0,0,0,0,0,0,1,1,1,1,1,1
246.jpg,1463,674,214,283,0,0,0,0,0,0,0,1,1,1,1,1,1
246.jpg,1683,669,167,250,0,0,0,0,0,0,0,1,1,1,1,1,1
246.jpg,1859,640,140,342,1,1,0,0,0,0,0,1,1,1,1,1,1
9.jpg,53,18,328,310,5,1,1,1,1,1,0,1,1,1,1,1,1
9.jpg,218,457,230,229,0,0,0,0,0,0,0,1,1,1,1,1,1
9.jpg,309,624,260,285,0,0,0,0,0,0,0,1,1,1,1,1,1
9.jpg,477,787,223,258,0,0,0,0,0,0,0,1,1,1,1,1,1
9.jpg,610,924,189,181,0,0,0,0,0,0,0,1,1,1,1,1,1
9.jpg,790,976,175,172,0,0,0,0,0,0,0,1,1,1,1,1,1
9.jpg,956,971,174,187,0,0,0,0,0,0,0,1,1,1,1,1,1
9.jpg,1105,937,203,180,0,0,0,0,0,0,0,1,1,1,1,1,1
9.jpg,1243,840,222,228,0,0,0,0,0,0,0,1,1,1,1,1,1
9.jpg,1408,730,245,249,0,0,0,0,0,0,0,1,1,1,1,1,1
9.jpg,1450,545,262,217,1,1,0,0,0,0,0,1,1,1,1,1,1
9.jpg,1467,261,380,344,3,1,1,1,0,0,0,1,1,1,1,1,1
9.jpg,1587,17,356,283,1,1,0,0,0,0,0,1,1,1,1,1,1
134.jpg,161,491,232,203,2,1,1,0,0,0,0,1,1,1,1,1,1
134.jpg,266,656,214,192,1,1,0,0,0,0,0,1,1,1,1,1,1
134.jpg,380,516,150,160,1,1,0,0,0,0,0,1,1,1,1,1,1
134.jpg,471,572,201,242,1,1,0,0,0,0,0,1,1,1,1,1,1
134.jpg,679,531,201,238,1,1,0,0,0,0,0,1,1,1,1,1,1
134.jpg,879,552,188,189,0,0,0,0,0,0,0,1,1,1,1,1,1
134.jpg,1073,560,174,168,0,0,0,0,0,0,0,1,1,1,1,1,1
134.jpg,1238,539,194,254,2,1,1,0,0,0,0,1,1,1,1,1,1
134.jpg,1369,510,147,117,0,0,0,0,0,0,0,1,1,1,1,1,1
134.jpg,1466,574,171,251,0,0,0,0,0,0,0,1,1,1,1,1,1
134.jpg,1536,496,164,182,0,0,0,0,0,0,0,1,1,1,1,1,1
134.jpg,1620,663,191,203,1,1,0,0,0,0,0,1,1,1,1,1,1
134.jpg,1679,528,190,179,2,1,1,0,0,0,0,1,1,1,1,1,1
63.jpg,28,968,359,294,4,1,1,1,1,0,0,1,1,1,1,1,1
63.jpg,78,666,351,302,3,1,1,1,0,0,0,1,1,1,1,1,1
63.jpg,209,478,294,211,1,1,0,0,0,0,0,1,1,1,1,1,1
63.jpg,311,279,258,214,1,1,0,0,0,0,0,1,1,1,1,1,1
63.jpg,474,137,214,186,0,0,0,0,0,0,0,1,1,1,1,1,1
63.jpg,629,64,193,162,1,1,0,0,0,0,0,1,1,1,1,1,1
63.jpg,809,14,179,174,1,1,0,0,0,0,0,1,1,1,1,1,1
63.jpg,990,26,174,171,1,1,0,0,0,0,0,1,1,1,1,1,1
63.jpg,1162,32,198,172,1,1,0,0,0,0,0,1,1,1,1,1,1
63.jpg,1283,100,206,185,1,1,0,0,0,0,0,1,1,1,1,1,1
63.jpg,1413,223,253,237,0,0,0,0,0,0,0,1,1,1,1,1,1
63.jpg,1495,429,260,223,1,1,0,0,0,0,0,1,1,1,1,1,1
63.jpg,1548,620,346,318,3,1,1,1,0,0,0,1,1,1,1,1,1
63.jpg,1596,926,358,306,4,1,1,1,1,0,0,1,1,1,1,1,1
50.jpg,444,473,271,244,1,1,0,0,0,0,0,1,1,1,1,1,1
50.jpg,220,486,233,207,1,1,0,0,0,0,0,1,1,1,1,1,1
50.jpg,38,572,279,192,3,1,1,1,0,0,0,1,1,1,1,1,1
50.jpg,720,432,314,329,1,1,0,0,0,0,0,1,1,1,1,1,1
50.jpg,1074,443,300,317,1,1,0,0,0,0,0,1,1,1,1,1,1
50.jpg,1359,390,269,373,1,1,0,0,0,0,0,1,1,1,1,1,1
50.jpg,1635,491,353,243,0,0,0,0,0,0,0,1,1,1,1,1,1
50.jpg,1061,675,249,281,0,0,0,0,0,0,0,1,1,1,1,1,1
50.jpg,786,652,272,299,1,1,0,0,0,0,0,1,1,1,1,1,1
50.jpg,516,652,262,293,0,0,0,0,0,0,0,1,1,1,1,1,1
50.jpg,1318,644,179,254,0,0,0,0,0,0,0,1,1,1,1,1,1
50.jpg,1503,607,178,250,0,0,0,0,0,0,0,1,1,1,1,1,1
116.jpg,433,825,196,111,4,1,1,1,1,0,0,1,1,1,1,1,1
116.jpg,450,693,232,160,3,1,1,1,0,0,0,1,1,1,1,1,1
116.jpg,520,577,220,161,2,1,1,0,0,0,0,1,1,1,1,1,1
116.jpg,570,469,217,160,2,1,1,0,0,0,0,1,1,1,1,1,1
116.jpg,645,363,206,157,2,1,1,0,0,0,0,1,1,1,1,1,1
116.jpg,711,217,151,162,1,1,0,0,0,0,0,1,1,1,1,1,1
116.jpg,817,163,141,134,1,1,0,0,0,0,0,1,1,1,1,1,1
116.jpg,961,151,187,146,1,1,0,0,0,0,0,1,1,1,1,1,1
116.jpg,1153,125,160,154,1,1,0,0,0,0,0,1,1,1,1,1,1
116.jpg,1281,208,161,157,1,1,0,0,0,0,0,1,1,1,1,1,1
116.jpg,1418,274,174,146,1,1,0,0,0,0,0,1,1,1,1,1,1
116.jpg,1403,424,228,143,2,1,1,0,0,0,0,1,1,1,1,1,1
116.jpg,1475,546,208,137,3,1,1,1,0,0,0,1,1,1,1,1,1
116.jpg,1493,665,229,162,3,1,1,1,0,0,0,1,1,1,1,1,1
116.jpg,1587,790,211,139,4,1,1,1,1,0,0,1,1,1,1,1,1
116.jpg,423,983,69,109,2,1,1,0,0,0,0,1,1,1,1,1,1
116.jpg,482,972,58,120,1,1,0,0,0,0,0,1,1,1,1,1,1
116.jpg,525,994,71,119,1,1,0,0,0,0,0,1,1,1,1,1,1
116.jpg,591,1009,61,145,1,1,0,0,0,0,0,1,1,1,1,1,1
116.jpg,649,1025,112,208,1,1,0,0,0,0,0,1,1,1,1,1,1
116.jpg,751,1037,161,222,0,0,0,0,0,0,0,1,1,1,1,1,1
116.jpg,897,1042,187,204,0,0,0,0,0,0,0,1,1,1,1,1,1
116.jpg,1072,1054,186,210,0,0,0,0,0,0,0,1,1,1,1,1,1
116.jpg,1232,1029,177,222,0,0,0,0,0,0,0,1,1,1,1,1,1
116.jpg,1387,1006,164,192,0,0,0,0,0,0,0,1,1,1,1,1,1
116.jpg,1537,984,130,138,2,1,1,0,0,0,0,1,1,1,1,1,1
116.jpg,1593,977,117,103,2,1,1,0,0,0,0,1,1,1,1,1,1
123.jpg,180,477,79,222,1,1,0,0,0,0,0,1,1,1,1,1,1
123.jpg,271,689,106,202,2,1,1,0,0,0,0,1,1,1,1,1,1
123.jpg,255,450,176,247,1,1,0,0,0,0,0,1,1,1,1,1,1
123.jpg,425,464,176,245,0,0,0,0,0,0,0,1,1,1,1,1,1
123.jpg,585,450,175,245,0,0,0,0,0,0,0,1,1,1,1,1,1
123.jpg,764,477,177,227,1,1,0,0,0,0,0,1,1,1,1,1,1
123.jpg,949,538,138,168,1,1,0,0,0,0,0,1,1,1,1,1,1
123.jpg,1091,566,162,142,1,1,0,0,0,0,0,1,1,1,1,1,1
123.jpg,1243,546,191,142,2,1,1,0,0,0,0,1,1,1,1,1,1
123.jpg,360,687,80,143,0,0,0,0,0,0,0,1,1,1,1,1,1
123.jpg,413,698,95,152,0,0,0,0,0,0,0,1,1,1,1,1,1
123.jpg,469,696,132,157,0,0,0,0,0,0,0,1,1,1,1,1,1
123.jpg,597,682,135,173,0,0,0,0,0,0,0,1,1,1,1,1,1
123.jpg,728,674,172,220,1,1,0,0,0,0,0,1,1,1,1,1,1
123.jpg,892,683,174,186,0,0,0,0,0,0,0,1,1,1,1,1,1
123.jpg,1066,689,153,162,1,1,0,0,0,0,0,1,1,1,1,1,1
123.jpg,1218,680,195,120,1,1,0,0,0,0,0,1,1,1,1,1,1
243.jpg,207,495,152,249,2,1,1,0,0,0,0,1,1,1,1,1,1
243.jpg,317,432,198,305,2,1,1,0,0,0,0,1,1,1,1,1,1
243.jpg,90,498,124,178,0,0,0,0,0,0,0,1,1,1,1,1,1
243.jpg,111,668,153,173,1,1,0,0,0,0,0,1,1,1,1,1,1
243.jpg,243,691,142,173,0,0,0,0,0,0,0,1,1,1,1,1,1
243.jpg,496,432,238,274,0,0,0,0,0,0,0,1,1,1,1,1,1
243.jpg,447,686,220,310,1,1,0,0,0,0,0,1,1,1,1,1,1
243.jpg,636,678,202,251,1,1,0,0,0,0,0,1,1,1,1,1,1
243.jpg,823,660,199,256,0,0,0,0,0,0,0,1,1,1,1,1,1
243.jpg,707,368,298,343,0,0,0,0,0,0,0,1,1,1,1,1,1
243.jpg,1006,378,303,330,0,0,0,0,0,0,0,1,1,1,1,1,1
243.jpg,1308,396,216,279,0,0,0,0,0,0,0,1,1,1,1,1,1
243.jpg,1523,409,173,291,1,1,0,0,0,0,0,1,1,1,1,1,1
243.jpg,1677,459,146,251,1,1,0,0,0,0,0,1,1,1,1,1,1
243.jpg,1813,476,112,173,0,0,0,0,0,0,0,1,1,1,1,1,1
243.jpg,1216,668,179,210,0,0,0,0,0,0,0,1,1,1,1,1,1
243.jpg,1388,638,193,298,1,1,0,0,0,0,0,1,1,1,1,1,1
243.jpg,1545,652,161,216,1,1,0,0,0,0,0,1,1,1,1,1,1
266.jpg,147,85,291,238,2,1,1,0,0,0,0,1,1,1,1,1,1
266.jpg,191,317,319,291,2,1,1,0,0,0,0,1,1,1,1,1,1
266.jpg,283,558,275,216,1,1,0,0,0,0,0,1,1,1,1,1,1
266.jpg,345,710,240,230,1,1,0,0,0,0,0,1,1,1,1,1,1
266.jpg,465,837,177,190,0,0,0,0,0,0,0,1,1,1,1,1,1
266.jpg,637,895,181,144,0,0,0,0,0,0,0,1,1,1,1,1,1
266.jpg,786,941,158,108,0,0,0,0,0,0,0,1,1,1,1,1,1
266.jpg,947,949,171,98,0,0,0,0,0,0,0,1,1,1,1,1,1
266.jpg,1114,898,183,141,0,0,0,0,0,0,0,1,1,1,1,1,1
266.jpg,1283,860,166,178,0,0,0,0,0,0,0,1,1,1,1,1,1
266.jpg,1359,725,251,241,2,1,1,0,0,0,0,1,1,1,1,1,1
266.jpg,1404,574,276,216,1,1,0,0,0,0,0,1,1,1,1,1,1
266.jpg,1462,332,348,307,2,1,1,0,0,0,0,1,1,1,1,1,1
266.jpg,1579,89,294,282,2,1,1,0,0,0,0,1,1,1,1,1,1
270.jpg,72,393,156,280,1,1,0,0,0,0,0,1,1,1,1,1,1
270.jpg,162,683,216,304,1,1,0,0,0,0,0,1,1,1,1,1,1
270.jpg,198,367,303,373,0,0,0,0,0,0,0,1,1,1,1,1,1
270.jpg,507,348,334,347,0,0,0,0,0,0,0,1,1,1,1,1,1
270.jpg,379,691,224,284,0,0,0,0,0,0,0,1,1,1,1,1,1
270.jpg,608,630,227,344,0,0,0,0,0,0,0,1,1,1,1,1,1
270.jpg,823,301,281,317,0,0,0,0,0,0,0,1,1,1,1,1,1
270.jpg,863,591,286,333,0,0,0,0,0,0,0,1,1,1,1,1,1
270.jpg,1156,575,297,341,0,0,0,0,0,0,0,1,1,1,1,1,1
270.jpg,1082,203,294,315,1,1,0,0,0,0,0,1,1,1,1,1,1
270.jpg,1255,263,357,333,2,1,1,0,0,0,0,1,1,1,1,1,1
270.jpg,1471,303,323,288,2,1,1,0,0,0,0,1,1,1,1,1,1
270.jpg,1445,592,274,269,1,1,0,0,0,0,0,1,1,1,1,1,1
270.jpg,1645,570,302,216,1,1,0,0,0,0,0,1,1,1,1,1,1
131.jpg,212,460,77,217,0,0,0,0,0,0,0,1,1,1,1,1,1
131.jpg,258,479,107,193,0,0,0,0,0,0,0,1,1,1,1,1,1
131.jpg,348,438,181,252,1,1,0,0,0,0,0,1,1,1,1,1,1
131.jpg,528,430,203,260,0,0,0,0,0,0,0,1,1,1,1,1,1
131.jpg,734,449,204,219,1,1,0,0,0,0,0,1,1,1,1,1,1
131.jpg,939,418,187,267,1,1,0,0,0,0,0,1,1,1,1,1,1
131.jpg,1128,474,148,175,1,1,0,0,0,0,0,1,1,1,1,1,1
131.jpg,1271,484,162,166,1,1,0,0,0,0,0,1,1,1,1,1,1
131.jpg,1436,490,155,148,2,1,1,0,0,0,0,1,1,1,1,1,1
131.jpg,264,666,37,158,1,1,0,0,0,0,0,1,1,1,1,1,1
131.jpg,299,661,53,155,1,1,0,0,0,0,0,1,1,1,1,1,1
131.jpg,358,676,97,137,0,0,0,0,0,0,0,1,1,1,1,1,1
131.jpg,457,678,105,143,0,0,0,0,0,0,0,1,1,1,1,1,1
131.jpg,574,686,123,151,0,0,0,0,0,0,0,1,1,1,1,1,1
131.jpg,703,628,155,221,0,0,0,0,0,0,0,1,1,1,1,1,1
131.jpg,867,628,175,258,1,1,0,0,0,0,0,1,1,1,1,1,1
131.jpg,1047,671,166,182,1,1,0,0,0,0,0,1,1,1,1,1,1
131.jpg,1170,638,230,165,2,1,1,0,0,0,0,1,1,1,1,1,1
131.jpg,1370,631,220,123,2,1,1,0,0,0,0,1,1,1,1,1,1
217.jpg,81,956,298,240,3,1,1,1,0,0,0,1,1,1,1,1,1
217.jpg,161,737,298,305,4,1,1,1,1,0,0,1,1,1,1,1,1
217.jpg,338,481,262,227,1,1,0,0,0,0,0,1,1,1,1,1,1
217.jpg,451,327,218,220,1,1,0,0,0,0,0,1,1,1,1,1,1
217.jpg,605,224,208,200,1,1,0,0,0,0,0,1,1,1,1,1,1
217.jpg,796,163,230,187,2,1,1,0,0,0,0,1,1,1,1,1,1
217.jpg,1034,161,231,169,1,1,0,0,0,0,0,1,1,1,1,1,1
217.jpg,1258,228,210,200,1,1,0,0,0,0,0,1,1,1,1,1,1
217.jpg,1390,341,213,227,1,1,0,0,0,0,0,1,1,1,1,1,1
217.jpg,1454,524,259,203,2,1,1,0,0,0,0,1,1,1,1,1,1
217.jpg,1514,669,262,192,1,1,0,0,0,0,0,1,1,1,1,1,1
217.jpg,1523,837,285,267,3,1,1,1,0,0,0,1,1,1,1,1,1
217.jpg,1652,1020,221,251,4,1,1,1,1,0,0,1,1,1,1,1,1
91.jpg,559,419,279,291,1,1,0,0,0,0,0,1,1,1,1,1,1
91.jpg,639,590,288,360,1,1,0,0,0,0,0,1,1,1,1,1,1
91.jpg,867,573,210,368,0,0,0,0,0,0,0,1,1,1,1,1,1
91.jpg,844,267,269,330,0,0,0,0,0,0,0,1,1,1,1,1,1
158.jpg,386,491,140,127,2,1,1,0,0,0,0,1,1,1,1,1,1
158.jpg,525,528,107,146,1,1,0,0,0,0,0,1,1,1,1,1,1
158.jpg,626,517,140,178,0,0,0,0,0,0,0,1,1,1,1,1,1
158.jpg,610,666,146,94,0,0,0,0,0,0,0,1,1,1,1,1,1
158.jpg,438,613,171,107,1,1,0,0,0,0,0,1,1,1,1,1,1
158.jpg,768,515,182,202,0,0,0,0,0,0,0,1,1,1,1,1,1
158.jpg,958,517,188,190,1,1,0,0,0,0,0,1,1,1,1,1,1
158.jpg,1148,456,233,244,1,1,0,0,0,0,0,1,1,1,1,1,1
158.jpg,1380,462,213,227,0,0,0,0,0,0,0,1,1,1,1,1,1
158.jpg,1599,504,124,178,1,1,0,0,0,0,0,1,1,1,1,1,1
158.jpg,1719,460,91,230,1,1,0,0,0,0,0,1,1,1,1,1,1
158.jpg,906,690,163,159,0,0,0,0,0,0,0,1,1,1,1,1,1
158.jpg,738,681,166,138,0,0,0,0,0,0,0,1,1,1,1,1,1
158.jpg,1070,676,166,189,0,0,0,0,0,0,0,1,1,1,1,1,1
158.jpg,1236,683,149,181,0,0,0,0,0,0,0,1,1,1,1,1,1
158.jpg,1384,681,146,172,0,0,0,0,0,0,0,1,1,1,1,1,1
158.jpg,1530,678,117,169,1,1,0,0,0,0,0,1,1,1,1,1,1
158.jpg,1642,681,88,166,1,1,0,0,0,0,0,1,1,1,1,1,1
158.jpg,1736,686,50,105,2,1,1,0,0,0,0,1,1,1,1,1,1
265.jpg,86,941,345,354,1,1,0,0,0,0,0,1,1,1,1,1,1
265.jpg,186,734,305,233,1,1,0,0,0,0,0,1,1,1,1,1,1
265.jpg,276,509,309,261,0,0,0,0,0,0,0,1,1,1,1,1,1
265.jpg,550,235,244,205,0,0,0,0,0,0,0,1,1,1,1,1,1
265.jpg,769,151,265,228,0,0,0,0,0,0,0,1,1,1,1,1,1
265.jpg,1044,149,265,240,0,0,0,0,0,0,0,1,1,1,1,1,1
265.jpg,1273,241,243,201,1,1,0,0,0,0,0,1,1,1,1,1,1
265.jpg,1437,376,245,237,0,0,0,0,0,0,0,1,1,1,1,1,1
265.jpg,1459,585,309,253,2,1,1,0,0,0,0,1,1,1,1,1,1
265.jpg,1536,820,289,225,1,1,0,0,0,0,0,1,1,1,1,1,1
265.jpg,1557,1019,343,280,1,1,0,0,0,0,0,1,1,1,1,1,1
47.jpg,64,24,356,363,2,1,1,0,0,0,0,1,1,1,1,1,1
47.jpg,165,349,281,281,1,1,0,0,0,0,0,1,1,1,1,1,1
47.jpg,293,555,275,288,1,1,0,0,0,0,0,1,1,1,1,1,1
47.jpg,431,779,205,244,0,0,0,0,0,0,0,1,1,1,1,1,1
47.jpg,634,834,215,223,0,0,0,0,0,0,0,1,1,1,1,1,1
47.jpg,778,999,191,162,0,0,0,0,0,0,0,1,1,1,1,1,1
47.jpg,957,943,177,181,0,0,0,0,0,0,0,1,1,1,1,1,1
47.jpg,1073,798,205,217,0,0,0,0,0,0,0,1,1,1,1,1,1
47.jpg,1285,764,220,246,0,0,0,0,0,0,0,1,1,1,1,1,1
47.jpg,1362,553,285,272,1,1,0,0,0,0,0,1,1,1,1,1,1
47.jpg,1471,346,302,254,1,1,0,0,0,0,0,1,1,1,1,1,1
47.jpg,1581,48,366,374,3,1,1,1,0,0,0,1,1,1,1,1,1
117.jpg,625,495,183,127,2,1,1,0,0,0,0,1,1,1,1,1,1
117.jpg,664,607,208,122,2,1,1,0,0,0,0,1,1,1,1,1,1
117.jpg,817,470,151,166,2,1,1,0,0,0,0,1,1,1,1,1,1
117.jpg,872,611,158,148,2,1,1,0,0,0,0,1,1,1,1,1,1
117.jpg,976,482,158,156,2,1,1,0,0,0,0,1,1,1,1,1,1
117.jpg,1030,613,177,179,2,1,1,0,0,0,0,1,1,1,1,1,1
117.jpg,1119,423,186,227,2,1,1,0,0,0,0,1,1,1,1,1,1
117.jpg,1204,616,162,243,2,1,1,0,0,0,0,1,1,1,1,1,1
117.jpg,1312,412,175,222,1,1,0,0,0,0,0,1,1,1,1,1,1
117.jpg,1355,629,90,139,1,1,0,0,0,0,0,1,1,1,1,1,1
117.jpg,1454,367,195,243,1,1,0,0,0,0,0,1,1,1,1,1,1
117.jpg,1430,571,127,198,1,1,0,0,0,0,0,1,1,1,1,1,1
117.jpg,1616,375,127,239,0,0,0,0,0,0,0,1,1,1,1,1,1
117.jpg,1540,603,93,164,0,0,0,0,0,0,0,1,1,1,1,1,1
117.jpg,1711,381,117,209,0,0,0,0,0,0,0,1,1,1,1,1,1
117.jpg,1665,599,56,161,0,0,0,0,0,0,0,1,1,1,1,1,1
117.jpg,1622,628,39,114,0,0,0,0,0,0,0,1,1,1,1,1,1
117.jpg,550,568,108,119,0,0,0,0,0,0,0,1,1,1,1,1,1
114.jpg,5,879,297,149,4,1,1,1,1,0,0,1,1,1,1,1,1
114.jpg,22,641,325,257,4,1,1,1,1,0,0,1,1,1,1,1,1
114.jpg,92,465,312,210,4,1,1,1,1,0,0,1,1,1,1,1,1
114.jpg,205,288,275,236,3,1,1,1,0,0,0,1,1,1,1,1,1
114.jpg,370,110,225,253,2,1,1,0,0,0,0,1,1,1,1,1,1
114.jpg,560,34,220,203,1,1,0,0,0,0,0,1,1,1,1,1,1
114.jpg,782,4,220,171,1,1,0,0,0,0,0,1,1,1,1,1,1
114.jpg,1037,4,227,158,1,1,0,0,0,0,0,1,1,1,1,1,1
114.jpg,1265,13,195,216,0,0,0,0,0,0,0,1,1,1,1,1,1
114.jpg,1380,84,245,253,2,1,1,0,0,0,0,1,1,1,1,1,1
114.jpg,1515,240,267,236,2,1,1,0,0,0,0,1,1,1,1,1,1
114.jpg,1577,413,282,208,3,1,1,1,0,0,0,1,1,1,1,1,1
114.jpg,1605,572,362,290,4,1,1,1,1,0,0,1,1,1,1,1,1
174.jpg,770,392,137,286,1,1,0,0,0,0,0,1,1,1,1,1,1
174.jpg,894,468,124,238,0,0,0,0,0,0,0,1,1,1,1,1,1
174.jpg,1009,439,140,275,1,1,0,0,0,0,0,1,1,1,1,1,1
197.jpg,235,433,139,136,0,0,0,0,0,0,0,1,1,1,1,1,1
197.jpg,251,569,194,142,2,1,1,0,0,0,0,1,1,1,1,1,1
197.jpg,380,464,208,181,1,1,0,0,0,0,0,1,1,1,1,1,1
197.jpg,589,524,142,173,3,1,1,1,0,0,0,1,1,1,1,1,1
197.jpg,445,630,236,131,3,1,1,1,0,0,0,1,1,1,1,1,1
197.jpg,667,666,147,117,1,1,0,0,0,0,0,1,1,1,1,1,1
197.jpg,732,473,190,206,0,0,0,0,0,0,0,1,1,1,1,1,1
197.jpg,924,453,227,242,0,0,0,0,0,0,0,1,1,1,1,1,1
197.jpg,1161,483,226,203,0,0,0,0,0,0,0,1,1,1,1,1,1
197.jpg,1386,450,239,286,0,0,0,0,0,0,0,1,1,1,1,1,1
197.jpg,1628,440,223,274,0,0,0,0,0,0,0,1,1,1,1,1,1
197.jpg,1835,459,85,208,1,1,0,0,0,0,0,1,1,1,1,1,1
197.jpg,1896,468,104,208,1,1,0,0,0,0,0,1,1,1,1,1,1
197.jpg,781,613,239,225,1,1,0,0,0,0,0,1,1,1,1,1,1
197.jpg,1005,618,230,224,1,1,0,0,0,0,0,1,1,1,1,1,1
48.jpg,254,403,232,288,1,1,0,0,0,0,0,1,1,1,1,1,1
48.jpg,118,408,133,214,1,1,0,0,0,0,0,1,1,1,1,1,1
48.jpg,485,440,250,291,0,0,0,0,0,0,0,1,1,1,1,1,1
48.jpg,684,374,305,380,0,0,0,0,0,0,0,1,1,1,1,1,1
48.jpg,1005,378,349,367,0,0,0,0,0,0,0,1,1,1,1,1,1
48.jpg,1336,414,233,296,0,0,0,0,0,0,0,1,1,1,1,1,1
48.jpg,1562,350,209,289,0,0,0,0,0,0,0,1,1,1,1,1,1
48.jpg,1757,364,133,225,0,0,0,0,0,0,0,1,1,1,1,1,1
48.jpg,541,689,213,219,0,0,0,0,0,0,0,1,1,1,1,1,1
48.jpg,376,603,160,234,0,0,0,0,0,0,0,1,1,1,1,1,1
48.jpg,212,598,158,217,0,0,0,0,0,0,0,1,1,1,1,1,1
48.jpg,947,623,198,288,0,0,0,0,0,0,0,1,1,1,1,1,1
48.jpg,1565,563,194,234,0,0,0,0,0,0,0,1,1,1,1,1,1
48.jpg,1161,692,185,159,0,0,0,0,0,0,0,1,1,1,1,1,1
48.jpg,751,678,195,189,0,0,0,0,0,0,0,1,1,1,1,1,1
261.jpg,284,483,152,228,1,1,0,0,0,0,0,1,1,1,1,1,1
261.jpg,397,412,192,278,1,1,0,0,0,0,0,1,1,1,1,1,1
261.jpg,581,391,219,268,1,1,0,0,0,0,0,1,1,1,1,1,1
261.jpg,788,351,289,309,0,0,0,0,0,0,0,1,1,1,1,1,1
261.jpg,1080,368,282,305,0,0,0,0,0,0,0,1,1,1,1,1,1
261.jpg,1351,401,211,240,0,0,0,0,0,0,0,1,1,1,1,1,1
261.jpg,1561,323,159,155,1,1,0,0,0,0,0,1,1,1,1,1,1
261.jpg,1597,440,207,213,1,1,0,0,0,0,0,1,1,1,1,1,1
261.jpg,1409,596,186,238,1,1,0,0,0,0,0,1,1,1,1,1,1
261.jpg,1581,577,153,228,1,1,0,0,0,0,0,1,1,1,1,1,1
261.jpg,1261,613,146,189,1,1,0,0,0,0,0,1,1,1,1,1,1
261.jpg,1090,652,163,163,1,1,0,0,0,0,0,1,1,1,1,1,1
261.jpg,913,628,175,184,1,1,0,0,0,0,0,1,1,1,1,1,1
261.jpg,738,618,163,205,1,1,0,0,0,0,0,1,1,1,1,1,1
261.jpg,561,647,195,216,1,1,0,0,0,0,0,1,1,1,1,1,1
261.jpg,419,648,163,184,1,1,0,0,0,0,0,1,1,1,1,1,1
236.jpg,232,24,296,278,4,1,1,1,1,0,0,1,1,1,1,1,1
236.jpg,271,289,313,276,4,1,1,1,1,0,0,1,1,1,1,1,1
236.jpg,359,547,247,217,2,1,1,0,0,0,0,1,1,1,1,1,1
236.jpg,434,733,215,234,1,1,0,0,0,0,0,1,1,1,1,1,1
236.jpg,565,905,184,173,0,0,0,0,0,0,0,1,1,1,1,1,1
236.jpg,707,985,193,152,0,0,0,0,0,0,0,1,1,1,1,1,1
236.jpg,881,1011,180,159,0,0,0,0,0,0,0,1,1,1,1,1,1
236.jpg,1054,1017,173,141,0,0,0,0,0,0,0,1,1,1,1,1,1
236.jpg,1138,904,166,152,0,0,0,0,0,0,0,1,1,1,1,1,1
236.jpg,1290,918,184,172,0,0,0,0,0,0,0,1,1,1,1,1,1
236.jpg,1334,719,229,233,0,0,0,0,0,0,0,1,1,1,1,1,1
236.jpg,1390,563,247,218,1,1,0,0,0,0,0,1,1,1,1,1,1
236.jpg,1429,298,307,308,2,1,1,0,0,0,0,1,1,1,1,1,1
236.jpg,1440,39,298,271,4,1,1,1,1,0,0,1,1,1,1,1,1
175.jpg,468,373,242,252,1,1,0,0,0,0,0,1,1,1,1,1,1
175.jpg,365,498,142,125,0,0,0,0,0,0,0,1,1,1,1,1,1
175.jpg,374,603,130,78,0,0,0,0,0,0,0,1,1,1,1,1,1
175.jpg,710,378,232,264,0,0,0,0,0,0,0,1,1,1,1,1,1
175.jpg,948,371,211,237,0,0,0,0,0,0,0,1,1,1,1,1,1
175.jpg,1145,346,226,265,0,0,0,0,0,0,0,1,1,1,1,1,1
175.jpg,1351,412,140,202,1,1,0,0,0,0,0,1,1,1,1,1,1
175.jpg,1141,580,185,182,1,1,0,0,0,0,0,1,1,1,1,1,1
175.jpg,1322,570,133,199,0,0,0,0,0,0,0,1,1,1,1,1,1
175.jpg,1435,580,187,176,3,1,1,1,0,0,0,1,1,1,1,1,1
175.jpg,1541,446,146,145,2,1,1,0,0,0,0,1,1,1,1,1,1
175.jpg,1461,470,78,143,0,0,0,0,0,0,0,1,1,1,1,1,1
175.jpg,1686,432,107,125,1,1,0,0,0,0,0,1,1,1,1,1,1
175.jpg,1603,541,161,117,3,1,1,1,0,0,0,1,1,1,1,1,1
20.jpg,74,10,298,264,6,1,1,1,1,1,1,1,1,1,1,1,1
20.jpg,144,275,357,311,6,1,1,1,1,1,1,1,1,1,1,1,1
20.jpg,268,593,238,141,1,1,0,0,0,0,0,1,1,1,1,1,1
20.jpg,324,747,260,183,0,0,0,0,0,0,0,1,1,1,1,1,1
20.jpg,487,911,206,199,0,0,0,0,0,0,0,1,1,1,1,1,1
20.jpg,679,997,165,203,1,1,0,0,0,0,0,1,1,1,1,1,1
20.jpg,839,1025,157,192,1,1,0,0,0,0,0,1,1,1,1,1,1
20.jpg,996,1013,168,180,1,1,0,0,0,0,0,1,1,1,1,1,1
20.jpg,1158,968,180,195,1,1,0,0,0,0,0,1,1,1,1,1,1
20.jpg,1288,843,204,218,1,1,0,0,0,0,0,1,1,1,1,1,1
20.jpg,1390,664,259,224,0,0,0,0,0,0,0,1,1,1,1,1,1
20.jpg,1446,462,272,222,1,1,0,0,0,0,0,1,1,1,1,1,1
20.jpg,1461,166,345,305,6,1,1,1,1,1,1,1,1,1,1,1,1
20.jpg,1491,10,324,156,6,1,1,1,1,1,1,1,1,1,1,1,1
163.jpg,803,500,103,206,1,1,0,0,0,0,0,1,1,1,1,1,1
163.jpg,894,467,92,234,1,1,0,0,0,0,0,1,1,1,1,1,1
163.jpg,978,486,130,216,0,0,0,0,0,0,0,1,1,1,1,1,1
163.jpg,949,682,69,93,0,0,0,0,0,0,0,1,1,1,1,1,1
241.jpg,171,971,267,256,1,1,0,0,0,0,0,1,1,1,1,1,1
241.jpg,240,741,277,302,1,1,0,0,0,0,0,1,1,1,1,1,1
241.jpg,340,593,243,198,1,1,0,0,0,0,0,1,1,1,1,1,1
241.jpg,407,418,239,200,0,0,0,0,0,0,0,1,1,1,1,1,1
241.jpg,536,254,155,194,0,0,0,0,0,0,0,1,1,1,1,1,1
241.jpg,671,183,195,163,0,0,0,0,0,0,0,1,1,1,1,1,1
241.jpg,834,116,217,181,0,0,0,0,0,0,0,1,1,1,1,1,1
241.jpg,1062,111,209,186,0,0,0,0,0,0,0,1,1,1,1,1,1
241.jpg,1223,201,184,161,0,0,0,0,0,0,0,1,1,1,1,1,1
241.jpg,1361,303,166,189,0,0,0,0,0,0,0,1,1,1,1,1,1
241.jpg,1371,478,250,202,0,0,0,0,0,0,0,1,1,1,1,1,1
241.jpg,1432,659,246,181,1,1,0,0,0,0,0,1,1,1,1,1,1
241.jpg,1421,828,284,276,1,1,0,0,0,0,0,1,1,1,1,1,1
241.jpg,1542,1040,251,224,1,1,0,0,0,0,0,1,1,1,1,1,1
4.jpg,45,23,222,224,0,0,0,0,0,0,0,1,1,1,1,1,1
4.jpg,117,213,331,294,1,1,0,0,0,0,0,1,1,1,1,1,1
4.jpg,204,497,301,180,1,1,0,0,0,0,0,1,1,1,1,1,1
4.jpg,308,670,288,197,1,1,0,0,0,0,0,1,1,1,1,1,1
4.jpg,424,860,247,217,1,1,0,0,0,0,0,1,1,1,1,1,1
4.jpg,600,980,218,224,0,0,0,0,0,0,0,1,1,1,1,1,1
4.jpg,812,1010,250,257,1,1,0,0,0,0,0,1,1,1,1,1,1
4.jpg,1062,980,245,246,0,0,0,0,0,0,0,1,1,1,1,1,1
4.jpg,1273,908,207,217,0,0,0,0,0,0,0,1,1,1,1,1,1
4.jpg,1397,765,237,227,0,0,0,0,0,0,0,1,1,1,1,1,1
4.jpg,1423,565,295,211,1,1,0,0,0,0,0,1,1,1,1,1,1
4.jpg,1461,380,279,180,1,1,0,0,0,0,0,1,1,1,1,1,1
4.jpg,1434,80,340,299,2,1,1,0,0,0,0,1,1,1,1,1,1
278.jpg,181,29,317,302,2,1,1,0,0,0,0,1,1,1,1,1,1
278.jpg,267,315,298,281,2,1,1,0,0,0,0,1,1,1,1,1,1
278.jpg,296,591,264,232,1,1,0,0,0,0,0,1,1,1,1,1,1
278.jpg,374,800,226,214,1,1,0,0,0,0,0,1,1,1,1,1,1
278.jpg,486,978,192,182,0,0,0,0,0,0,0,1,1,1,1,1,1
278.jpg,649,996,191,151,0,0,0,0,0,0,0,1,1,1,1,1,1
278.jpg,755,1066,192,133,0,0,0,0,0,0,0,1,1,1,1,1,1
278.jpg,905,1028,169,158,0,0,0,0,0,0,0,1,1,1,1,1,1
278.jpg,1035,988,204,159,0,0,0,0,0,0,0,1,1,1,1,1,1
278.jpg,1209,991,201,186,0,0,0,0,0,0,0,1,1,1,1,1,1
278.jpg,1353,843,234,246,1,1,0,0,0,0,0,1,1,1,1,1,1
278.jpg,1399,663,284,228,1,1,0,0,0,0,0,1,1,1,1,1,1
278.jpg,1450,383,320,331,2,1,1,0,0,0,0,1,1,1,1,1,1
278.jpg,1560,99,302,348,2,1,1,0,0,0,0,1,1,1,1,1,1
254.jpg,306,393,292,285,3,1,1,1,0,0,0,1,1,1,1,1,1
254.jpg,236,140,309,271,2,1,1,0,0,0,0,1,1,1,1,1,1
254.jpg,412,640,215,203,1,1,0,0,0,0,0,1,1,1,1,1,1
254.jpg,460,818,196,200,0,0,0,0,0,0,0,1,1,1,1,1,1
254.jpg,607,879,186,163,0,0,0,0,0,0,0,1,1,1,1,1,1
254.jpg,685,1002,175,114,0,0,0,0,0,0,0,1,1,1,1,1,1
254.jpg,802,1080,148,85,0,0,0,0,0,0,0,1,1,1,1,1,1
254.jpg,951,1061,144,100,0,0,0,0,0,0,0,1,1,1,1,1,1
254.jpg,1093,1039,158,119,0,0,0,0,0,0,0,1,1,1,1,1,1
254.jpg,1165,902,190,197,0,0,0,0,0,0,0,1,1,1,1,1,1
254.jpg,1300,846,206,207,0,0,0,0,0,0,0,1,1,1,1,1,1
254.jpg,1369,669,220,213,0,0,0,0,0,0,0,1,1,1,1,1,1
254.jpg,1393,435,311,279,2,1,1,0,0,0,0,1,1,1,1,1,1
254.jpg,1469,182,299,282,2,1,1,0,0,0,0,1,1,1,1,1,1
222.jpg,74,385,79,277,3,1,1,1,0,0,0,1,1,1,1,1,1
222.jpg,136,407,93,251,3,1,1,1,0,0,0,1,1,1,1,1,1
222.jpg,220,361,110,269,2,1,1,0,0,0,0,1,1,1,1,1,1
222.jpg,300,375,176,255,1,1,0,0,0,0,0,1,1,1,1,1,1
222.jpg,435,375,241,297,1,1,0,0,0,0,0,1,1,1,1,1,1
222.jpg,681,365,267,305,2,1,1,0,0,0,0,1,1,1,1,1,1
222.jpg,944,390,204,264,2,1,1,0,0,0,0,1,1,1,1,1,1
222.jpg,1141,368,230,304,2,1,1,0,0,0,0,1,1,1,1,1,1
222.jpg,1361,400,161,300,3,1,1,1,0,0,0,1,1,1,1,1,1
222.jpg,1517,403,133,261,3,1,1,1,0,0,0,1,1,1,1,1,1
222.jpg,1651,390,102,232,2,1,1,0,0,0,0,1,1,1,1,1,1
222.jpg,149,671,82,268,1,1,0,0,0,0,0,1,1,1,1,1,1
222.jpg,213,634,90,230,1,1,0,0,0,0,0,1,1,1,1,1,1
222.jpg,283,615,118,314,1,1,0,0,0,0,0,1,1,1,1,1,1
222.jpg,379,619,158,287,2,1,1,0,0,0,0,1,1,1,1,1,1
222.jpg,537,645,133,227,2,1,1,0,0,0,0,1,1,1,1,1,1
222.jpg,658,641,149,277,2,1,1,0,0,0,0,1,1,1,1,1,1
222.jpg,806,652,146,255,2,1,1,0,0,0,0,1,1,1,1,1,1
222.jpg,960,628,186,328,2,1,1,0,0,0,0,1,1,1,1,1,1
222.jpg,1130,631,179,282,2,1,1,0,0,0,0,1,1,1,1,1,1
222.jpg,1298,668,173,265,3,1,1,1,0,0,0,1,1,1,1,1,1
222.jpg,1474,632,207,242,2,1,1,0,0,0,0,1,1,1,1,1,1
222.jpg,1678,551,152,214,2,1,1,0,0,0,0,1,1,1,1,1,1
152.jpg,135,475,206,140,0,0,0,0,0,0,0,1,1,1,1,1,1
152.jpg,344,459,211,221,0,0,0,0,0,0,0,1,1,1,1,1,1
152.jpg,517,577,100,132,0,0,0,0,0,0,0,1,1,1,1,1,1
152.jpg,394,655,197,137,0,0,0,0,0,0,0,1,1,1,1,1,1
152.jpg,588,689,107,93,0,0,0,0,0,0,0,1,1,1,1,1,1
152.jpg,569,529,166,221,0,0,0,0,0,0,0,1,1,1,1,1,1
152.jpg,687,495,254,270,0,0,0,0,0,0,0,1,1,1,1,1,1
152.jpg,686,716,170,167,0,0,0,0,0,0,0,1,1,1,1,1,1
152.jpg,872,688,180,215,0,0,0,0,0,0,0,1,1,1,1,1,1
152.jpg,949,498,245,262,0,0,0,0,0,0,0,1,1,1,1,1,1
152.jpg,1070,634,215,286,0,0,0,0,0,0,0,1,1,1,1,1,1
152.jpg,1221,428,318,324,0,0,0,0,0,0,0,1,1,1,1,1,1
152.jpg,1285,720,200,140,0,0,0,0,0,0,0,1,1,1,1,1,1
152.jpg,1511,635,174,252,0,0,0,0,0,0,0,1,1,1,1,1,1
152.jpg,1554,415,324,336,0,0,0,0,0,0,0,1,1,1,1,1,1
152.jpg,1698,710,164,185,0,0,0,0,0,0,0,1,1,1,1,1,1
152.jpg,1882,547,117,221,0,0,0,0,0,0,0,1,1,1,1,1,1
152.jpg,1864,720,135,137,0,0,0,0,0,0,0,1,1,1,1,1,1
120.jpg,440,344,249,184,4,1,1,1,1,0,0,1,1,1,1,1,1
120.jpg,485,511,240,156,4,1,1,1,1,0,0,1,1,1,1,1,1
120.jpg,537,606,185,146,4,1,1,1,1,0,0,1,1,1,1,1,1
120.jpg,583,682,167,180,2,1,1,0,0,0,0,1,1,1,1,1,1
120.jpg,662,759,97,170,2,1,1,0,0,0,0,1,1,1,1,1,1
120.jpg,749,795,139,170,1,1,0,0,0,0,0,1,1,1,1,1,1
120.jpg,859,840,120,142,0,0,0,0,0,0,0,1,1,1,1,1,1
120.jpg,977,853,114,128,0,0,0,0,0,0,0,1,1,1,1,1,1
120.jpg,1076,805,133,184,0,0,0,0,0,0,0,1,1,1,1,1,1
120.jpg,1181,859,144,161,0,0,0,0,0,0,0,1,1,1,1,1,1
120.jpg,1279,776,148,179,0,0,0,0,0,0,0,1,1,1,1,1,1
120.jpg,1319,701,191,150,1,1,0,0,0,0,0,1,1,1,1,1,1
120.jpg,1366,571,237,193,2,1,1,0,0,0,0,1,1,1,1,1,1
120.jpg,1491,451,225,198,3,1,1,1,0,0,0,1,1,1,1,1,1
120.jpg,672,164,109,132,2,1,1,0,0,0,0,1,1,1,1,1,1
120.jpg,606,173,71,80,0,0,0,0,0,0,0,1,1,1,1,1,1
120.jpg,767,172,116,151,1,1,0,0,0,0,0,1,1,1,1,1,1
120.jpg,881,154,120,167,1,1,0,0,0,0,0,1,1,1,1,1,1
120.jpg,1003,164,113,179,1,1,0,0,0,0,0,1,1,1,1,1,1
120.jpg,1108,176,129,163,1,1,0,0,0,0,0,1,1,1,1,1,1
120.jpg,1222,185,108,137,1,1,0,0,0,0,0,1,1,1,1,1,1
120.jpg,1320,198,118,120,1,1,0,0,0,0,0,1,1,1,1,1,1
120.jpg,1428,209,97,95,1,1,0,0,0,0,0,1,1,1,1,1,1
120.jpg,1514,222,90,79,1,1,0,0,0,0,0,1,1,1,1,1,1
120.jpg,1596,245,98,61,1,1,0,0,0,0,0,1,1,1,1,1,1
65.jpg,734,501,149,229,1,1,0,0,0,0,0,1,1,1,1,1,1
65.jpg,884,504,107,200,0,0,0,0,0,0,0,1,1,1,1,1,1
65.jpg,962,488,62,226,0,0,0,0,0,0,0,1,1,1,1,1,1
65.jpg,1000,467,73,204,0,0,0,0,0,0,0,1,1,1,1,1,1
65.jpg,777,713,68,128,1,1,0,0,0,0,0,1,1,1,1,1,1
22.jpg,82,506,250,218,2,1,1,0,0,0,0,1,1,1,1,1,1
22.jpg,323,480,289,196,1,1,0,0,0,0,0,1,1,1,1,1,1
22.jpg,350,667,275,211,1,1,0,0,0,0,0,1,1,1,1,1,1
22.jpg,626,665,272,273,3,1,1,1,0,0,0,1,1,1,1,1,1
22.jpg,620,392,368,292,0,0,0,0,0,0,0,1,1,1,1,1,1
22.jpg,914,680,286,301,0,0,0,0,0,0,0,1,1,1,1,1,1
22.jpg,982,352,400,280,0,0,0,0,0,0,0,1,1,1,1,1,1
22.jpg,1211,624,247,347,0,0,0,0,0,0,0,1,1,1,1,1,1
22.jpg,1382,323,333,276,0,0,0,0,0,0,0,1,1,1,1,1,1
22.jpg,1462,603,218,325,0,0,0,0,0,0,0,1,1,1,1,1,1
22.jpg,1714,310,231,299,1,1,0,0,0,0,0,1,1,1,1,1,1
22.jpg,1679,610,148,302,1,1,0,0,0,0,0,1,1,1,1,1,1
54.jpg,341,477,64,171,1,1,0,0,0,0,0,1,1,1,1,1,1
54.jpg,391,473,90,190,1,1,0,0,0,0,0,1,1,1,1,1,1
54.jpg,476,439,118,207,1,1,0,0,0,0,0,1,1,1,1,1,1
54.jpg,584,422,169,230,1,1,0,0,0,0,0,1,1,1,1,1,1
54.jpg,757,402,211,243,0,0,0,0,0,0,0,1,1,1,1,1,1
54.jpg,970,426,211,238,0,0,0,0,0,0,0,1,1,1,1,1,1
54.jpg,1186,421,155,225,1,1,0,0,0,0,0,1,1,1,1,1,1
54.jpg,1332,422,132,224,1,1,0,0,0,0,0,1,1,1,1,1,1
54.jpg,1455,436,98,189,1,1,0,0,0,0,0,1,1,1,1,1,1
54.jpg,567,623,127,196,1,1,0,0,0,0,0,1,1,1,1,1,1
54.jpg,445,644,117,158,1,1,0,0,0,0,0,1,1,1,1,1,1
54.jpg,361,645,81,146,0,0,0,0,0,0,0,1,1,1,1,1,1
54.jpg,677,620,156,211,0,0,0,0,0,0,0,1,1,1,1,1,1
54.jpg,832,639,137,182,0,0,0,0,0,0,0,1,1,1,1,1,1
54.jpg,972,651,95,104,1,1,0,0,0,0,0,1,1,1,1,1,1
54.jpg,1069,620,159,203,0,0,0,0,0,0,0,1,1,1,1,1,1
54.jpg,1216,610,140,203,0,0,0,0,0,0,0,1,1,1,1,1,1
54.jpg,1351,616,101,135,0,0,0,0,0,0,0,1,1,1,1,1,1
180.jpg,715,435,200,254,1,1,0,0,0,0,0,1,1,1,1,1,1
180.jpg,913,430,202,245,0,0,0,0,0,0,0,1,1,1,1,1,1
180.jpg,1105,398,140,282,1,1,0,0,0,0,0,1,1,1,1,1,1
180.jpg,1215,447,66,202,0,0,0,0,0,0,0,1,1,1,1,1,1
180.jpg,835,621,181,228,1,1,0,0,0,0,0,1,1,1,1,1,1
180.jpg,1002,669,81,132,0,0,0,0,0,0,0,1,1,1,1,1,1
225.jpg,313,332,229,326,1,1,0,0,0,0,0,1,1,1,1,1,1
225.jpg,536,394,227,267,0,0,0,0,0,0,0,1,1,1,1,1,1
225.jpg,770,325,275,337,0,0,0,0,0,0,0,1,1,1,1,1,1
225.jpg,1047,305,287,357,0,0,0,0,0,0,0,1,1,1,1,1,1
225.jpg,1329,325,227,293,0,0,0,0,0,0,0,1,1,1,1,1,1
225.jpg,1562,285,190,315,0,0,0,0,0,0,0,1,1,1,1,1,1
225.jpg,1714,340,152,261,0,0,0,0,0,0,0,1,1,1,1,1,1
225.jpg,445,606,232,291,0,0,0,0,0,0,0,1,1,1,1,1,1
225.jpg,323,624,175,224,1,1,0,0,0,0,0,1,1,1,1,1,1
225.jpg,248,611,104,183,1,1,0,0,0,0,0,1,1,1,1,1,1
225.jpg,215,375,129,253,1,1,0,0,0,0,0,1,1,1,1,1,1
225.jpg,639,648,189,138,1,1,0,0,0,0,0,1,1,1,1,1,1
225.jpg,844,655,165,86,0,0,0,0,0,0,0,1,1,1,1,1,1
225.jpg,1016,618,172,179,0,0,0,0,0,0,0,1,1,1,1,1,1
225.jpg,1190,590,217,196,0,0,0,0,0,0,0,1,1,1,1,1,1
225.jpg,1391,583,211,306,1,1,0,0,0,0,0,1,1,1,1,1,1
225.jpg,1602,585,158,292,0,0,0,0,0,0,0,1,1,1,1,1,1
112.jpg,146,1003,325,266,5,1,1,1,1,1,0,1,1,1,1,1,1
112.jpg,180,740,314,295,5,1,1,1,1,1,0,1,1,1,1,1,1
112.jpg,264,568,260,191,4,1,1,1,1,0,0,1,1,1,1,1,1
112.jpg,346,391,254,185,3,1,1,1,0,0,0,1,1,1,1,1,1
112.jpg,465,203,182,201,1,1,0,0,0,0,0,1,1,1,1,1,1
112.jpg,630,115,158,166,1,1,0,0,0,0,0,1,1,1,1,1,1
112.jpg,778,69,229,159,1,1,0,0,0,0,0,1,1,1,1,1,1
112.jpg,1010,49,238,188,1,1,0,0,0,0,0,1,1,1,1,1,1
112.jpg,1238,122,159,175,1,1,0,0,0,0,0,1,1,1,1,1,1
112.jpg,1371,213,175,211,1,1,0,0,0,0,0,1,1,1,1,1,1
112.jpg,1415,400,266,209,3,1,1,1,0,0,0,1,1,1,1,1,1
112.jpg,1469,609,267,172,3,1,1,1,0,0,0,1,1,1,1,1,1
112.jpg,1485,766,313,290,4,1,1,1,1,0,0,1,1,1,1,1,1
112.jpg,1506,1050,304,235,4,1,1,1,1,0,0,1,1,1,1,1,1
173.jpg,235,446,121,243,1,1,0,0,0,0,0,1,1,1,1,1,1
173.jpg,312,382,226,272,0,0,0,0,0,0,0,1,1,1,1,1,1
173.jpg,535,430,217,230,0,0,0,0,0,0,0,1,1,1,1,1,1
173.jpg,729,360,255,292,0,0,0,0,0,0,0,1,1,1,1,1,1
173.jpg,984,384,247,286,0,0,0,0,0,0,0,1,1,1,1,1,1
173.jpg,1238,361,226,258,0,0,0,0,0,0,0,1,1,1,1,1,1
173.jpg,1442,350,198,275,0,0,0,0,0,0,0,1,1,1,1,1,1
173.jpg,1613,398,111,221,0,0,0,0,0,0,0,1,1,1,1,1,1
173.jpg,1709,453,104,132,0,0,0,0,0,0,0,1,1,1,1,1,1
173.jpg,1803,447,66,101,0,0,0,0,0,0,0,1,1,1,1,1,1
173.jpg,531,614,163,166,0,0,0,0,0,0,0,1,1,1,1,1,1
173.jpg,284,647,187,89,0,0,0,0,0,0,0,1,1,1,1,1,1
173.jpg,731,625,149,70,0,0,0,0,0,0,0,1,1,1,1,1,1
173.jpg,1236,597,150,117,0,0,0,0,0,0,0,1,1,1,1,1,1
173.jpg,1403,594,168,188,1,1,0,0,0,0,0,1,1,1,1,1,1
173.jpg,1557,594,108,185,0,0,0,0,0,0,0,1,1,1,1,1,1
173.jpg,1644,598,124,158,3,1,1,1,0,0,0,1,1,1,1,1,1
245.jpg,7,414,186,287,0,0,0,0,0,0,0,1,1,1,1,1,1
245.jpg,3,673,168,330,1,1,0,0,0,0,0,1,1,1,1,1,1
245.jpg,142,674,198,247,1,1,0,0,0,0,0,1,1,1,1,1,1
245.jpg,174,353,314,360,0,0,0,0,0,0,0,1,1,1,1,1,1
245.jpg,490,354,332,357,0,0,0,0,0,0,0,1,1,1,1,1,1
245.jpg,812,378,262,289,0,0,0,0,0,0,0,1,1,1,1,1,1
245.jpg,1071,365,225,314,1,1,0,0,0,0,0,1,1,1,1,1,1
245.jpg,1291,421,195,267,0,0,0,0,0,0,0,1,1,1,1,1,1
245.jpg,1477,429,191,191,1,1,0,0,0,0,0,1,1,1,1,1,1
245.jpg,1451,612,205,150,0,0,0,0,0,0,0,1,1,1,1,1,1
245.jpg,1308,658,188,169,0,0,0,0,0,0,0,1,1,1,1,1,1
245.jpg,1114,630,219,246,0,0,0,0,0,0,0,1,1,1,1,1,1
245.jpg,934,610,240,338,0,0,0,0,0,0,0,1,1,1,1,1,1
245.jpg,733,642,196,253,0,0,0,0,0,0,0,1,1,1,1,1,1
245.jpg,519,698,203,250,0,0,0,0,0,0,0,1,1,1,1,1,1
245.jpg,314,658,211,282,0,0,0,0,0,0,0,1,1,1,1,1,1
162.jpg,423,518,91,160,1,1,0,0,0,0,0,1,1,1,1,1,1
162.jpg,482,504,81,176,1,1,0,0,0,0,0,1,1,1,1,1,1
162.jpg,526,452,147,216,2,1,1,0,0,0,0,1,1,1,1,1,1
162.jpg,670,439,159,240,2,1,1,0,0,0,0,1,1,1,1,1,1
162.jpg,822,456,201,221,0,0,0,0,0,0,0,1,1,1,1,1,1
162.jpg,1032,479,191,210,0,0,0,0,0,0,0,1,1,1,1,1,1
162.jpg,1226,471,153,197,0,0,0,0,0,0,0,1,1,1,1,1,1
162.jpg,1384,439,117,203,0,0,0,0,0,0,0,1,1,1,1,1,1
162.jpg,1480,501,71,162,0,0,0,0,0,0,0,1,1,1,1,1,1
162.jpg,1544,518,52,128,0,0,0,0,0,0,0,1,1,1,1,1,1
162.jpg,639,638,149,179,1,1,0,0,0,0,0,1,1,1,1,1,1
162.jpg,555,668,91,130,1,1,0,0,0,0,0,1,1,1,1,1,1
162.jpg,482,678,66,113,1,1,0,0,0,0,0,1,1,1,1,1,1
162.jpg,793,655,116,128,1,1,0,0,0,0,0,1,1,1,1,1,1
162.jpg,906,669,123,114,0,0,0,0,0,0,0,1,1,1,1,1,1
162.jpg,1036,682,108,80,0,0,0,0,0,0,0,1,1,1,1,1,1
162.jpg,1159,650,117,113,0,0,0,0,0,0,0,1,1,1,1,1,1
162.jpg,1284,616,127,216,1,1,0,0,0,0,0,1,1,1,1,1,1
162.jpg,1406,662,155,185,0,0,0,0,0,0,0,1,1,1,1,1,1
211.jpg,176,980,256,251,1,1,0,0,0,0,0,1,1,1,1,1,1
211.jpg,242,747,264,293,1,1,0,0,0,0,0,1,1,1,1,1,1
211.jpg,340,595,247,199,1,1,0,0,0,0,0,1,1,1,1,1,1
211.jpg,413,419,239,203,0,0,0,0,0,0,0,1,1,1,1,1,1
211.jpg,535,261,160,181,0,0,0,0,0,0,0,1,1,1,1,1,1
211.jpg,669,187,194,157,0,0,0,0,0,0,0,1,1,1,1,1,1
211.jpg,837,115,216,180,0,0,0,0,0,0,0,1,1,1,1,1,1
211.jpg,1057,103,214,201,0,0,0,0,0,0,0,1,1,1,1,1,1
211.jpg,1223,196,180,170,0,0,0,0,0,0,0,1,1,1,1,1,1
211.jpg,1354,299,178,202,0,0,0,0,0,0,0,1,1,1,1,1,1
211.jpg,1373,479,249,199,0,0,0,0,0,0,0,1,1,1,1,1,1
211.jpg,1435,655,248,184,1,1,0,0,0,0,0,1,1,1,1,1,1
211.jpg,1422,839,284,263,1,1,0,0,0,0,0,1,1,1,1,1,1
211.jpg,1525,1033,261,234,1,1,0,0,0,0,0,1,1,1,1,1,1
280.jpg,553,467,166,214,1,1,0,0,0,0,0,1,1,1,1,1,1
280.jpg,726,411,213,250,1,1,0,0,0,0,0,1,1,1,1,1,1
280.jpg,935,444,126,234,0,0,0,0,0,0,0,1,1,1,1,1,1
280.jpg,1047,419,123,281,1,1,0,0,0,0,0,1,1,1,1,1,1
280.jpg,1145,443,90,238,0,0,0,0,0,0,0,1,1,1,1,1,1
280.jpg,619,606,185,235,0,0,0,0,0,0,0,1,1,1,1,1,1
280.jpg,742,601,198,148,1,1,0,0,0,0,0,1,1,1,1,1,1
107.jpg,620,704,149,192,3,1,1,1,0,0,0,1,1,1,1,1,1
107.jpg,647,514,189,202,3,1,1,1,0,0,0,1,1,1,1,1,1
107.jpg,738,395,169,151,2,1,1,0,0,0,0,1,1,1,1,1,1
107.jpg,803,276,143,132,3,1,1,1,0,0,0,1,1,1,1,1,1
107.jpg,896,220,126,117,2,1,1,0,0,0,0,1,1,1,1,1,1
107.jpg,997,172,113,116,4,1,1,1,1,0,0,1,1,1,1,1,1
107.jpg,1106,165,100,100,3,1,1,1,0,0,0,1,1,1,1,1,1
107.jpg,1218,175,91,108,2,1,1,0,0,0,0,1,1,1,1,1,1
107.jpg,1312,220,90,114,3,1,1,1,0,0,0,1,1,1,1,1,1
107.jpg,1390,273,103,113,2,1,1,0,0,0,0,1,1,1,1,1,1
107.jpg,1377,378,171,124,2,1,1,0,0,0,0,1,1,1,1,1,1
107.jpg,1358,486,162,135,2,1,1,0,0,0,0,1,1,1,1,1,1
107.jpg,1431,585,200,204,3,1,1,1,0,0,0,1,1,1,1,1,1
107.jpg,1541,795,137,125,2,1,1,0,0,0,0,1,1,1,1,1,1
107.jpg,629,966,139,107,2,1,1,0,0,0,0,1,1,1,1,1,1
107.jpg,716,1027,88,95,1,1,0,0,0,0,0,1,1,1,1,1,1
107.jpg,758,1055,95,114,1,1,0,0,0,0,0,1,1,1,1,1,1
107.jpg,852,1032,105,155,1,1,0,0,0,0,0,1,1,1,1,1,1
107.jpg,958,1042,116,146,1,1,0,0,0,0,0,1,1,1,1,1,1
107.jpg,1078,1041,119,131,0,0,0,0,0,0,0,1,1,1,1,1,1
107.jpg,1199,1034,111,132,0,0,0,0,0,0,0,1,1,1,1,1,1
107.jpg,1312,1024,90,138,0,0,0,0,0,0,0,1,1,1,1,1,1
107.jpg,1406,1051,84,122,1,1,0,0,0,0,0,1,1,1,1,1,1
107.jpg,1476,988,176,148,2,1,1,0,0,0,0,1,1,1,1,1,1
107.jpg,1558,918,124,110,1,1,0,0,0,0,0,1,1,1,1,1,1
49.jpg,603,462,220,269,1,1,0,0,0,0,0,1,1,1,1,1,1
49.jpg,823,403,175,238,1,1,0,0,0,0,0,1,1,1,1,1,1
49.jpg,605,669,118,266,1,1,0,0,0,0,0,1,1,1,1,1,1
49.jpg,722,715,65,161,1,1,0,0,0,0,0,1,1,1,1,1,1
49.jpg,784,707,56,195,0,0,0,0,0,0,0,1,1,1,1,1,1
49.jpg,953,412,124,309,0,0,0,0,0,0,0,1,1,1,1,1,1
223.jpg,86,932,281,268,3,1,1,1,0,0,0,1,1,1,1,1,1
223.jpg,142,739,326,289,3,1,1,1,0,0,0,1,1,1,1,1,1
223.jpg,182,577,264,189,3,1,1,1,0,0,0,1,1,1,1,1,1
223.jpg,269,422,266,220,3,1,1,1,0,0,0,1,1,1,1,1,1
223.jpg,379,260,234,203,4,1,1,1,1,0,0,1,1,1,1,1,1
223.jpg,576,206,195,139,5,1,1,1,1,1,0,1,1,1,1,1,1
223.jpg,755,140,259,176,5,1,1,1,1,1,0,1,1,1,1,1,1
223.jpg,1022,137,251,188,5,1,1,1,1,1,0,1,1,1,1,1,1
223.jpg,1255,195,183,150,5,1,1,1,1,1,0,1,1,1,1,1,1
223.jpg,1355,275,225,217,5,1,1,1,1,1,0,1,1,1,1,1,1
223.jpg,1446,441,269,225,3,1,1,1,0,0,0,1,1,1,1,1,1
223.jpg,1569,591,262,213,3,1,1,1,0,0,0,1,1,1,1,1,1
223.jpg,1554,754,344,316,3,1,1,1,0,0,0,1,1,1,1,1,1
223.jpg,1668,964,288,277,2,1,1,0,0,0,0,1,1,1,1,1,1
166.jpg,435,870,278,207,6,1,1,1,1,1,1,1,1,1,1,1,1
166.jpg,571,1093,150,135,0,0,0,0,0,0,0,1,1,1,1,1,1
166.jpg,723,1045,179,158,0,0,0,0,0,0,0,1,1,1,1,1,1
166.jpg,901,1028,226,168,0,0,0,0,0,0,0,1,1,1,1,1,1
166.jpg,1133,1038,233,159,0,0,0,0,0,0,0,1,1,1,1,1,1
166.jpg,1367,1052,173,134,0,0,0,0,0,0,0,1,1,1,1,1,1
166.jpg,1544,1072,134,131,0,0,0,0,0,0,0,1,1,1,1,1,1
166.jpg,500,731,231,170,3,1,1,1,0,0,0,1,1,1,1,1,1
166.jpg,561,613,253,170,1,1,0,0,0,0,0,1,1,1,1,1,1
166.jpg,576,418,176,210,1,1,0,0,0,0,0,1,1,1,1,1,1
166.jpg,723,358,169,175,0,0,0,0,0,0,0,1,1,1,1,1,1
166.jpg,896,326,220,202,0,0,0,0,0,0,0,1,1,1,1,1,1
166.jpg,1112,322,224,195,0,0,0,0,0,0,0,1,1,1,1,1,1
166.jpg,1336,365,169,163,0,0,0,0,0,0,0,1,1,1,1,1,1
166.jpg,1448,414,197,213,0,0,0,0,0,0,0,1,1,1,1,1,1
166.jpg,1445,600,248,168,2,1,1,0,0,0,0,1,1,1,1,1,1
166.jpg,1518,722,231,165,2,1,1,0,0,0,0,1,1,1,1,1,1
166.jpg,1547,826,273,212,4,1,1,1,1,0,0,1,1,1,1,1,1
216.jpg,220,497,132,202,0,0,0,0,0,0,0,1,1,1,1,1,1
216.jpg,347,483,214,261,1,1,0,0,0,0,0,1,1,1,1,1,1
216.jpg,554,479,245,267,0,0,0,0,0,0,0,1,1,1,1,1,1
216.jpg,803,503,208,225,0,0,0,0,0,0,0,1,1,1,1,1,1
216.jpg,1016,493,195,220,0,0,0,0,0,0,0,1,1,1,1,1,1
216.jpg,1216,495,177,203,0,0,0,0,0,0,0,1,1,1,1,1,1
216.jpg,1425,457,285,179,3,1,1,1,0,0,0,1,1,1,1,1,1
216.jpg,1428,628,259,162,4,1,1,1,1,0,0,1,1,1,1,1,1
216.jpg,1307,647,162,170,1,1,0,0,0,0,0,1,1,1,1,1,1
216.jpg,1107,669,204,201,1,1,0,0,0,0,0,1,1,1,1,1,1
216.jpg,916,662,198,214,1,1,0,0,0,0,0,1,1,1,1,1,1
216.jpg,754,669,156,206,1,1,0,0,0,0,0,1,1,1,1,1,1
216.jpg,599,734,135,132,0,0,0,0,0,0,0,1,1,1,1,1,1
216.jpg,477,716,113,158,0,0,0,0,0,0,0,1,1,1,1,1,1
216.jpg,352,707,119,146,1,1,0,0,0,0,0,1,1,1,1,1,1
248.jpg,106,1062,270,217,2,1,1,0,0,0,0,1,1,1,1,1,1
248.jpg,150,846,328,322,3,1,1,1,0,0,0,1,1,1,1,1,1
248.jpg,308,749,273,199,2,1,1,0,0,0,0,1,1,1,1,1,1
248.jpg,260,522,290,241,2,1,1,0,0,0,0,1,1,1,1,1,1
248.jpg,403,329,223,254,0,0,0,0,0,0,0,1,1,1,1,1,1
248.jpg,569,248,236,201,0,0,0,0,0,0,0,1,1,1,1,1,1
248.jpg,760,166,263,210,0,0,0,0,0,0,0,1,1,1,1,1,1
248.jpg,1032,170,269,211,0,0,0,0,0,0,0,1,1,1,1,1,1
248.jpg,1226,295,233,200,0,0,0,0,0,0,0,1,1,1,1,1,1
248.jpg,1384,407,237,251,0,0,0,0,0,0,0,1,1,1,1,1,1
248.jpg,1441,625,287,238,0,0,0,0,0,0,0,1,1,1,1,1,1
248.jpg,1375,836,289,201,0,0,0,0,0,0,0,1,1,1,1,1,1
248.jpg,1491,947,315,316,2,1,1,0,0,0,0,1,1,1,1,1,1
56.jpg,164,142,230,190,2,1,1,0,0,0,0,1,1,1,1,1,1
56.jpg,189,302,245,219,1,1,0,0,0,0,0,1,1,1,1,1,1
56.jpg,249,497,195,169,2,1,1,0,0,0,0,1,1,1,1,1,1
56.jpg,310,618,195,192,1,1,0,0,0,0,0,1,1,1,1,1,1
56.jpg,387,774,174,185,1,1,0,0,0,0,0,1,1,1,1,1,1
56.jpg,506,881,163,156,1,1,0,0,0,0,0,1,1,1,1,1,1
56.jpg,671,922,182,149,0,0,0,0,0,0,0,1,1,1,1,1,1
56.jpg,855,926,175,138,0,0,0,0,0,0,0,1,1,1,1,1,1
56.jpg,1015,876,166,156,1,1,0,0,0,0,0,1,1,1,1,1,1
56.jpg,1107,758,171,184,1,1,0,0,0,0,0,1,1,1,1,1,1
56.jpg,1151,610,202,193,2,1,1,0,0,0,0,1,1,1,1,1,1
56.jpg,1213,495,182,161,2,1,1,0,0,0,0,1,1,1,1,1,1
56.jpg,1207,306,243,220,2,1,1,0,0,0,0,1,1,1,1,1,1
56.jpg,1261,146,227,210,3,1,1,1,0,0,0,1,1,1,1,1,1
23.jpg,1299,491,256,190,3,1,1,1,0,0,0,1,1,1,1,1,1
23.jpg,1555,425,266,165,1,1,0,0,0,0,0,1,1,1,1,1,1
23.jpg,1605,565,297,153,0,0,0,0,0,0,0,1,1,1,1,1,1
23.jpg,1327,676,282,146,3,1,1,1,0,0,0,1,1,1,1,1,1
23.jpg,1094,648,257,203,3,1,1,1,0,0,0,1,1,1,1,1,1
23.jpg,985,370,333,291,0,0,0,0,0,0,0,1,1,1,1,1,1
23.jpg,808,632,279,323,0,0,0,0,0,0,0,1,1,1,1,1,1
23.jpg,587,351,390,282,0,0,0,0,0,0,0,1,1,1,1,1,1
23.jpg,541,620,257,326,0,0,0,0,0,0,0,1,1,1,1,1,1
23.jpg,264,336,316,292,0,0,0,0,0,0,0,1,1,1,1,1,1
23.jpg,309,614,233,351,0,0,0,0,0,0,0,1,1,1,1,1,1
23.jpg,181,636,162,288,0,0,0,0,0,0,0,1,1,1,1,1,1
23.jpg,93,354,186,260,0,0,0,0,0,0,0,1,1,1,1,1,1
23.jpg,67,614,127,232,1,1,0,0,0,0,0,1,1,1,1,1,1
23.jpg,58,465,53,130,1,1,0,0,0,0,0,1,1,1,1,1,1
184.jpg,390,113,216,178,3,1,1,1,0,0,0,1,1,1,1,1,1
184.jpg,449,262,235,240,2,1,1,0,0,0,0,1,1,1,1,1,1
184.jpg,519,488,203,156,1,1,0,0,0,0,0,1,1,1,1,1,1
184.jpg,573,637,214,172,2,1,1,0,0,0,0,1,1,1,1,1,1
184.jpg,658,798,161,166,0,0,0,0,0,0,0,1,1,1,1,1,1
184.jpg,767,910,166,172,1,1,0,0,0,0,0,1,1,1,1,1,1
184.jpg,899,988,184,165,0,0,0,0,0,0,0,1,1,1,1,1,1
184.jpg,1085,996,188,163,0,0,0,0,0,0,0,1,1,1,1,1,1
184.jpg,1226,911,152,137,0,0,0,0,0,0,0,1,1,1,1,1,1
184.jpg,1351,818,168,181,0,0,0,0,0,0,0,1,1,1,1,1,1
184.jpg,1390,685,211,166,2,1,1,0,0,0,0,1,1,1,1,1,1
184.jpg,1390,527,208,163,1,1,0,0,0,0,0,1,1,1,1,1,1
184.jpg,1416,286,237,241,3,1,1,1,0,0,0,1,1,1,1,1,1
184.jpg,1481,107,226,235,4,1,1,1,1,0,0,1,1,1,1,1,1
186.jpg,642,442,168,166,0,0,0,0,0,0,0,1,1,1,1,1,1
186.jpg,802,453,171,224,2,1,1,0,0,0,0,1,1,1,1,1,1
186.jpg,968,403,169,308,1,1,0,0,0,0,0,1,1,1,1,1,1
186.jpg,687,579,113,185,0,0,0,0,0,0,0,1,1,1,1,1,1
186.jpg,789,586,66,159,0,0,0,0,0,0,0,1,1,1,1,1,1
252.jpg,242,561,187,195,0,0,0,0,0,0,0,1,1,1,1,1,1
252.jpg,384,553,200,227,0,0,0,0,0,0,0,1,1,1,1,1,1
252.jpg,530,531,230,263,0,0,0,0,0,0,0,1,1,1,1,1,1
252.jpg,734,503,274,373,1,1,0,0,0,0,0,1,1,1,1,1,1
252.jpg,977,448,277,336,0,0,0,0,0,0,0,1,1,1,1,1,1
252.jpg,1230,364,346,375,0,0,0,0,0,0,0,1,1,1,1,1,1
252.jpg,1574,349,334,386,0,0,0,0,0,0,0,1,1,1,1,1,1
252.jpg,649,718,204,244,0,0,0,0,0,0,0,1,1,1,1,1,1
252.jpg,500,738,151,184,0,0,0,0,0,0,0,1,1,1,1,1,1
252.jpg,297,730,205,149,1,1,0,0,0,0,0,1,1,1,1,1,1
87.jpg,235,459,105,238,0,0,0,0,0,0,0,1,1,1,1,1,1
87.jpg,339,493,158,211,0,0,0,0,0,0,0,1,1,1,1,1,1
87.jpg,473,395,226,255,0,0,0,0,0,0,0,1,1,1,1,1,1
87.jpg,694,353,319,361,0,0,0,0,0,0,0,1,1,1,1,1,1
87.jpg,1016,350,319,349,0,0,0,0,0,0,0,1,1,1,1,1,1
87.jpg,1335,406,205,260,0,0,0,0,0,0,0,1,1,1,1,1,1
87.jpg,1547,332,223,303,0,0,0,0,0,0,0,1,1,1,1,1,1
87.jpg,1739,401,163,233,0,0,0,0,0,0,0,1,1,1,1,1,1
87.jpg,320,666,174,189,1,1,0,0,0,0,0,1,1,1,1,1,1
87.jpg,455,639,185,275,1,1,0,0,0,0,0,1,1,1,1,1,1
87.jpg,642,647,205,286,0,0,0,0,0,0,0,1,1,1,1,1,1
87.jpg,849,652,158,244,0,0,0,0,0,0,0,1,1,1,1,1,1
87.jpg,1016,658,220,240,0,0,0,0,0,0,0,1,1,1,1,1,1
87.jpg,1241,598,227,278,0,0,0,0,0,0,0,1,1,1,1,1,1
87.jpg,1455,580,187,295,0,0,0,0,0,0,0,1,1,1,1,1,1
87.jpg,1636,583,177,231,0,0,0,0,0,0,0,1,1,1,1,1,1
259.jpg,52,900,324,308,2,1,1,0,0,0,0,1,1,1,1,1,1
259.jpg,155,738,277,213,2,1,1,0,0,0,0,1,1,1,1,1,1
259.jpg,260,565,258,219,1,1,0,0,0,0,0,1,1,1,1,1,1
259.jpg,391,392,217,219,1,1,0,0,0,0,0,1,1,1,1,1,1
259.jpg,547,299,184,146,1,1,0,0,0,0,0,1,1,1,1,1,1
259.jpg,731,212,252,142,0,0,0,0,0,0,0,1,1,1,1,1,1
259.jpg,1029,210,258,136,0,0,0,0,0,0,0,1,1,1,1,1,1
259.jpg,1270,283,204,140,0,0,0,0,0,0,0,1,1,1,1,1,1
259.jpg,1413,383,213,216,0,0,0,0,0,0,0,1,1,1,1,1,1
259.jpg,1485,545,263,226,1,1,0,0,0,0,0,1,1,1,1,1,1
259.jpg,1587,729,246,194,1,1,0,0,0,0,0,1,1,1,1,1,1
259.jpg,1600,880,306,309,3,1,1,1,0,0,0,1,1,1,1,1,1
52.jpg,162,964,351,326,2,1,1,0,0,0,0,1,1,1,1,1,1
52.jpg,209,754,281,220,1,1,0,0,0,0,0,1,1,1,1,1,1
52.jpg,296,553,265,217,2,1,1,0,0,0,0,1,1,1,1,1,1
52.jpg,384,323,207,249,1,1,0,0,0,0,0,1,1,1,1,1,1
52.jpg,551,200,221,241,1,1,0,0,0,0,0,1,1,1,1,1,1
52.jpg,729,78,269,220,1,1,0,0,0,0,0,1,1,1,1,1,1
52.jpg,1022,33,234,238,1,1,0,0,0,0,0,1,1,1,1,1,1
52.jpg,1203,170,221,204,1,1,0,0,0,0,0,1,1,1,1,1,1
52.jpg,1403,279,219,231,0,0,0,0,0,0,0,1,1,1,1,1,1
52.jpg,1487,501,253,221,1,1,0,0,0,0,0,1,1,1,1,1,1
52.jpg,1539,712,276,213,1,1,0,0,0,0,0,1,1,1,1,1,1
52.jpg,1529,917,339,327,3,1,1,1,0,0,0,1,1,1,1,1,1
118.jpg,7,344,122,169,2,1,1,0,0,0,0,1,1,1,1,1,1
118.jpg,127,394,157,182,2,1,1,0,0,0,0,1,1,1,1,1,1
118.jpg,272,409,200,244,1,1,0,0,0,0,0,1,1,1,1,1,1
118.jpg,460,439,277,268,1,1,0,0,0,0,0,1,1,1,1,1,1
118.jpg,735,442,347,320,0,0,0,0,0,0,0,1,1,1,1,1,1
118.jpg,1127,413,342,344,0,0,0,0,0,0,0,1,1,1,1,1,1
118.jpg,592,699,215,221,0,0,0,0,0,0,0,1,1,1,1,1,1
118.jpg,807,747,237,205,0,0,0,0,0,0,0,1,1,1,1,1,1
118.jpg,1090,673,227,281,0,0,0,0,0,0,0,1,1,1,1,1,1
118.jpg,1332,667,190,229,0,0,0,0,0,0,0,1,1,1,1,1,1
118.jpg,1540,647,190,197,1,1,0,0,0,0,0,1,1,1,1,1,1
118.jpg,1722,537,167,192,1,1,0,0,0,0,0,1,1,1,1,1,1
118.jpg,1705,333,172,266,1,1,0,0,0,0,0,1,1,1,1,1,1
118.jpg,1880,307,120,205,0,0,0,0,0,0,0,1,1,1,1,1,1
118.jpg,1872,502,112,140,0,0,0,0,0,0,0,1,1,1,1,1,1
118.jpg,1462,370,262,299,0,0,0,0,0,0,0,1,1,1,1,1,1
118.jpg,407,641,180,242,1,1,0,0,0,0,0,1,1,1,1,1,1
118.jpg,240,589,165,199,1,1,0,0,0,0,0,1,1,1,1,1,1
118.jpg,135,550,127,127,1,1,0,0,0,0,0,1,1,1,1,1,1
12.jpg,984,405,277,350,2,1,1,0,0,0,0,1,1,1,1,1,1
12.jpg,727,473,253,249,2,1,1,0,0,0,0,1,1,1,1,1,1
12.jpg,520,507,197,174,0,0,0,0,0,0,0,1,1,1,1,1,1
12.jpg,200,494,342,196,0,0,0,0,0,0,0,1,1,1,1,1,1
12.jpg,50,533,148,131,2,1,1,0,0,0,0,1,1,1,1,1,1
12.jpg,20,660,153,162,2,1,1,0,0,0,0,1,1,1,1,1,1
12.jpg,189,689,325,164,2,1,1,0,0,0,0,1,1,1,1,1,1
12.jpg,520,676,224,220,2,1,1,0,0,0,0,1,1,1,1,1,1
12.jpg,756,670,227,184,2,1,1,0,0,0,0,1,1,1,1,1,1
12.jpg,997,648,219,236,2,1,1,0,0,0,0,1,1,1,1,1,1
12.jpg,1285,444,224,332,1,1,0,0,0,0,0,1,1,1,1,1,1
12.jpg,1499,442,230,362,1,1,0,0,0,0,0,1,1,1,1,1,1
12.jpg,1706,434,98,250,0,0,0,0,0,0,0,1,1,1,1,1,1
12.jpg,1806,360,124,294,0,0,0,0,0,0,0,1,1,1,1,1,1
12.jpg,1788,632,106,177,0,0,0,0,0,0,0,1,1,1,1,1,1
160.jpg,154,946,331,330,2,1,1,0,0,0,0,1,1,1,1,1,1
160.jpg,218,757,279,205,1,1,0,0,0,0,0,1,1,1,1,1,1
160.jpg,299,548,269,225,0,0,0,0,0,0,0,1,1,1,1,1,1
160.jpg,413,340,207,232,0,0,0,0,0,0,0,1,1,1,1,1,1
160.jpg,576,231,213,210,0,0,0,0,0,0,0,1,1,1,1,1,1
160.jpg,775,166,247,222,0,0,0,0,0,0,0,1,1,1,1,1,1
160.jpg,1026,166,248,236,0,0,0,0,0,0,0,1,1,1,1,1,1
160.jpg,1231,247,228,245,0,0,0,0,0,0,0,1,1,1,1,1,1
160.jpg,1397,393,209,229,0,0,0,0,0,0,0,1,1,1,1,1,1
160.jpg,1439,590,272,229,1,1,0,0,0,0,0,1,1,1,1,1,1
160.jpg,1495,812,277,197,1,1,0,0,0,0,0,1,1,1,1,1,1
160.jpg,1519,994,319,269,1,1,0,0,0,0,0,1,1,1,1,1,1
96.jpg,316,435,219,244,1,1,0,0,0,0,0,1,1,1,1,1,1
96.jpg,540,501,197,239,1,1,0,0,0,0,0,1,1,1,1,1,1
96.jpg,711,450,277,300,1,1,0,0,0,0,0,1,1,1,1,1,1
96.jpg,994,450,284,291,1,1,0,0,0,0,0,1,1,1,1,1,1
96.jpg,1276,461,190,248,0,0,0,0,0,0,0,1,1,1,1,1,1
96.jpg,1467,445,141,232,1,1,0,0,0,0,0,1,1,1,1,1,1
96.jpg,1618,438,135,135,0,0,0,0,0,0,0,1,1,1,1,1,1
96.jpg,1587,511,237,136,2,1,1,0,0,0,0,1,1,1,1,1,1
96.jpg,1361,639,166,198,1,1,0,0,0,0,0,1,1,1,1,1,1
96.jpg,1518,669,159,188,1,1,0,0,0,0,0,1,1,1,1,1,1
96.jpg,1597,626,166,123,1,1,0,0,0,0,0,1,1,1,1,1,1
96.jpg,1184,667,175,162,1,1,0,0,0,0,0,1,1,1,1,1,1
96.jpg,471,619,185,228,1,1,0,0,0,0,0,1,1,1,1,1,1
96.jpg,263,681,228,120,2,1,1,0,0,0,0,1,1,1,1,1,1
96.jpg,300,757,154,129,1,1,0,0,0,0,0,1,1,1,1,1,1
144.jpg,92,360,107,172,2,1,1,0,0,0,0,1,1,1,1,1,1
144.jpg,195,439,104,255,2,1,1,0,0,0,0,1,1,1,1,1,1
144.jpg,269,489,149,229,1,1,0,0,0,0,0,1,1,1,1,1,1
144.jpg,392,470,205,286,0,0,0,0,0,0,0,1,1,1,1,1,1
144.jpg,606,511,185,236,1,1,0,0,0,0,0,1,1,1,1,1,1
144.jpg,409,711,197,178,3,1,1,1,0,0,0,1,1,1,1,1,1
144.jpg,608,717,161,110,3,1,1,1,0,0,0,1,1,1,1,1,1
144.jpg,769,741,129,72,3,1,1,1,0,0,0,1,1,1,1,1,1
144.jpg,748,453,274,318,0,0,0,0,0,0,0,1,1,1,1,1,1
144.jpg,1025,434,255,298,0,0,0,0,0,0,0,1,1,1,1,1,1
144.jpg,1039,728,120,68,1,1,0,0,0,0,0,1,1,1,1,1,1
144.jpg,1168,717,113,57,0,0,0,0,0,0,0,1,1,1,1,1,1
144.jpg,1296,714,184,125,2,1,1,0,0,0,0,1,1,1,1,1,1
144.jpg,1496,681,159,127,2,1,1,0,0,0,0,1,1,1,1,1,1
144.jpg,1663,596,124,144,2,1,1,0,0,0,0,1,1,1,1,1,1
144.jpg,1286,456,195,274,0,0,0,0,0,0,0,1,1,1,1,1,1
144.jpg,1473,437,195,253,0,0,0,0,0,0,0,1,1,1,1,1,1
144.jpg,1640,454,111,246,0,0,0,0,0,0,0,1,1,1,1,1,1
85.jpg,113,421,247,192,1,1,0,0,0,0,0,1,1,1,1,1,1
85.jpg,203,586,320,205,2,1,1,0,0,0,0,1,1,1,1,1,1
85.jpg,371,462,198,217,1,1,0,0,0,0,0,1,1,1,1,1,1
85.jpg,573,484,252,250,0,0,0,0,0,0,0,1,1,1,1,1,1
85.jpg,814,514,263,226,2,1,1,0,0,0,0,1,1,1,1,1,1
85.jpg,1060,402,265,279,0,0,0,0,0,0,0,1,1,1,1,1,1
85.jpg,1328,327,334,375,0,0,0,0,0,0,0,1,1,1,1,1,1
85.jpg,1651,351,285,299,0,0,0,0,0,0,0,1,1,1,1,1,1
85.jpg,523,638,216,186,1,1,0,0,0,0,0,1,1,1,1,1,1
85.jpg,716,674,236,221,1,1,0,0,0,0,0,1,1,1,1,1,1
85.jpg,962,628,255,327,1,1,0,0,0,0,0,1,1,1,1,1,1
85.jpg,1218,639,253,313,0,0,0,0,0,0,0,1,1,1,1,1,1
150.jpg,109,415,99,102,0,0,0,0,0,0,0,1,1,1,1,1,1
150.jpg,195,424,146,159,0,0,0,0,0,0,0,1,1,1,1,1,1
150.jpg,285,562,111,108,0,0,0,0,0,0,0,1,1,1,1,1,1
150.jpg,345,481,95,145,0,0,0,0,0,0,0,1,1,1,1,1,1
150.jpg,400,458,162,209,1,1,0,0,0,0,0,1,1,1,1,1,1
150.jpg,558,459,192,201,0,0,0,0,0,0,0,1,1,1,1,1,1
150.jpg,550,642,126,132,0,0,0,0,0,0,0,1,1,1,1,1,1
150.jpg,443,640,99,91,0,0,0,0,0,0,0,1,1,1,1,1,1
150.jpg,752,406,238,255,0,0,0,0,0,0,0,1,1,1,1,1,1
150.jpg,678,624,162,152,0,0,0,0,0,0,0,1,1,1,1,1,1
150.jpg,845,640,156,108,0,0,0,0,0,0,0,1,1,1,1,1,1
150.jpg,1000,569,148,185,0,0,0,0,0,0,0,1,1,1,1,1,1
150.jpg,1020,405,243,244,0,0,0,0,0,0,0,1,1,1,1,1,1
150.jpg,1158,604,136,134,0,0,0,0,0,0,0,1,1,1,1,1,1
150.jpg,1262,459,168,194,0,0,0,0,0,0,0,1,1,1,1,1,1
150.jpg,1299,642,148,130,0,0,0,0,0,0,0,1,1,1,1,1,1
150.jpg,1427,437,155,227,0,0,0,0,0,0,0,1,1,1,1,1,1
150.jpg,1435,620,119,127,0,0,0,0,0,0,0,1,1,1,1,1,1
150.jpg,1559,491,85,158,0,0,0,0,0,0,0,1,1,1,1,1,1
59.jpg,142,462,95,132,2,1,1,0,0,0,0,1,1,1,1,1,1
59.jpg,228,476,119,193,1,1,0,0,0,0,0,1,1,1,1,1,1
59.jpg,316,484,133,202,1,1,0,0,0,0,0,1,1,1,1,1,1
59.jpg,425,438,177,279,1,1,0,0,0,0,0,1,1,1,1,1,1
59.jpg,603,470,178,238,0,0,0,0,0,0,0,1,1,1,1,1,1
59.jpg,786,440,233,279,0,0,0,0,0,0,0,1,1,1,1,1,1
59.jpg,1023,446,240,284,0,0,0,0,0,0,0,1,1,1,1,1,1
59.jpg,1255,460,169,229,0,0,0,0,0,0,0,1,1,1,1,1,1
59.jpg,1413,443,136,238,0,0,0,0,0,0,0,1,1,1,1,1,1
59.jpg,1538,457,88,221,0,0,0,0,0,0,0,1,1,1,1,1,1
59.jpg,1618,462,52,200,0,0,0,0,0,0,0,1,1,1,1,1,1
59.jpg,538,645,149,234,1,1,0,0,0,0,0,1,1,1,1,1,1
59.jpg,390,669,139,168,1,1,0,0,0,0,0,1,1,1,1,1,1
59.jpg,300,644,108,148,1,1,0,0,0,0,0,1,1,1,1,1,1
59.jpg,177,598,118,156,1,1,0,0,0,0,0,1,1,1,1,1,1
59.jpg,681,671,158,187,0,0,0,0,0,0,0,1,1,1,1,1,1
59.jpg,839,712,140,142,0,0,0,0,0,0,0,1,1,1,1,1,1
59.jpg,1145,658,142,202,0,0,0,0,0,0,0,1,1,1,1,1,1
59.jpg,1293,662,130,211,1,1,0,0,0,0,0,1,1,1,1,1,1
59.jpg,1402,665,145,182,1,1,0,0,0,0,0,1,1,1,1,1,1
59.jpg,993,700,127,144,0,0,0,0,0,0,0,1,1,1,1,1,1
130.jpg,484,535,150,176,2,1,1,0,0,0,0,1,1,1,1,1,1
130.jpg,481,699,192,163,2,1,1,0,0,0,0,1,1,1,1,1,1
130.jpg,644,548,134,180,2,1,1,0,0,0,0,1,1,1,1,1,1
130.jpg,664,719,208,187,2,1,1,0,0,0,0,1,1,1,1,1,1
130.jpg,835,731,166,227,1,1,0,0,0,0,0,1,1,1,1,1,1
130.jpg,757,556,149,178,1,1,0,0,0,0,0,1,1,1,1,1,1
130.jpg,903,536,187,235,1,1,0,0,0,0,0,1,1,1,1,1,1
130.jpg,1000,719,175,208,1,1,0,0,0,0,0,1,1,1,1,1,1
130.jpg,1080,538,201,224,0,0,0,0,0,0,0,1,1,1,1,1,1
130.jpg,1286,517,227,267,0,0,0,0,0,0,0,1,1,1,1,1,1
130.jpg,1519,517,191,265,0,0,0,0,0,0,0,1,1,1,1,1,1
130.jpg,1715,541,108,207,1,1,0,0,0,0,0,1,1,1,1,1,1
130.jpg,1826,497,81,261,2,1,1,0,0,0,0,1,1,1,1,1,1
130.jpg,1180,743,165,180,0,0,0,0,0,0,0,1,1,1,1,1,1
130.jpg,1336,768,158,146,0,0,0,0,0,0,0,1,1,1,1,1,1
130.jpg,1499,767,127,159,0,0,0,0,0,0,0,1,1,1,1,1,1
130.jpg,1623,737,116,195,0,0,0,0,0,0,0,1,1,1,1,1,1
130.jpg,1738,733,95,221,1,1,0,0,0,0,0,1,1,1,1,1,1
130.jpg,1817,750,75,151,1,1,0,0,0,0,0,1,1,1,1,1,1
115.jpg,346,521,80,95,1,1,0,0,0,0,0,1,1,1,1,1,1
115.jpg,458,529,64,149,1,1,0,0,0,0,0,1,1,1,1,1,1
115.jpg,544,481,141,215,2,1,1,0,0,0,0,1,1,1,1,1,1
115.jpg,685,486,159,210,0,0,0,0,0,0,0,1,1,1,1,1,1
115.jpg,812,450,169,239,0,0,0,0,0,0,0,1,1,1,1,1,1
115.jpg,981,476,183,220,0,0,0,0,0,0,0,1,1,1,1,1,1
115.jpg,1160,463,161,232,0,0,0,0,0,0,0,1,1,1,1,1,1
115.jpg,1308,477,139,222,0,0,0,0,0,0,0,1,1,1,1,1,1
115.jpg,1437,553,69,154,1,1,0,0,0,0,0,1,1,1,1,1,1
115.jpg,1501,571,80,134,1,1,0,0,0,0,0,1,1,1,1,1,1
115.jpg,1576,587,55,101,1,1,0,0,0,0,0,1,1,1,1,1,1
115.jpg,1641,539,71,109,2,1,1,0,0,0,0,1,1,1,1,1,1
115.jpg,400,631,76,99,2,1,1,0,0,0,0,1,1,1,1,1,1
115.jpg,511,675,74,107,1,1,0,0,0,0,0,1,1,1,1,1,1
115.jpg,581,692,80,125,1,1,0,0,0,0,0,1,1,1,1,1,1
115.jpg,660,676,129,209,2,1,1,0,0,0,0,1,1,1,1,1,1
115.jpg,779,672,106,161,1,1,0,0,0,0,0,1,1,1,1,1,1
115.jpg,872,675,112,164,0,0,0,0,0,0,0,1,1,1,1,1,1
115.jpg,985,684,117,162,0,0,0,0,0,0,0,1,1,1,1,1,1
115.jpg,1113,666,112,169,0,0,0,0,0,0,0,1,1,1,1,1,1
115.jpg,1225,683,119,181,1,1,0,0,0,0,0,1,1,1,1,1,1
115.jpg,1345,693,103,163,1,1,0,0,0,0,0,1,1,1,1,1,1
115.jpg,1438,692,86,132,1,1,0,0,0,0,0,1,1,1,1,1,1
115.jpg,1525,699,81,96,1,1,0,0,0,0,0,1,1,1,1,1,1
129.jpg,303,428,66,183,2,1,1,0,0,0,0,1,1,1,1,1,1
129.jpg,348,439,78,182,2,1,1,0,0,0,0,1,1,1,1,1,1
129.jpg,384,452,92,175,2,1,1,0,0,0,0,1,1,1,1,1,1
129.jpg,302,604,82,163,2,1,1,0,0,0,0,1,1,1,1,1,1
129.jpg,385,621,94,180,2,1,1,0,0,0,0,1,1,1,1,1,1
129.jpg,1781,443,69,159,2,1,1,0,0,0,0,1,1,1,1,1,1
129.jpg,1742,592,115,132,2,1,1,0,0,0,0,1,1,1,1,1,1
129.jpg,1602,601,155,170,4,1,1,1,1,0,0,1,1,1,1,1,1
129.jpg,1696,428,78,176,2,1,1,0,0,0,0,1,1,1,1,1,1
129.jpg,1607,433,103,176,1,1,0,0,0,0,0,1,1,1,1,1,1
129.jpg,1499,635,162,190,1,1,0,0,0,0,0,1,1,1,1,1,1
129.jpg,1449,350,155,306,2,1,1,0,0,0,0,1,1,1,1,1,1
129.jpg,1347,586,159,288,1,1,0,0,0,0,0,1,1,1,1,1,1
129.jpg,1267,384,178,244,1,1,0,0,0,0,0,1,1,1,1,1,1
129.jpg,1189,616,158,213,1,1,0,0,0,0,0,1,1,1,1,1,1
129.jpg,455,639,121,206,1,1,0,0,0,0,0,1,1,1,1,1,1
129.jpg,451,399,152,253,2,1,1,0,0,0,0,1,1,1,1,1,1
129.jpg,584,412,179,231,2,1,1,0,0,0,0,1,1,1,1,1,1
129.jpg,568,618,130,199,1,1,0,0,0,0,0,1,1,1,1,1,1
129.jpg,697,623,166,202,1,1,0,0,0,0,0,1,1,1,1,1,1
129.jpg,861,630,163,170,1,1,0,0,0,0,0,1,1,1,1,1,1
129.jpg,1022,645,168,175,1,1,0,0,0,0,0,1,1,1,1,1,1
129.jpg,1007,368,249,295,0,0,0,0,0,0,0,1,1,1,1,1,1
129.jpg,771,370,240,284,0,0,0,0,0,0,0,1,1,1,1,1,1
272.jpg,40,81,291,286,3,1,1,1,0,0,0,1,1,1,1,1,1
272.jpg,57,374,366,361,2,1,1,0,0,0,0,1,1,1,1,1,1
272.jpg,259,661,249,256,2,1,1,0,0,0,0,1,1,1,1,1,1
272.jpg,410,830,241,257,1,1,0,0,0,0,0,1,1,1,1,1,1
272.jpg,613,1011,216,190,0,0,0,0,0,0,0,1,1,1,1,1,1
272.jpg,849,1084,183,159,0,0,0,0,0,0,0,1,1,1,1,1,1
272.jpg,1036,1073,190,161,0,0,0,0,0,0,0,1,1,1,1,1,1
272.jpg,1234,995,207,206,0,0,0,0,0,0,0,1,1,1,1,1,1
272.jpg,1413,817,232,258,2,1,1,0,0,0,0,1,1,1,1,1,1
272.jpg,1555,655,246,248,1,1,0,0,0,0,0,1,1,1,1,1,1
272.jpg,1626,342,343,376,2,1,1,0,0,0,0,1,1,1,1,1,1
272.jpg,1676,102,311,247,2,1,1,0,0,0,0,1,1,1,1,1,1
95.jpg,389,447,92,181,1,1,0,0,0,0,0,1,1,1,1,1,1
95.jpg,458,403,148,243,2,1,1,0,0,0,0,1,1,1,1,1,1
95.jpg,586,406,187,237,1,1,0,0,0,0,0,1,1,1,1,1,1
95.jpg,760,374,243,293,0,0,0,0,0,0,0,1,1,1,1,1,1
95.jpg,1010,375,246,285,0,0,0,0,0,0,0,1,1,1,1,1,1
95.jpg,1262,384,187,247,1,1,0,0,0,0,0,1,1,1,1,1,1
95.jpg,1461,351,146,299,2,1,1,0,0,0,0,1,1,1,1,1,1
95.jpg,1610,426,97,179,1,1,0,0,0,0,0,1,1,1,1,1,1
95.jpg,386,616,110,189,1,1,0,0,0,0,0,1,1,1,1,1,1
95.jpg,310,600,91,170,1,1,0,0,0,0,0,1,1,1,1,1,1
95.jpg,457,641,123,210,1,1,0,0,0,0,0,1,1,1,1,1,1
95.jpg,577,618,124,224,1,1,0,0,0,0,0,1,1,1,1,1,1
95.jpg,707,616,145,208,0,0,0,0,0,0,0,1,1,1,1,1,1
95.jpg,870,659,152,145,0,0,0,0,0,0,0,1,1,1,1,1,1
95.jpg,1022,659,168,164,0,0,0,0,0,0,0,1,1,1,1,1,1
95.jpg,1191,618,162,213,0,0,0,0,0,0,0,1,1,1,1,1,1
95.jpg,1357,592,153,273,0,0,0,0,0,0,0,1,1,1,1,1,1
95.jpg,1502,651,155,179,1,1,0,0,0,0,0,1,1,1,1,1,1
95.jpg,1595,601,152,179,3,1,1,1,0,0,0,1,1,1,1,1,1
231.jpg,415,338,214,294,3,1,1,1,0,0,0,1,1,1,1,1,1
231.jpg,617,483,157,209,0,0,0,0,0,0,0,1,1,1,1,1,1
231.jpg,346,503,181,210,0,0,0,0,0,0,0,1,1,1,1,1,1
231.jpg,289,535,127,179,0,0,0,0,0,0,0,1,1,1,1,1,1
231.jpg,208,555,114,137,0,0,0,0,0,0,0,1,1,1,1,1,1
231.jpg,262,673,110,100,1,1,0,0,0,0,0,1,1,1,1,1,1
231.jpg,355,698,97,130,0,0,0,0,0,0,0,1,1,1,1,1,1
231.jpg,438,649,111,224,0,0,0,0,0,0,0,1,1,1,1,1,1
231.jpg,532,645,197,270,1,1,0,0,0,0,0,1,1,1,1,1,1
231.jpg,724,695,100,123,1,1,0,0,0,0,0,1,1,1,1,1,1
231.jpg,807,682,189,223,0,0,0,0,0,0,0,1,1,1,1,1,1
231.jpg,989,644,192,253,0,0,0,0,0,0,0,1,1,1,1,1,1
231.jpg,1177,677,200,214,0,0,0,0,0,0,0,1,1,1,1,1,1
231.jpg,1372,653,155,264,0,0,0,0,0,0,0,1,1,1,1,1,1
231.jpg,770,418,264,290,3,1,1,1,0,0,0,1,1,1,1,1,1
231.jpg,1046,422,255,281,2,1,1,0,0,0,0,1,1,1,1,1,1
231.jpg,1299,486,207,227,0,0,0,0,0,0,0,1,1,1,1,1,1
231.jpg,1505,458,162,250,0,0,0,0,0,0,0,1,1,1,1,1,1
231.jpg,1519,653,148,204,0,0,0,0,0,0,0,1,1,1,1,1,1
231.jpg,1652,487,122,202,0,0,0,0,0,0,0,1,1,1,1,1,1
230.jpg,829,325,243,354,1,1,0,0,0,0,0,1,1,1,1,1,1
230.jpg,1067,374,92,255,1,1,0,0,0,0,0,1,1,1,1,1,1
230.jpg,1158,312,61,279,0,0,0,0,0,0,0,1,1,1,1,1,1
230.jpg,828,621,266,276,1,1,0,0,0,0,0,1,1,1,1,1,1
201.jpg,352,449,182,279,1,1,0,0,0,0,0,1,1,1,1,1,1
201.jpg,277,525,124,216,1,1,0,0,0,0,0,1,1,1,1,1,1
201.jpg,532,462,192,245,0,0,0,0,0,0,0,1,1,1,1,1,1
201.jpg,697,421,249,285,0,0,0,0,0,0,0,1,1,1,1,1,1
201.jpg,955,432,239,278,0,0,0,0,0,0,0,1,1,1,1,1,1
201.jpg,1177,466,163,238,0,0,0,0,0,0,0,1,1,1,1,1,1
201.jpg,1344,433,159,273,1,1,0,0,0,0,0,1,1,1,1,1,1
201.jpg,354,693,142,182,1,1,0,0,0,0,0,1,1,1,1,1,1
201.jpg,493,655,160,202,1,1,0,0,0,0,0,1,1,1,1,1,1
201.jpg,655,681,147,141,1,1,0,0,0,0,0,1,1,1,1,1,1
201.jpg,806,648,161,190,0,0,0,0,0,0,0,1,1,1,1,1,1
201.jpg,971,685,150,139,0,0,0,0,0,0,0,1,1,1,1,1,1
201.jpg,1126,683,139,155,0,0,0,0,0,0,0,1,1,1,1,1,1
201.jpg,1264,652,159,218,1,1,0,0,0,0,0,1,1,1,1,1,1
10.jpg,993,499,230,335,0,0,0,0,0,0,0,1,1,1,1,1,1
10.jpg,720,480,239,302,0,0,0,0,0,0,0,1,1,1,1,1,1
10.jpg,470,444,250,304,2,1,1,0,0,0,0,1,1,1,1,1,1
10.jpg,332,499,165,231,2,1,1,0,0,0,0,1,1,1,1,1,1
10.jpg,252,550,95,159,0,0,0,0,0,0,0,1,1,1,1,1,1
10.jpg,135,527,150,183,0,0,0,0,0,0,0,1,1,1,1,1,1
10.jpg,31,525,109,155,0,0,0,0,0,0,0,1,1,1,1,1,1
10.jpg,67,686,107,135,2,1,1,0,0,0,0,1,1,1,1,1,1
10.jpg,190,700,128,143,2,1,1,0,0,0,0,1,1,1,1,1,1
10.jpg,312,704,153,178,2,1,1,0,0,0,0,1,1,1,1,1,1
10.jpg,471,698,150,139,2,1,1,0,0,0,0,1,1,1,1,1,1
10.jpg,624,661,139,190,2,1,1,0,0,0,0,1,1,1,1,1,1
10.jpg,1241,490,150,247,0,0,0,0,0,0,0,1,1,1,1,1,1
10.jpg,1359,605,125,218,2,1,1,0,0,0,0,1,1,1,1,1,1
10.jpg,1393,431,233,279,2,1,1,0,0,0,0,1,1,1,1,1,1
10.jpg,1623,437,113,228,2,1,1,0,0,0,0,1,1,1,1,1,1
10.jpg,1732,462,107,150,2,1,1,0,0,0,0,1,1,1,1,1,1
10.jpg,1832,432,92,156,0,0,0,0,0,0,0,1,1,1,1,1,1
10.jpg,1503,676,203,167,2,1,1,0,0,0,0,1,1,1,1,1,1
10.jpg,1690,614,122,187,2,1,1,0,0,0,0,1,1,1,1,1,1
10.jpg,1790,602,130,141,2,1,1,0,0,0,0,1,1,1,1,1,1
10.jpg,1905,565,94,125,0,0,0,0,0,0,0,1,1,1,1,1,1
140.jpg,244,438,168,180,1,1,0,0,0,0,0,1,1,1,1,1,1
140.jpg,391,384,229,299,1,1,0,0,0,0,0,1,1,1,1,1,1
140.jpg,274,598,117,131,1,1,0,0,0,0,0,1,1,1,1,1,1
140.jpg,418,676,117,94,1,1,0,0,0,0,0,1,1,1,1,1,1
140.jpg,536,661,135,134,0,0,0,0,0,0,0,1,1,1,1,1,1
140.jpg,667,675,172,189,0,0,0,0,0,0,0,1,1,1,1,1,1
140.jpg,835,683,120,108,0,0,0,0,0,0,0,1,1,1,1,1,1
140.jpg,977,650,150,169,0,0,0,0,0,0,0,1,1,1,1,1,1
140.jpg,613,392,275,298,0,0,0,0,0,0,0,1,1,1,1,1,1
140.jpg,868,464,218,268,0,0,0,0,0,0,0,1,1,1,1,1,1
140.jpg,1083,479,203,288,0,0,0,0,0,0,0,1,1,1,1,1,1
140.jpg,1126,683,211,250,0,0,0,0,0,0,0,1,1,1,1,1,1
140.jpg,1268,515,155,202,0,0,0,0,0,0,0,1,1,1,1,1,1
140.jpg,1345,699,77,86,1,1,0,0,0,0,0,1,1,1,1,1,1
140.jpg,1418,604,156,170,2,1,1,0,0,0,0,1,1,1,1,1,1
140.jpg,1455,503,173,138,2,1,1,0,0,0,0,1,1,1,1,1,1
195.jpg,227,561,224,256,2,1,1,0,0,0,0,1,1,1,1,1,1
195.jpg,371,736,213,236,1,1,0,0,0,0,0,1,1,1,1,1,1
195.jpg,517,896,190,212,0,0,0,0,0,0,0,1,1,1,1,1,1
195.jpg,88,0,270,190,4,1,1,1,1,0,0,1,1,1,1,1,1
195.jpg,651,1010,172,183,0,0,0,0,0,0,0,1,1,1,1,1,1
195.jpg,802,1098,149,142,0,0,0,0,0,0,0,1,1,1,1,1,1
195.jpg,956,1080,147,152,0,0,0,0,0,0,0,1,1,1,1,1,1
195.jpg,1104,1061,167,165,0,0,0,0,0,0,0,1,1,1,1,1,1
195.jpg,1235,986,189,202,0,0,0,0,0,0,0,1,1,1,1,1,1
195.jpg,1361,862,220,213,0,0,0,0,0,0,0,1,1,1,1,1,1
195.jpg,1456,680,225,225,3,1,1,1,0,0,0,1,1,1,1,1,1
195.jpg,1497,403,335,333,0,0,0,0,0,0,0,1,1,1,1,1,1
195.jpg,1557,103,310,341,2,1,1,0,0,0,0,1,1,1,1,1,1
185.jpg,186,488,102,172,2,1,1,0,0,0,0,1,1,1,1,1,1
185.jpg,242,657,180,145,2,1,1,0,0,0,0,1,1,1,1,1,1
185.jpg,309,518,137,196,1,1,0,0,0,0,0,1,1,1,1,1,1
185.jpg,441,513,122,181,1,1,0,0,0,0,0,1,1,1,1,1,1
185.jpg,566,503,224,261,1,1,0,0,0,0,0,1,1,1,1,1,1
185.jpg,778,439,274,370,0,0,0,0,0,0,0,1,1,1,1,1,1
185.jpg,1062,469,262,316,0,0,0,0,0,0,0,1,1,1,1,1,1
185.jpg,1321,489,220,241,0,0,0,0,0,0,0,1,1,1,1,1,1
185.jpg,1527,505,108,121,0,0,0,0,0,0,0,1,1,1,1,1,1
185.jpg,1619,455,149,228,0,0,0,0,0,0,0,1,1,1,1,1,1
185.jpg,1574,621,120,151,0,0,0,0,0,0,0,1,1,1,1,1,1
185.jpg,1402,603,174,203,0,0,0,0,0,0,0,1,1,1,1,1,1
185.jpg,1257,693,125,161,0,0,0,0,0,0,0,1,1,1,1,1,1
185.jpg,1056,730,145,114,0,0,0,0,0,0,0,1,1,1,1,1,1
185.jpg,893,731,138,130,0,0,0,0,0,0,0,1,1,1,1,1,1
185.jpg,721,734,120,138,0,0,0,0,0,0,0,1,1,1,1,1,1
185.jpg,529,685,149,181,0,0,0,0,0,0,0,1,1,1,1,1,1
185.jpg,443,692,85,194,2,1,1,0,0,0,0,1,1,1,1,1,1
105.jpg,418,707,189,213,1,1,0,0,0,0,0,1,1,1,1,1,1
105.jpg,603,682,219,206,1,1,0,0,0,0,0,1,1,1,1,1,1
105.jpg,834,668,178,155,0,0,0,0,0,0,0,1,1,1,1,1,1
105.jpg,1029,655,172,165,1,1,0,0,0,0,0,1,1,1,1,1,1
105.jpg,1212,669,175,155,1,1,0,0,0,0,0,1,1,1,1,1,1
105.jpg,1380,662,152,138,2,1,1,0,0,0,0,1,1,1,1,1,1
105.jpg,1531,695,229,127,2,1,1,0,0,0,0,1,1,1,1,1,1
105.jpg,1103,520,174,163,2,1,1,0,0,0,0,1,1,1,1,1,1
105.jpg,1271,560,157,111,0,0,0,0,0,0,0,1,1,1,1,1,1
105.jpg,1438,569,229,127,2,1,1,0,0,0,0,1,1,1,1,1,1
105.jpg,936,576,158,134,2,1,1,0,0,0,0,1,1,1,1,1,1
105.jpg,786,565,129,186,2,1,1,0,0,0,0,1,1,1,1,1,1
105.jpg,665,593,116,128,2,1,1,0,0,0,0,1,1,1,1,1,1
105.jpg,565,587,87,134,2,1,1,0,0,0,0,1,1,1,1,1,1
30.jpg,93,1,315,171,3,1,1,1,0,0,0,1,1,1,1,1,1
30.jpg,141,178,342,305,1,1,0,0,0,0,0,1,1,1,1,1,1
30.jpg,253,463,312,260,1,1,0,0,0,0,0,1,1,1,1,1,1
30.jpg,406,692,242,226,1,1,0,0,0,0,0,1,1,1,1,1,1
30.jpg,547,874,181,229,1,1,0,0,0,0,0,1,1,1,1,1,1
30.jpg,723,955,165,209,0,0,0,0,0,0,0,1,1,1,1,1,1
30.jpg,894,989,171,193,0,0,0,0,0,0,0,1,1,1,1,1,1
30.jpg,1062,986,172,182,0,0,0,0,0,0,0,1,1,1,1,1,1
30.jpg,1215,936,183,205,0,0,0,0,0,0,0,1,1,1,1,1,1
30.jpg,1352,837,215,234,1,1,0,0,0,0,0,1,1,1,1,1,1
30.jpg,1461,639,232,240,1,1,0,0,0,0,0,1,1,1,1,1,1
30.jpg,1520,401,294,312,1,1,0,0,0,0,0,1,1,1,1,1,1
30.jpg,1565,148,316,291,2,1,1,0,0,0,0,1,1,1,1,1,1
30.jpg,1661,5,282,155,3,1,1,1,0,0,0,1,1,1,1,1,1
260.jpg,28,45,310,258,3,1,1,1,0,0,0,1,1,1,1,1,1
260.jpg,99,280,322,317,2,1,1,0,0,0,0,1,1,1,1,1,1
260.jpg,228,575,224,241,1,1,0,0,0,0,0,1,1,1,1,1,1
260.jpg,325,773,212,213,0,0,0,0,0,0,0,1,1,1,1,1,1
260.jpg,507,927,200,179,0,0,0,0,0,0,0,1,1,1,1,1,1
260.jpg,701,1042,183,111,0,0,0,0,0,0,0,1,1,1,1,1,1
260.jpg,1024,1016,193,109,0,0,0,0,0,0,0,1,1,1,1,1,1
260.jpg,1193,918,192,172,0,0,0,0,0,0,0,1,1,1,1,1,1
260.jpg,1360,770,210,231,0,0,0,0,0,0,0,1,1,1,1,1,1
260.jpg,1485,600,234,258,0,0,0,0,0,0,0,1,1,1,1,1,1
260.jpg,1519,305,338,341,3,1,1,1,0,0,0,1,1,1,1,1,1
260.jpg,1637,20,316,310,4,1,1,1,1,0,0,1,1,1,1,1,1
58.jpg,416,368,282,303,2,1,1,0,0,0,0,1,1,1,1,1,1
58.jpg,707,416,223,265,2,1,1,0,0,0,0,1,1,1,1,1,1
58.jpg,923,409,250,281,2,1,1,0,0,0,0,1,1,1,1,1,1
58.jpg,1157,374,269,281,1,1,0,0,0,0,0,1,1,1,1,1,1
58.jpg,1435,343,227,291,1,1,0,0,0,0,0,1,1,1,1,1,1
58.jpg,1641,305,204,295,0,0,0,0,0,0,0,1,1,1,1,1,1
58.jpg,1832,306,136,305,0,0,0,0,0,0,0,1,1,1,1,1,1
58.jpg,794,644,255,241,0,0,0,0,0,0,0,1,1,1,1,1,1
58.jpg,502,627,291,185,1,1,0,0,0,0,0,1,1,1,1,1,1
58.jpg,1054,609,232,247,0,0,0,0,0,0,0,1,1,1,1,1,1
58.jpg,1288,593,217,271,1,1,0,0,0,0,0,1,1,1,1,1,1
58.jpg,1509,600,153,248,1,1,0,0,0,0,0,1,1,1,1,1,1
58.jpg,1668,583,113,230,0,0,0,0,0,0,0,1,1,1,1,1,1
58.jpg,1807,593,155,200,0,0,0,0,0,0,0,1,1,1,1,1,1
88.jpg,49,982,311,272,2,1,1,0,0,0,0,1,1,1,1,1,1
88.jpg,78,744,313,300,2,1,1,0,0,0,0,1,1,1,1,1,1
88.jpg,178,583,242,186,1,1,0,0,0,0,0,1,1,1,1,1,1
88.jpg,268,409,258,225,1,1,0,0,0,0,0,1,1,1,1,1,1
88.jpg,403,241,210,210,0,0,0,0,0,0,0,1,1,1,1,1,1
88.jpg,533,142,202,181,2,1,1,0,0,0,0,1,1,1,1,1,1
88.jpg,713,84,258,163,1,1,0,0,0,0,0,1,1,1,1,1,1
88.jpg,994,90,256,156,1,1,0,0,0,0,0,1,1,1,1,1,1
88.jpg,1252,137,184,170,1,1,0,0,0,0,0,1,1,1,1,1,1
88.jpg,1373,248,204,220,0,0,0,0,0,0,0,1,1,1,1,1,1
88.jpg,1468,421,252,221,1,1,0,0,0,0,0,1,1,1,1,1,1
88.jpg,1562,589,251,211,1,1,0,0,0,0,0,1,1,1,1,1,1
88.jpg,1610,751,308,319,1,1,0,0,0,0,0,1,1,1,1,1,1
88.jpg,1634,1008,308,274,2,1,1,0,0,0,0,1,1,1,1,1,1
281.jpg,347,571,131,149,2,1,1,0,0,0,0,1,1,1,1,1,1
281.jpg,468,557,188,170,2,1,1,0,0,0,0,1,1,1,1,1,1
281.jpg,643,555,131,179,1,1,0,0,0,0,0,1,1,1,1,1,1
281.jpg,745,523,173,221,1,1,0,0,0,0,0,1,1,1,1,1,1
281.jpg,898,496,233,269,1,1,0,0,0,0,0,1,1,1,1,1,1
281.jpg,1139,524,215,264,0,0,0,0,0,0,0,1,1,1,1,1,1
281.jpg,1357,488,285,307,0,0,0,0,0,0,0,1,1,1,1,1,1
281.jpg,1632,413,265,341,0,0,0,0,0,0,0,1,1,1,1,1,1
281.jpg,1896,504,103,216,0,0,0,0,0,0,0,1,1,1,1,1,1
281.jpg,502,710,240,147,2,1,1,0,0,0,0,1,1,1,1,1,1
281.jpg,377,695,145,115,4,1,1,1,1,0,0,1,1,1,1,1,1
281.jpg,730,729,127,167,1,1,0,0,0,0,0,1,1,1,1,1,1
281.jpg,863,718,221,213,1,1,0,0,0,0,0,1,1,1,1,1,1
66.jpg,99,463,150,172,1,1,0,0,0,0,0,1,1,1,1,1,1
66.jpg,267,511,239,176,1,1,0,0,0,0,0,1,1,1,1,1,1
66.jpg,515,552,168,165,1,1,0,0,0,0,0,1,1,1,1,1,1
66.jpg,677,535,200,196,1,1,0,0,0,0,0,1,1,1,1,1,1
66.jpg,871,498,253,265,1,1,0,0,0,0,0,1,1,1,1,1,1
66.jpg,1134,488,221,257,0,0,0,0,0,0,0,1,1,1,1,1,1
66.jpg,1348,459,259,289,0,0,0,0,0,0,0,1,1,1,1,1,1
66.jpg,1598,375,239,311,0,0,0,0,0,0,0,1,1,1,1,1,1
66.jpg,1777,403,85,237,0,0,0,0,0,0,0,1,1,1,1,1,1
66.jpg,1835,394,68,248,1,1,0,0,0,0,0,1,1,1,1,1,1
66.jpg,222,651,294,159,2,1,1,0,0,0,0,1,1,1,1,1,1
66.jpg,500,702,184,141,1,1,0,0,0,0,0,1,1,1,1,1,1
66.jpg,677,695,208,190,0,0,0,0,0,0,0,1,1,1,1,1,1
66.jpg,881,702,214,200,0,0,0,0,0,0,0,1,1,1,1,1,1
66.jpg,1111,659,168,230,0,0,0,0,0,0,0,1,1,1,1,1,1
66.jpg,1307,689,120,195,0,0,0,0,0,0,0,1,1,1,1,1,1
66.jpg,1439,736,124,145,0,0,0,0,0,0,0,1,1,1,1,1,1
66.jpg,1584,650,60,183,0,0,0,0,0,0,0,1,1,1,1,1,1
66.jpg,1651,674,85,179,0,0,0,0,0,0,0,1,1,1,1,1,1
104.jpg,315,576,165,208,1,1,0,0,0,0,0,1,1,1,1,1,1
104.jpg,477,504,210,220,1,1,0,0,0,0,0,1,1,1,1,1,1
104.jpg,710,535,184,189,0,0,0,0,0,0,0,1,1,1,1,1,1
104.jpg,902,563,184,172,1,1,0,0,0,0,0,1,1,1,1,1,1
104.jpg,1115,553,152,162,0,0,0,0,0,0,0,1,1,1,1,1,1
104.jpg,1274,579,166,125,1,1,0,0,0,0,0,1,1,1,1,1,1
104.jpg,1445,546,181,130,3,1,1,1,0,0,0,1,1,1,1,1,1
104.jpg,399,774,72,117,2,1,1,0,0,0,0,1,1,1,1,1,1
104.jpg,467,747,105,130,1,1,0,0,0,0,0,1,1,1,1,1,1
104.jpg,581,682,129,179,1,1,0,0,0,0,0,1,1,1,1,1,1
104.jpg,713,713,146,125,1,1,0,0,0,0,0,1,1,1,1,1,1
104.jpg,873,703,161,197,1,1,0,0,0,0,0,1,1,1,1,1,1
104.jpg,1042,703,169,148,1,1,0,0,0,0,0,1,1,1,1,1,1
104.jpg,1190,710,110,117,0,0,0,0,0,0,0,1,1,1,1,1,1
104.jpg,1306,681,275,128,2,1,1,0,0,0,0,1,1,1,1,1,1
154.jpg,136,1078,277,213,3,1,1,1,0,0,0,1,1,1,1,1,1
154.jpg,207,844,309,266,4,1,1,1,1,0,0,1,1,1,1,1,1
154.jpg,323,701,255,171,1,1,0,0,0,0,0,1,1,1,1,1,1
154.jpg,358,512,267,194,0,0,0,0,0,0,0,1,1,1,1,1,1
154.jpg,440,309,201,213,0,0,0,0,0,0,0,1,1,1,1,1,1
154.jpg,605,155,178,191,0,0,0,0,0,0,0,1,1,1,1,1,1
154.jpg,771,62,226,186,0,0,0,0,0,0,0,1,1,1,1,1,1
154.jpg,1026,68,230,198,0,0,0,0,0,0,0,1,1,1,1,1,1
154.jpg,1257,168,177,193,0,0,0,0,0,0,0,1,1,1,1,1,1
154.jpg,1368,342,191,205,0,0,0,0,0,0,0,1,1,1,1,1,1
154.jpg,1370,540,254,177,0,0,0,0,0,0,0,1,1,1,1,1,1
154.jpg,1519,661,245,186,0,0,0,0,0,0,0,1,1,1,1,1,1
154.jpg,1457,846,297,269,4,1,1,1,1,0,0,1,1,1,1,1,1
154.jpg,1599,1047,211,207,4,1,1,1,1,0,0,1,1,1,1,1,1
190.jpg,45,733,385,389,4,1,1,1,1,0,0,1,1,1,1,1,1
190.jpg,209,542,289,244,1,1,0,0,0,0,0,1,1,1,1,1,1
190.jpg,1487,949,376,297,4,1,1,1,1,0,0,1,1,1,1,1,1
190.jpg,1460,715,321,229,0,0,0,0,0,0,0,1,1,1,1,1,1
190.jpg,1431,475,279,241,0,0,0,0,0,0,0,1,1,1,1,1,1
190.jpg,1373,255,248,232,0,0,0,0,0,0,0,1,1,1,1,1,1
190.jpg,1233,150,210,198,0,0,0,0,0,0,0,1,1,1,1,1,1
190.jpg,1063,99,200,201,1,1,0,0,0,0,0,1,1,1,1,1,1
190.jpg,858,97,202,208,0,0,0,0,0,0,0,1,1,1,1,1,1
190.jpg,651,120,203,208,0,0,0,0,0,0,0,1,1,1,1,1,1
190.jpg,453,192,245,247,1,1,0,0,0,0,0,1,1,1,1,1,1
190.jpg,314,373,266,263,1,1,0,0,0,0,0,1,1,1,1,1,1
108.jpg,731,45,263,70,2,1,1,0,0,0,0,1,1,1,1,1,1
108.jpg,770,96,313,83,1,1,0,0,0,0,0,1,1,1,1,1,1
108.jpg,731,138,326,108,1,1,0,0,0,0,0,1,1,1,1,1,1
108.jpg,640,228,409,126,2,1,1,0,0,0,0,1,1,1,1,1,1
108.jpg,668,347,370,119,1,1,0,0,0,0,0,1,1,1,1,1,1
108.jpg,605,464,459,189,1,1,0,0,0,0,0,1,1,1,1,1,1
108.jpg,586,649,472,189,1,1,0,0,0,0,0,1,1,1,1,1,1
108.jpg,674,838,355,113,1,1,0,0,0,0,0,1,1,1,1,1,1
108.jpg,659,946,364,119,1,1,0,0,0,0,0,1,1,1,1,1,1
108.jpg,709,1062,329,93,1,1,0,0,0,0,0,1,1,1,1,1,1
108.jpg,744,1140,240,105,1,1,0,0,0,0,0,1,1,1,1,1,1
108.jpg,1046,99,218,83,2,1,1,0,0,0,0,1,1,1,1,1,1
108.jpg,1036,207,301,104,2,1,1,0,0,0,0,1,1,1,1,1,1
108.jpg,1004,311,390,115,2,1,1,0,0,0,0,1,1,1,1,1,1
108.jpg,1011,425,374,125,2,1,1,0,0,0,0,1,1,1,1,1,1
108.jpg,1046,553,303,97,1,1,0,0,0,0,0,1,1,1,1,1,1
108.jpg,1046,643,335,116,0,0,0,0,0,0,0,1,1,1,1,1,1
108.jpg,1014,768,338,100,1,1,0,0,0,0,0,1,1,1,1,1,1
108.jpg,1014,865,298,101,1,1,0,0,0,0,0,1,1,1,1,1,1
108.jpg,995,967,351,107,1,1,0,0,0,0,0,1,1,1,1,1,1
108.jpg,1029,1067,263,46,0,0,0,0,0,0,0,1,1,1,1,1,1
108.jpg,1007,1114,247,78,2,1,1,0,0,0,0,1,1,1,1,1,1
29.jpg,112,1127,309,172,1,1,0,0,0,0,0,1,1,1,1,1,1
29.jpg,147,871,300,285,2,1,1,0,0,0,0,1,1,1,1,1,1
29.jpg,199,652,282,245,0,0,0,0,0,0,0,1,1,1,1,1,1
29.jpg,268,510,298,178,2,1,1,0,0,0,0,1,1,1,1,1,1
29.jpg,409,351,171,175,0,0,0,0,0,0,0,1,1,1,1,1,1
29.jpg,512,144,207,208,1,1,0,0,0,0,0,1,1,1,1,1,1
29.jpg,711,73,256,182,1,1,0,0,0,0,0,1,1,1,1,1,1
29.jpg,977,70,232,177,1,1,0,0,0,0,0,1,1,1,1,1,1
29.jpg,1215,138,175,185,1,1,0,0,0,0,0,1,1,1,1,1,1
29.jpg,1421,289,203,218,1,1,0,0,0,0,0,1,1,1,1,1,1
29.jpg,1570,822,303,338,2,1,1,0,0,0,0,1,1,1,1,1,1
29.jpg,1646,1103,292,196,2,1,1,0,0,0,0,1,1,1,1,1,1
106.jpg,361,385,226,206,2,1,1,0,0,0,0,1,1,1,1,1,1
106.jpg,442,593,210,117,2,1,1,0,0,0,0,1,1,1,1,1,1
106.jpg,487,722,211,138,2,1,1,0,0,0,0,1,1,1,1,1,1
106.jpg,580,850,156,121,2,1,1,0,0,0,0,1,1,1,1,1,1
106.jpg,681,960,147,124,1,1,0,0,0,0,0,1,1,1,1,1,1
106.jpg,813,1027,178,139,1,1,0,0,0,0,0,1,1,1,1,1,1
106.jpg,1023,1020,171,158,1,1,0,0,0,0,0,1,1,1,1,1,1
106.jpg,1187,959,142,122,1,1,0,0,0,0,0,1,1,1,1,1,1
106.jpg,1287,828,140,148,1,1,0,0,0,0,0,1,1,1,1,1,1
106.jpg,1290,702,185,135,2,1,1,0,0,0,0,1,1,1,1,1,1
106.jpg,1347,555,187,138,2,1,1,0,0,0,0,1,1,1,1,1,1
106.jpg,1345,354,233,206,2,1,1,0,0,0,0,1,1,1,1,1,1
106.jpg,352,192,100,84,2,1,1,0,0,0,0,1,1,1,1,1,1
106.jpg,428,184,82,121,0,0,0,0,0,0,0,1,1,1,1,1,1
106.jpg,462,162,107,125,1,1,0,0,0,0,0,1,1,1,1,1,1
106.jpg,552,146,111,151,1,1,0,0,0,0,0,1,1,1,1,1,1
106.jpg,657,143,140,152,0,0,0,0,0,0,0,1,1,1,1,1,1
106.jpg,794,81,195,185,0,0,0,0,0,0,0,1,1,1,1,1,1
106.jpg,1016,40,190,202,0,0,0,0,0,0,0,1,1,1,1,1,1
106.jpg,1207,89,142,170,0,0,0,0,0,0,0,1,1,1,1,1,1
106.jpg,1339,128,95,162,1,1,0,0,0,0,0,1,1,1,1,1,1
106.jpg,1415,151,95,132,1,1,0,0,0,0,0,1,1,1,1,1,1
106.jpg,1477,176,65,114,1,1,0,0,0,0,0,1,1,1,1,1,1
135.jpg,208,474,232,182,2,1,1,0,0,0,0,1,1,1,1,1,1
135.jpg,439,482,272,204,2,1,1,0,0,0,0,1,1,1,1,1,1
135.jpg,723,521,151,204,1,1,0,0,0,0,0,1,1,1,1,1,1
135.jpg,556,657,250,209,1,1,0,0,0,0,0,1,1,1,1,1,1
135.jpg,356,644,205,108,1,1,0,0,0,0,0,1,1,1,1,1,1
135.jpg,799,592,225,245,1,1,0,0,0,0,0,1,1,1,1,1,1
135.jpg,1033,557,214,248,2,1,1,0,0,0,0,1,1,1,1,1,1
135.jpg,1247,595,186,185,0,0,0,0,0,0,0,1,1,1,1,1,1
135.jpg,1436,603,180,193,0,0,0,0,0,0,0,1,1,1,1,1,1
135.jpg,1609,584,178,246,2,1,1,0,0,0,0,1,1,1,1,1,1
135.jpg,1800,623,151,231,0,0,0,0,0,0,0,1,1,1,1,1,1
135.jpg,1739,557,107,117,0,0,0,0,0,0,0,1,1,1,1,1,1
156.jpg,113,484,84,128,0,0,0,0,0,0,0,1,1,1,1,1,1
156.jpg,181,505,97,166,0,0,0,0,0,0,0,1,1,1,1,1,1
156.jpg,261,473,132,233,1,1,0,0,0,0,0,1,1,1,1,1,1
156.jpg,387,468,187,270,1,1,0,0,0,0,0,1,1,1,1,1,1
156.jpg,574,476,214,248,0,0,0,0,0,0,0,1,1,1,1,1,1
156.jpg,152,627,156,96,0,0,0,0,0,0,0,1,1,1,1,1,1
156.jpg,287,689,110,103,0,0,0,0,0,0,0,1,1,1,1,1,1
156.jpg,383,713,164,152,0,0,0,0,0,0,0,1,1,1,1,1,1
156.jpg,542,712,189,178,0,0,0,0,0,0,0,1,1,1,1,1,1
156.jpg,783,414,300,303,0,0,0,0,0,0,0,1,1,1,1,1,1
156.jpg,1078,414,308,290,0,0,0,0,0,0,0,1,1,1,1,1,1
156.jpg,1389,476,208,237,0,0,0,0,0,0,0,1,1,1,1,1,1
156.jpg,1597,433,160,299,1,1,0,0,0,0,0,1,1,1,1,1,1
156.jpg,718,703,200,223,0,0,0,0,0,0,0,1,1,1,1,1,1
156.jpg,928,700,188,221,0,0,0,0,0,0,0,1,1,1,1,1,1
156.jpg,1118,695,197,228,0,0,0,0,0,0,0,1,1,1,1,1,1
156.jpg,1319,690,175,233,0,0,0,0,0,0,0,1,1,1,1,1,1
156.jpg,1497,696,159,235,1,1,0,0,0,0,0,1,1,1,1,1,1
156.jpg,1643,699,136,161,1,1,0,0,0,0,0,1,1,1,1,1,1
122.jpg,27,338,177,149,1,1,0,0,0,0,0,1,1,1,1,1,1
122.jpg,180,359,275,195,1,1,0,0,0,0,0,1,1,1,1,1,1
122.jpg,109,472,287,234,1,1,0,0,0,0,0,1,1,1,1,1,1
122.jpg,440,379,285,231,1,1,0,0,0,0,0,1,1,1,1,1,1
122.jpg,402,539,232,242,1,1,0,0,0,0,0,1,1,1,1,1,1
122.jpg,722,348,362,301,1,1,0,0,0,0,0,1,1,1,1,1,1
122.jpg,637,576,260,299,0,0,0,0,0,0,0,1,1,1,1,1,1
122.jpg,902,608,320,364,0,0,0,0,0,0,0,1,1,1,1,1,1
122.jpg,1082,307,407,359,0,0,0,0,0,0,0,1,1,1,1,1,1
122.jpg,1230,621,310,318,0,0,0,0,0,0,0,1,1,1,1,1,1
122.jpg,1485,255,457,433,0,0,0,0,0,0,0,1,1,1,1,1,1
122.jpg,1540,647,280,290,0,0,0,0,0,0,0,1,1,1,1,1,1
122.jpg,1857,539,142,361,0,0,0,0,0,0,0,1,1,1,1,1,1
31.jpg,305,509,136,206,2,1,1,0,0,0,0,1,1,1,1,1,1
31.jpg,434,459,165,223,2,1,1,0,0,0,0,1,1,1,1,1,1
31.jpg,603,439,194,230,0,0,0,0,0,0,0,1,1,1,1,1,1
31.jpg,806,388,259,285,0,0,0,0,0,0,0,1,1,1,1,1,1
31.jpg,1073,388,256,293,0,0,0,0,0,0,0,1,1,1,1,1,1
31.jpg,1336,421,206,262,1,1,0,0,0,0,0,1,1,1,1,1,1
31.jpg,1541,456,169,274,2,1,1,0,0,0,0,1,1,1,1,1,1
31.jpg,1684,542,116,220,2,1,1,0,0,0,0,1,1,1,1,1,1
31.jpg,412,698,143,192,2,1,1,0,0,0,0,1,1,1,1,1,1
31.jpg,564,668,195,233,1,1,0,0,0,0,0,1,1,1,1,1,1
31.jpg,768,665,166,214,1,1,0,0,0,0,0,1,1,1,1,1,1
31.jpg,943,654,153,203,0,0,0,0,0,0,0,1,1,1,1,1,1
31.jpg,1107,682,140,170,0,0,0,0,0,0,0,1,1,1,1,1,1
31.jpg,1261,657,143,223,0,0,0,0,0,0,0,1,1,1,1,1,1
31.jpg,1415,665,142,261,2,1,1,0,0,0,0,1,1,1,1,1,1
31.jpg,1551,720,87,199,2,1,1,0,0,0,0,1,1,1,1,1,1
208.jpg,857,401,150,204,1,1,0,0,0,0,0,1,1,1,1,1,1
208.jpg,742,409,126,201,1,1,0,0,0,0,0,1,1,1,1,1,1
208.jpg,1007,402,101,193,1,1,0,0,0,0,0,1,1,1,1,1,1
208.jpg,967,568,81,186,0,0,0,0,0,0,0,1,1,1,1,1,1
208.jpg,926,594,60,117,0,0,0,0,0,0,0,1,1,1,1,1,1
208.jpg,845,577,74,141,1,1,0,0,0,0,0,1,1,1,1,1,1
143.jpg,180,819,311,310,4,1,1,1,1,0,0,1,1,1,1,1,1
143.jpg,293,555,317,307,4,1,1,1,1,0,0,1,1,1,1,1,1
143.jpg,416,365,265,226,2,1,1,0,0,0,0,1,1,1,1,1,1
143.jpg,525,165,239,261,2,1,1,0,0,0,0,1,1,1,1,1,1
143.jpg,702,94,188,186,1,1,0,0,0,0,0,1,1,1,1,1,1
143.jpg,893,74,172,161,1,1,0,0,0,0,0,1,1,1,1,1,1
143.jpg,1062,54,194,147,1,1,0,0,0,0,0,1,1,1,1,1,1
143.jpg,1226,36,162,156,1,1,0,0,0,0,0,1,1,1,1,1,1
143.jpg,1271,180,182,173,0,0,0,0,0,0,0,1,1,1,1,1,1
143.jpg,1348,269,204,220,0,0,0,0,0,0,0,1,1,1,1,1,1
143.jpg,1513,354,223,240,1,1,0,0,0,0,0,1,1,1,1,1,1
143.jpg,1465,598,255,226,0,0,0,0,0,0,0,1,1,1,1,1,1
143.jpg,1451,809,321,292,4,1,1,1,1,0,0,1,1,1,1,1,1
143.jpg,1467,1089,318,175,1,1,0,0,0,0,0,1,1,1,1,1,1
136.jpg,112,551,145,136,1,1,0,0,0,0,0,1,1,1,1,1,1
136.jpg,13,623,168,259,1,1,0,0,0,0,0,1,1,1,1,1,1
136.jpg,189,562,211,235,2,1,1,0,0,0,0,1,1,1,1,1,1
136.jpg,403,586,199,199,0,0,0,0,0,0,0,1,1,1,1,1,1
136.jpg,604,590,201,199,0,0,0,0,0,0,0,1,1,1,1,1,1
136.jpg,803,562,241,266,2,1,1,0,0,0,0,1,1,1,1,1,1
136.jpg,1052,594,240,287,0,0,0,0,0,0,0,1,1,1,1,1,1
136.jpg,1280,690,247,239,1,1,0,0,0,0,0,1,1,1,1,1,1
136.jpg,1331,526,277,224,1,1,0,0,0,0,0,1,1,1,1,1,1
136.jpg,1493,687,207,141,1,1,0,0,0,0,0,1,1,1,1,1,1
136.jpg,1614,593,267,113,3,1,1,1,0,0,0,1,1,1,1,1,1
136.jpg,977,529,175,128,0,0,0,0,0,0,0,1,1,1,1,1,1
136.jpg,1181,486,201,252,0,0,0,0,0,0,0,1,1,1,1,1,1
205.jpg,212,861,304,240,3,1,1,1,0,0,0,1,1,1,1,1,1
205.jpg,316,672,306,296,4,1,1,1,1,0,0,1,1,1,1,1,1
205.jpg,407,559,248,173,2,1,1,0,0,0,0,1,1,1,1,1,1
205.jpg,438,379,239,199,1,1,0,0,0,0,0,1,1,1,1,1,1
205.jpg,487,193,219,200,1,1,0,0,0,0,0,1,1,1,1,1,1
205.jpg,667,131,186,164,0,0,0,0,0,0,0,1,1,1,1,1,1
205.jpg,818,57,234,189,0,0,0,0,0,0,0,1,1,1,1,1,1
205.jpg,1048,45,229,195,0,0,0,0,0,0,0,1,1,1,1,1,1
205.jpg,1212,134,197,176,0,0,0,0,0,0,0,1,1,1,1,1,1
205.jpg,1341,216,195,200,0,0,0,0,0,0,0,1,1,1,1,1,1
205.jpg,1364,411,237,197,2,1,1,0,0,0,0,1,1,1,1,1,1
205.jpg,1390,590,242,162,2,1,1,0,0,0,0,1,1,1,1,1,1
205.jpg,1396,707,298,281,3,1,1,1,0,0,0,1,1,1,1,1,1
205.jpg,1506,880,276,245,3,1,1,1,0,0,0,1,1,1,1,1,1
205.jpg,1557,1082,243,161,4,1,1,1,1,0,0,1,1,1,1,1,1
