image,class_id,class_name,xmin,ymin,xmax,ymax,score
005ba0eb-58.jpg,0,0,315,583,505,717,
005ba0eb-58.jpg,3,3,421,368,698,660,
005ba0eb-58.jpg,2,2,714,413,921,674,
005ba0eb-58.jpg,0,0,513,644,779,800,
005ba0eb-58.jpg,0,0,792,645,1048,883,
005ba0eb-58.jpg,1,1,926,408,1169,693,
005ba0eb-58.jpg,1,1,1063,610,1286,851,
005ba0eb-58.jpg,1,1,1168,374,1439,652,
005ba0eb-58.jpg,1,1,1289,588,1498,852,
005ba0eb-58.jpg,1,1,1432,344,1660,632,
005ba0eb-58.jpg,1,1,1501,594,1665,841,
005ba0eb-58.jpg,0,0,1666,580,1802,808,
005ba0eb-58.jpg,1,1,1654,315,1840,597,
005ba0eb-58.jpg,1,1,1846,327,1966,615,
005ba0eb-58.jpg,0,0,1808,589,1947,784,
005ba0eb-58.jpg,0,0,1960,341,1991,561,
005ba0eb-58.jpg,0,0,339,483,422,562,
024be0a0-237.jpg,1,1,290,495,376,669,
024be0a0-237.jpg,1,1,363,499,478,672,
024be0a0-237.jpg,1,1,288,648,398,747,
024be0a0-237.jpg,1,1,395,658,484,781,
024be0a0-237.jpg,1,1,464,486,621,709,
024be0a0-237.jpg,1,1,468,672,591,819,
024be0a0-237.jpg,1,1,604,459,777,704,
024be0a0-237.jpg,1,1,760,444,997,706,
024be0a0-237.jpg,1,1,993,427,1236,709,
024be0a0-237.jpg,0,0,589,680,736,854,
024be0a0-237.jpg,0,0,739,687,870,809,
024be0a0-237.jpg,1,1,875,690,1004,811,
024be0a0-237.jpg,1,1,1002,685,1149,859,
024be0a0-237.jpg,1,1,1158,677,1292,859,
024be0a0-237.jpg,1,1,1231,438,1407,685,
024be0a0-237.jpg,0,0,1289,632,1456,865,
024be0a0-237.jpg,1,1,1408,425,1549,672,
024be0a0-237.jpg,1,1,1451,645,1574,851,
024be0a0-237.jpg,1,1,1533,470,1668,664,
024be0a0-237.jpg,1,1,1556,652,1655,790,
024be0a0-237.jpg,1,1,1647,487,1721,647,
024be0a0-237.jpg,1,1,1721,486,1808,626,
024be0a0-237.jpg,1,1,1662,615,1786,789,
03e5a7c5-115.jpg,0,0,806,441,980,686,
03e5a7c5-115.jpg,0,0,671,480,843,699,
03e5a7c5-115.jpg,1,1,545,467,690,692,
03e5a7c5-115.jpg,0,0,980,464,1163,694,
03e5a7c5-115.jpg,0,0,1161,459,1324,692,
03e5a7c5-115.jpg,0,0,1306,485,1451,699,
03e5a7c5-115.jpg,0,0,770,671,891,829,
03e5a7c5-115.jpg,0,0,659,694,788,889,
03e5a7c5-115.jpg,0,0,876,681,990,831,
03e5a7c5-115.jpg,0,0,985,689,1109,834,
03e5a7c5-115.jpg,0,0,1111,655,1228,837,
03e5a7c5-115.jpg,0,0,1225,682,1349,873,
03e5a7c5-115.jpg,0,0,575,684,677,814,
03e5a7c5-115.jpg,0,0,519,694,589,775,
03e5a7c5-115.jpg,0,0,359,515,426,594,
03e5a7c5-115.jpg,3,3,369,633,470,720,
03e5a7c5-115.jpg,0,0,423,532,461,651,
03e5a7c5-115.jpg,0,0,461,524,519,671,
03e5a7c5-115.jpg,0,0,518,537,552,668,
03e5a7c5-115.jpg,0,0,472,687,535,748,
03e5a7c5-115.jpg,0,0,1431,557,1506,697,
03e5a7c5-115.jpg,1,1,1496,562,1588,699,
03e5a7c5-115.jpg,0,0,1351,694,1449,858,
03e5a7c5-115.jpg,0,0,1444,687,1531,814,
03e5a7c5-115.jpg,0,0,1568,554,1655,692,
03e5a7c5-115.jpg,0,0,1641,528,1718,651,
03e5a7c5-115.jpg,0,0,1606,658,1707,738,
03e5a7c5-115.jpg,0,0,1531,689,1632,785,
03fde12b-182.jpg,0,0,126,535,186,749,
03fde12b-182.jpg,0,0,186,532,237,763,
03fde12b-182.jpg,0,0,220,518,411,797,
03fde12b-182.jpg,0,0,411,497,669,792,
03fde12b-182.jpg,0,0,658,569,865,782,
03fde12b-182.jpg,0,0,856,464,1104,726,
03fde12b-182.jpg,1,1,1094,477,1280,708,
03fde12b-182.jpg,0,0,1248,553,1386,696,
03fde12b-182.jpg,1,1,1364,518,1571,664,
03fde12b-182.jpg,3,3,1279,627,1512,776,
03fde12b-182.jpg,0,0,231,774,280,836,
03fde12b-182.jpg,0,0,280,791,350,874,
03fde12b-182.jpg,0,0,375,770,486,872,
03fde12b-182.jpg,0,0,542,749,657,864,
03fde12b-182.jpg,0,0,697,699,872,882,
03fde12b-182.jpg,0,0,872,672,1092,849,
03fde12b-182.jpg,0,0,1095,676,1286,805,
03fde12b-182.jpg,2,2,1568,450,1696,590,
03fde12b-182.jpg,2,2,1513,579,1691,685,
04da7e02-166.jpg,6,6,440,863,715,1077,
04da7e02-166.jpg,5,5,429,1023,703,1134,
04da7e02-166.jpg,5,5,1547,832,1818,1080,
04da7e02-166.jpg,0,0,578,425,755,623,
04da7e02-166.jpg,0,0,728,366,891,534,
04da7e02-166.jpg,0,0,895,317,1112,529,
04da7e02-166.jpg,0,0,1118,330,1343,508,
04da7e02-166.jpg,0,0,1329,374,1502,534,
04da7e02-166.jpg,1,1,1455,421,1646,634,
04da7e02-166.jpg,2,2,1450,589,1687,774,
04da7e02-166.jpg,2,2,492,733,725,903,
04da7e02-166.jpg,1,1,566,599,816,787,
04da7e02-166.jpg,2,2,1520,723,1749,894,
04da7e02-166.jpg,5,5,1671,959,1877,1134,
04da7e02-166.jpg,0,0,528,1140,574,1191,
04da7e02-166.jpg,0,0,579,1104,730,1234,
04da7e02-166.jpg,0,0,724,1049,904,1217,
04da7e02-166.jpg,0,0,906,1029,1132,1198,
04da7e02-166.jpg,0,0,1136,1037,1363,1190,
04da7e02-166.jpg,0,0,1358,1051,1536,1192,
04da7e02-166.jpg,0,0,1533,1075,1678,1204,
04da7e02-166.jpg,0,0,1648,1116,1706,1205,
04da7e02-166.jpg,0,0,1695,1136,1733,1167,
05d52c36-8.jpg,1,1,1357,295,1657,687,
05d52c36-8.jpg,1,1,1020,349,1369,738,
05d52c36-8.jpg,0,0,712,408,1018,711,
05d52c36-8.jpg,1,1,422,395,715,699,
05d52c36-8.jpg,0,0,147,408,425,680,
05d52c36-8.jpg,1,1,8,444,159,618,
05d52c36-8.jpg,1,1,6,617,215,787,
05d52c36-8.jpg,2,2,178,623,449,862,
05d52c36-8.jpg,2,2,374,685,685,930,
05d52c36-8.jpg,1,1,680,666,948,951,
05d52c36-8.jpg,0,0,957,679,1184,876,
05d52c36-8.jpg,0,0,1184,663,1384,875,
05d52c36-8.jpg,0,0,1386,680,1547,849,
05d52c36-8.jpg,1,1,1663,292,1859,636,
05d52c36-8.jpg,0,0,1866,331,1905,524,
05d52c36-8.jpg,0,0,1909,282,1952,488,
05d52c36-8.jpg,0,0,1556,632,1700,793,
05d52c36-8.jpg,0,0,1701,621,1783,779,
05d52c36-8.jpg,0,0,1780,577,1848,754,
0673003e-105.jpg,0,0,445,640,518,733,
0673003e-105.jpg,0,0,401,680,472,866,
0673003e-105.jpg,0,0,421,706,598,921,
0673003e-105.jpg,0,0,505,556,534,693,
0673003e-105.jpg,0,0,532,596,578,749,
0673003e-105.jpg,0,0,576,585,660,746,
0673003e-105.jpg,0,0,658,576,782,702,
0673003e-105.jpg,0,0,605,687,817,890,
0673003e-105.jpg,0,0,786,554,928,746,
0673003e-105.jpg,0,0,935,556,1098,711,
0673003e-105.jpg,0,0,833,651,1012,835,
0673003e-105.jpg,0,0,1103,520,1289,684,
0673003e-105.jpg,0,0,1014,649,1209,828,
0673003e-105.jpg,0,0,1271,547,1440,675,
0673003e-105.jpg,1,1,1431,563,1685,684,
0673003e-105.jpg,2,2,1510,698,1758,824,
0673003e-105.jpg,1,1,1211,669,1391,824,
0673003e-105.jpg,1,1,1375,671,1526,791,
0a339b03-239.jpg,1,1,190,507,338,599,
0a339b03-239.jpg,1,1,218,602,394,698,
0a339b03-239.jpg,2,2,343,526,521,650,
0a339b03-239.jpg,1,1,518,503,690,695,
0a339b03-239.jpg,2,2,365,639,609,809,
0a339b03-239.jpg,1,1,680,503,870,703,
0a339b03-239.jpg,1,1,605,664,782,824,
0a339b03-239.jpg,1,1,787,658,977,871,
0a339b03-239.jpg,1,1,867,475,1083,736,
0a339b03-239.jpg,0,0,964,675,1174,908,
0a339b03-239.jpg,1,1,1083,468,1303,719,
0a339b03-239.jpg,1,1,1300,438,1537,715,
0a339b03-239.jpg,1,1,1536,421,1741,711,
0a339b03-239.jpg,0,0,1185,656,1335,840,
0a339b03-239.jpg,1,1,1335,672,1470,832,
0a339b03-239.jpg,1,1,1461,691,1615,879,
0a339b03-239.jpg,1,1,1609,707,1695,862,
0a339b03-239.jpg,1,1,1716,446,1824,688,
0a339b03-239.jpg,1,1,1815,446,1909,679,
0a339b03-239.jpg,1,1,1684,675,1803,870,
0a339b03-239.jpg,1,1,1792,695,1823,838,
0b700680-102.jpg,0,0,932,538,1138,733,
0b700680-102.jpg,0,0,1160,505,1358,702,
0b700680-102.jpg,0,0,1036,638,1160,804,
0b700680-102.jpg,0,0,797,600,941,751,
0b700680-102.jpg,1,1,689,602,817,764,
0b700680-102.jpg,1,1,596,611,711,746,
0b700680-102.jpg,1,1,556,640,647,742,
0b700680-102.jpg,1,1,476,629,587,731,
0b700680-102.jpg,2,2,412,620,503,724,
0b700680-102.jpg,1,1,910,709,1032,817,
0b700680-102.jpg,1,1,799,726,904,828,
0b700680-102.jpg,0,0,1355,547,1488,720,
0b700680-102.jpg,0,0,1471,602,1577,751,
0b700680-102.jpg,0,0,1163,691,1289,802,
0b700680-102.jpg,0,0,1298,689,1397,797,
0b700680-102.jpg,0,0,1397,713,1495,868,
0b700680-102.jpg,0,0,689,742,811,850,
0b700680-102.jpg,0,0,642,744,720,828,
0b700680-102.jpg,1,1,450,722,551,791,
0b700680-102.jpg,1,1,525,737,660,826,
0b700680-102.jpg,0,0,1484,737,1564,835,
0b700680-102.jpg,1,1,1557,746,1681,850,
0b700680-102.jpg,0,0,1561,609,1641,713,
0b700680-102.jpg,0,0,1612,631,1681,726,
0b700680-102.jpg,1,1,1654,644,1734,729,
0b700680-102.jpg,1,1,1654,720,1758,824,
0e895a97-203.jpg,1,1,166,354,381,601,
0e895a97-203.jpg,1,1,134,551,370,726,
0e895a97-203.jpg,1,1,373,492,596,698,
0e895a97-203.jpg,1,1,336,671,629,836,
0e895a97-203.jpg,1,1,583,527,738,734,
0e895a97-203.jpg,1,1,698,478,883,749,
0e895a97-203.jpg,0,0,589,717,774,867,
0e895a97-203.jpg,1,1,755,709,970,951,
0e895a97-203.jpg,1,1,865,443,1126,776,
0e895a97-203.jpg,1,1,1126,480,1381,785,
0e895a97-203.jpg,1,1,977,695,1185,967,
0e895a97-203.jpg,0,0,1195,754,1394,957,
0e895a97-203.jpg,1,1,1365,464,1670,809,
0e895a97-203.jpg,1,1,1649,494,1925,808,
0e895a97-203.jpg,0,0,1404,768,1582,957,
0e895a97-203.jpg,1,1,1587,773,1751,902,
0e895a97-203.jpg,0,0,1915,562,1988,785,
0e895a97-203.jpg,0,0,1765,782,1904,852,
0f593e7b-175.jpg,0,0,366,499,499,618,
0f593e7b-175.jpg,0,0,370,604,503,687,
0f593e7b-175.jpg,0,0,475,369,713,620,
0f593e7b-175.jpg,0,0,518,604,635,669,
0f593e7b-175.jpg,0,0,691,603,797,668,
0f593e7b-175.jpg,0,0,706,379,951,643,
0f593e7b-175.jpg,0,0,947,363,1167,607,
0f593e7b-175.jpg,0,0,840,567,966,702,
0f593e7b-175.jpg,0,0,976,564,1139,700,
0f593e7b-175.jpg,0,0,1148,356,1375,613,
0f593e7b-175.jpg,1,1,1345,408,1496,614,
0f593e7b-175.jpg,0,0,1142,574,1332,766,
0f593e7b-175.jpg,0,0,1322,577,1455,756,
0f593e7b-175.jpg,0,0,1453,473,1556,605,
0f593e7b-175.jpg,3,3,1425,577,1621,751,
0f593e7b-175.jpg,1,1,1536,453,1690,590,
0f593e7b-175.jpg,3,3,1592,541,1770,650,
0f593e7b-175.jpg,0,0,1685,430,1796,555,
0fdf53de-130.jpg,2,2,485,695,678,875,
0fdf53de-130.jpg,2,2,665,727,885,915,
0fdf53de-130.jpg,1,1,1087,539,1285,764,
0fdf53de-130.jpg,2,2,493,533,636,707,
0fdf53de-130.jpg,1,1,648,545,784,729,
0fdf53de-130.jpg,2,2,768,540,912,734,
0fdf53de-130.jpg,1,1,901,532,1084,770,
0fdf53de-130.jpg,1,1,841,732,1006,958,
0fdf53de-130.jpg,1,1,1004,713,1180,943,
0fdf53de-130.jpg,1,1,1286,518,1520,785,
0fdf53de-130.jpg,0,0,1180,733,1351,925,
0fdf53de-130.jpg,0,0,1345,773,1494,905,
0fdf53de-130.jpg,2,2,1517,516,1717,779,
0fdf53de-130.jpg,2,2,1628,738,1748,930,
0fdf53de-130.jpg,0,0,1498,762,1627,920,
0fdf53de-130.jpg,2,2,1712,538,1841,749,
0fdf53de-130.jpg,2,2,1812,501,1907,747,
0fdf53de-130.jpg,2,2,1735,735,1828,945,
0fdf53de-130.jpg,2,2,1814,741,1882,893,
100f6601-144.jpg,2,2,79,348,201,534,
100f6601-144.jpg,2,2,199,435,294,692,
100f6601-144.jpg,1,1,268,480,413,718,
100f6601-144.jpg,1,1,392,472,611,760,
100f6601-144.jpg,1,1,607,506,791,743,
100f6601-144.jpg,1,1,747,450,1025,767,
100f6601-144.jpg,2,2,408,706,607,916,
100f6601-144.jpg,2,2,612,719,770,846,
100f6601-144.jpg,2,2,770,736,913,812,
100f6601-144.jpg,2,2,943,711,1035,788,
100f6601-144.jpg,1,1,1023,439,1283,737,
100f6601-144.jpg,2,2,1037,726,1156,799,
100f6601-144.jpg,2,2,1176,713,1294,769,
100f6601-144.jpg,1,1,1284,449,1481,722,
100f6601-144.jpg,2,2,1290,702,1474,841,
100f6601-144.jpg,1,1,1474,441,1679,699,
100f6601-144.jpg,0,0,1633,453,1753,698,
100f6601-144.jpg,2,2,1495,670,1648,808,
100f6601-144.jpg,2,2,1665,585,1786,736,
100f6601-144.jpg,2,2,1757,520,1836,631,
100f6601-144.jpg,2,2,1801,341,1850,506,
100f6601-144.jpg,2,2,1760,379,1809,493,
1283b80b-164.jpg,0,0,329,492,440,645,
1283b80b-164.jpg,1,1,435,422,584,663,
1283b80b-164.jpg,0,0,578,460,776,672,
1283b80b-164.jpg,0,0,371,614,425,689,
1283b80b-164.jpg,1,1,426,613,560,751,
1283b80b-164.jpg,0,0,570,660,667,713,
1283b80b-164.jpg,0,0,670,649,791,748,
1283b80b-164.jpg,0,0,779,489,975,693,
1283b80b-164.jpg,0,0,792,689,894,731,
1283b80b-164.jpg,0,0,946,663,1029,727,
1283b80b-164.jpg,0,0,977,483,1124,680,
1283b80b-164.jpg,2,2,1038,586,1179,795,
1283b80b-164.jpg,0,0,1130,457,1276,673,
1283b80b-164.jpg,0,0,1161,640,1215,743,
1283b80b-164.jpg,0,0,1262,507,1369,662,
1283b80b-164.jpg,0,0,1353,519,1431,645,
1283b80b-164.jpg,0,0,1223,659,1359,807,
1283b80b-164.jpg,0,0,1425,515,1468,581,
1283b80b-164.jpg,0,0,1264,506,1299,635,
137dcfeb-184.jpg,2,2,440,261,684,515,
137dcfeb-184.jpg,3,3,402,116,616,304,
137dcfeb-184.jpg,1,1,523,480,722,650,
137dcfeb-184.jpg,2,2,577,639,788,814,
137dcfeb-184.jpg,2,2,770,912,937,1085,
137dcfeb-184.jpg,2,2,1391,678,1594,854,
137dcfeb-184.jpg,0,0,662,786,821,967,
137dcfeb-184.jpg,0,0,895,987,1089,1158,
137dcfeb-184.jpg,1,1,1093,985,1274,1170,
137dcfeb-184.jpg,1,1,1220,905,1381,1062,
137dcfeb-184.jpg,1,1,1353,818,1515,998,
137dcfeb-184.jpg,1,1,1396,523,1602,695,
137dcfeb-184.jpg,4,4,1493,116,1711,342,
137dcfeb-184.jpg,3,3,1404,286,1654,539,
15b3a4f0-282.jpg,1,1,5,577,76,822,
15b3a4f0-282.jpg,2,2,81,512,321,819,
15b3a4f0-282.jpg,2,2,311,475,596,796,
15b3a4f0-282.jpg,1,1,578,482,808,765,
15b3a4f0-282.jpg,1,1,782,537,1004,804,
15b3a4f0-282.jpg,1,1,975,480,1200,738,
15b3a4f0-282.jpg,1,1,432,775,555,850,
15b3a4f0-282.jpg,0,0,308,781,393,818,
15b3a4f0-282.jpg,0,0,591,743,714,800,
15b3a4f0-282.jpg,1,1,728,750,891,832,
15b3a4f0-282.jpg,1,1,901,670,1138,942,
15b3a4f0-282.jpg,2,2,1126,589,1260,769,
15b3a4f0-282.jpg,2,2,1121,757,1209,883,
15b3a4f0-282.jpg,2,2,1238,603,1420,766,
15b3a4f0-282.jpg,2,2,1192,750,1407,901,
15b3a4f0-282.jpg,2,2,1395,591,1561,741,
15b3a4f0-282.jpg,2,2,1369,715,1554,856,
1628e530-248.jpg,2,2,105,1058,376,1284,
1628e530-248.jpg,3,3,143,849,475,1160,
1628e530-248.jpg,1,1,306,752,596,957,
1628e530-248.jpg,1,1,260,518,540,763,
1628e530-248.jpg,0,0,401,330,636,578,
1628e530-248.jpg,0,0,562,236,806,456,
1628e530-248.jpg,0,0,757,155,1021,387,
1628e530-248.jpg,0,0,1029,180,1306,387,
1628e530-248.jpg,0,0,1228,298,1469,497,
1628e530-248.jpg,0,0,1386,405,1620,658,
1628e530-248.jpg,0,0,1432,628,1732,859,
1628e530-248.jpg,0,0,1369,812,1665,1040,
1628e530-248.jpg,2,2,1498,942,1807,1254,
1726933b-15.jpg,0,0,250,645,470,859,
1726933b-15.jpg,0,0,357,817,562,1034,
1726933b-15.jpg,0,0,551,956,730,1126,
1726933b-15.jpg,0,0,717,1051,859,1174,
1726933b-15.jpg,0,0,1044,1067,1214,1187,
1726933b-15.jpg,0,0,1185,977,1345,1165,
1726933b-15.jpg,1,1,1311,843,1512,1063,
1726933b-15.jpg,1,1,1469,746,1674,980,
1726933b-15.jpg,1,1,1498,480,1819,803,
1726933b-15.jpg,1,1,1631,233,1956,537,
1726933b-15.jpg,3,3,65,78,381,373,
1726933b-15.jpg,2,2,127,346,464,671,
1726933b-15.jpg,0,0,1792,83,1944,228,
1a972cce-219.jpg,1,1,69,362,147,618,
1a972cce-219.jpg,2,2,140,366,244,672,
1a972cce-219.jpg,3,3,204,397,317,688,
1a972cce-219.jpg,3,3,327,368,440,674,
1a972cce-219.jpg,1,1,449,323,602,636,
1a972cce-219.jpg,1,1,108,629,194,822,
1a972cce-219.jpg,2,2,196,660,319,908,
1a972cce-219.jpg,1,1,309,660,427,967,
1a972cce-219.jpg,2,2,417,620,542,891,
1a972cce-219.jpg,2,2,532,615,682,965,
1a972cce-219.jpg,1,1,599,355,798,607,
1a972cce-219.jpg,1,1,757,358,1028,652,
1a972cce-219.jpg,3,3,679,621,852,899,
1a972cce-219.jpg,3,3,857,647,997,899,
1a972cce-219.jpg,3,3,996,636,1152,911,
1a972cce-219.jpg,1,1,1029,349,1279,648,
1a972cce-219.jpg,2,2,1133,626,1276,903,
1a972cce-219.jpg,3,3,1278,368,1475,618,
1a972cce-219.jpg,2,2,1467,333,1658,639,
1a972cce-219.jpg,3,3,1275,607,1463,913,
1a972cce-219.jpg,2,2,1434,601,1564,883,
1a972cce-219.jpg,2,2,1649,374,1767,679,
1a972cce-219.jpg,3,3,1770,387,1856,656,
1a972cce-219.jpg,3,3,1526,661,1706,921,
1a972cce-219.jpg,3,3,1854,370,1886,574,
1a972cce-219.jpg,2,2,1705,661,1831,832,
1a972cce-219.jpg,2,2,1832,566,1889,746,
1a972cce-219.jpg,2,2,1881,323,1940,553,
1ab9d8be-30.jpg,4,4,96,5,398,185,
1ab9d8be-30.jpg,3,3,143,174,475,491,
1ab9d8be-30.jpg,2,2,274,443,550,750,
1ab9d8be-30.jpg,2,2,403,699,625,950,
1ab9d8be-30.jpg,2,2,542,870,730,1104,
1ab9d8be-30.jpg,2,2,719,957,902,1153,
1ab9d8be-30.jpg,1,1,1067,967,1224,1173,
1ab9d8be-30.jpg,2,2,1227,922,1388,1138,
1ab9d8be-30.jpg,2,2,1365,836,1569,1069,
1ab9d8be-30.jpg,1,1,900,980,1056,1177,
1ab9d8be-30.jpg,4,4,1641,3,1928,163,
1ab9d8be-30.jpg,2,2,1455,644,1686,892,
1ab9d8be-30.jpg,2,2,1531,405,1805,703,
1ab9d8be-30.jpg,2,2,1579,140,1889,443,
1acfb1d2-64.jpg,2,2,715,80,953,292,
1acfb1d2-64.jpg,2,2,948,116,1188,303,
1acfb1d2-64.jpg,2,2,1181,177,1375,339,
1acfb1d2-64.jpg,2,2,559,194,779,373,
1acfb1d2-64.jpg,1,1,360,486,586,674,
1acfb1d2-64.jpg,1,1,317,669,575,854,
1acfb1d2-64.jpg,2,2,234,827,562,1136,
1acfb1d2-64.jpg,2,2,153,1063,444,1294,
1acfb1d2-64.jpg,1,1,413,274,637,495,
1acfb1d2-64.jpg,1,1,1310,285,1513,484,
1acfb1d2-64.jpg,1,1,1375,487,1612,675,
1acfb1d2-64.jpg,1,1,1434,653,1666,849,
1acfb1d2-64.jpg,3,3,1462,808,1764,1118,
1acfb1d2-64.jpg,2,2,1563,1026,1851,1284,
1cec23d6-9.jpg,5,5,30,16,360,331,
1cec23d6-9.jpg,0,0,226,460,449,715,
1cec23d6-9.jpg,0,0,328,626,566,914,
1cec23d6-9.jpg,0,0,489,808,704,1034,
1cec23d6-9.jpg,0,0,607,924,806,1106,
1cec23d6-9.jpg,0,0,793,975,954,1142,
1cec23d6-9.jpg,0,0,959,977,1120,1150,
1cec23d6-9.jpg,0,0,1107,945,1302,1109,
1cec23d6-9.jpg,0,0,1255,844,1456,1080,
1cec23d6-9.jpg,0,0,1426,736,1652,977,
1cec23d6-9.jpg,1,1,1447,550,1671,752,
1cec23d6-9.jpg,3,3,1475,261,1848,615,
1cec23d6-9.jpg,1,1,1595,5,1940,309,
1d032251-191.jpg,0,0,127,368,196,572,
1d032251-191.jpg,0,0,186,397,253,585,
1d032251-191.jpg,4,4,239,406,360,639,
1d032251-191.jpg,4,4,513,368,707,629,
1d032251-191.jpg,4,4,1281,397,1482,647,
1d032251-191.jpg,4,4,1658,370,1800,626,
1d032251-191.jpg,4,4,1794,350,1896,575,
1d032251-191.jpg,1,1,346,355,561,660,
1d032251-191.jpg,1,1,166,585,296,750,
1d032251-191.jpg,1,1,301,632,401,776,
1d032251-191.jpg,1,1,376,637,558,836,
1d032251-191.jpg,1,1,558,610,717,851,
1d032251-191.jpg,4,4,706,307,1004,652,
1d032251-191.jpg,4,4,996,333,1290,653,
1d032251-191.jpg,0,0,717,637,905,816,
1d032251-191.jpg,0,0,905,642,1077,817,
1d032251-191.jpg,0,0,1072,639,1252,838,
1d032251-191.jpg,1,1,1246,640,1423,816,
1d032251-191.jpg,1,1,1421,632,1595,812,
1d032251-191.jpg,2,2,1475,323,1684,648,
1d032251-191.jpg,1,1,1584,591,1741,765,
1d032251-191.jpg,1,1,1746,551,1921,795,
1d032251-191.jpg,2,2,1885,258,1988,483,
1d2efdc8-14.jpg,0,0,637,97,754,215,
1d2efdc8-14.jpg,0,0,779,43,964,210,
1d2efdc8-14.jpg,0,0,999,21,1187,210,
1d2efdc8-14.jpg,0,0,1187,61,1381,276,
1d2efdc8-14.jpg,0,0,435,158,636,341,
1d2efdc8-14.jpg,0,0,339,303,535,473,
1d2efdc8-14.jpg,0,0,239,425,472,609,
1d2efdc8-14.jpg,1,1,1318,183,1501,373,
1d2efdc8-14.jpg,0,0,1378,341,1564,527,
1d2efdc8-14.jpg,0,0,118,1074,392,1297,
1d2efdc8-14.jpg,3,3,1408,511,1687,806,
1d2efdc8-14.jpg,1,1,137,822,413,1079,
1d2efdc8-14.jpg,1,1,1517,742,1776,1024,
1d2efdc8-14.jpg,3,3,156,569,433,851,
1e1b26b1-246.jpg,1,1,220,403,464,653,
1e1b26b1-246.jpg,1,1,236,637,503,836,
1e1b26b1-246.jpg,0,0,457,691,669,862,
1e1b26b1-246.jpg,1,1,435,456,683,733,
1e1b26b1-246.jpg,1,1,626,395,868,719,
1e1b26b1-246.jpg,0,0,601,687,848,930,
1e1b26b1-246.jpg,1,1,763,685,1036,1036,
1e1b26b1-246.jpg,1,1,863,394,1149,704,
1e1b26b1-246.jpg,0,0,1016,672,1257,962,
1e1b26b1-246.jpg,0,0,1128,335,1469,709,
1e1b26b1-246.jpg,0,0,1462,347,1810,719,
1e1b26b1-246.jpg,0,0,1244,690,1474,965,
1e1b26b1-246.jpg,0,0,1455,664,1681,959,
1e1b26b1-246.jpg,0,0,1679,647,1856,921,
1e1b26b1-246.jpg,1,1,1786,366,1985,679,
1e1b26b1-246.jpg,1,1,1850,645,1988,965,
1f0c7ba1-68.jpg,0,0,722,473,1000,790,
1f0c7ba1-68.jpg,0,0,989,395,1267,736,
1f0c7ba1-68.jpg,0,0,508,502,728,777,
1f0c7ba1-68.jpg,0,0,363,508,526,776,
1f0c7ba1-68.jpg,0,0,292,564,384,749,
1f0c7ba1-68.jpg,0,0,239,564,304,722,
1f0c7ba1-68.jpg,0,0,166,553,255,715,
1f0c7ba1-68.jpg,0,0,84,484,166,650,
1f0c7ba1-68.jpg,1,1,159,706,280,806,
1f0c7ba1-68.jpg,0,0,260,750,341,849,
1f0c7ba1-68.jpg,0,0,333,758,462,894,
1f0c7ba1-68.jpg,0,0,472,755,612,921,
1f0c7ba1-68.jpg,0,0,640,755,787,926,
1f0c7ba1-68.jpg,0,0,827,763,989,929,
1f0c7ba1-68.jpg,0,0,1012,730,1157,924,
1f0c7ba1-68.jpg,0,0,1174,711,1329,883,
1f0c7ba1-68.jpg,0,0,1259,437,1456,709,
1f0c7ba1-68.jpg,1,1,1455,419,1638,711,
1f0c7ba1-68.jpg,1,1,1346,626,1517,930,
1f0c7ba1-68.jpg,0,0,1517,709,1663,894,
1f0c7ba1-68.jpg,0,0,1609,473,1709,706,
1f0c7ba1-68.jpg,0,0,1617,698,1703,836,
1f0c7ba1-68.jpg,0,0,1687,518,1768,695,
1f0c7ba1-68.jpg,0,0,1687,690,1815,827,
1f0c7ba1-68.jpg,0,0,1741,500,1846,679,
1f0c7ba1-68.jpg,0,0,1834,467,1952,626,
1f0c7ba1-68.jpg,0,0,1794,640,1913,742,
20635337-63.jpg,4,4,24,977,378,1265,
20635337-63.jpg,3,3,86,660,429,981,
20635337-63.jpg,1,1,201,473,515,687,
20635337-63.jpg,1,1,315,279,562,499,
20635337-63.jpg,0,0,473,142,690,341,
20635337-63.jpg,1,1,623,64,819,241,
20635337-63.jpg,1,1,811,14,981,198,
20635337-63.jpg,1,1,989,24,1158,190,
20635337-63.jpg,1,1,1161,32,1357,213,
20635337-63.jpg,1,1,1282,96,1493,293,
20635337-63.jpg,0,0,1418,234,1666,449,
20635337-63.jpg,1,1,1491,427,1752,650,
20635337-63.jpg,3,3,1549,626,1888,940,
20635337-63.jpg,4,4,1600,911,1955,1228,
236480b3-32.jpg,2,2,413,515,636,717,
236480b3-32.jpg,2,2,212,473,421,661,
236480b3-32.jpg,2,2,247,682,529,816,
236480b3-32.jpg,2,2,623,532,762,731,
236480b3-32.jpg,2,2,503,722,738,879,
236480b3-32.jpg,2,2,763,478,980,754,
236480b3-32.jpg,2,2,911,730,1145,993,
236480b3-32.jpg,2,2,986,456,1252,744,
236480b3-32.jpg,2,2,1424,707,1647,985,
236480b3-32.jpg,2,2,1150,709,1421,1005,
236480b3-32.jpg,2,2,734,742,914,929,
236480b3-32.jpg,1,1,1520,409,1874,768,
236480b3-32.jpg,1,1,1267,454,1513,736,
236480b3-32.jpg,0,0,1650,760,1831,956,
236480b3-32.jpg,0,0,1826,779,1969,967,
236480b3-32.jpg,1,1,1853,419,1996,781,
23d7d71d-121.jpg,0,0,7,378,338,658,
23d7d71d-121.jpg,0,0,338,320,702,667,
23d7d71d-121.jpg,0,0,693,315,1000,625,
23d7d71d-121.jpg,0,0,5,651,36,809,
23d7d71d-121.jpg,0,0,36,655,167,882,
23d7d71d-121.jpg,0,0,158,635,380,942,
23d7d71d-121.jpg,0,0,393,656,627,940,
23d7d71d-121.jpg,0,0,620,622,876,900,
23d7d71d-121.jpg,0,0,1005,327,1295,615,
23d7d71d-121.jpg,0,0,900,593,1165,885,
23d7d71d-121.jpg,0,0,1302,356,1551,580,
23d7d71d-121.jpg,0,0,1165,558,1418,811,
23d7d71d-121.jpg,0,0,1549,355,1749,553,
23d7d71d-121.jpg,0,0,1389,544,1616,773,
23d7d71d-121.jpg,1,1,1742,316,1938,473,
23d7d71d-121.jpg,0,0,1860,324,1989,529,
23d7d71d-121.jpg,0,0,1582,475,1898,658,
25848956-23.jpg,3,3,1290,484,1549,671,
25848956-23.jpg,3,3,1322,623,1614,822,
25848956-23.jpg,0,0,59,456,108,601,
25848956-23.jpg,1,1,76,607,182,843,
25848956-23.jpg,0,0,86,347,271,637,
25848956-23.jpg,0,0,264,338,593,648,
25848956-23.jpg,0,0,182,629,341,916,
25848956-23.jpg,0,0,591,354,980,642,
25848956-23.jpg,0,0,343,607,553,946,
25848956-23.jpg,0,0,550,617,790,942,
25848956-23.jpg,0,0,795,618,1077,945,
25848956-23.jpg,0,0,980,363,1341,672,
25848956-23.jpg,3,3,1080,626,1318,820,
25848956-23.jpg,4,4,1808,347,1991,508,
25848956-23.jpg,2,2,1542,425,1802,589,
25848956-23.jpg,1,1,1590,492,1917,699,
25cc2c51-280.jpg,1,1,545,453,725,685,
25cc2c51-280.jpg,1,1,599,608,811,830,
25cc2c51-280.jpg,2,2,719,408,955,662,
25cc2c51-280.jpg,1,1,789,603,941,754,
25cc2c51-280.jpg,2,2,937,440,1058,680,
25cc2c51-280.jpg,1,1,1049,425,1165,704,
25cc2c51-280.jpg,1,1,1143,433,1231,685,
25cc2c51-280.jpg,1,1,1054,684,1103,764,
25cc2c51-280.jpg,1,1,1107,693,1139,747,
25cc2c51-280.jpg,1,1,957,638,1047,734,
25cc2c51-280.jpg,1,1,1207,471,1262,668,
25e14a52-265.jpg,1,1,61,919,433,1286,
25e14a52-265.jpg,1,1,174,722,495,977,
25e14a52-265.jpg,1,1,271,505,580,760,
25e14a52-265.jpg,1,1,546,221,800,443,
25e14a52-265.jpg,1,1,758,124,1039,384,
25e14a52-265.jpg,1,1,1039,139,1314,387,
25e14a52-265.jpg,1,1,1270,247,1526,430,
25e14a52-265.jpg,1,1,1434,373,1684,607,
25e14a52-265.jpg,2,2,1451,581,1764,840,
25e14a52-265.jpg,1,1,1536,820,1837,1055,
25e14a52-265.jpg,2,2,1560,1024,1899,1297,
25f69e77-229.jpg,1,1,92,953,429,1230,
25f69e77-229.jpg,3,3,191,661,540,988,
25f69e77-229.jpg,1,1,284,475,586,707,
25f69e77-229.jpg,0,0,354,293,620,531,
25f69e77-229.jpg,0,0,472,127,669,363,
25f69e77-229.jpg,0,0,637,174,833,368,
25f69e77-229.jpg,0,0,822,180,997,346,
25f69e77-229.jpg,0,0,996,158,1165,333,
25f69e77-229.jpg,0,0,1157,170,1354,357,
25f69e77-229.jpg,0,0,1346,159,1544,414,
25f69e77-229.jpg,1,1,1440,293,1686,535,
25f69e77-229.jpg,0,0,1467,476,1730,714,
25f69e77-229.jpg,3,3,1472,656,1819,988,
25f69e77-229.jpg,2,2,1596,938,1904,1201,
25f69e77-229.jpg,3,3,1714,1155,1925,1282,
27b9908b-255.jpg,0,0,56,488,182,602,
27b9908b-255.jpg,1,1,48,599,169,683,
27b9908b-255.jpg,0,0,142,644,276,782,
27b9908b-255.jpg,0,0,150,515,256,666,
27b9908b-255.jpg,0,0,239,468,373,679,
27b9908b-255.jpg,0,0,374,462,556,728,
27b9908b-255.jpg,1,1,424,688,620,844,
27b9908b-255.jpg,1,1,553,472,752,715,
27b9908b-255.jpg,0,0,279,648,416,841,
27b9908b-255.jpg,0,0,749,458,1013,751,
27b9908b-255.jpg,1,1,614,664,772,837,
27b9908b-255.jpg,0,0,815,738,961,835,
27b9908b-255.jpg,0,0,1052,449,1316,740,
27b9908b-255.jpg,1,1,1112,729,1262,815,
27b9908b-255.jpg,1,1,1305,443,1493,690,
27b9908b-255.jpg,1,1,1277,670,1461,829,
27b9908b-255.jpg,0,0,1485,446,1641,711,
27b9908b-255.jpg,1,1,1619,482,1742,680,
27b9908b-255.jpg,0,0,1453,679,1628,889,
27b9908b-255.jpg,0,0,1596,639,1719,825,
27b9908b-255.jpg,2,2,1683,641,1822,781,
27b9908b-255.jpg,1,1,1724,510,1819,664,
27b9908b-255.jpg,1,1,1808,487,1897,621,
27b9908b-255.jpg,0,0,1793,622,1843,689,
27da6333-278.jpg,1,1,185,32,499,319,
27da6333-278.jpg,2,2,264,293,570,620,
27da6333-278.jpg,1,1,290,583,561,843,
27da6333-278.jpg,0,0,374,787,596,1023,
27da6333-278.jpg,0,0,484,975,677,1150,
27da6333-278.jpg,1,1,660,985,840,1153,
27da6333-278.jpg,1,1,754,1064,948,1209,
27da6333-278.jpg,0,0,1034,980,1231,1153,
27da6333-278.jpg,1,1,1212,986,1410,1185,
27da6333-278.jpg,4,4,1349,836,1584,1091,
27da6333-278.jpg,1,1,1412,645,1678,881,
27da6333-278.jpg,2,2,1448,387,1765,709,
27da6333-278.jpg,3,3,1576,96,1893,440,
27da6333-278.jpg,1,1,899,1026,1064,1196,
2ad7a994-114.jpg,3,3,16,897,297,1041,
2ad7a994-114.jpg,3,3,7,625,363,902,
2ad7a994-114.jpg,2,2,98,461,403,664,
2ad7a994-114.jpg,0,0,200,271,481,510,
2ad7a994-114.jpg,0,0,365,106,616,373,
2ad7a994-114.jpg,0,0,562,31,784,246,
2ad7a994-114.jpg,0,0,776,5,1001,183,
2ad7a994-114.jpg,0,0,1038,5,1263,160,
2ad7a994-114.jpg,0,0,1253,8,1463,223,
2ad7a994-114.jpg,0,0,1406,77,1657,331,
2ad7a994-114.jpg,1,1,1513,218,1783,482,
2ad7a994-114.jpg,1,1,1571,390,1870,626,
2ad7a994-114.jpg,2,2,1591,561,1972,875,
2ad7a994-114.jpg,0,0,293,1232,458,1297,
2ad7a994-114.jpg,0,0,464,1207,668,1292,
2ad7a994-114.jpg,0,0,671,1179,904,1298,
2ad7a994-114.jpg,0,0,908,1150,1155,1293,
2ad7a994-114.jpg,0,0,1198,1137,1447,1293,
2ad7a994-114.jpg,0,0,191,1271,288,1292,
2ad7a994-114.jpg,3,3,10,1227,183,1297,
2ad7a994-114.jpg,0,0,1438,1119,1645,1293,
2ad7a994-114.jpg,0,0,1645,1096,1835,1293,
2ad7a994-114.jpg,0,0,1801,1117,1979,1289,
2ad7a994-114.jpg,0,0,1902,1132,1993,1285,
2ad7a994-114.jpg,3,3,1781,1047,1999,1177,
2b975f8c-52.jpg,1,1,726,83,996,288,
2b975f8c-52.jpg,1,1,553,210,779,441,
2b975f8c-52.jpg,0,0,1010,32,1259,261,
2b975f8c-52.jpg,0,0,395,330,602,569,
2b975f8c-52.jpg,1,1,298,551,574,782,
2b975f8c-52.jpg,1,1,206,752,511,975,
2b975f8c-52.jpg,3,3,172,956,513,1284,
2b975f8c-52.jpg,1,1,1201,170,1431,376,
2b975f8c-52.jpg,0,0,1404,287,1633,503,
2b975f8c-52.jpg,0,0,1485,491,1741,719,
2b975f8c-52.jpg,0,0,1533,715,1826,927,
2b975f8c-52.jpg,3,3,1529,918,1875,1243,
2bfaa34c-259.jpg,1,1,59,908,368,1230,
2bfaa34c-259.jpg,1,1,164,738,440,948,
2bfaa34c-259.jpg,1,1,260,566,529,785,
2bfaa34c-259.jpg,0,0,398,392,612,609,
2bfaa34c-259.jpg,0,0,540,290,739,443,
2bfaa34c-259.jpg,0,0,736,212,981,373,
2bfaa34c-259.jpg,0,0,1020,201,1281,379,
2bfaa34c-259.jpg,0,0,1275,282,1485,424,
2bfaa34c-259.jpg,0,0,1418,386,1641,594,
2bfaa34c-259.jpg,1,1,1482,546,1756,768,
2bfaa34c-259.jpg,1,1,1584,725,1835,922,
2bfaa34c-259.jpg,2,2,1598,865,1907,1181,
2f7babeb-117.jpg,4,4,548,500,636,576,
2f7babeb-117.jpg,4,4,548,570,662,684,
2f7babeb-117.jpg,2,2,625,478,816,619,
2f7babeb-117.jpg,1,1,660,605,879,721,
2f7babeb-117.jpg,1,1,813,466,975,633,
2f7babeb-117.jpg,1,1,865,606,1035,760,
2f7babeb-117.jpg,1,1,969,465,1138,641,
2f7babeb-117.jpg,0,0,1116,408,1307,651,
2f7babeb-117.jpg,1,1,1028,597,1212,786,
2f7babeb-117.jpg,0,0,1184,610,1370,839,
2f7babeb-117.jpg,0,0,1308,404,1485,641,
2f7babeb-117.jpg,0,0,1457,373,1645,608,
2f7babeb-117.jpg,1,1,1357,634,1440,756,
2f7babeb-117.jpg,0,0,1435,568,1562,764,
2f7babeb-117.jpg,0,0,1534,602,1642,757,
2f7babeb-117.jpg,0,0,1620,372,1735,612,
2f7babeb-117.jpg,1,1,1714,377,1822,587,
2f7babeb-117.jpg,0,0,1773,384,1815,590,
2f7babeb-117.jpg,0,0,1623,612,1671,752,
2f7babeb-117.jpg,0,0,1673,605,1722,749,
304a768a-10.jpg,0,0,996,503,1222,822,
304a768a-10.jpg,0,0,722,483,957,777,
304a768a-10.jpg,2,2,483,446,715,749,
304a768a-10.jpg,1,1,347,513,488,722,
304a768a-10.jpg,1,1,272,531,357,688,
304a768a-10.jpg,1,1,156,532,280,709,
304a768a-10.jpg,1,1,54,516,155,685,
304a768a-10.jpg,0,0,73,679,194,806,
304a768a-10.jpg,0,0,182,682,314,832,
304a768a-10.jpg,0,0,317,682,473,867,
304a768a-10.jpg,0,0,478,691,628,822,
304a768a-10.jpg,0,0,629,648,758,846,
304a768a-10.jpg,0,0,798,739,951,832,
304a768a-10.jpg,0,0,1192,605,1295,809,
304a768a-10.jpg,0,0,1255,502,1389,731,
304a768a-10.jpg,2,2,1397,440,1623,696,
304a768a-10.jpg,2,2,1332,566,1488,816,
304a768a-10.jpg,0,0,1493,636,1682,841,
304a768a-10.jpg,0,0,1628,430,1733,660,
304a768a-10.jpg,0,0,1737,433,1824,617,
304a768a-10.jpg,1,1,1829,429,1912,580,
304a768a-10.jpg,1,1,1781,583,1925,728,
304a768a-10.jpg,0,0,1684,602,1805,773,
304a768a-10.jpg,0,0,1875,540,1988,652,
308f0530-211.jpg,1,1,180,970,440,1228,
308f0530-211.jpg,1,1,236,747,511,1036,
308f0530-211.jpg,1,1,336,593,585,787,
308f0530-211.jpg,0,0,417,421,648,615,
308f0530-211.jpg,0,0,538,255,690,435,
308f0530-211.jpg,0,0,671,184,864,345,
308f0530-211.jpg,0,0,836,111,1054,307,
308f0530-211.jpg,0,0,1054,112,1270,302,
308f0530-211.jpg,0,0,1224,192,1405,365,
308f0530-211.jpg,0,0,1356,304,1537,498,
308f0530-211.jpg,1,1,1373,475,1621,683,
308f0530-211.jpg,1,1,1431,655,1682,843,
308f0530-211.jpg,1,1,1424,829,1710,1104,
308f0530-211.jpg,1,1,1519,1028,1789,1268,
3110e5d1-155.jpg,3,3,119,48,449,298,
3110e5d1-155.jpg,4,4,213,282,556,607,
3110e5d1-155.jpg,0,0,350,551,612,777,
3110e5d1-155.jpg,0,0,382,750,640,981,
3110e5d1-155.jpg,0,0,505,924,717,1136,
3110e5d1-155.jpg,0,0,680,1004,873,1211,
3110e5d1-155.jpg,0,0,840,1056,1028,1249,
3110e5d1-155.jpg,0,0,1015,1045,1190,1230,
3110e5d1-155.jpg,0,0,1182,994,1375,1196,
3110e5d1-155.jpg,0,0,1287,889,1501,1112,
3110e5d1-155.jpg,0,0,1375,706,1625,959,
3110e5d1-155.jpg,5,5,1450,5,1773,264,
3110e5d1-155.jpg,5,5,1466,258,1803,578,
3110e5d1-155.jpg,1,1,1407,513,1668,734,
31921a82-125.jpg,3,3,171,402,383,555,
31921a82-125.jpg,2,2,173,530,420,653,
31921a82-125.jpg,2,2,376,439,623,636,
31921a82-125.jpg,2,2,612,478,857,673,
31921a82-125.jpg,2,2,388,614,688,780,
31921a82-125.jpg,2,2,660,629,913,816,
31921a82-125.jpg,1,1,882,408,1139,700,
31921a82-125.jpg,1,1,1014,624,1224,890,
31921a82-125.jpg,1,1,1152,453,1382,714,
31921a82-125.jpg,1,1,1239,593,1426,842,
31921a82-125.jpg,0,0,1384,431,1635,727,
31921a82-125.jpg,1,1,1632,434,1847,725,
31921a82-125.jpg,0,0,1428,682,1580,837,
31921a82-125.jpg,0,0,1585,703,1708,824,
31921a82-125.jpg,2,2,1876,388,1949,664,
31921a82-125.jpg,0,0,1841,462,1893,687,
31921a82-125.jpg,2,2,1784,694,1866,844,
31921a82-125.jpg,0,0,1716,706,1788,818,
3325a022-38.jpg,1,1,620,414,870,693,
3325a022-38.jpg,1,1,883,468,1131,757,
3325a022-38.jpg,1,1,417,483,636,696,
3325a022-38.jpg,0,0,228,449,417,629,
3325a022-38.jpg,0,0,309,613,558,773,
3325a022-38.jpg,0,0,99,591,362,719,
3325a022-38.jpg,0,0,529,629,752,843,
3325a022-38.jpg,0,0,29,427,228,589,
3325a022-38.jpg,1,1,1134,424,1450,739,
3325a022-38.jpg,0,0,766,589,993,835,
3325a022-38.jpg,0,0,1036,671,1187,820,
3325a022-38.jpg,0,0,1211,715,1376,891,
3325a022-38.jpg,0,0,1399,674,1513,848,
3325a022-38.jpg,0,0,1510,696,1585,805,
3325a022-38.jpg,0,0,1571,698,1760,867,
3325a022-38.jpg,1,1,1694,430,1781,709,
3325a022-38.jpg,1,1,1764,386,1878,650,
3325a022-38.jpg,1,1,1448,400,1697,709,
3415b7b1-178.jpg,5,5,253,594,572,876,
3415b7b1-178.jpg,1,1,198,843,515,1141,
3415b7b1-178.jpg,1,1,395,466,645,638,
3415b7b1-178.jpg,4,4,413,351,637,534,
3415b7b1-178.jpg,1,1,461,158,638,381,
3415b7b1-178.jpg,0,0,806,144,960,315,
3415b7b1-178.jpg,0,0,629,158,808,345,
3415b7b1-178.jpg,0,0,958,116,1114,297,
3415b7b1-178.jpg,0,0,1092,158,1281,322,
3415b7b1-178.jpg,1,1,1261,133,1445,359,
3415b7b1-178.jpg,3,3,1180,374,1369,535,
3415b7b1-178.jpg,2,2,1322,277,1544,492,
3415b7b1-178.jpg,4,4,1328,423,1650,732,
3415b7b1-178.jpg,4,4,1443,687,1744,952,
3415b7b1-178.jpg,6,6,1560,909,1807,1162,
36cf3e90-180.jpg,0,0,712,433,916,691,
36cf3e90-180.jpg,0,0,744,680,836,832,
36cf3e90-180.jpg,0,0,914,430,1112,674,
36cf3e90-180.jpg,0,0,827,629,1024,849,
36cf3e90-180.jpg,0,0,1003,650,1083,800,
36cf3e90-180.jpg,0,0,1061,660,1096,780,
36cf3e90-180.jpg,0,0,1094,629,1151,727,
36cf3e90-180.jpg,1,1,1079,390,1245,682,
36cf3e90-180.jpg,0,0,1214,446,1279,675,
381372b6-181.jpg,3,3,407,593,579,711,
381372b6-181.jpg,1,1,390,454,509,606,
381372b6-181.jpg,1,1,497,517,685,664,
381372b6-181.jpg,3,3,549,658,816,782,
381372b6-181.jpg,0,0,676,564,828,709,
381372b6-181.jpg,0,0,808,557,985,726,
381372b6-181.jpg,0,0,783,689,968,822,
381372b6-181.jpg,0,0,973,527,1181,743,
381372b6-181.jpg,0,0,954,672,1155,870,
381372b6-181.jpg,0,0,1175,508,1388,754,
381372b6-181.jpg,0,0,1158,672,1352,877,
381372b6-181.jpg,0,0,1390,473,1641,751,
381372b6-181.jpg,0,0,1368,698,1496,834,
381372b6-181.jpg,0,0,1639,435,1865,719,
381372b6-181.jpg,0,0,1577,691,1676,807,
381372b6-181.jpg,0,0,1834,477,1910,694,
381372b6-181.jpg,0,0,1706,704,1800,805,
381372b6-181.jpg,0,0,1844,677,1902,740,
381372b6-181.jpg,1,1,1906,368,1994,642,
381372b6-181.jpg,0,0,1886,607,1936,689,
3835a768-123.jpg,0,0,182,473,256,695,
3835a768-123.jpg,0,0,233,487,325,698,
3835a768-123.jpg,0,0,258,447,456,689,
3835a768-123.jpg,0,0,420,465,602,700,
3835a768-123.jpg,0,0,591,460,762,695,
3835a768-123.jpg,1,1,765,475,942,700,
3835a768-123.jpg,0,0,276,689,378,880,
3835a768-123.jpg,0,0,356,685,442,842,
3835a768-123.jpg,0,0,409,687,505,838,
3835a768-123.jpg,0,0,498,689,611,842,
3835a768-123.jpg,0,0,611,685,738,853,
3835a768-123.jpg,1,1,740,678,904,889,
3835a768-123.jpg,1,1,944,542,1098,704,
3835a768-123.jpg,0,0,900,676,1067,873,
3835a768-123.jpg,2,2,1245,556,1433,689,
3835a768-123.jpg,1,1,1065,678,1221,840,
3835a768-123.jpg,0,0,1098,562,1246,702,
3835a768-123.jpg,1,1,1214,672,1417,795,
3835a768-123.jpg,2,2,1430,561,1497,639,
3835a768-123.jpg,0,0,1420,638,1502,731,
38d34004-173.jpg,0,0,220,522,300,687,
38d34004-173.jpg,1,1,239,451,366,688,
38d34004-173.jpg,0,0,308,378,541,655,
38d34004-173.jpg,0,0,290,645,442,738,
38d34004-173.jpg,0,0,468,619,538,724,
38d34004-173.jpg,0,0,533,424,755,657,
38d34004-173.jpg,0,0,728,349,987,642,
38d34004-173.jpg,1,1,527,618,709,788,
38d34004-173.jpg,0,0,741,630,878,708,
38d34004-173.jpg,0,0,983,390,1239,669,
38d34004-173.jpg,0,0,920,630,1052,703,
38d34004-173.jpg,0,0,1083,651,1213,732,
38d34004-173.jpg,0,0,1229,608,1400,717,
38d34004-173.jpg,0,0,1444,355,1651,624,
38d34004-173.jpg,1,1,1236,366,1459,628,
38d34004-173.jpg,0,0,1398,590,1569,796,
38d34004-173.jpg,3,3,1623,584,1768,756,
38d34004-173.jpg,0,0,1612,398,1726,615,
38d34004-173.jpg,0,0,1551,590,1667,782,
38d34004-173.jpg,0,0,1710,451,1807,588,
38d34004-173.jpg,0,0,1804,439,1872,543,
38d34004-173.jpg,3,3,1719,560,1833,654,
3902c87a-245.jpg,0,0,14,414,204,699,
3902c87a-245.jpg,1,1,8,669,166,997,
3902c87a-245.jpg,0,0,150,675,335,921,
3902c87a-245.jpg,0,0,178,352,499,703,
3902c87a-245.jpg,0,0,322,656,513,934,
3902c87a-245.jpg,0,0,491,354,814,709,
3902c87a-245.jpg,0,0,515,682,725,927,
3902c87a-245.jpg,0,0,741,650,932,889,
3902c87a-245.jpg,0,0,813,386,1085,671,
3902c87a-245.jpg,1,1,1067,368,1306,687,
3902c87a-245.jpg,0,0,932,623,1176,940,
3902c87a-245.jpg,0,0,1125,626,1338,860,
3902c87a-245.jpg,1,1,1289,427,1490,691,
3902c87a-245.jpg,0,0,1302,653,1498,830,
3902c87a-245.jpg,1,1,1455,609,1662,771,
3902c87a-245.jpg,1,1,1472,405,1682,621,
3902c87a-245.jpg,0,0,1671,400,1767,511,
3907e93b-236.jpg,4,4,218,40,535,295,
3907e93b-236.jpg,3,3,274,284,588,577,
3907e93b-236.jpg,1,1,360,543,609,766,
3907e93b-236.jpg,0,0,433,734,642,961,
3907e93b-236.jpg,0,0,572,900,736,1082,
3907e93b-236.jpg,0,0,719,977,899,1144,
3907e93b-236.jpg,0,0,887,997,1053,1177,
3907e93b-236.jpg,0,0,1048,1004,1230,1169,
3907e93b-236.jpg,0,0,1133,903,1300,1055,
3907e93b-236.jpg,0,0,1297,903,1472,1090,
3907e93b-236.jpg,1,1,1333,709,1561,951,
3907e93b-236.jpg,0,0,1388,561,1636,779,
3907e93b-236.jpg,3,3,1447,30,1760,309,
3907e93b-236.jpg,0,0,1421,296,1733,609,
3a073fb2-283.jpg,0,0,182,1149,365,1289,
3a073fb2-283.jpg,2,2,169,957,467,1187,
3a073fb2-283.jpg,2,2,247,766,526,1010,
3a073fb2-283.jpg,1,1,330,602,575,805,
3a073fb2-283.jpg,2,2,350,409,615,636,
3a073fb2-283.jpg,1,1,497,288,682,492,
3a073fb2-283.jpg,1,1,613,186,795,363,
3a073fb2-283.jpg,1,1,787,150,1034,330,
3a073fb2-283.jpg,1,1,1005,186,1259,400,
3a073fb2-283.jpg,1,1,1236,239,1443,413,
3a073fb2-283.jpg,1,1,1392,284,1604,495,
3a073fb2-283.jpg,1,1,1391,473,1668,670,
3a073fb2-283.jpg,1,1,1436,650,1696,820,
3a073fb2-283.jpg,1,1,1458,786,1744,1048,
3a073fb2-283.jpg,2,2,1474,1004,1774,1218,
3a08245d-69.jpg,0,0,569,182,789,384,
3a08245d-69.jpg,2,2,102,1112,405,1295,
3a08245d-69.jpg,3,3,140,892,495,1171,
3a08245d-69.jpg,1,1,245,720,478,897,
3a08245d-69.jpg,3,3,311,516,593,730,
3a08245d-69.jpg,0,0,441,328,650,551,
3a08245d-69.jpg,0,0,779,107,1036,314,
3a08245d-69.jpg,0,0,1040,119,1275,322,
3a08245d-69.jpg,0,0,1228,218,1447,419,
3a08245d-69.jpg,0,0,1364,373,1579,621,
3a08245d-69.jpg,1,1,1447,634,1692,838,
3a08245d-69.jpg,3,3,1488,785,1807,1133,
3a08245d-69.jpg,3,3,1553,1053,1872,1297,
3bd5f73c-34.jpg,2,2,803,38,1018,263,
3bd5f73c-34.jpg,2,2,1028,40,1252,264,
3bd5f73c-34.jpg,2,2,1244,121,1443,287,
3bd5f73c-34.jpg,1,1,609,104,809,300,
3bd5f73c-34.jpg,2,2,451,198,669,405,
3bd5f73c-34.jpg,2,2,347,386,621,583,
3bd5f73c-34.jpg,2,2,290,581,562,779,
3bd5f73c-34.jpg,1,1,236,754,543,1048,
3bd5f73c-34.jpg,1,1,231,1013,459,1267,
3bd5f73c-34.jpg,0,0,1375,228,1584,433,
3bd5f73c-34.jpg,2,2,1443,416,1724,613,
3bd5f73c-34.jpg,2,2,1528,589,1789,781,
3bd5f73c-34.jpg,4,4,1650,972,1948,1244,
3bd5f73c-34.jpg,3,3,1537,763,1832,1066,
3c1426f7-227.jpg,0,0,104,433,237,535,
3c1426f7-227.jpg,0,0,108,543,282,675,
3c1426f7-227.jpg,0,0,223,440,432,617,
3c1426f7-227.jpg,2,2,280,599,551,840,
3c1426f7-227.jpg,0,0,424,468,605,672,
3c1426f7-227.jpg,1,1,524,656,719,892,
3c1426f7-227.jpg,0,0,602,449,824,696,
3c1426f7-227.jpg,1,1,816,395,1091,738,
3c1426f7-227.jpg,1,1,707,653,970,934,
3c1426f7-227.jpg,0,0,905,661,1184,980,
3c1426f7-227.jpg,0,0,1098,457,1335,714,
3c1426f7-227.jpg,1,1,1332,389,1587,707,
3c1426f7-227.jpg,1,1,1563,417,1808,706,
3c1426f7-227.jpg,0,0,1173,685,1324,865,
3c1426f7-227.jpg,0,0,1330,677,1466,812,
3c1426f7-227.jpg,0,0,1470,682,1623,844,
3c1426f7-227.jpg,0,0,1633,696,1757,840,
3c1426f7-227.jpg,0,0,1808,531,1904,652,
3c1426f7-227.jpg,0,0,1765,653,1904,832,
3c160c9c-50.jpg,3,3,40,578,317,762,
3c160c9c-50.jpg,0,0,16,465,242,602,
3c160c9c-50.jpg,0,0,244,487,460,688,
3c160c9c-50.jpg,0,0,451,478,707,714,
3c160c9c-50.jpg,0,0,312,661,524,824,
3c160c9c-50.jpg,0,0,519,660,771,950,
3c160c9c-50.jpg,0,0,714,433,1037,763,
3c160c9c-50.jpg,0,0,790,644,1061,951,
3c160c9c-50.jpg,0,0,1058,435,1373,760,
3c160c9c-50.jpg,0,0,1066,671,1303,965,
3c160c9c-50.jpg,0,0,1306,648,1490,889,
3c160c9c-50.jpg,1,1,1346,390,1622,758,
3c160c9c-50.jpg,0,0,1627,484,1980,730,
3c160c9c-50.jpg,0,0,1507,631,1671,848,
3c6f6940-104.jpg,0,0,310,569,496,775,
3c6f6940-104.jpg,0,0,401,777,470,899,
3c6f6940-104.jpg,0,0,483,498,698,744,
3c6f6940-104.jpg,0,0,470,751,580,879,
3c6f6940-104.jpg,0,0,567,678,720,864,
3c6f6940-104.jpg,0,0,711,518,893,726,
3c6f6940-104.jpg,0,0,715,698,866,848,
3c6f6940-104.jpg,0,0,904,560,1101,746,
3c6f6940-104.jpg,0,0,868,700,1043,912,
3c6f6940-104.jpg,2,2,1448,540,1628,669,
3c6f6940-104.jpg,0,0,1039,689,1214,855,
3c6f6940-104.jpg,0,0,1112,534,1278,715,
3c6f6940-104.jpg,0,0,1280,578,1444,709,
3c6f6940-104.jpg,0,0,1185,713,1311,817,
3c6f6940-104.jpg,1,1,1313,678,1572,835,
3cc802ee-202.jpg,0,0,846,236,1160,378,
3cc802ee-202.jpg,0,0,793,338,1141,507,
3cc802ee-202.jpg,1,1,712,981,1018,1195,
3cc802ee-202.jpg,0,0,980,988,1209,1188,
3cc802ee-202.jpg,1,1,709,680,1063,985,
3cc802ee-202.jpg,1,1,785,510,1099,723,
3cc802ee-202.jpg,0,0,1044,435,1255,535,
3cc802ee-202.jpg,0,0,1016,491,1251,632,
3cc802ee-202.jpg,0,0,1015,613,1247,779,
3cc802ee-202.jpg,1,1,980,758,1265,988,
3e51d16f-233.jpg,2,2,54,288,252,577,
3e51d16f-233.jpg,0,0,143,475,260,656,
3e51d16f-233.jpg,1,1,206,607,376,867,
3e51d16f-233.jpg,3,3,292,395,526,666,
3e51d16f-233.jpg,2,2,499,405,795,680,
3e51d16f-233.jpg,0,0,360,629,548,883,
3e51d16f-233.jpg,0,0,529,671,711,873,
3e51d16f-233.jpg,0,0,777,488,1055,719,
3e51d16f-233.jpg,0,0,709,658,910,897,
3e51d16f-233.jpg,0,0,916,634,1131,919,
3e51d16f-233.jpg,0,0,1042,456,1273,728,
3e51d16f-233.jpg,0,0,1136,639,1333,875,
3e51d16f-233.jpg,0,0,1273,499,1470,687,
3e51d16f-233.jpg,1,1,1346,634,1507,813,
3e51d16f-233.jpg,0,0,1434,527,1615,675,
3e51d16f-233.jpg,2,2,1588,515,1762,637,
3e51d16f-233.jpg,0,0,1764,464,1899,569,
3e51d16f-233.jpg,3,3,1506,621,1729,757,
3e51d16f-233.jpg,1,1,1703,554,1829,677,
3e695421-170.jpg,2,2,298,443,417,575,
3e695421-170.jpg,2,2,421,457,596,628,
3e695421-170.jpg,1,1,307,570,430,647,
3e695421-170.jpg,2,2,417,605,645,769,
3e695421-170.jpg,1,1,581,507,746,691,
3e695421-170.jpg,1,1,722,502,910,704,
3e695421-170.jpg,1,1,639,669,800,816,
3e695421-170.jpg,1,1,787,669,989,848,
3e695421-170.jpg,1,1,900,505,1102,739,
3e695421-170.jpg,1,1,1094,503,1314,725,
3e695421-170.jpg,0,0,1009,704,1162,839,
3e695421-170.jpg,0,0,1170,669,1331,824,
3e695421-170.jpg,1,1,1307,482,1539,721,
3e695421-170.jpg,1,1,1526,508,1748,691,
3e695421-170.jpg,1,1,1350,714,1455,767,
3e695421-170.jpg,1,1,1480,682,1616,767,
3e695421-170.jpg,1,1,1750,610,1824,661,
3e695421-170.jpg,1,1,1726,648,1800,707,
3e695421-170.jpg,1,1,1621,681,1719,752,
414e441d-281.jpg,5,5,359,690,532,814,
414e441d-281.jpg,2,2,346,565,495,705,
414e441d-281.jpg,2,2,458,549,661,714,
414e441d-281.jpg,1,1,500,716,746,858,
414e441d-281.jpg,1,1,643,566,773,728,
414e441d-281.jpg,1,1,747,522,921,746,
414e441d-281.jpg,1,1,717,732,864,892,
414e441d-281.jpg,1,1,897,487,1134,765,
414e441d-281.jpg,1,1,851,720,1083,934,
414e441d-281.jpg,1,1,1130,515,1364,792,
414e441d-281.jpg,1,1,1084,700,1278,853,
414e441d-281.jpg,2,2,1362,479,1642,795,
414e441d-281.jpg,2,2,1630,429,1889,764,
414e441d-281.jpg,2,2,1897,495,1992,715,
414e441d-281.jpg,1,1,1613,740,1765,858,
414e441d-281.jpg,1,1,1474,788,1598,814,
414e441d-281.jpg,1,1,1780,749,1848,811,
414e441d-281.jpg,1,1,1856,683,1952,806,
414e441d-281.jpg,1,1,1949,729,1996,796,
42d89c9a-196.jpg,0,0,80,384,113,502,
42d89c9a-196.jpg,0,0,115,387,191,562,
42d89c9a-196.jpg,0,0,188,438,258,615,
42d89c9a-196.jpg,1,1,237,380,362,596,
42d89c9a-196.jpg,0,0,525,376,737,601,
42d89c9a-196.jpg,2,2,94,534,181,617,
42d89c9a-196.jpg,0,0,161,580,285,684,
42d89c9a-196.jpg,0,0,268,576,330,704,
42d89c9a-196.jpg,0,0,285,560,466,757,
42d89c9a-196.jpg,3,3,439,550,752,766,
42d89c9a-196.jpg,1,1,343,344,532,609,
42d89c9a-196.jpg,0,0,723,355,1020,663,
42d89c9a-196.jpg,0,0,1003,355,1290,647,
42d89c9a-196.jpg,0,0,1274,375,1482,609,
42d89c9a-196.jpg,0,0,1272,596,1454,734,
42d89c9a-196.jpg,0,0,1455,587,1614,777,
42d89c9a-196.jpg,0,0,1468,371,1656,624,
42d89c9a-196.jpg,1,1,1635,410,1760,643,
42d89c9a-196.jpg,0,0,1600,605,1701,747,
42d89c9a-196.jpg,1,1,1735,431,1825,623,
42d89c9a-196.jpg,1,1,1791,417,1903,590,
42d89c9a-196.jpg,1,1,1705,598,1824,722,
42d89c9a-196.jpg,0,0,1806,529,1908,646,
42d89c9a-196.jpg,0,0,1881,400,1956,510,
446b990b-140.jpg,0,0,255,431,427,605,
446b990b-140.jpg,0,0,215,558,265,644,
446b990b-140.jpg,0,0,275,600,382,744,
446b990b-140.jpg,0,0,387,387,633,685,
446b990b-140.jpg,1,1,618,382,913,691,
446b990b-140.jpg,1,1,867,462,1087,731,
446b990b-140.jpg,0,0,415,680,524,762,
446b990b-140.jpg,0,0,533,665,675,793,
446b990b-140.jpg,0,0,675,669,851,865,
446b990b-140.jpg,0,0,842,685,951,804,
446b990b-140.jpg,1,1,1085,471,1295,764,
446b990b-140.jpg,1,1,1267,507,1429,720,
446b990b-140.jpg,0,0,971,649,1122,831,
446b990b-140.jpg,0,0,1128,684,1341,928,
446b990b-140.jpg,4,4,1421,488,1634,638,
446b990b-140.jpg,0,0,1338,682,1424,786,
446b990b-140.jpg,1,1,1417,603,1578,757,
446b990b-140.jpg,4,4,1577,493,1696,664,
44ea1618-6.jpg,1,1,962,387,1276,715,
44ea1618-6.jpg,0,0,489,433,688,671,
44ea1618-6.jpg,0,0,335,386,491,639,
44ea1618-6.jpg,0,0,531,652,703,848,
44ea1618-6.jpg,0,0,719,698,905,835,
44ea1618-6.jpg,0,0,913,695,1071,836,
44ea1618-6.jpg,0,0,1085,701,1249,840,
44ea1618-6.jpg,0,0,1279,394,1529,668,
44ea1618-6.jpg,0,0,1255,652,1437,803,
44ea1618-6.jpg,0,0,1513,389,1663,615,
44ea1618-6.jpg,1,1,306,597,526,819,
44ea1618-6.jpg,0,0,1445,618,1590,797,
44ea1618-6.jpg,0,0,198,362,344,591,
44ea1618-6.jpg,1,1,115,499,287,680,
44ea1618-6.jpg,0,0,80,312,213,516,
44ea1618-6.jpg,0,0,24,370,126,508,
44ea1618-6.jpg,0,0,1650,360,1821,551,
44ea1618-6.jpg,0,0,1588,550,1738,766,
44ea1618-6.jpg,0,0,1721,548,1842,752,
44ea1618-6.jpg,0,0,1783,381,1888,537,
44ea1618-6.jpg,0,0,1856,339,1974,546,
44ea1618-6.jpg,1,1,687,403,962,706,
453f45eb-80.jpg,0,0,21,500,164,628,
453f45eb-80.jpg,2,2,3,636,258,859,
453f45eb-80.jpg,0,0,172,409,430,656,
453f45eb-80.jpg,0,0,425,360,704,715,
453f45eb-80.jpg,0,0,264,640,518,905,
453f45eb-80.jpg,0,0,529,663,806,962,
453f45eb-80.jpg,0,0,711,343,991,736,
453f45eb-80.jpg,0,0,840,613,1067,962,
453f45eb-80.jpg,0,0,1000,390,1275,707,
453f45eb-80.jpg,0,0,1091,661,1287,926,
453f45eb-80.jpg,0,0,1282,397,1564,717,
453f45eb-80.jpg,0,0,1560,339,1850,677,
453f45eb-80.jpg,0,0,1305,675,1461,905,
453f45eb-80.jpg,0,0,1464,675,1614,881,
453f45eb-80.jpg,0,0,1614,685,1733,856,
453f45eb-80.jpg,0,0,1744,664,1824,843,
453f45eb-80.jpg,0,0,1823,320,1897,629,
453f45eb-80.jpg,0,0,1891,280,1939,601,
45813cc2-57.jpg,3,3,116,953,425,1239,
45813cc2-57.jpg,2,2,188,682,454,965,
45813cc2-57.jpg,1,1,177,486,395,685,
45813cc2-57.jpg,1,1,277,314,484,527,
45813cc2-57.jpg,1,1,401,180,583,371,
45813cc2-57.jpg,0,0,518,116,691,285,
45813cc2-57.jpg,0,0,690,88,830,255,
45813cc2-57.jpg,0,0,813,134,969,276,
45813cc2-57.jpg,0,0,935,69,1098,241,
45813cc2-57.jpg,0,0,1071,113,1243,292,
45813cc2-57.jpg,1,1,1152,234,1356,452,
45813cc2-57.jpg,1,1,1260,386,1467,609,
45813cc2-57.jpg,2,2,1300,566,1585,865,
45813cc2-57.jpg,3,3,1410,824,1690,1122,
45813cc2-57.jpg,0,0,1504,1214,1697,1298,
4591b6b9-243.jpg,0,0,81,492,223,674,
4591b6b9-243.jpg,0,0,104,677,266,830,
4591b6b9-243.jpg,0,0,196,495,368,742,
4591b6b9-243.jpg,0,0,319,430,519,736,
4591b6b9-243.jpg,0,0,237,685,387,851,
4591b6b9-243.jpg,0,0,335,671,507,916,
4591b6b9-243.jpg,0,0,427,682,661,993,
4591b6b9-243.jpg,0,0,507,433,734,703,
4591b6b9-243.jpg,0,0,717,373,1032,709,
4591b6b9-243.jpg,0,0,639,675,840,918,
4591b6b9-243.jpg,0,0,836,663,1024,927,
4591b6b9-243.jpg,0,0,1013,374,1314,707,
4591b6b9-243.jpg,0,0,1018,679,1212,927,
4591b6b9-243.jpg,0,0,1214,647,1391,884,
4591b6b9-243.jpg,1,1,1302,401,1534,674,
4591b6b9-243.jpg,1,1,1509,398,1701,701,
4591b6b9-243.jpg,1,1,1676,459,1827,711,
4591b6b9-243.jpg,0,0,1388,634,1592,935,
4591b6b9-243.jpg,0,0,1556,650,1713,867,
4591b6b9-243.jpg,0,0,1665,668,1813,844,
4591b6b9-243.jpg,0,0,1773,652,1899,792,
4591b6b9-243.jpg,0,0,1816,464,1917,648,
48aa0fe4-183.jpg,4,4,392,930,632,1173,
48aa0fe4-183.jpg,4,4,438,668,701,946,
48aa0fe4-183.jpg,1,1,546,533,771,715,
48aa0fe4-183.jpg,1,1,656,385,833,570,
48aa0fe4-183.jpg,1,1,771,271,928,443,
48aa0fe4-183.jpg,0,0,922,248,1051,369,
48aa0fe4-183.jpg,1,1,1048,253,1190,375,
48aa0fe4-183.jpg,1,1,1171,274,1325,432,
48aa0fe4-183.jpg,1,1,1270,370,1466,552,
48aa0fe4-183.jpg,2,2,1346,514,1551,682,
48aa0fe4-183.jpg,3,3,1386,654,1630,928,
48aa0fe4-183.jpg,5,5,1452,891,1713,1142,
4960af30-167.jpg,5,5,193,884,452,1126,
4960af30-167.jpg,6,6,274,668,574,937,
4960af30-167.jpg,6,6,406,546,623,733,
4960af30-167.jpg,0,0,487,419,691,621,
4960af30-167.jpg,1,1,585,284,760,487,
4960af30-167.jpg,0,0,755,309,924,507,
4960af30-167.jpg,0,0,889,296,1040,440,
4960af30-167.jpg,0,0,1021,330,1182,472,
4960af30-167.jpg,0,0,1163,365,1329,515,
4960af30-167.jpg,0,0,1302,368,1450,500,
4960af30-167.jpg,6,6,1329,672,1610,906,
4960af30-167.jpg,0,0,1258,470,1464,649,
4960af30-167.jpg,2,2,1417,503,1609,708,
4960af30-167.jpg,4,4,1378,887,1636,1121,
4960af30-167.jpg,0,0,365,1147,435,1198,
4960af30-167.jpg,0,0,445,1191,501,1218,
4960af30-167.jpg,0,0,482,1178,572,1264,
4960af30-167.jpg,0,0,555,1156,723,1297,
4960af30-167.jpg,0,0,726,1102,904,1298,
4960af30-167.jpg,0,0,870,1155,1021,1297,
4960af30-167.jpg,0,0,1013,1139,1162,1293,
4960af30-167.jpg,0,0,1159,1141,1323,1292,
4960af30-167.jpg,0,0,1307,1214,1443,1297,
4960af30-167.jpg,0,0,1446,1263,1529,1298,
4960af30-167.jpg,0,0,1472,1232,1621,1297,
4b32eec6-37.jpg,1,1,913,441,1012,706,
4b32eec6-37.jpg,1,1,612,494,762,762,
4b32eec6-37.jpg,0,0,637,744,725,840,
4b32eec6-37.jpg,1,1,741,696,832,881,
4b32eec6-37.jpg,0,0,822,704,846,801,
4b32eec6-37.jpg,2,2,765,440,959,731,
4d17374f-174.jpg,0,0,773,396,917,666,
4d17374f-174.jpg,1,1,765,630,843,822,
4d17374f-174.jpg,0,0,848,635,907,748,
4d17374f-174.jpg,0,0,895,468,1020,705,
4d17374f-174.jpg,0,0,1005,437,1147,711,
4d17374f-174.jpg,0,0,905,645,942,747,
4d17374f-174.jpg,0,0,931,686,962,791,
4d17374f-174.jpg,0,0,1047,714,1106,752,
500188bc-70.jpg,0,0,107,429,292,714,
500188bc-70.jpg,0,0,27,459,143,666,
500188bc-70.jpg,2,2,83,674,234,862,
500188bc-70.jpg,0,0,239,715,354,891,
500188bc-70.jpg,1,1,255,405,548,760,
500188bc-70.jpg,0,0,534,409,863,760,
500188bc-70.jpg,0,0,378,726,531,887,
500188bc-70.jpg,0,0,529,741,701,913,
500188bc-70.jpg,0,0,704,671,894,899,
500188bc-70.jpg,1,1,862,416,1141,728,
500188bc-70.jpg,0,0,1139,435,1378,672,
500188bc-70.jpg,0,0,903,671,1134,871,
500188bc-70.jpg,0,0,1126,650,1332,889,
500188bc-70.jpg,1,1,1373,405,1612,634,
500188bc-70.jpg,1,1,1574,444,1765,645,
500188bc-70.jpg,1,1,1725,468,1915,642,
500188bc-70.jpg,1,1,1549,617,1751,870,
500188bc-70.jpg,1,1,1338,612,1561,881,
512fcc4a-100.jpg,2,2,224,383,501,640,
512fcc4a-100.jpg,3,3,84,35,465,410,
512fcc4a-100.jpg,3,3,1552,16,1942,396,
512fcc4a-100.jpg,2,2,1464,345,1787,689,
512fcc4a-100.jpg,1,1,330,616,563,857,
512fcc4a-100.jpg,1,1,485,795,704,1005,
512fcc4a-100.jpg,1,1,640,888,833,1059,
512fcc4a-100.jpg,1,1,828,910,992,1092,
512fcc4a-100.jpg,1,1,992,917,1176,1072,
512fcc4a-100.jpg,1,1,1172,859,1362,1063,
512fcc4a-100.jpg,1,1,1355,771,1552,1003,
512fcc4a-100.jpg,1,1,1526,658,1736,859,
52e40dc5-120.jpg,0,0,485,191,529,222,
52e40dc5-120.jpg,0,0,527,182,562,222,
52e40dc5-120.jpg,0,0,562,180,607,235,
52e40dc5-120.jpg,0,0,607,178,680,253,
52e40dc5-120.jpg,2,2,678,160,787,298,
52e40dc5-120.jpg,0,0,767,165,895,325,
52e40dc5-120.jpg,0,0,885,169,1005,320,
52e40dc5-120.jpg,0,0,1011,171,1116,351,
52e40dc5-120.jpg,0,0,1113,180,1233,353,
52e40dc5-120.jpg,0,0,1207,193,1342,318,
52e40dc5-120.jpg,0,0,1327,209,1451,322,
52e40dc5-120.jpg,0,0,1431,225,1533,300,
52e40dc5-120.jpg,0,0,1505,240,1596,293,
52e40dc5-120.jpg,0,0,1553,245,1613,287,
52e40dc5-120.jpg,0,0,1604,258,1691,295,
52e40dc5-120.jpg,0,0,1675,285,1733,298,
52e40dc5-120.jpg,4,4,460,342,678,438,
52e40dc5-120.jpg,3,3,465,415,682,526,
52e40dc5-120.jpg,4,4,491,471,723,672,
52e40dc5-120.jpg,1,1,530,609,717,744,
52e40dc5-120.jpg,1,1,582,688,753,842,
52e40dc5-120.jpg,0,0,655,760,758,947,
52e40dc5-120.jpg,0,0,754,798,889,960,
52e40dc5-120.jpg,0,0,864,845,977,991,
52e40dc5-120.jpg,0,0,979,843,1093,994,
52e40dc5-120.jpg,0,0,1075,801,1211,979,
52e40dc5-120.jpg,0,0,1177,842,1317,1028,
52e40dc5-120.jpg,1,1,1260,760,1420,942,
52e40dc5-120.jpg,1,1,1317,688,1516,848,
52e40dc5-120.jpg,2,2,1365,562,1606,760,
52e40dc5-120.jpg,5,5,1488,450,1709,645,
52e40dc5-120.jpg,1,1,1648,397,1748,513,
536db3ad-17.jpg,1,1,771,416,1048,726,
536db3ad-17.jpg,4,4,1048,446,1295,698,
536db3ad-17.jpg,4,4,1294,387,1585,709,
536db3ad-17.jpg,2,2,1569,373,1783,669,
536db3ad-17.jpg,1,1,1749,312,1869,610,
536db3ad-17.jpg,1,1,1824,223,1917,515,
536db3ad-17.jpg,2,2,548,443,781,711,
536db3ad-17.jpg,2,2,350,438,548,658,
536db3ad-17.jpg,3,3,132,440,362,604,
536db3ad-17.jpg,4,4,72,478,135,564,
536db3ad-17.jpg,1,1,69,553,279,685,
536db3ad-17.jpg,5,5,252,599,545,824,
536db3ad-17.jpg,2,2,511,660,739,881,
536db3ad-17.jpg,2,2,720,669,954,937,
536db3ad-17.jpg,2,2,965,642,1204,961,
536db3ad-17.jpg,0,0,1204,639,1400,930,
536db3ad-17.jpg,0,0,1410,669,1552,908,
536db3ad-17.jpg,0,0,1560,644,1689,884,
536db3ad-17.jpg,0,0,1689,605,1794,827,
536db3ad-17.jpg,2,2,1791,585,1889,814,
54d5b78d-250.jpg,0,0,562,446,755,709,
54d5b78d-250.jpg,0,0,586,669,637,757,
54d5b78d-250.jpg,0,0,698,578,776,733,
54d5b78d-250.jpg,0,0,755,427,935,650,
54d5b78d-250.jpg,1,1,927,408,1055,637,
54d5b78d-250.jpg,0,0,884,594,1004,715,
54d5b78d-250.jpg,0,0,785,618,825,685,
54d5b78d-250.jpg,0,0,838,639,871,720,
54d5b78d-250.jpg,0,0,1045,449,1091,672,
55030f8b-29.jpg,2,2,529,124,728,352,
55030f8b-29.jpg,1,1,722,64,956,284,
55030f8b-29.jpg,1,1,961,64,1222,264,
55030f8b-29.jpg,0,0,409,349,574,527,
55030f8b-29.jpg,3,3,284,484,551,695,
55030f8b-29.jpg,0,0,212,650,480,910,
55030f8b-29.jpg,4,4,126,851,451,1168,
55030f8b-29.jpg,3,3,107,1096,422,1294,
55030f8b-29.jpg,1,1,1225,134,1400,320,
55030f8b-29.jpg,2,2,1419,271,1620,508,
55030f8b-29.jpg,4,4,1576,816,1869,1163,
55030f8b-29.jpg,3,3,1628,1090,1950,1295,
58fa6cff-198.jpg,0,0,6,448,81,663,
58fa6cff-198.jpg,0,0,6,652,83,765,
58fa6cff-198.jpg,0,0,84,452,209,668,
58fa6cff-198.jpg,0,0,75,672,218,805,
58fa6cff-198.jpg,1,1,193,437,460,736,
58fa6cff-198.jpg,1,1,456,438,734,731,
58fa6cff-198.jpg,0,0,711,458,957,689,
58fa6cff-198.jpg,0,0,665,654,778,736,
58fa6cff-198.jpg,0,0,790,611,1012,807,
58fa6cff-198.jpg,0,0,956,451,1187,694,
58fa6cff-198.jpg,1,1,1174,458,1351,694,
58fa6cff-198.jpg,0,0,1022,605,1218,834,
58fa6cff-198.jpg,1,1,1210,622,1370,793,
58fa6cff-198.jpg,0,0,1347,468,1487,645,
58fa6cff-198.jpg,3,3,1354,584,1601,755,
58fa6cff-198.jpg,0,0,1473,419,1676,601,
58fa6cff-198.jpg,0,0,1584,516,1758,656,
58fa6cff-198.jpg,0,0,1691,428,1787,511,
5ab17248-134.jpg,2,2,76,556,178,667,
5ab17248-134.jpg,1,1,164,469,384,691,
5ab17248-134.jpg,0,0,73,667,133,707,
5ab17248-134.jpg,1,1,102,651,360,764,
5ab17248-134.jpg,0,0,375,504,544,660,
5ab17248-134.jpg,1,1,249,651,489,853,
5ab17248-134.jpg,0,0,475,576,675,824,
5ab17248-134.jpg,0,0,605,505,747,611,
5ab17248-134.jpg,4,4,678,533,884,785,
5ab17248-134.jpg,4,4,1238,540,1436,785,
5ab17248-134.jpg,0,0,880,558,1067,751,
5ab17248-134.jpg,0,0,1069,569,1240,744,
5ab17248-134.jpg,0,0,1375,498,1527,605,
5ab17248-134.jpg,0,0,1542,453,1720,685,
5ab17248-134.jpg,0,0,1449,573,1638,820,
5ab17248-134.jpg,0,0,1664,522,1876,700,
5ab17248-134.jpg,1,1,1618,658,1820,862,
5ab17248-134.jpg,0,0,1871,607,1944,678,
5ab17248-134.jpg,1,1,1791,691,1905,760,
5b4153f1-222.jpg,3,3,65,376,100,505,
5b4153f1-222.jpg,3,3,72,387,150,669,
5b4153f1-222.jpg,3,3,139,392,226,668,
5b4153f1-222.jpg,2,2,215,333,339,637,
5b4153f1-222.jpg,1,1,296,368,508,629,
5b4153f1-222.jpg,1,1,112,664,159,800,
5b4153f1-222.jpg,1,1,150,664,228,942,
5b4153f1-222.jpg,1,1,210,628,298,859,
5b4153f1-222.jpg,3,3,451,381,691,660,
5b4153f1-222.jpg,2,2,287,623,413,945,
5b4153f1-222.jpg,2,2,387,620,562,903,
5b4153f1-222.jpg,2,2,526,656,682,881,
5b4153f1-222.jpg,1,1,674,363,938,675,
5b4153f1-222.jpg,3,3,660,656,813,919,
5b4153f1-222.jpg,3,3,812,634,956,908,
5b4153f1-222.jpg,3,3,953,629,1165,964,
5b4153f1-222.jpg,2,2,943,387,1150,647,
5b4153f1-222.jpg,2,2,1145,358,1378,650,
5b4153f1-222.jpg,3,3,1128,653,1316,932,
5b4153f1-222.jpg,3,3,1372,381,1518,696,
5b4153f1-222.jpg,3,3,1306,658,1475,922,
5b4153f1-222.jpg,3,3,1523,381,1652,660,
5b4153f1-222.jpg,3,3,1475,645,1678,871,
5b4153f1-222.jpg,3,3,1643,374,1751,617,
5b4153f1-222.jpg,3,3,1746,362,1869,561,
5b4153f1-222.jpg,3,3,1681,545,1832,779,
5b4153f1-222.jpg,3,3,1836,457,1922,615,
5b6ca6fe-112.jpg,5,5,136,995,462,1270,
5b6ca6fe-112.jpg,5,5,166,730,504,1044,
5b6ca6fe-112.jpg,5,5,1502,1021,1825,1282,
5b6ca6fe-112.jpg,5,5,1484,769,1806,1066,
5b6ca6fe-112.jpg,3,3,1461,598,1751,787,
5b6ca6fe-112.jpg,2,2,1415,399,1679,606,
5b6ca6fe-112.jpg,4,4,258,562,525,750,
5b6ca6fe-112.jpg,3,3,342,374,603,586,
5b6ca6fe-112.jpg,0,0,454,203,656,409,
5b6ca6fe-112.jpg,0,0,628,113,793,283,
5b6ca6fe-112.jpg,1,1,778,55,1015,249,
5b6ca6fe-112.jpg,1,1,1015,47,1263,237,
5b6ca6fe-112.jpg,1,1,1234,121,1414,288,
5b6ca6fe-112.jpg,0,0,1366,218,1569,418,
5b7fd5c5-261.jpg,0,0,150,505,258,653,
5b7fd5c5-261.jpg,0,0,158,642,244,750,
5b7fd5c5-261.jpg,1,1,218,685,378,792,
5b7fd5c5-261.jpg,1,1,231,562,338,679,
5b7fd5c5-261.jpg,1,1,287,486,429,706,
5b7fd5c5-261.jpg,1,1,346,679,438,800,
5b7fd5c5-261.jpg,1,1,390,405,594,688,
5b7fd5c5-261.jpg,1,1,585,389,803,663,
5b7fd5c5-261.jpg,2,2,556,644,754,854,
5b7fd5c5-261.jpg,2,2,406,666,583,825,
5b7fd5c5-261.jpg,2,2,736,626,902,820,
5b7fd5c5-261.jpg,1,1,787,346,1085,669,
5b7fd5c5-261.jpg,1,1,905,631,1087,822,
5b7fd5c5-261.jpg,1,1,1074,365,1367,668,
5b7fd5c5-261.jpg,1,1,1090,653,1246,824,
5b7fd5c5-261.jpg,1,1,1260,621,1412,803,
5b7fd5c5-261.jpg,1,1,1346,406,1561,648,
5b7fd5c5-261.jpg,1,1,1560,323,1716,481,
5b7fd5c5-261.jpg,2,2,1402,608,1601,839,
5b7fd5c5-261.jpg,1,1,1572,591,1733,799,
5b7fd5c5-261.jpg,2,2,1643,436,1804,648,
5b7fd5c5-261.jpg,3,3,1758,613,1889,730,
5b7fd5c5-261.jpg,1,1,1697,651,1784,749,
5b7fd5c5-261.jpg,1,1,1795,447,1914,607,
5c2f8957-162.jpg,1,1,422,527,520,676,
5c2f8957-162.jpg,0,0,441,665,517,747,
5c2f8957-162.jpg,0,0,491,673,574,790,
5c2f8957-162.jpg,1,1,476,503,559,669,
5c2f8957-162.jpg,1,1,528,439,676,672,
5c2f8957-162.jpg,1,1,559,644,649,804,
5c2f8957-162.jpg,1,1,668,427,826,673,
5c2f8957-162.jpg,1,1,639,631,785,832,
5c2f8957-162.jpg,0,0,826,454,1030,683,
5c2f8957-162.jpg,0,0,793,658,912,771,
5c2f8957-162.jpg,0,0,903,667,1039,788,
5c2f8957-162.jpg,0,0,1030,469,1232,690,
5c2f8957-162.jpg,0,0,1037,683,1155,767,
5c2f8957-162.jpg,0,0,1164,650,1279,763,
5c2f8957-162.jpg,0,0,1230,458,1383,669,
5c2f8957-162.jpg,1,1,1282,624,1415,826,
5c2f8957-162.jpg,1,1,1390,440,1508,641,
5c2f8957-162.jpg,1,1,1400,506,1548,667,
5c2f8957-162.jpg,1,1,1535,515,1596,659,
5c2f8957-162.jpg,0,0,1411,666,1557,848,
5f1e9d66-212.jpg,2,2,182,99,477,377,
5f1e9d66-212.jpg,1,1,250,349,558,635,
5f1e9d66-212.jpg,1,1,376,584,612,789,
5f1e9d66-212.jpg,1,1,476,745,684,967,
5f1e9d66-212.jpg,1,1,595,908,771,1091,
5f1e9d66-212.jpg,0,0,775,958,933,1117,
5f1e9d66-212.jpg,0,0,904,998,1053,1148,
5f1e9d66-212.jpg,0,0,1033,954,1178,1116,
5f1e9d66-212.jpg,0,0,1164,933,1332,1093,
5f1e9d66-212.jpg,1,1,1272,874,1470,1066,
5f1e9d66-212.jpg,1,1,1375,718,1574,930,
5f1e9d66-212.jpg,1,1,1424,556,1648,760,
5f1e9d66-212.jpg,2,2,1561,79,1827,335,
5f1e9d66-212.jpg,1,1,1461,316,1755,595,
618cea62-118.jpg,2,2,462,409,748,706,
618cea62-118.jpg,0,0,732,433,1092,766,
618cea62-118.jpg,0,0,1138,408,1473,760,
618cea62-118.jpg,1,1,1471,364,1722,668,
618cea62-118.jpg,0,0,271,399,477,654,
618cea62-118.jpg,1,1,120,392,287,582,
618cea62-118.jpg,0,0,14,339,140,514,
618cea62-118.jpg,0,0,143,564,281,676,
618cea62-118.jpg,0,0,23,502,129,572,
618cea62-118.jpg,0,0,246,624,407,790,
618cea62-118.jpg,0,0,412,650,588,885,
618cea62-118.jpg,0,0,592,693,819,921,
618cea62-118.jpg,0,0,814,751,1049,959,
618cea62-118.jpg,0,0,1090,679,1323,952,
618cea62-118.jpg,0,0,1323,667,1536,892,
618cea62-118.jpg,0,0,1701,340,1901,602,
618cea62-118.jpg,0,0,1882,315,1993,518,
618cea62-118.jpg,0,0,1869,498,1982,634,
618cea62-118.jpg,0,0,1726,563,1914,749,
618cea62-118.jpg,0,0,1532,631,1747,864,
61bc85f1-85.jpg,1,1,119,421,376,617,
61bc85f1-85.jpg,3,3,180,589,521,790,
61bc85f1-85.jpg,1,1,371,437,585,672,
61bc85f1-85.jpg,4,4,5,486,220,655,
61bc85f1-85.jpg,0,0,580,481,830,717,
61bc85f1-85.jpg,0,0,519,637,739,817,
61bc85f1-85.jpg,0,0,714,711,953,914,
61bc85f1-85.jpg,0,0,822,511,1067,731,
61bc85f1-85.jpg,0,0,1064,395,1325,682,
61bc85f1-85.jpg,0,0,962,634,1216,964,
61bc85f1-85.jpg,0,0,1216,632,1469,962,
61bc85f1-85.jpg,0,0,1329,335,1649,701,
61bc85f1-85.jpg,0,0,1652,355,1931,648,
61bc85f1-85.jpg,0,0,1612,604,1795,768,
61bc85f1-85.jpg,0,0,1451,669,1592,859,
642c620f-12.jpg,2,2,29,532,196,661,
642c620f-12.jpg,1,1,6,650,185,833,
642c620f-12.jpg,1,1,199,491,543,696,
642c620f-12.jpg,1,1,177,668,521,849,
642c620f-12.jpg,1,1,535,508,757,677,
642c620f-12.jpg,0,0,511,664,755,899,
642c620f-12.jpg,0,0,722,478,981,719,
642c620f-12.jpg,2,2,985,406,1252,742,
642c620f-12.jpg,1,1,1259,429,1506,760,
642c620f-12.jpg,0,0,755,636,994,846,
642c620f-12.jpg,2,2,989,636,1220,867,
642c620f-12.jpg,0,0,1219,585,1378,825,
642c620f-12.jpg,0,0,1716,437,1800,680,
642c620f-12.jpg,1,1,1502,440,1714,805,
642c620f-12.jpg,1,1,1805,362,1921,650,
642c620f-12.jpg,0,0,1781,628,1878,760,
642c620f-12.jpg,0,0,1721,675,1778,760,
6559da65-217.jpg,2,2,84,953,397,1203,
6559da65-217.jpg,4,4,161,738,456,1034,
6559da65-217.jpg,1,1,338,488,607,714,
6559da65-217.jpg,0,0,451,325,679,548,
6559da65-217.jpg,1,1,606,226,820,424,
6559da65-217.jpg,1,1,793,168,1036,364,
6559da65-217.jpg,0,0,1030,166,1273,351,
6559da65-217.jpg,1,1,1249,226,1470,427,
6559da65-217.jpg,1,1,1394,347,1609,575,
6559da65-217.jpg,2,2,1449,516,1716,731,
6559da65-217.jpg,1,1,1514,674,1782,870,
6559da65-217.jpg,3,3,1524,834,1811,1111,
6559da65-217.jpg,3,3,1652,1008,1889,1270,
6926f4aa-2.jpg,1,1,2,401,70,682,
6926f4aa-2.jpg,3,3,49,357,287,691,
6926f4aa-2.jpg,1,1,298,365,549,686,
6926f4aa-2.jpg,1,1,561,430,827,724,
6926f4aa-2.jpg,2,2,839,406,1130,740,
6926f4aa-2.jpg,0,0,65,693,152,852,
6926f4aa-2.jpg,0,0,139,700,222,888,
6926f4aa-2.jpg,0,0,229,688,339,946,
6926f4aa-2.jpg,0,0,348,661,498,930,
6926f4aa-2.jpg,0,0,496,679,688,935,
6926f4aa-2.jpg,1,1,702,670,951,957,
6926f4aa-2.jpg,2,2,956,693,1222,983,
6926f4aa-2.jpg,2,2,1146,455,1392,747,
6926f4aa-2.jpg,2,2,1231,706,1466,957,
6926f4aa-2.jpg,2,2,1401,504,1612,735,
6926f4aa-2.jpg,2,2,1475,731,1807,935,
6926f4aa-2.jpg,2,2,1617,509,1908,729,
6926f4aa-2.jpg,1,1,1823,666,1989,877,
69a6f8ed-216.jpg,1,1,181,516,227,681,
69a6f8ed-216.jpg,2,2,221,471,354,703,
69a6f8ed-216.jpg,1,1,357,468,562,744,
69a6f8ed-216.jpg,1,1,237,688,292,810,
69a6f8ed-216.jpg,1,1,268,669,362,835,
69a6f8ed-216.jpg,1,1,356,716,484,849,
69a6f8ed-216.jpg,0,0,481,715,595,872,
69a6f8ed-216.jpg,1,1,554,483,797,741,
69a6f8ed-216.jpg,1,1,597,728,745,878,
69a6f8ed-216.jpg,1,1,803,502,1018,726,
69a6f8ed-216.jpg,1,1,745,656,911,877,
69a6f8ed-216.jpg,1,1,926,669,1110,883,
69a6f8ed-216.jpg,1,1,1009,482,1231,705,
69a6f8ed-216.jpg,2,2,1113,666,1321,872,
69a6f8ed-216.jpg,1,1,1221,489,1394,698,
69a6f8ed-216.jpg,3,3,1422,448,1708,633,
69a6f8ed-216.jpg,0,0,1308,641,1465,820,
69a6f8ed-216.jpg,4,4,1435,619,1683,797,
69a6f8ed-216.jpg,2,2,1665,550,1769,707,
6a015f5d-41.jpg,1,1,126,27,480,408,
6a015f5d-41.jpg,0,0,220,371,513,644,
6a015f5d-41.jpg,0,0,357,599,604,892,
6a015f5d-41.jpg,1,1,473,856,696,1120,
6a015f5d-41.jpg,0,0,695,852,884,1093,
6a015f5d-41.jpg,0,0,822,997,997,1208,
6a015f5d-41.jpg,0,0,994,1024,1155,1225,
6a015f5d-41.jpg,0,0,1122,868,1295,1114,
6a015f5d-41.jpg,0,0,1305,811,1504,1077,
6a015f5d-41.jpg,0,0,1372,572,1620,876,
6a015f5d-41.jpg,1,1,1464,374,1748,629,
6a015f5d-41.jpg,1,1,1502,38,1851,409,
6a4794c8-126.jpg,2,2,73,396,145,678,
6a4794c8-126.jpg,0,0,109,436,215,695,
6a4794c8-126.jpg,1,1,172,402,422,714,
6a4794c8-126.jpg,0,0,411,422,684,717,
6a4794c8-126.jpg,2,2,211,706,305,850,
6a4794c8-126.jpg,0,0,304,705,387,815,
6a4794c8-126.jpg,0,0,388,688,535,831,
6a4794c8-126.jpg,1,1,684,426,922,695,
6a4794c8-126.jpg,1,1,698,637,895,854,
6a4794c8-126.jpg,1,1,537,616,695,832,
6a4794c8-126.jpg,2,2,920,369,1184,679,
6a4794c8-126.jpg,2,2,901,622,1115,882,
6a4794c8-126.jpg,2,2,1182,457,1447,660,
6a4794c8-126.jpg,2,2,1441,418,1680,629,
6a4794c8-126.jpg,2,2,1157,620,1419,796,
6a4794c8-126.jpg,2,2,1676,450,1846,553,
6a4794c8-126.jpg,2,2,1658,518,1954,679,
6a4794c8-126.jpg,2,2,1397,588,1709,757,
6b989eba-275.jpg,1,1,56,486,220,675,
6b989eba-275.jpg,3,3,108,656,327,795,
6b989eba-275.jpg,1,1,209,513,406,704,
6b989eba-275.jpg,1,1,401,488,575,738,
6b989eba-275.jpg,2,2,317,690,572,849,
6b989eba-275.jpg,1,1,538,483,730,757,
6b989eba-275.jpg,1,1,519,709,717,884,
6b989eba-275.jpg,1,1,725,427,993,781,
6b989eba-275.jpg,1,1,688,674,934,950,
6b989eba-275.jpg,1,1,997,398,1241,728,
6b989eba-275.jpg,1,1,927,658,1161,940,
6b989eba-275.jpg,1,1,1222,432,1482,773,
6b989eba-275.jpg,0,0,1166,722,1302,840,
6b989eba-275.jpg,0,0,1332,766,1442,879,
6b989eba-275.jpg,1,1,1478,363,1773,750,
6b989eba-275.jpg,0,0,1435,728,1619,902,
6b989eba-275.jpg,0,0,1614,726,1701,787,
6b989eba-275.jpg,1,1,1694,687,1862,916,
6b989eba-275.jpg,1,1,1714,390,1881,688,
6b989eba-275.jpg,1,1,1861,435,1982,750,
6c17749f-186.jpg,0,0,649,452,823,604,
6c17749f-186.jpg,0,0,627,567,685,760,
6c17749f-186.jpg,1,1,686,575,804,763,
6c17749f-186.jpg,2,2,804,454,979,677,
6c17749f-186.jpg,2,2,963,412,1141,711,
6c17749f-186.jpg,1,1,788,588,854,734,
6c829228-168.jpg,2,2,92,472,151,639,
6c829228-168.jpg,2,2,140,484,237,652,
6c829228-168.jpg,2,2,223,523,335,698,
6c829228-168.jpg,1,1,296,476,432,674,
6c829228-168.jpg,1,1,425,460,575,685,
6c829228-168.jpg,1,1,550,425,760,663,
6c829228-168.jpg,1,1,750,414,991,661,
6c829228-168.jpg,1,1,985,398,1239,660,
6c829228-168.jpg,1,1,1231,435,1416,652,
6c829228-168.jpg,1,1,1397,430,1534,668,
6c829228-168.jpg,1,1,1498,472,1619,666,
6c829228-168.jpg,1,1,1584,497,1668,663,
6c829228-168.jpg,2,2,1657,456,1754,631,
6c829228-168.jpg,1,1,100,640,175,709,
6c829228-168.jpg,1,1,151,640,306,795,
6c829228-168.jpg,1,1,290,666,395,819,
6c829228-168.jpg,1,1,387,653,545,824,
6c829228-168.jpg,1,1,537,637,675,800,
6c829228-168.jpg,1,1,674,615,827,774,
6c829228-168.jpg,1,1,840,648,972,726,
6c829228-168.jpg,1,1,978,648,1141,741,
6c829228-168.jpg,1,1,1133,629,1294,758,
6c829228-168.jpg,1,1,1287,639,1424,766,
6c829228-168.jpg,1,1,1412,634,1547,795,
6c829228-168.jpg,1,1,1529,660,1600,773,
6c829228-168.jpg,1,1,1588,628,1713,768,
6c829228-168.jpg,1,1,1694,628,1749,693,
6e187bea-59.jpg,0,0,145,462,239,597,
6e187bea-59.jpg,0,0,190,604,296,752,
6e187bea-59.jpg,0,0,236,468,330,668,
6e187bea-59.jpg,0,0,322,489,437,677,
6e187bea-59.jpg,0,0,285,648,421,782,
6e187bea-59.jpg,0,0,430,441,610,715,
6e187bea-59.jpg,0,0,605,475,792,707,
6e187bea-59.jpg,0,0,389,687,542,824,
6e187bea-59.jpg,0,0,542,672,680,873,
6e187bea-59.jpg,0,0,682,675,819,851,
6e187bea-59.jpg,0,0,789,440,1029,715,
6e187bea-59.jpg,0,0,1026,448,1267,722,
6e187bea-59.jpg,0,0,848,699,991,848,
6e187bea-59.jpg,0,0,1008,703,1122,840,
6e187bea-59.jpg,0,0,1150,666,1284,856,
6e187bea-59.jpg,0,0,1254,460,1427,687,
6e187bea-59.jpg,0,0,1415,444,1564,685,
6e187bea-59.jpg,0,0,1282,677,1429,875,
6e187bea-59.jpg,0,0,1407,674,1544,830,
6e187bea-59.jpg,0,0,1534,457,1641,671,
6e187bea-59.jpg,0,0,1533,679,1603,793,
6e187bea-59.jpg,0,0,1614,467,1679,648,
6e187bea-59.jpg,0,0,1595,648,1670,752,
6f9a3e84-218.jpg,3,3,123,51,444,333,
6f9a3e84-218.jpg,3,3,186,312,494,594,
6f9a3e84-218.jpg,1,1,268,560,510,762,
6f9a3e84-218.jpg,0,0,359,706,594,921,
6f9a3e84-218.jpg,0,0,502,841,700,1058,
6f9a3e84-218.jpg,0,0,623,985,803,1144,
6f9a3e84-218.jpg,0,0,781,1030,939,1163,
6f9a3e84-218.jpg,0,0,937,1043,1096,1168,
6f9a3e84-218.jpg,0,0,1094,1015,1262,1173,
6f9a3e84-218.jpg,0,0,1223,925,1429,1149,
6f9a3e84-218.jpg,0,0,1361,795,1577,1024,
6f9a3e84-218.jpg,2,2,1452,643,1690,871,
6f9a3e84-218.jpg,1,1,1493,415,1808,721,
6f9a3e84-218.jpg,6,6,1614,219,1896,487,
70efe99b-152.jpg,0,0,137,468,347,618,
70efe99b-152.jpg,0,0,350,476,542,674,
70efe99b-152.jpg,0,0,261,623,416,734,
70efe99b-152.jpg,1,1,398,653,585,806,
70efe99b-152.jpg,0,0,515,581,615,715,
70efe99b-152.jpg,0,0,570,516,736,717,
70efe99b-152.jpg,0,0,594,695,715,781,
70efe99b-152.jpg,0,0,682,472,940,766,
70efe99b-152.jpg,0,0,664,742,860,878,
70efe99b-152.jpg,0,0,844,693,1042,919,
70efe99b-152.jpg,0,0,940,475,1200,755,
70efe99b-152.jpg,0,0,1220,421,1534,749,
70efe99b-152.jpg,0,0,1075,626,1284,926,
70efe99b-152.jpg,0,0,1286,717,1491,897,
70efe99b-152.jpg,0,0,1498,632,1700,916,
70efe99b-152.jpg,0,0,1552,408,1885,742,
70efe99b-152.jpg,0,0,1694,703,1864,911,
70efe99b-152.jpg,0,0,1870,534,1988,766,
70efe99b-152.jpg,0,0,1861,734,1988,862,
70fb9776-49.jpg,0,0,596,459,817,725,
70fb9776-49.jpg,0,0,599,671,715,905,
70fb9776-49.jpg,0,0,707,701,774,876,
70fb9776-49.jpg,0,0,779,699,840,875,
70fb9776-49.jpg,0,0,956,419,1079,730,
70fb9776-49.jpg,0,0,817,392,994,634,
70fb9776-49.jpg,0,0,813,575,981,734,
7315db47-224.jpg,4,4,86,131,421,386,
7315db47-224.jpg,4,4,191,371,488,672,
7315db47-224.jpg,4,4,309,653,511,881,
7315db47-224.jpg,3,3,457,755,661,981,
7315db47-224.jpg,3,3,562,921,754,1142,
7315db47-224.jpg,3,3,736,1005,929,1160,
7315db47-224.jpg,5,5,865,1053,1005,1211,
7315db47-224.jpg,5,5,1008,1028,1153,1193,
7315db47-224.jpg,5,5,1160,977,1311,1198,
7315db47-224.jpg,5,5,1249,889,1448,1144,
7315db47-224.jpg,5,5,1362,781,1560,1023,
7315db47-224.jpg,1,1,1470,690,1652,916,
7315db47-224.jpg,2,2,1496,444,1773,742,
7315db47-224.jpg,3,3,1609,190,1867,484,
7315db47-224.jpg,3,3,1620,33,1883,229,
745d312c-272.jpg,2,2,27,67,339,378,
745d312c-272.jpg,2,2,51,355,421,749,
745d312c-272.jpg,2,2,258,652,503,910,
745d312c-272.jpg,1,1,408,828,652,1106,
745d312c-272.jpg,0,0,615,1010,832,1211,
745d312c-272.jpg,0,0,840,1072,1032,1249,
745d312c-272.jpg,0,0,1039,1064,1230,1241,
745d312c-272.jpg,0,0,1233,991,1437,1212,
745d312c-272.jpg,2,2,1407,816,1649,1082,
745d312c-272.jpg,2,2,1549,642,1802,906,
745d312c-272.jpg,2,2,1636,343,1952,715,
745d312c-272.jpg,3,3,1649,72,1972,339,
75ff8686-169.jpg,1,1,5,511,86,588,
75ff8686-169.jpg,1,1,81,440,304,618,
75ff8686-169.jpg,1,1,287,395,535,644,
75ff8686-169.jpg,1,1,112,597,249,663,
75ff8686-169.jpg,1,1,245,612,365,711,
75ff8686-169.jpg,1,1,363,613,511,739,
75ff8686-169.jpg,1,1,524,444,754,658,
75ff8686-169.jpg,1,1,507,626,680,774,
75ff8686-169.jpg,1,1,731,429,938,661,
75ff8686-169.jpg,1,1,671,623,868,801,
75ff8686-169.jpg,1,1,919,468,1118,661,
75ff8686-169.jpg,1,1,868,605,1058,836,
75ff8686-169.jpg,1,1,1096,489,1249,661,
75ff8686-169.jpg,2,2,1243,438,1435,615,
75ff8686-169.jpg,3,3,1445,416,1553,570,
75ff8686-169.jpg,1,1,1058,618,1190,800,
75ff8686-169.jpg,1,1,1190,601,1435,792,
75ff8686-169.jpg,1,1,1410,546,1590,706,
7788d862-136.jpg,1,1,7,622,189,896,
7788d862-136.jpg,0,0,105,536,251,678,
7788d862-136.jpg,4,4,195,564,409,840,
7788d862-136.jpg,0,0,405,589,596,789,
7788d862-136.jpg,0,0,604,589,805,791,
7788d862-136.jpg,4,4,796,560,1036,833,
7788d862-136.jpg,0,0,984,509,1153,662,
7788d862-136.jpg,0,0,1044,591,1298,869,
7788d862-136.jpg,0,0,1178,455,1389,738,
7788d862-136.jpg,0,0,1278,693,1540,922,
7788d862-136.jpg,1,1,1349,518,1625,736,
7788d862-136.jpg,0,0,1498,680,1704,824,
7788d862-136.jpg,2,2,1609,602,1916,704,
7788d862-136.jpg,1,1,1691,482,1884,595,
787a9884-160.jpg,2,2,156,950,494,1271,
787a9884-160.jpg,1,1,204,749,507,961,
787a9884-160.jpg,1,1,301,558,569,774,
787a9884-160.jpg,1,1,401,343,621,578,
787a9884-160.jpg,1,1,575,225,793,460,
787a9884-160.jpg,1,1,774,151,1012,403,
787a9884-160.jpg,1,1,1028,167,1286,414,
787a9884-160.jpg,1,1,1243,252,1459,484,
787a9884-160.jpg,1,1,1389,384,1611,620,
787a9884-160.jpg,1,1,1442,605,1706,825,
787a9884-160.jpg,1,1,1491,809,1773,1008,
787a9884-160.jpg,2,2,1512,989,1831,1290,
789284b8-137.jpg,3,3,9,907,369,1285,
789284b8-137.jpg,4,4,165,753,484,956,
789284b8-137.jpg,5,5,231,411,542,735,
789284b8-137.jpg,0,0,431,275,604,462,
789284b8-137.jpg,5,5,595,205,784,400,
789284b8-137.jpg,5,5,1518,733,1918,1131,
789284b8-137.jpg,4,4,1473,480,1776,838,
789284b8-137.jpg,5,5,771,169,1016,360,
789284b8-137.jpg,5,5,1007,185,1240,358,
789284b8-137.jpg,5,5,1235,251,1436,425,
789284b8-137.jpg,0,0,1415,358,1611,531,
78ecb279-31.jpg,1,1,1071,389,1329,691,
78ecb279-31.jpg,1,1,789,378,1064,674,
78ecb279-31.jpg,0,0,943,666,1094,846,
78ecb279-31.jpg,0,0,1102,674,1254,852,
78ecb279-31.jpg,0,0,602,441,801,671,
78ecb279-31.jpg,2,2,757,661,938,876,
78ecb279-31.jpg,2,2,558,664,766,906,
78ecb279-31.jpg,2,2,433,462,604,696,
78ecb279-31.jpg,2,2,421,696,558,903,
78ecb279-31.jpg,2,2,296,495,444,719,
78ecb279-31.jpg,1,1,325,726,425,870,
78ecb279-31.jpg,2,2,239,722,330,844,
78ecb279-31.jpg,2,2,236,546,322,720,
78ecb279-31.jpg,2,2,123,723,245,836,
78ecb279-31.jpg,2,2,76,558,180,699,
78ecb279-31.jpg,1,1,185,572,253,707,
78ecb279-31.jpg,0,0,1260,668,1410,870,
78ecb279-31.jpg,0,0,1335,406,1534,679,
78ecb279-31.jpg,2,2,1542,435,1701,725,
78ecb279-31.jpg,2,2,1412,653,1558,938,
78ecb279-31.jpg,2,2,1542,709,1641,929,
78ecb279-31.jpg,2,2,1681,545,1818,750,
78ecb279-31.jpg,2,2,1768,642,1854,784,
78ecb279-31.jpg,1,1,1818,658,1918,800,
78ecb279-31.jpg,1,1,1886,663,1982,765,
78ecb279-31.jpg,1,1,1630,765,1716,870,
78ecb279-31.jpg,1,1,1716,777,1840,887,
79675aa9-103.jpg,0,0,799,503,981,680,
79675aa9-103.jpg,0,0,1010,472,1198,647,
79675aa9-103.jpg,0,0,1198,507,1331,664,
79675aa9-103.jpg,0,0,684,556,808,698,
79675aa9-103.jpg,0,0,587,556,693,706,
79675aa9-103.jpg,1,1,498,569,620,695,
79675aa9-103.jpg,1,1,472,602,549,700,
79675aa9-103.jpg,1,1,396,596,494,691,
79675aa9-103.jpg,2,2,343,585,427,684,
79675aa9-103.jpg,0,0,1309,565,1411,702,
79675aa9-103.jpg,0,0,1391,574,1484,704,
79675aa9-103.jpg,0,0,1451,611,1521,704,
79675aa9-103.jpg,1,1,1499,613,1588,702,
79675aa9-103.jpg,1,1,1402,702,1515,799,
79675aa9-103.jpg,0,0,906,605,1019,735,
79675aa9-103.jpg,1,1,793,664,890,768,
79675aa9-103.jpg,1,1,691,689,775,771,
79675aa9-103.jpg,0,0,589,700,693,799,
79675aa9-103.jpg,0,0,536,709,627,788,
79675aa9-103.jpg,1,1,443,689,543,782,
79675aa9-103.jpg,1,1,374,678,474,751,
79675aa9-103.jpg,0,0,1025,636,1134,744,
79675aa9-103.jpg,0,0,1145,631,1236,751,
79675aa9-103.jpg,0,0,1242,653,1335,802,
79675aa9-103.jpg,0,0,1331,698,1417,813,
79675aa9-103.jpg,1,1,1502,689,1599,775,
79c6a9e2-214.jpg,1,1,714,389,921,610,
79c6a9e2-214.jpg,2,2,922,390,1088,621,
79c6a9e2-214.jpg,2,2,889,597,964,800,
79c6a9e2-214.jpg,2,2,741,594,876,781,
79c6a9e2-214.jpg,1,1,981,621,1036,795,
79c6a9e2-214.jpg,1,1,1083,387,1173,666,
7b8ac2eb-230.jpg,1,1,822,341,1085,660,
7b8ac2eb-230.jpg,0,0,801,623,1090,993,
7b8ac2eb-230.jpg,0,0,1064,363,1155,626,
7b8ac2eb-230.jpg,0,0,1150,323,1217,589,
7b938f9c-154.jpg,4,4,137,1075,425,1284,
7b938f9c-154.jpg,4,4,221,841,515,1123,
7b938f9c-154.jpg,1,1,307,698,577,876,
7b938f9c-154.jpg,0,0,358,516,626,714,
7b938f9c-154.jpg,0,0,430,303,644,516,
7b938f9c-154.jpg,0,0,599,147,789,347,
7b938f9c-154.jpg,0,0,771,53,999,264,
7b938f9c-154.jpg,0,0,1024,67,1257,274,
7b938f9c-154.jpg,0,0,1252,182,1434,357,
7b938f9c-154.jpg,0,0,1373,338,1564,545,
7b938f9c-154.jpg,1,1,1375,527,1623,725,
7b938f9c-154.jpg,1,1,1522,658,1769,849,
7b938f9c-154.jpg,5,5,1458,849,1746,1117,
7b938f9c-154.jpg,4,4,1597,1042,1816,1263,
7cbe7261-76.jpg,1,1,38,435,280,636,
7cbe7261-76.jpg,1,1,88,615,392,746,
7cbe7261-76.jpg,1,1,288,511,460,668,
7cbe7261-76.jpg,1,1,371,632,601,825,
7cbe7261-76.jpg,1,1,438,433,682,717,
7cbe7261-76.jpg,1,1,594,664,865,875,
7cbe7261-76.jpg,1,1,679,440,951,736,
7cbe7261-76.jpg,0,0,881,679,1101,867,
7cbe7261-76.jpg,0,0,1136,679,1298,838,
7cbe7261-76.jpg,0,0,1367,722,1472,822,
7cbe7261-76.jpg,1,1,956,457,1212,747,
7cbe7261-76.jpg,1,1,1204,414,1472,762,
7cbe7261-76.jpg,1,1,1485,376,1743,723,
7cbe7261-76.jpg,0,0,1502,688,1627,817,
7cbe7261-76.jpg,1,1,1740,389,1886,707,
7cbe7261-76.jpg,0,0,1670,674,1759,790,
7cbe7261-76.jpg,1,1,1864,397,1968,671,
7cbe7261-76.jpg,0,0,1792,685,1861,779,
7d15dca6-276.jpg,1,1,11,373,89,733,
7d15dca6-276.jpg,1,1,88,347,338,685,
7d15dca6-276.jpg,1,1,8,664,119,862,
7d15dca6-276.jpg,1,1,116,618,314,900,
7d15dca6-276.jpg,1,1,315,382,602,758,
7d15dca6-276.jpg,0,0,343,728,421,805,
7d15dca6-276.jpg,0,0,478,733,605,868,
7d15dca6-276.jpg,1,1,594,335,889,747,
7d15dca6-276.jpg,0,0,601,722,777,919,
7d15dca6-276.jpg,0,0,787,672,921,806,
7d15dca6-276.jpg,1,1,876,378,1126,703,
7d15dca6-276.jpg,1,1,914,652,1161,967,
7d15dca6-276.jpg,1,1,1122,432,1378,782,
7d15dca6-276.jpg,1,1,1152,701,1367,948,
7d15dca6-276.jpg,1,1,1346,481,1526,757,
7d15dca6-276.jpg,1,1,1338,688,1518,924,
7d15dca6-276.jpg,1,1,1498,489,1644,726,
7d15dca6-276.jpg,1,1,1525,703,1684,862,
7d15dca6-276.jpg,2,2,1622,511,1773,715,
7d15dca6-276.jpg,1,1,1760,472,1915,679,
7d15dca6-276.jpg,1,1,1671,658,1840,806,
7d226e1d-72.jpg,4,4,41,25,366,328,
7d226e1d-72.jpg,4,4,137,314,454,637,
7d226e1d-72.jpg,2,2,268,607,524,800,
7d226e1d-72.jpg,1,1,370,781,586,997,
7d226e1d-72.jpg,0,0,532,927,717,1112,
7d226e1d-72.jpg,0,0,682,1024,859,1177,
7d226e1d-72.jpg,0,0,851,1044,1007,1208,
7d226e1d-72.jpg,0,0,1004,1045,1155,1206,
7d226e1d-72.jpg,0,0,1157,1013,1324,1185,
7d226e1d-72.jpg,0,0,1281,935,1472,1110,
7d226e1d-72.jpg,1,1,1399,782,1609,1016,
7d226e1d-72.jpg,1,1,1458,588,1722,811,
7d226e1d-72.jpg,0,0,1526,301,1835,631,
7d226e1d-72.jpg,1,1,1601,16,1934,335,
8070dcce-150.jpg,0,0,110,408,196,518,
8070dcce-150.jpg,0,0,278,581,385,654,
8070dcce-150.jpg,0,0,405,614,446,652,
8070dcce-150.jpg,0,0,401,449,565,663,
8070dcce-150.jpg,0,0,435,621,558,731,
8070dcce-150.jpg,0,0,203,429,347,575,
8070dcce-150.jpg,0,0,359,511,425,616,
8070dcce-150.jpg,0,0,313,512,391,602,
8070dcce-150.jpg,0,0,567,455,752,664,
8070dcce-150.jpg,0,0,560,633,686,783,
8070dcce-150.jpg,0,0,695,584,849,789,
8070dcce-150.jpg,0,0,753,417,996,660,
8070dcce-150.jpg,0,0,847,616,992,755,
8070dcce-150.jpg,0,0,997,558,1155,778,
8070dcce-150.jpg,0,0,1017,397,1263,653,
8070dcce-150.jpg,0,0,1157,603,1300,767,
8070dcce-150.jpg,1,1,1262,452,1435,656,
8070dcce-150.jpg,0,0,1431,435,1601,664,
8070dcce-150.jpg,0,0,1302,625,1445,788,
8070dcce-150.jpg,0,0,1442,624,1553,759,
8070dcce-150.jpg,0,0,1549,490,1647,649,
8070dcce-150.jpg,0,0,1547,649,1589,706,
8070dcce-150.jpg,0,0,1654,471,1746,576,
8070dcce-150.jpg,0,0,1740,442,1794,506,
8070dcce-150.jpg,0,0,1595,562,1698,684,
82136b73-252.jpg,0,0,139,545,279,731,
82136b73-252.jpg,0,0,169,701,311,812,
82136b73-252.jpg,0,0,250,564,433,750,
82136b73-252.jpg,0,0,295,736,508,870,
82136b73-252.jpg,0,0,398,551,575,774,
82136b73-252.jpg,0,0,526,527,769,793,
82136b73-252.jpg,0,0,507,752,658,922,
82136b73-252.jpg,0,0,653,714,857,961,
82136b73-252.jpg,0,0,731,507,1007,875,
82136b73-252.jpg,0,0,891,739,1056,926,
82136b73-252.jpg,1,1,964,443,1257,779,
82136b73-252.jpg,1,1,1212,349,1579,733,
82136b73-252.jpg,0,0,1110,715,1287,883,
82136b73-252.jpg,0,0,1330,739,1451,797,
82136b73-252.jpg,0,0,1507,696,1652,819,
82136b73-252.jpg,1,1,1709,722,1810,833,
82136b73-252.jpg,1,1,1566,349,1912,733,
82136b73-252.jpg,0,0,1832,730,1944,854,
82136b73-252.jpg,0,0,1866,456,1993,762,
834e844f-215.jpg,2,2,159,494,341,610,
834e844f-215.jpg,2,2,195,406,268,484,
834e844f-215.jpg,2,2,270,380,429,531,
834e844f-215.jpg,1,1,319,528,504,690,
834e844f-215.jpg,1,1,428,377,572,576,
834e844f-215.jpg,2,2,565,396,754,599,
834e844f-215.jpg,1,1,500,540,670,731,
834e844f-215.jpg,1,1,751,404,967,601,
834e844f-215.jpg,1,1,653,556,858,761,
834e844f-215.jpg,2,2,961,390,1191,622,
834e844f-215.jpg,1,1,1190,373,1430,649,
834e844f-215.jpg,1,1,854,564,1031,773,
834e844f-215.jpg,1,1,1031,566,1211,769,
834e844f-215.jpg,1,1,1430,375,1624,626,
834e844f-215.jpg,1,1,1205,601,1360,788,
834e844f-215.jpg,1,1,1359,604,1496,763,
834e844f-215.jpg,1,1,1501,609,1607,751,
834e844f-215.jpg,1,1,1625,383,1730,606,
834e844f-215.jpg,1,1,1598,580,1704,756,
834e844f-215.jpg,1,1,1691,584,1768,733,
834e844f-215.jpg,1,1,1729,368,1802,572,
842753fe-148.jpg,5,5,1624,1175,1860,1295,
842753fe-148.jpg,4,4,1545,905,1831,1213,
842753fe-148.jpg,1,1,1409,765,1722,1072,
842753fe-148.jpg,3,3,1470,565,1765,782,
842753fe-148.jpg,1,1,1367,375,1699,620,
842753fe-148.jpg,1,1,1333,176,1582,427,
842753fe-148.jpg,1,1,1174,145,1390,344,
842753fe-148.jpg,1,1,1008,51,1262,285,
842753fe-148.jpg,1,1,760,61,1017,290,
842753fe-148.jpg,1,1,571,94,769,287,
842753fe-148.jpg,1,1,369,170,649,418,
842753fe-148.jpg,1,1,289,361,601,608,
842753fe-148.jpg,1,1,263,566,558,781,
842753fe-148.jpg,4,4,206,738,524,1044,
842753fe-148.jpg,5,5,118,972,455,1243,
842753fe-148.jpg,5,5,107,1233,374,1293,
85afd91b-195.jpg,4,4,83,3,363,175,
85afd91b-195.jpg,1,1,223,553,451,822,
85afd91b-195.jpg,0,0,376,731,581,986,
85afd91b-195.jpg,0,0,516,892,712,1109,
85afd91b-195.jpg,0,0,652,1018,833,1190,
85afd91b-195.jpg,1,1,806,1090,956,1241,
85afd91b-195.jpg,0,0,957,1075,1106,1246,
85afd91b-195.jpg,0,0,1104,1045,1270,1235,
85afd91b-195.jpg,0,0,1233,989,1412,1181,
85afd91b-195.jpg,0,0,1367,856,1566,1075,
85afd91b-195.jpg,3,3,1451,677,1681,919,
85afd91b-195.jpg,0,0,1504,392,1835,736,
85afd91b-195.jpg,2,2,1561,96,1872,427,
85afd91b-195.jpg,1,1,1638,3,1936,115,
86324d62-226.jpg,0,0,80,626,129,714,
86324d62-226.jpg,0,0,140,500,309,730,
86324d62-226.jpg,1,1,123,717,301,895,
86324d62-226.jpg,1,1,295,405,529,742,
86324d62-226.jpg,0,0,261,715,421,868,
86324d62-226.jpg,0,0,432,725,558,844,
86324d62-226.jpg,1,1,523,397,811,750,
86324d62-226.jpg,0,0,572,734,720,883,
86324d62-226.jpg,0,0,730,691,922,891,
86324d62-226.jpg,0,0,809,421,1064,706,
86324d62-226.jpg,1,1,1050,365,1321,691,
86324d62-226.jpg,0,0,932,644,1181,989,
86324d62-226.jpg,0,0,1182,656,1410,950,
86324d62-226.jpg,0,0,1302,416,1531,685,
86324d62-226.jpg,0,0,1394,677,1550,891,
86324d62-226.jpg,0,0,1504,476,1658,660,
86324d62-226.jpg,3,3,1521,615,1756,805,
86324d62-226.jpg,3,3,1644,444,1794,615,
86324d62-226.jpg,0,0,1792,386,1907,532,
86324d62-226.jpg,0,0,1730,529,1905,680,
86ec4e76-44.jpg,0,0,567,387,899,693,
86ec4e76-44.jpg,0,0,387,472,621,715,
86ec4e76-44.jpg,1,1,164,449,403,637,
86ec4e76-44.jpg,1,1,11,413,193,575,
86ec4e76-44.jpg,0,0,8,543,207,696,
86ec4e76-44.jpg,0,0,164,618,425,747,
86ec4e76-44.jpg,0,0,411,650,652,852,
86ec4e76-44.jpg,0,0,664,629,924,848,
86ec4e76-44.jpg,0,0,876,516,1141,774,
86ec4e76-44.jpg,0,0,1123,438,1486,803,
86ec4e76-44.jpg,0,0,1472,416,1738,777,
86ec4e76-44.jpg,0,0,1706,438,1837,746,
86ec4e76-44.jpg,0,0,1811,371,1917,680,
86ec4e76-44.jpg,0,0,1373,720,1502,848,
873bc351-213.jpg,1,1,92,359,155,522,
873bc351-213.jpg,1,1,137,351,215,557,
873bc351-213.jpg,1,1,207,365,352,577,
873bc351-213.jpg,0,0,142,537,240,680,
873bc351-213.jpg,1,1,221,544,357,736,
873bc351-213.jpg,1,1,315,356,494,570,
873bc351-213.jpg,1,1,313,559,474,766,
873bc351-213.jpg,2,2,482,334,703,591,
873bc351-213.jpg,1,1,456,547,617,771,
873bc351-213.jpg,1,1,616,531,792,772,
873bc351-213.jpg,1,1,703,307,987,622,
873bc351-213.jpg,1,1,971,312,1252,600,
873bc351-213.jpg,0,0,795,587,970,777,
873bc351-213.jpg,0,0,969,572,1145,779,
873bc351-213.jpg,0,0,1145,522,1309,760,
873bc351-213.jpg,1,1,1245,315,1458,573,
873bc351-213.jpg,1,1,1308,534,1493,768,
873bc351-213.jpg,1,1,1445,312,1620,547,
873bc351-213.jpg,1,1,1466,525,1652,744,
873bc351-213.jpg,1,1,1593,327,1721,530,
873bc351-213.jpg,0,0,1608,514,1744,687,
873bc351-213.jpg,5,5,1712,285,1859,482,
873bc351-213.jpg,2,2,1712,477,1848,666,
87762cf5-232.jpg,0,0,534,629,669,801,
87762cf5-232.jpg,0,0,682,454,892,693,
87762cf5-232.jpg,0,0,567,797,653,905,
87762cf5-232.jpg,0,0,660,725,833,961,
87762cf5-232.jpg,0,0,870,699,977,902,
87762cf5-232.jpg,3,3,895,489,1104,730,
87762cf5-232.jpg,0,0,970,723,1012,846,
87be61d5-135.jpg,2,2,205,475,440,649,
87be61d5-135.jpg,2,2,124,542,369,671,
87be61d5-135.jpg,2,2,435,484,709,687,
87be61d5-135.jpg,2,2,324,645,569,751,
87be61d5-135.jpg,4,4,524,658,804,878,
87be61d5-135.jpg,0,0,716,507,887,722,
87be61d5-135.jpg,0,0,804,591,1029,849,
87be61d5-135.jpg,0,0,942,527,1100,647,
87be61d5-135.jpg,4,4,1031,558,1258,811,
87be61d5-135.jpg,0,0,1253,598,1433,787,
87be61d5-135.jpg,0,0,1438,604,1618,796,
87be61d5-135.jpg,0,0,1742,547,1833,658,
87be61d5-135.jpg,0,0,1795,624,1953,844,
87be61d5-135.jpg,4,4,1609,582,1785,829,
8b148305-247.jpg,3,3,143,21,378,335,
8b148305-247.jpg,3,3,185,296,513,599,
8b148305-247.jpg,1,1,264,581,521,805,
8b148305-247.jpg,0,0,368,726,610,978,
8b148305-247.jpg,0,0,489,911,687,1134,
8b148305-247.jpg,0,0,668,1013,848,1157,
8b148305-247.jpg,0,0,827,1045,991,1185,
8b148305-247.jpg,0,0,996,1047,1161,1171,
8b148305-247.jpg,0,0,1144,999,1322,1173,
8b148305-247.jpg,1,1,1300,948,1498,1171,
8b148305-247.jpg,1,1,1357,754,1604,1012,
8b148305-247.jpg,0,0,1427,588,1684,816,
8b148305-247.jpg,1,1,1501,319,1797,652,
8b148305-247.jpg,2,2,1622,53,1826,347,
8c0fb793-81.jpg,0,0,3,376,38,537,
8c0fb793-81.jpg,0,0,13,403,143,682,
8c0fb793-81.jpg,0,0,11,679,100,875,
8c0fb793-81.jpg,1,1,115,405,438,726,
8c0fb793-81.jpg,0,0,108,685,239,876,
8c0fb793-81.jpg,0,0,241,682,398,894,
8c0fb793-81.jpg,0,0,429,395,734,738,
8c0fb793-81.jpg,0,0,422,704,578,911,
8c0fb793-81.jpg,0,0,588,674,789,916,
8c0fb793-81.jpg,0,0,719,400,988,731,
8c0fb793-81.jpg,0,0,798,644,1040,964,
8c0fb793-81.jpg,0,0,994,374,1260,723,
8c0fb793-81.jpg,0,0,1044,650,1306,940,
8c0fb793-81.jpg,1,1,1255,413,1507,714,
8c0fb793-81.jpg,0,0,1310,652,1550,897,
8c0fb793-81.jpg,0,0,1498,429,1714,663,
8c0fb793-81.jpg,1,1,1705,440,1956,645,
8c0fb793-81.jpg,1,1,1555,631,1870,833,
8c477306-142.jpg,2,2,301,761,571,1011,
8c477306-142.jpg,0,0,414,631,646,821,
8c477306-142.jpg,0,0,388,467,632,667,
8c477306-142.jpg,1,1,467,307,670,517,
8c477306-142.jpg,0,0,605,214,803,386,
8c477306-142.jpg,0,0,744,104,972,298,
8c477306-142.jpg,0,0,970,146,1202,326,
8c477306-142.jpg,0,0,1163,218,1361,384,
8c477306-142.jpg,1,1,1306,252,1512,464,
8c477306-142.jpg,1,1,1320,462,1564,661,
8c477306-142.jpg,1,1,1361,626,1597,804,
8c477306-142.jpg,2,2,1380,755,1650,1004,
8c477306-142.jpg,3,3,1389,943,1670,1136,
8c477306-142.jpg,0,0,296,1109,334,1155,
8c477306-142.jpg,0,0,336,1049,431,1201,
8c477306-142.jpg,0,0,400,1029,547,1231,
8c477306-142.jpg,0,0,540,1060,706,1256,
8c477306-142.jpg,0,0,670,1107,908,1232,
8c477306-142.jpg,0,0,908,1104,1150,1262,
8c477306-142.jpg,0,0,1143,1160,1317,1274,
8c477306-142.jpg,0,0,1311,1185,1398,1262,
8c477306-142.jpg,0,0,1351,1159,1513,1208,
8c477306-142.jpg,0,0,1513,1173,1563,1197,
8e0bfd48-4.jpg,1,1,818,1009,1056,1274,
8e0bfd48-4.jpg,0,0,1061,1000,1303,1231,
8e0bfd48-4.jpg,0,0,619,989,814,1197,
8e0bfd48-4.jpg,0,0,1253,908,1466,1119,
8e0bfd48-4.jpg,2,2,1401,753,1614,996,
8e0bfd48-4.jpg,2,2,437,845,655,1078,
8e0bfd48-4.jpg,2,2,307,659,574,865,
8e0bfd48-4.jpg,2,2,224,489,480,686,
8e0bfd48-4.jpg,2,2,126,202,437,513,
8e0bfd48-4.jpg,0,0,43,9,269,278,
8e0bfd48-4.jpg,2,2,1439,558,1700,768,
8e0bfd48-4.jpg,2,2,1478,379,1733,566,
8e0bfd48-4.jpg,2,2,1453,86,1776,382,
8e0bfd48-4.jpg,1,1,1633,3,1780,116,
8ebd65e0-42.jpg,1,1,268,325,542,628,
8ebd65e0-42.jpg,0,0,532,456,749,706,
8ebd65e0-42.jpg,0,0,722,376,1045,730,
8ebd65e0-42.jpg,0,0,1051,357,1378,714,
8ebd65e0-42.jpg,0,0,121,433,269,602,
8ebd65e0-42.jpg,0,0,6,478,167,685,
8ebd65e0-42.jpg,0,0,153,612,301,711,
8ebd65e0-42.jpg,0,0,280,605,437,784,
8ebd65e0-42.jpg,0,0,443,543,617,781,
8ebd65e0-42.jpg,0,0,1004,647,1185,787,
8ebd65e0-42.jpg,0,0,1364,409,1601,703,
8ebd65e0-42.jpg,0,0,835,707,954,781,
8ebd65e0-42.jpg,0,0,1604,363,1786,656,
8ebd65e0-42.jpg,0,0,1764,397,1881,610,
8ebd65e0-42.jpg,0,0,1862,389,1964,548,
8ebd65e0-42.jpg,0,0,1808,553,1886,620,
8ebd65e0-42.jpg,0,0,1709,615,1818,679,
8ebd65e0-42.jpg,0,0,1571,593,1703,725,
8ebd65e0-42.jpg,0,0,1394,679,1544,744,
8ebd65e0-42.jpg,0,0,696,685,755,747,
8ebd65e0-42.jpg,0,0,239,438,355,656,
90e6305a-46.jpg,3,3,155,970,462,1294,
90e6305a-46.jpg,0,0,158,760,449,980,
90e6305a-46.jpg,0,0,260,570,543,803,
90e6305a-46.jpg,0,0,355,323,599,570,
90e6305a-46.jpg,0,0,545,188,768,398,
90e6305a-46.jpg,0,0,750,46,1008,327,
90e6305a-46.jpg,0,0,1021,69,1286,307,
90e6305a-46.jpg,0,0,1230,245,1451,438,
90e6305a-46.jpg,0,0,1456,268,1678,476,
90e6305a-46.jpg,1,1,1415,531,1708,773,
90e6305a-46.jpg,1,1,1518,736,1795,964,
90e6305a-46.jpg,2,2,1525,945,1840,1224,
91819bd3-51.jpg,1,1,115,381,408,726,
91819bd3-51.jpg,0,0,218,709,327,793,
91819bd3-51.jpg,0,0,346,677,459,827,
91819bd3-51.jpg,0,0,403,424,696,750,
91819bd3-51.jpg,0,0,703,472,978,757,
91819bd3-51.jpg,0,0,462,711,618,894,
91819bd3-51.jpg,0,0,629,656,824,895,
91819bd3-51.jpg,0,0,830,640,1099,916,
91819bd3-51.jpg,0,0,983,446,1260,725,
91819bd3-51.jpg,0,0,1093,642,1369,887,
91819bd3-51.jpg,0,0,1254,478,1504,698,
91819bd3-51.jpg,0,0,1391,639,1620,806,
91819bd3-51.jpg,0,0,1482,449,1714,652,
91819bd3-51.jpg,0,0,1695,432,1907,572,
91819bd3-51.jpg,3,3,1627,537,1913,714,
91819bd3-51.jpg,0,0,1866,462,1966,545,
93742b4a-197.jpg,1,1,239,427,379,572,
93742b4a-197.jpg,1,1,258,569,446,715,
93742b4a-197.jpg,1,1,365,457,593,632,
93742b4a-197.jpg,3,3,432,620,679,774,
93742b4a-197.jpg,0,0,581,526,741,677,
93742b4a-197.jpg,0,0,734,465,940,680,
93742b4a-197.jpg,0,0,660,674,813,800,
93742b4a-197.jpg,0,0,793,623,1016,846,
93742b4a-197.jpg,0,0,910,443,1155,698,
93742b4a-197.jpg,0,0,1000,623,1230,849,
93742b4a-197.jpg,1,1,1158,465,1380,696,
93742b4a-197.jpg,0,0,1239,674,1349,758,
93742b4a-197.jpg,0,0,1384,449,1633,736,
93742b4a-197.jpg,0,0,1615,440,1850,707,
93742b4a-197.jpg,0,0,1827,467,1926,661,
93742b4a-197.jpg,0,0,1897,476,1987,687,
93742b4a-197.jpg,0,0,1829,677,1888,805,
940c127d-163.jpg,1,1,798,489,903,723,
940c127d-163.jpg,1,1,881,457,996,698,
940c127d-163.jpg,1,1,849,650,925,813,
940c127d-163.jpg,1,1,916,680,953,752,
940c127d-163.jpg,1,1,975,480,1106,699,
940c127d-163.jpg,0,0,954,692,1020,772,
940c127d-163.jpg,0,0,1096,509,1124,698,
9422353a-204.jpg,0,0,14,472,304,801,
9422353a-204.jpg,0,0,287,448,593,795,
9422353a-204.jpg,1,1,585,491,817,776,
9422353a-204.jpg,1,1,819,416,1079,750,
9422353a-204.jpg,0,0,70,785,215,868,
9422353a-204.jpg,1,1,204,747,384,906,
9422353a-204.jpg,0,0,392,736,558,937,
9422353a-204.jpg,0,0,566,717,766,935,
9422353a-204.jpg,0,0,768,676,992,959,
9422353a-204.jpg,1,1,973,713,1170,904,
9422353a-204.jpg,1,1,1053,472,1209,734,
9422353a-204.jpg,1,1,1167,546,1295,735,
9422353a-204.jpg,0,0,1127,724,1254,841,
9422353a-204.jpg,1,1,1277,480,1474,701,
9422353a-204.jpg,1,1,1459,425,1635,625,
9422353a-204.jpg,1,1,1222,669,1499,808,
9422353a-204.jpg,1,1,1452,570,1665,716,
9426ba08-43.jpg,1,1,741,460,811,720,
9426ba08-43.jpg,0,0,757,717,814,805,
9426ba08-43.jpg,0,0,817,535,879,742,
9426ba08-43.jpg,0,0,854,671,918,776,
9426ba08-43.jpg,0,0,1018,429,1099,660,
9426ba08-43.jpg,0,0,863,414,1075,704,
9426ba08-43.jpg,0,0,910,669,962,757,
964f351f-210.jpg,1,1,107,494,198,715,
964f351f-210.jpg,1,1,201,416,421,680,
964f351f-210.jpg,1,1,398,389,648,680,
964f351f-210.jpg,1,1,225,664,303,844,
964f351f-210.jpg,1,1,293,669,406,817,
964f351f-210.jpg,1,1,389,668,492,805,
964f351f-210.jpg,2,2,459,647,620,863,
964f351f-210.jpg,1,1,610,634,781,854,
964f351f-210.jpg,1,1,648,417,863,663,
964f351f-210.jpg,0,0,773,631,985,902,
964f351f-210.jpg,0,0,868,411,1083,675,
964f351f-210.jpg,1,1,1081,468,1290,698,
964f351f-210.jpg,1,1,982,636,1180,889,
964f351f-210.jpg,1,1,1180,682,1378,861,
964f351f-210.jpg,1,1,1289,532,1462,711,
964f351f-210.jpg,2,2,1379,682,1656,877,
964f351f-210.jpg,2,2,1459,520,1706,706,
964f351f-210.jpg,2,2,1704,569,1841,669,
964f351f-210.jpg,1,1,1656,700,1815,799,
97714bbb-86.jpg,0,0,6,487,48,652,
97714bbb-86.jpg,0,0,54,386,296,744,
97714bbb-86.jpg,0,0,301,370,610,730,
97714bbb-86.jpg,0,0,212,695,357,801,
97714bbb-86.jpg,0,0,360,714,532,903,
97714bbb-86.jpg,0,0,601,448,856,701,
97714bbb-86.jpg,0,0,542,628,757,930,
97714bbb-86.jpg,0,0,769,639,1024,935,
97714bbb-86.jpg,0,0,846,363,1114,703,
97714bbb-86.jpg,0,0,1107,462,1380,714,
97714bbb-86.jpg,0,0,1013,628,1273,903,
97714bbb-86.jpg,0,0,1257,660,1477,819,
97714bbb-86.jpg,4,4,1490,589,1805,763,
97714bbb-86.jpg,6,6,1652,483,1859,631,
97714bbb-86.jpg,0,0,1378,519,1588,682,
97714bbb-86.jpg,2,2,1845,521,1952,613,
97714bbb-86.jpg,1,1,1797,593,1974,680,
990e0567-54.jpg,0,0,752,398,972,645,
990e0567-54.jpg,0,0,574,419,754,648,
990e0567-54.jpg,0,0,467,435,596,653,
990e0567-54.jpg,0,0,384,467,489,660,
990e0567-54.jpg,0,0,335,464,401,645,
990e0567-54.jpg,0,0,295,417,343,599,
990e0567-54.jpg,0,0,358,650,440,782,
990e0567-54.jpg,0,0,448,647,566,800,
990e0567-54.jpg,1,1,567,644,696,817,
990e0567-54.jpg,0,0,675,639,827,822,
990e0567-54.jpg,0,0,832,632,970,817,
990e0567-54.jpg,0,0,969,416,1190,666,
990e0567-54.jpg,0,0,967,645,1067,760,
990e0567-54.jpg,0,0,1067,623,1225,824,
990e0567-54.jpg,1,1,1187,411,1343,647,
990e0567-54.jpg,0,0,1222,615,1359,803,
990e0567-54.jpg,0,0,1340,413,1466,634,
990e0567-54.jpg,0,0,1453,429,1564,629,
990e0567-54.jpg,0,0,1354,623,1453,749,
990e0567-54.jpg,0,0,1453,623,1539,725,
990e0567-54.jpg,1,1,1550,395,1609,602,
990e0567-54.jpg,1,1,1601,370,1681,562,
990e0567-54.jpg,0,0,1681,403,1735,523,
990e0567-54.jpg,0,0,1615,550,1716,623,
990e0567-54.jpg,0,0,1537,599,1644,688,
99903448-158.jpg,2,2,374,483,523,605,
99903448-158.jpg,2,2,433,607,612,720,
99903448-158.jpg,1,1,521,527,632,670,
99903448-158.jpg,1,1,619,512,773,692,
99903448-158.jpg,0,0,606,658,771,766,
99903448-158.jpg,1,1,767,509,959,723,
99903448-158.jpg,0,0,732,674,904,828,
99903448-158.jpg,2,2,954,509,1151,715,
99903448-158.jpg,1,1,908,681,1066,855,
99903448-158.jpg,1,1,1075,674,1242,872,
99903448-158.jpg,2,2,1145,463,1378,705,
99903448-158.jpg,2,2,1379,465,1593,695,
99903448-158.jpg,1,1,1229,694,1387,862,
99903448-158.jpg,1,1,1384,686,1529,862,
99903448-158.jpg,1,1,1598,500,1725,691,
99903448-158.jpg,1,1,1714,463,1813,688,
99903448-158.jpg,1,1,1525,677,1648,850,
99903448-158.jpg,1,1,1639,683,1735,846,
99903448-158.jpg,1,1,1725,677,1782,778,
99903448-158.jpg,1,1,1796,497,1839,648,
999706d9-108.jpg,0,0,562,459,1071,654,
999706d9-108.jpg,0,0,659,344,1034,462,
999706d9-108.jpg,0,0,614,223,1050,346,
999706d9-108.jpg,0,0,1018,315,1407,425,
999706d9-108.jpg,0,0,1021,438,1386,543,
999706d9-108.jpg,0,0,580,654,1066,836,
999706d9-108.jpg,0,0,748,144,1058,247,
999706d9-108.jpg,0,0,730,34,992,118,
999706d9-108.jpg,0,0,992,50,1142,108,
999706d9-108.jpg,0,0,1050,94,1268,184,
999706d9-108.jpg,0,0,1050,171,1318,221,
999706d9-108.jpg,0,0,1028,209,1331,315,
999706d9-108.jpg,0,0,749,96,1062,172,
999706d9-108.jpg,0,0,1050,549,1355,648,
999706d9-108.jpg,0,0,1041,651,1383,762,
999706d9-108.jpg,0,0,1008,767,1358,866,
999706d9-108.jpg,0,0,626,839,1030,946,
999706d9-108.jpg,0,0,1001,870,1317,962,
999706d9-108.jpg,0,0,629,946,1040,1072,
999706d9-108.jpg,0,0,983,968,1348,1067,
999706d9-108.jpg,0,0,697,1055,1050,1158,
999706d9-108.jpg,0,0,1040,1061,1290,1119,
999706d9-108.jpg,0,0,999,1116,1253,1191,
999706d9-108.jpg,0,0,709,1175,987,1249,
999706d9-108.jpg,0,0,731,1137,1004,1196,
999706d9-108.jpg,0,0,979,1175,1136,1222,
9a50228d-127.jpg,4,4,125,992,446,1244,
9a50228d-127.jpg,4,4,202,769,537,1086,
9a50228d-127.jpg,2,2,291,622,574,812,
9a50228d-127.jpg,2,2,383,291,617,503,
9a50228d-127.jpg,0,0,557,173,759,353,
9a50228d-127.jpg,1,1,729,86,966,289,
9a50228d-127.jpg,1,1,968,74,1205,286,
9a50228d-127.jpg,1,1,1160,180,1370,352,
9a50228d-127.jpg,2,2,1290,320,1520,533,
9a50228d-127.jpg,4,4,1356,645,1618,841,
9a50228d-127.jpg,4,4,1375,805,1692,1120,
9a50228d-127.jpg,5,5,1503,998,1759,1291,
9aa4cf36-22.jpg,0,0,983,355,1375,707,
9aa4cf36-22.jpg,0,0,612,384,980,696,
9aa4cf36-22.jpg,2,2,330,472,620,679,
9aa4cf36-22.jpg,1,1,100,425,331,564,
9aa4cf36-22.jpg,1,1,13,543,346,736,
9aa4cf36-22.jpg,1,1,344,648,621,868,
9aa4cf36-22.jpg,2,2,617,660,900,910,
9aa4cf36-22.jpg,0,0,918,666,1209,962,
9aa4cf36-22.jpg,0,0,1381,327,1716,623,
9aa4cf36-22.jpg,1,1,1716,307,1934,613,
9aa4cf36-22.jpg,0,0,1214,613,1458,964,
9aa4cf36-22.jpg,0,0,1453,597,1690,945,
9aa4cf36-22.jpg,0,0,1678,569,1821,899,
9c1ab3a0-179.jpg,0,0,213,343,272,456,
9c1ab3a0-179.jpg,1,1,218,487,346,601,
9c1ab3a0-179.jpg,1,1,277,537,455,681,
9c1ab3a0-179.jpg,0,0,264,403,345,533,
9c1ab3a0-179.jpg,0,0,334,453,411,572,
9c1ab3a0-179.jpg,0,0,386,426,511,613,
9c1ab3a0-179.jpg,0,0,403,582,530,722,
9c1ab3a0-179.jpg,0,0,484,396,622,628,
9c1ab3a0-179.jpg,0,0,504,581,655,779,
9c1ab3a0-179.jpg,0,0,616,395,803,654,
9c1ab3a0-179.jpg,0,0,649,631,812,804,
9c1ab3a0-179.jpg,0,0,787,379,1034,677,
9c1ab3a0-179.jpg,0,0,823,654,967,779,
9c1ab3a0-179.jpg,0,0,1018,626,1158,762,
9c1ab3a0-179.jpg,0,0,1033,355,1286,659,
9c1ab3a0-179.jpg,0,0,1280,427,1433,658,
9c1ab3a0-179.jpg,0,0,1194,642,1352,784,
9c1ab3a0-179.jpg,0,0,1363,526,1528,742,
9c1ab3a0-179.jpg,1,1,1433,317,1610,599,
9c1ab3a0-179.jpg,1,1,1606,337,1728,563,
9c1ab3a0-179.jpg,2,2,1766,335,1841,456,
9c1ab3a0-179.jpg,2,2,1598,537,1746,648,
9c1ab3a0-179.jpg,0,0,1503,546,1645,694,
9c1ab3a0-179.jpg,0,0,1702,395,1763,515,
9c1ab3a0-179.jpg,2,2,1706,454,1811,577,
9cd0d863-84.jpg,0,0,382,405,581,715,
9cd0d863-84.jpg,0,0,435,668,642,910,
9cd0d863-84.jpg,0,0,574,409,848,707,
9cd0d863-84.jpg,1,1,634,591,918,940,
9cd0d863-84.jpg,0,0,830,263,1094,593,
9cd0d863-84.jpg,0,0,862,561,1085,940,
9cd0d863-84.jpg,0,0,1069,233,1144,647,
9cd0d863-84.jpg,0,0,1131,296,1192,612,
9d58e82c-249.jpg,0,0,194,551,266,685,
9d58e82c-249.jpg,0,0,247,580,330,701,
9d58e82c-249.jpg,0,0,295,561,394,699,
9d58e82c-249.jpg,0,0,346,543,499,725,
9d58e82c-249.jpg,0,0,468,516,637,789,
9d58e82c-249.jpg,0,0,236,682,295,739,
9d58e82c-249.jpg,0,0,285,699,395,797,
9d58e82c-249.jpg,0,0,373,717,459,830,
9d58e82c-249.jpg,0,0,449,680,577,865,
9d58e82c-249.jpg,0,0,596,711,695,836,
9d58e82c-249.jpg,0,0,615,484,785,715,
9d58e82c-249.jpg,1,1,768,416,1007,688,
9d58e82c-249.jpg,1,1,1008,403,1260,693,
9d58e82c-249.jpg,0,0,730,679,844,809,
9d58e82c-249.jpg,0,0,886,674,973,746,
9d58e82c-249.jpg,0,0,1005,674,1112,765,
9d58e82c-249.jpg,1,1,1158,682,1252,755,
9d58e82c-249.jpg,1,1,1241,487,1378,709,
9d58e82c-249.jpg,0,0,1275,671,1365,787,
9d58e82c-249.jpg,0,0,1362,485,1522,738,
9d58e82c-249.jpg,0,0,1363,643,1527,815,
9d58e82c-249.jpg,0,0,1493,488,1619,694,
9d58e82c-249.jpg,0,0,1510,689,1588,772,
9d58e82c-249.jpg,0,0,1581,517,1672,669,
9d58e82c-249.jpg,0,0,1642,498,1731,645,
9d58e82c-249.jpg,0,0,1579,641,1697,752,
9d58e82c-249.jpg,0,0,1657,603,1734,676,
9d58e82c-249.jpg,0,0,1724,473,1760,563,
9d5b0d56-95.jpg,0,0,760,365,1009,659,
9d5b0d56-95.jpg,0,0,1004,368,1267,661,
9d5b0d56-95.jpg,1,1,565,403,764,642,
9d5b0d56-95.jpg,1,1,1258,392,1459,629,
9d5b0d56-95.jpg,1,1,452,396,605,653,
9d5b0d56-95.jpg,1,1,388,441,492,620,
9d5b0d56-95.jpg,1,1,1462,345,1614,649,
9d5b0d56-95.jpg,1,1,1608,412,1714,609,
9d5b0d56-95.jpg,1,1,1692,430,1778,607,
9d5b0d56-95.jpg,1,1,357,436,421,607,
9d5b0d56-95.jpg,1,1,308,425,372,607,
9d5b0d56-95.jpg,1,1,1774,445,1836,587,
9d5b0d56-95.jpg,3,3,1189,616,1355,837,
9d5b0d56-95.jpg,0,0,1034,656,1185,824,
9d5b0d56-95.jpg,0,0,870,640,1025,804,
9d5b0d56-95.jpg,1,1,711,640,864,817,
9d5b0d56-95.jpg,1,1,569,629,720,837,
9d5b0d56-95.jpg,1,1,456,636,589,846,
9d5b0d56-95.jpg,1,1,370,629,503,802,
9d5b0d56-95.jpg,1,1,299,616,403,771,
9d5b0d56-95.jpg,1,1,1353,591,1508,868,
9d5b0d56-95.jpg,1,1,1497,640,1665,815,
9d5b0d56-95.jpg,3,3,1612,611,1770,768,
9d5b0d56-95.jpg,0,0,1743,598,1856,715,
9ed3e527-270.jpg,0,0,8,368,97,687,
9ed3e527-270.jpg,1,1,75,381,229,680,
9ed3e527-270.jpg,1,1,5,671,162,970,
9ed3e527-270.jpg,1,1,201,373,508,734,
9ed3e527-270.jpg,0,0,162,674,384,988,
9ed3e527-270.jpg,1,1,371,672,607,993,
9ed3e527-270.jpg,1,1,503,309,832,704,
9ed3e527-270.jpg,0,0,607,634,838,972,
9ed3e527-270.jpg,1,1,819,298,1091,615,
9ed3e527-270.jpg,0,0,862,593,1142,937,
9ed3e527-270.jpg,1,1,1061,186,1383,516,
9ed3e527-270.jpg,0,0,1174,594,1477,906,
9ed3e527-270.jpg,1,1,1361,250,1615,561,
9ed3e527-270.jpg,2,2,1606,309,1794,583,
9ed3e527-270.jpg,1,1,1251,484,1625,586,
9ed3e527-270.jpg,0,0,1451,593,1724,873,
9ed3e527-270.jpg,0,0,1692,574,1972,776,
9ed3e527-270.jpg,0,0,1786,347,1956,564,
9ed3e527-270.jpg,0,0,1897,542,1969,634,
9f786cc0-185.jpg,1,1,185,475,287,653,
9f786cc0-185.jpg,1,1,276,558,335,688,
9f786cc0-185.jpg,1,1,317,516,446,717,
9f786cc0-185.jpg,0,0,447,513,567,694,
9f786cc0-185.jpg,2,2,445,709,531,871,
9f786cc0-185.jpg,1,1,233,658,433,805,
9f786cc0-185.jpg,1,1,377,746,446,838,
9f786cc0-185.jpg,1,1,563,513,792,769,
9f786cc0-185.jpg,0,0,531,668,683,867,
9f786cc0-185.jpg,0,0,726,730,836,875,
9f786cc0-185.jpg,1,1,769,429,1066,801,
9f786cc0-185.jpg,1,1,897,711,1041,860,
9f786cc0-185.jpg,1,1,1046,464,1329,783,
9f786cc0-185.jpg,0,0,1050,730,1202,845,
9f786cc0-185.jpg,0,0,1259,697,1392,855,
9f786cc0-185.jpg,1,1,1320,494,1545,733,
9f786cc0-185.jpg,0,0,1527,510,1648,623,
9f786cc0-185.jpg,1,1,1395,588,1578,806,
9f786cc0-185.jpg,0,0,1549,625,1686,763,
9f786cc0-185.jpg,1,1,1614,457,1770,689,
9f786cc0-185.jpg,1,1,1749,558,1853,649,
9f786cc0-185.jpg,1,1,1784,434,1846,563,
a00bad3c-96.jpg,1,1,713,434,990,749,
a00bad3c-96.jpg,1,1,990,432,1282,749,
a00bad3c-96.jpg,1,1,538,496,737,746,
a00bad3c-96.jpg,1,1,319,430,538,682,
a00bad3c-96.jpg,2,2,264,534,370,669,
a00bad3c-96.jpg,1,1,49,582,184,702,
a00bad3c-96.jpg,1,1,190,589,337,737,
a00bad3c-96.jpg,1,1,120,702,279,795,
a00bad3c-96.jpg,1,1,261,678,505,802,
a00bad3c-96.jpg,1,1,303,764,463,881,
a00bad3c-96.jpg,1,1,478,640,658,861,
a00bad3c-96.jpg,0,0,671,702,855,848,
a00bad3c-96.jpg,0,0,861,640,1010,848,
a00bad3c-96.jpg,0,0,1014,715,1172,830,
a00bad3c-96.jpg,0,0,1185,695,1360,822,
a00bad3c-96.jpg,1,1,1276,434,1475,702,
a00bad3c-96.jpg,1,1,1464,441,1612,678,
a00bad3c-96.jpg,0,0,1364,647,1541,830,
a00bad3c-96.jpg,1,1,1519,673,1670,857,
a00bad3c-96.jpg,5,5,1601,441,1752,589,
a00bad3c-96.jpg,0,0,1592,622,1758,751,
a00bad3c-96.jpg,0,0,1814,474,1911,598,
a00bad3c-96.jpg,0,0,1690,501,1818,640,
a00bad3c-96.jpg,1,1,1723,602,1878,693,
a1df39ae-119.jpg,4,4,50,66,423,320,
a1df39ae-119.jpg,2,2,126,299,430,514,
a1df39ae-119.jpg,1,1,239,462,551,706,
a1df39ae-119.jpg,1,1,375,673,627,916,
a1df39ae-119.jpg,1,1,531,855,805,1049,
a1df39ae-119.jpg,0,0,764,940,1055,1175,
a1df39ae-119.jpg,0,0,1082,920,1376,1156,
a1df39ae-119.jpg,2,2,1329,831,1595,1038,
a1df39ae-119.jpg,2,2,1456,667,1740,907,
a1df39ae-119.jpg,2,2,1567,456,1884,698,
a1df39ae-119.jpg,3,3,1658,299,1967,500,
a1df39ae-119.jpg,4,4,1678,31,1985,336,
a78fc3a5-274.jpg,1,1,814,503,992,775,
a78fc3a5-274.jpg,4,4,995,498,1098,758,
a78fc3a5-274.jpg,1,1,852,691,1013,925,
a78fc3a5-274.jpg,1,1,1016,737,1089,874,
a78fc3a5-274.jpg,1,1,1094,491,1196,741,
a80c67ea-5.jpg,0,0,631,962,822,1203,
a80c67ea-5.jpg,0,0,830,996,997,1214,
a80c67ea-5.jpg,0,0,999,999,1165,1217,
a80c67ea-5.jpg,0,0,1158,951,1364,1169,
a80c67ea-5.jpg,2,2,1566,127,1912,484,
a80c67ea-5.jpg,3,3,54,5,384,186,
a80c67ea-5.jpg,4,4,1655,3,1950,139,
a80c67ea-5.jpg,2,2,97,162,456,521,
a80c67ea-5.jpg,2,2,186,491,478,739,
a80c67ea-5.jpg,2,2,293,709,545,967,
a80c67ea-5.jpg,2,2,451,903,668,1138,
a80c67ea-5.jpg,2,2,1335,862,1518,1093,
a80c67ea-5.jpg,2,2,1455,672,1714,940,
a80c67ea-5.jpg,2,2,1518,465,1791,698,
a867644f-151.jpg,0,0,301,526,452,676,
a867644f-151.jpg,0,0,310,629,446,793,
a867644f-151.jpg,1,1,443,482,698,718,
a867644f-151.jpg,0,0,442,651,647,844,
a867644f-151.jpg,0,0,659,637,778,833,
a867644f-151.jpg,0,0,711,509,919,717,
a867644f-151.jpg,0,0,911,479,1061,702,
a867644f-151.jpg,0,0,783,692,839,789,
a867644f-151.jpg,0,0,841,694,898,792,
a871180b-262.jpg,1,1,73,502,253,693,
a871180b-262.jpg,1,1,150,432,378,631,
a871180b-262.jpg,1,1,236,628,526,774,
a871180b-262.jpg,1,1,363,534,554,679,
a871180b-262.jpg,1,1,527,473,768,706,
a871180b-262.jpg,1,1,508,674,707,816,
a871180b-262.jpg,2,2,679,666,932,857,
a871180b-262.jpg,1,1,742,430,1032,699,
a871180b-262.jpg,2,2,935,664,1161,900,
a871180b-262.jpg,1,1,1024,408,1254,685,
a871180b-262.jpg,2,2,1169,642,1327,849,
a871180b-262.jpg,1,1,1247,378,1537,699,
a871180b-262.jpg,1,1,1521,389,1730,693,
a871180b-262.jpg,1,1,1338,687,1477,843,
a871180b-262.jpg,1,1,1477,671,1603,825,
a871180b-262.jpg,1,1,1609,685,1674,785,
a871180b-262.jpg,1,1,1724,411,1846,656,
a871180b-262.jpg,1,1,1679,639,1811,827,
a871180b-262.jpg,1,1,1837,323,1907,478,
a91127f1-77.jpg,1,1,706,328,997,650,
a91127f1-77.jpg,1,1,507,343,703,610,
a91127f1-77.jpg,1,1,338,301,515,581,
a91127f1-77.jpg,2,2,221,279,350,519,
a91127f1-77.jpg,0,0,83,252,194,419,
a91127f1-77.jpg,0,0,127,409,253,513,
a91127f1-77.jpg,1,1,221,489,362,597,
a91127f1-77.jpg,0,0,333,543,508,679,
a91127f1-77.jpg,0,0,507,601,634,695,
a91127f1-77.jpg,0,0,699,610,835,704,
a91127f1-77.jpg,0,0,918,468,1029,704,
a91127f1-77.jpg,0,0,1032,317,1335,631,
a91127f1-77.jpg,1,1,1300,325,1537,629,
a91127f1-77.jpg,0,0,1088,609,1212,741,
a91127f1-77.jpg,0,0,1278,593,1413,726,
a91127f1-77.jpg,0,0,1455,545,1584,722,
a91127f1-77.jpg,0,0,1528,311,1724,591,
a91127f1-77.jpg,1,1,1706,295,1862,537,
a91127f1-77.jpg,0,0,1630,508,1764,696,
a91127f1-77.jpg,0,0,1751,502,1877,632,
a91127f1-77.jpg,0,0,1827,311,1925,497,
a91127f1-77.jpg,0,0,1878,459,1966,580,
a91127f1-77.jpg,1,1,1931,298,1988,441,
aa16b183-60.jpg,0,0,226,550,328,674,
aa16b183-60.jpg,0,0,236,652,379,779,
aa16b183-60.jpg,1,1,335,516,562,682,
aa16b183-60.jpg,0,0,567,492,776,714,
aa16b183-60.jpg,0,0,768,486,993,707,
aa16b183-60.jpg,0,0,645,677,851,848,
aa16b183-60.jpg,0,0,994,427,1236,714,
aa16b183-60.jpg,0,0,852,666,1055,868,
aa16b183-60.jpg,1,1,1069,610,1276,889,
aa16b183-60.jpg,0,0,1244,432,1455,674,
aa16b183-60.jpg,0,0,1270,645,1439,846,
aa16b183-60.jpg,0,0,1456,395,1666,674,
aa16b183-60.jpg,0,0,1671,411,1846,687,
aa16b183-60.jpg,0,0,1805,452,1905,642,
aa16b183-60.jpg,0,0,1874,444,1912,572,
aa16b183-60.jpg,1,1,1448,626,1574,830,
aa16b183-60.jpg,1,1,1584,656,1673,812,
aa16b183-60.jpg,1,1,381,652,653,833,
aa16b183-60.jpg,0,0,1689,675,1778,825,
aa16b183-60.jpg,0,0,1783,695,1846,838,
ac5729fc-131.jpg,2,2,215,464,295,665,
ac5729fc-131.jpg,1,1,269,460,366,667,
ac5729fc-131.jpg,1,1,350,436,529,689,
ac5729fc-131.jpg,1,1,266,667,313,825,
ac5729fc-131.jpg,1,1,297,666,360,809,
ac5729fc-131.jpg,0,0,358,666,456,818,
ac5729fc-131.jpg,0,0,459,673,576,812,
ac5729fc-131.jpg,2,2,524,433,742,692,
ac5729fc-131.jpg,0,0,740,449,941,670,
ac5729fc-131.jpg,0,0,576,684,705,832,
ac5729fc-131.jpg,0,0,705,630,857,846,
ac5729fc-131.jpg,1,1,937,422,1134,689,
ac5729fc-131.jpg,1,1,1127,472,1282,648,
ac5729fc-131.jpg,1,1,1264,482,1448,643,
ac5729fc-131.jpg,1,1,859,621,1044,874,
ac5729fc-131.jpg,0,0,1042,670,1216,838,
ac5729fc-131.jpg,2,2,1169,630,1399,802,
ac5729fc-131.jpg,2,2,1435,490,1602,636,
ac5729fc-131.jpg,1,1,1367,620,1596,754,
ad247d69-56.jpg,3,3,158,142,411,327,
ad247d69-56.jpg,1,1,198,312,435,516,
ad247d69-56.jpg,2,2,249,500,446,663,
ad247d69-56.jpg,0,0,314,620,497,801,
ad247d69-56.jpg,1,1,384,779,564,959,
ad247d69-56.jpg,1,1,508,881,675,1039,
ad247d69-56.jpg,1,1,669,911,854,1069,
ad247d69-56.jpg,1,1,859,905,1029,1074,
ad247d69-56.jpg,1,1,1020,867,1169,1029,
ad247d69-56.jpg,1,1,1123,755,1262,948,
ad247d69-56.jpg,1,1,1149,604,1353,811,
ad247d69-56.jpg,1,1,1211,484,1397,664,
ad247d69-56.jpg,1,1,1211,312,1443,524,
ad247d69-56.jpg,3,3,1262,150,1486,349,
ad247d69-56.jpg,0,0,1297,16,1440,166,
aeb8502b-223.jpg,5,5,581,183,758,357,
aeb8502b-223.jpg,5,5,763,127,1013,312,
aeb8502b-223.jpg,5,5,1015,142,1290,322,
aeb8502b-223.jpg,4,4,371,256,612,475,
aeb8502b-223.jpg,3,3,272,413,548,645,
aeb8502b-223.jpg,4,4,174,562,472,768,
aeb8502b-223.jpg,4,4,135,733,478,1032,
aeb8502b-223.jpg,3,3,86,922,387,1208,
aeb8502b-223.jpg,4,4,72,1150,392,1295,
aeb8502b-223.jpg,5,5,1252,206,1434,350,
aeb8502b-223.jpg,5,5,1345,287,1595,488,
aeb8502b-223.jpg,4,4,1439,441,1713,669,
aeb8502b-223.jpg,4,4,1558,575,1821,806,
aeb8502b-223.jpg,5,5,1555,728,1920,1079,
aeb8502b-223.jpg,5,5,1646,942,1958,1241,
af4f53cc-116.jpg,0,0,966,146,1149,290,
af4f53cc-116.jpg,0,0,1146,126,1325,294,
af4f53cc-116.jpg,0,0,818,163,960,298,
af4f53cc-116.jpg,0,0,695,209,867,385,
af4f53cc-116.jpg,1,1,649,354,852,527,
af4f53cc-116.jpg,1,1,568,469,792,627,
af4f53cc-116.jpg,1,1,517,574,758,769,
af4f53cc-116.jpg,1,1,460,693,697,854,
af4f53cc-116.jpg,3,3,448,827,657,917,
af4f53cc-116.jpg,0,0,427,959,638,1102,
af4f53cc-116.jpg,0,0,480,971,696,1093,
af4f53cc-116.jpg,0,0,530,985,744,1114,
af4f53cc-116.jpg,0,0,595,1001,813,1146,
af4f53cc-116.jpg,0,0,645,1035,765,1235,
af4f53cc-116.jpg,0,0,757,1052,913,1257,
af4f53cc-116.jpg,0,0,903,1047,1097,1253,
af4f53cc-116.jpg,0,0,1083,1062,1268,1262,
af4f53cc-116.jpg,0,0,1231,1025,1405,1270,
af4f53cc-116.jpg,0,0,1405,1025,1546,1218,
af4f53cc-116.jpg,0,0,1279,192,1452,353,
af4f53cc-116.jpg,0,0,1415,256,1595,420,
af4f53cc-116.jpg,1,1,1414,419,1626,573,
af4f53cc-116.jpg,3,3,1474,527,1687,683,
af4f53cc-116.jpg,3,3,1501,643,1736,836,
af4f53cc-116.jpg,3,3,1576,753,1807,941,
af4f53cc-116.jpg,0,0,1381,1008,1589,1162,
af4f53cc-116.jpg,0,0,1455,992,1661,1116,
af4f53cc-116.jpg,0,0,1506,986,1711,1088,
af4f53cc-116.jpg,0,0,1584,977,1753,1051,
b1176d69-231.jpg,0,0,62,419,210,586,
b1176d69-231.jpg,0,0,207,545,335,706,
b1176d69-231.jpg,0,0,250,691,373,790,
b1176d69-231.jpg,0,0,288,523,433,714,
b1176d69-231.jpg,0,0,343,515,558,707,
b1176d69-231.jpg,1,1,417,346,629,621,
b1176d69-231.jpg,0,0,352,703,462,836,
b1176d69-231.jpg,1,1,432,644,578,887,
b1176d69-231.jpg,1,1,538,656,739,926,
b1176d69-231.jpg,0,0,620,489,795,688,
b1176d69-231.jpg,2,2,768,406,1026,701,
b1176d69-231.jpg,0,0,725,672,832,825,
b1176d69-231.jpg,0,0,809,671,1004,908,
b1176d69-231.jpg,0,0,991,652,1174,892,
b1176d69-231.jpg,1,1,1032,411,1305,704,
b1176d69-231.jpg,1,1,1292,476,1517,717,
b1176d69-231.jpg,0,0,1177,682,1369,905,
b1176d69-231.jpg,0,0,1372,647,1528,916,
b1176d69-231.jpg,0,0,1502,456,1676,719,
b1176d69-231.jpg,0,0,1523,648,1671,867,
b1176d69-231.jpg,0,0,1649,483,1783,674,
b1176d69-231.jpg,0,0,1658,672,1744,793,
b1176d69-231.jpg,0,0,1729,500,1840,661,
b1176d69-231.jpg,2,2,1737,648,1838,733,
b1176d69-231.jpg,3,3,1824,558,1880,658,
b1ac5999-271.jpg,1,1,51,1000,373,1254,
b1ac5999-271.jpg,1,1,92,787,468,1102,
b1ac5999-271.jpg,2,2,169,594,451,814,
b1ac5999-271.jpg,2,2,242,387,556,639,
b1ac5999-271.jpg,1,1,366,210,625,424,
b1ac5999-271.jpg,1,1,567,155,787,368,
b1ac5999-271.jpg,1,1,725,102,985,317,
b1ac5999-271.jpg,1,1,986,124,1249,331,
b1ac5999-271.jpg,2,2,1203,212,1407,392,
b1ac5999-271.jpg,1,1,1354,287,1580,519,
b1ac5999-271.jpg,1,1,1426,432,1721,693,
b1ac5999-271.jpg,1,1,1526,628,1810,879,
b1ac5999-271.jpg,1,1,1607,1051,1947,1279,
b1ac5999-271.jpg,1,1,1571,793,1932,1115,
b2780b3d-277.jpg,1,1,104,1034,433,1257,
b2780b3d-277.jpg,1,1,190,843,516,1120,
b2780b3d-277.jpg,1,1,236,664,537,865,
b2780b3d-277.jpg,1,1,300,476,577,691,
b2780b3d-277.jpg,1,1,395,282,613,499,
b2780b3d-277.jpg,0,0,551,186,765,363,
b2780b3d-277.jpg,1,1,741,123,991,317,
b2780b3d-277.jpg,1,1,986,180,1241,357,
b2780b3d-277.jpg,1,1,1233,194,1467,354,
b2780b3d-277.jpg,4,4,1400,271,1646,486,
b2780b3d-277.jpg,1,1,1431,472,1719,685,
b2780b3d-277.jpg,1,1,1488,668,1767,860,
b2780b3d-277.jpg,2,2,1507,835,1829,1112,
b2780b3d-277.jpg,3,3,1577,1028,1907,1260,
b32acfa7-258.jpg,0,0,8,392,94,685,
b32acfa7-258.jpg,0,0,0,672,123,803,
b32acfa7-258.jpg,0,0,249,736,400,812,
b32acfa7-258.jpg,1,1,639,750,789,832,
b32acfa7-258.jpg,0,0,80,371,433,754,
b32acfa7-258.jpg,0,0,472,371,825,763,
b32acfa7-258.jpg,0,0,822,400,1079,709,
b32acfa7-258.jpg,0,0,851,672,1099,870,
b32acfa7-258.jpg,0,0,1077,390,1325,755,
b32acfa7-258.jpg,0,0,1096,636,1346,943,
b32acfa7-258.jpg,1,1,1308,446,1499,704,
b32acfa7-258.jpg,0,0,1359,658,1517,867,
b32acfa7-258.jpg,0,0,1490,499,1648,692,
b32acfa7-258.jpg,0,0,1624,463,1811,634,
b32acfa7-258.jpg,1,1,1503,621,1706,797,
b32acfa7-258.jpg,1,1,1783,448,1892,568,
b50321c3-177.jpg,4,4,240,929,530,1157,
b50321c3-177.jpg,3,3,301,743,589,953,
b50321c3-177.jpg,2,2,389,620,609,801,
b50321c3-177.jpg,2,2,394,448,635,642,
b50321c3-177.jpg,1,1,461,312,671,473,
b50321c3-177.jpg,1,1,625,257,814,388,
b50321c3-177.jpg,0,0,819,232,1035,377,
b50321c3-177.jpg,0,0,1033,205,1258,370,
b50321c3-177.jpg,1,1,1219,265,1425,407,
b50321c3-177.jpg,1,1,1407,293,1622,489,
b50321c3-177.jpg,2,2,1428,472,1677,679,
b50321c3-177.jpg,2,2,1446,669,1700,828,
b50321c3-177.jpg,3,3,1420,808,1715,1040,
b50321c3-177.jpg,4,4,1507,964,1801,1178,
b57361a1-225.jpg,0,0,41,349,94,465,
b57361a1-225.jpg,0,0,86,398,156,554,
b57361a1-225.jpg,0,0,54,508,167,591,
b57361a1-225.jpg,0,0,147,382,229,594,
b57361a1-225.jpg,0,0,134,577,277,746,
b57361a1-225.jpg,0,0,221,368,339,632,
b57361a1-225.jpg,0,0,229,626,360,800,
b57361a1-225.jpg,0,0,327,314,535,653,
b57361a1-225.jpg,0,0,322,618,505,846,
b57361a1-225.jpg,0,0,451,604,682,902,
b57361a1-225.jpg,0,0,537,376,773,650,
b57361a1-225.jpg,1,1,766,327,1045,658,
b57361a1-225.jpg,0,0,628,626,841,792,
b57361a1-225.jpg,0,0,843,644,1004,750,
b57361a1-225.jpg,0,0,1044,303,1337,660,
b57361a1-225.jpg,0,0,1013,632,1184,816,
b57361a1-225.jpg,0,0,1195,588,1394,797,
b57361a1-225.jpg,0,0,1330,327,1566,613,
b57361a1-225.jpg,0,0,1402,574,1606,899,
b57361a1-225.jpg,1,1,1545,300,1757,593,
b57361a1-225.jpg,0,0,1716,344,1878,599,
b57361a1-225.jpg,1,1,1587,583,1759,868,
b7ddd21f-71.jpg,5,5,65,29,387,335,
b7ddd21f-71.jpg,3,3,190,290,508,617,
b7ddd21f-71.jpg,2,2,306,586,542,789,
b7ddd21f-71.jpg,2,2,371,781,585,986,
b7ddd21f-71.jpg,0,0,491,919,685,1141,
b7ddd21f-71.jpg,0,0,661,993,822,1184,
b7ddd21f-71.jpg,1,1,805,1034,978,1244,
b7ddd21f-71.jpg,0,0,981,1016,1139,1214,
b7ddd21f-71.jpg,0,0,1117,994,1306,1174,
b7ddd21f-71.jpg,0,0,1259,903,1439,1106,
b7ddd21f-71.jpg,2,2,1359,754,1576,954,
b7ddd21f-71.jpg,2,2,1405,566,1650,787,
b7ddd21f-71.jpg,3,3,1443,290,1760,589,
b7ddd21f-71.jpg,4,4,1558,13,1869,323,
ba17712f-87.jpg,0,0,80,405,167,588,
ba17712f-87.jpg,0,0,96,575,169,634,
ba17712f-87.jpg,1,1,156,454,244,650,
ba17712f-87.jpg,0,0,241,456,344,685,
ba17712f-87.jpg,0,0,140,631,274,731,
ba17712f-87.jpg,0,0,261,691,357,768,
ba17712f-87.jpg,0,0,325,497,486,711,
ba17712f-87.jpg,0,0,312,647,483,849,
ba17712f-87.jpg,0,0,475,378,680,660,
ba17712f-87.jpg,0,0,446,636,644,908,
ba17712f-87.jpg,0,0,691,347,1016,711,
ba17712f-87.jpg,0,0,644,640,852,937,
ba17712f-87.jpg,0,0,852,639,1012,903,
ba17712f-87.jpg,0,0,1021,349,1340,698,
ba17712f-87.jpg,0,0,1015,661,1230,910,
ba17712f-87.jpg,0,0,1341,390,1542,661,
ba17712f-87.jpg,0,0,1224,594,1455,887,
ba17712f-87.jpg,0,0,1456,588,1643,868,
ba17712f-87.jpg,0,0,1555,322,1770,637,
ba17712f-87.jpg,0,0,1743,405,1912,631,
ba17712f-87.jpg,0,0,1646,597,1805,808,
ba17712f-87.jpg,0,0,1778,610,1888,711,
ba17712f-87.jpg,0,0,1896,443,1977,594,
ba17712f-87.jpg,0,0,1905,589,1985,647,
bb1ba13f-62.jpg,3,3,16,22,358,241,
bb1ba13f-62.jpg,3,3,86,182,425,507,
bb1ba13f-62.jpg,0,0,188,454,513,691,
bb1ba13f-62.jpg,0,0,303,637,625,892,
bb1ba13f-62.jpg,0,0,437,865,707,1101,
bb1ba13f-62.jpg,1,1,652,985,884,1206,
bb1ba13f-62.jpg,2,2,870,1024,1136,1290,
bb1ba13f-62.jpg,2,2,1141,1032,1427,1252,
bb1ba13f-62.jpg,1,1,1373,970,1609,1195,
bb1ba13f-62.jpg,0,0,1499,801,1759,1036,
bb1ba13f-62.jpg,2,2,1674,137,1966,430,
bb1ba13f-62.jpg,0,0,1641,405,1934,628,
bb1ba13f-62.jpg,0,0,1560,585,1867,835,
bb1ba13f-62.jpg,0,0,1662,2,1983,162,
bb531f5d-208.jpg,1,1,736,401,862,613,
bb531f5d-208.jpg,0,0,750,569,856,759,
bb531f5d-208.jpg,1,1,860,396,1013,605,
bb531f5d-208.jpg,1,1,842,574,928,719,
bb531f5d-208.jpg,1,1,919,589,987,706,
bb531f5d-208.jpg,1,1,1002,402,1111,600,
bb531f5d-208.jpg,1,1,968,569,1052,754,
bb531f5d-208.jpg,1,1,1098,438,1144,625,
bc030429-65.jpg,1,1,738,495,881,723,
bc030429-65.jpg,0,0,784,714,846,817,
bc030429-65.jpg,0,0,849,669,895,793,
bc030429-65.jpg,0,0,889,508,983,706,
bc030429-65.jpg,0,0,975,486,1028,709,
bc030429-65.jpg,0,0,1007,484,1069,664,
bf1a84f5-25.jpg,5,5,78,5,476,311,
bf1a84f5-25.jpg,0,0,201,280,542,632,
bf1a84f5-25.jpg,2,2,344,581,607,862,
bf1a84f5-25.jpg,2,2,481,812,660,1020,
bf1a84f5-25.jpg,0,0,593,993,798,1188,
bf1a84f5-25.jpg,0,0,777,1018,972,1201,
bf1a84f5-25.jpg,2,2,975,1012,1161,1214,
bf1a84f5-25.jpg,2,2,1149,989,1354,1179,
bf1a84f5-25.jpg,0,0,1297,832,1478,1037,
bf1a84f5-25.jpg,1,1,1361,609,1622,913,
bf1a84f5-25.jpg,1,1,1421,309,1762,661,
bf1a84f5-25.jpg,4,4,1529,2,1905,360,
bf27a3f3-122.jpg,2,2,1089,296,1489,669,
bf27a3f3-122.jpg,0,0,16,349,196,475,
bf27a3f3-122.jpg,0,0,7,405,116,529,
bf27a3f3-122.jpg,0,0,191,356,444,564,
bf27a3f3-122.jpg,0,0,107,471,409,691,
bf27a3f3-122.jpg,1,1,444,376,722,620,
bf27a3f3-122.jpg,1,1,396,555,636,784,
bf27a3f3-122.jpg,0,0,729,351,1082,647,
bf27a3f3-122.jpg,0,0,631,564,905,880,
bf27a3f3-122.jpg,0,0,905,607,1225,964,
bf27a3f3-122.jpg,0,0,1482,255,1929,689,
bf27a3f3-122.jpg,0,0,1227,613,1540,945,
bf27a3f3-122.jpg,0,0,1538,647,1831,938,
bf27a3f3-122.jpg,0,0,1862,536,1993,907,
bf27a3f3-122.jpg,0,0,1944,342,1991,520,
c09975ec-268.jpg,1,1,574,330,790,668,
c09975ec-268.jpg,0,0,566,647,688,999,
c09975ec-268.jpg,1,1,669,650,798,972,
c09975ec-268.jpg,1,1,782,314,991,726,
c09975ec-268.jpg,1,1,782,639,873,916,
c09975ec-268.jpg,1,1,986,261,1102,663,
c0f75d30-129.jpg,1,1,305,427,368,597,
c0f75d30-129.jpg,1,1,354,432,423,616,
c0f75d30-129.jpg,1,1,387,443,476,626,
c0f75d30-129.jpg,1,1,454,397,604,648,
c0f75d30-129.jpg,1,1,584,397,768,644,
c0f75d30-129.jpg,1,1,313,607,399,770,
c0f75d30-129.jpg,1,1,378,617,498,803,
c0f75d30-129.jpg,1,1,464,635,583,849,
c0f75d30-129.jpg,1,1,574,609,702,835,
c0f75d30-129.jpg,1,1,759,370,1006,662,
c0f75d30-129.jpg,1,1,699,614,866,819,
c0f75d30-129.jpg,1,1,1004,362,1268,664,
c0f75d30-129.jpg,2,2,1192,608,1351,833,
c0f75d30-129.jpg,2,2,1262,388,1461,632,
c0f75d30-129.jpg,1,1,865,633,1029,804,
c0f75d30-129.jpg,1,1,1034,644,1188,821,
c0f75d30-129.jpg,2,2,1452,359,1620,649,
c0f75d30-129.jpg,1,1,1344,586,1513,863,
c0f75d30-129.jpg,1,1,1507,640,1660,824,
c0f75d30-129.jpg,2,2,1596,597,1767,777,
c0f75d30-129.jpg,1,1,1611,413,1711,604,
c0f75d30-129.jpg,1,1,1690,426,1780,604,
c0f75d30-129.jpg,1,1,1773,450,1853,595,
c0f75d30-129.jpg,1,1,1731,593,1863,732,
c195bcab-20.jpg,6,6,37,0,362,301,
c195bcab-20.jpg,6,6,161,271,464,602,
c195bcab-20.jpg,1,1,663,1005,854,1196,
c195bcab-20.jpg,1,1,835,1029,997,1206,
c195bcab-20.jpg,1,1,1004,1018,1155,1196,
c195bcab-20.jpg,1,1,1152,977,1329,1161,
c195bcab-20.jpg,2,2,1447,454,1716,688,
c195bcab-20.jpg,6,6,1474,167,1795,470,
c195bcab-20.jpg,6,6,1498,2,1811,169,
c195bcab-20.jpg,2,2,277,537,502,774,
c195bcab-20.jpg,2,2,341,720,577,961,
c195bcab-20.jpg,2,2,499,900,704,1126,
c195bcab-20.jpg,2,2,1308,852,1501,1071,
c195bcab-20.jpg,2,2,1423,664,1643,892,
c2e348a2-157.jpg,2,2,897,500,1031,672,
c2e348a2-157.jpg,2,2,1002,491,1104,669,
c2e348a2-157.jpg,2,2,916,656,986,809,
c2e348a2-157.jpg,2,2,991,669,1024,785,
c3496adf-18.jpg,6,6,1569,604,1850,801,
c3496adf-18.jpg,6,6,1842,523,1972,668,
c3496adf-18.jpg,2,2,1652,443,1897,653,
c3496adf-18.jpg,2,2,1445,476,1658,675,
c3496adf-18.jpg,1,1,1193,400,1456,726,
c3496adf-18.jpg,1,1,903,370,1204,699,
c3496adf-18.jpg,1,1,664,430,910,746,
c3496adf-18.jpg,3,3,384,421,674,774,
c3496adf-18.jpg,3,3,194,397,411,722,
c3496adf-18.jpg,2,2,131,400,237,632,
c3496adf-18.jpg,2,2,80,374,166,604,
c3496adf-18.jpg,2,2,153,656,247,891,
c3496adf-18.jpg,0,0,253,711,350,910,
c3496adf-18.jpg,0,0,354,714,488,946,
c3496adf-18.jpg,0,0,486,746,644,962,
c3496adf-18.jpg,0,0,644,726,854,988,
c3496adf-18.jpg,2,2,851,682,1114,1023,
c3496adf-18.jpg,2,2,1094,648,1348,953,
c3496adf-18.jpg,1,1,1354,650,1579,889,
c636df10-156.jpg,2,2,787,403,1090,715,
c636df10-156.jpg,2,2,561,475,803,720,
c636df10-156.jpg,1,1,376,462,577,736,
c636df10-156.jpg,1,1,260,470,401,709,
c636df10-156.jpg,0,0,178,499,293,664,
c636df10-156.jpg,0,0,119,465,199,628,
c636df10-156.jpg,2,2,1083,411,1389,714,
c636df10-156.jpg,2,2,1375,470,1598,723,
c636df10-156.jpg,0,0,1725,495,1870,709,
c636df10-156.jpg,1,1,1587,433,1780,731,
c636df10-156.jpg,0,0,1835,515,1917,682,
c636df10-156.jpg,0,0,1905,478,1940,583,
c636df10-156.jpg,1,1,717,690,914,930,
c636df10-156.jpg,1,1,919,698,1115,924,
c636df10-156.jpg,1,1,1118,701,1318,927,
c636df10-156.jpg,1,1,145,658,296,731,
c636df10-156.jpg,1,1,276,685,421,793,
c636df10-156.jpg,1,1,370,712,556,867,
c636df10-156.jpg,1,1,537,699,728,900,
c636df10-156.jpg,1,1,1310,699,1498,934,
c636df10-156.jpg,1,1,1493,685,1658,935,
c636df10-156.jpg,1,1,1649,706,1778,859,
c636df10-156.jpg,0,0,1738,695,1835,777,
c8459c6b-257.jpg,0,0,145,460,236,572,
c8459c6b-257.jpg,0,0,193,612,355,711,
c8459c6b-257.jpg,0,0,231,500,408,639,
c8459c6b-257.jpg,0,0,394,521,577,698,
c8459c6b-257.jpg,0,0,344,648,589,838,
c8459c6b-257.jpg,0,0,553,475,763,726,
c8459c6b-257.jpg,0,0,589,682,790,902,
c8459c6b-257.jpg,0,0,755,459,1002,781,
c8459c6b-257.jpg,0,0,805,709,1036,894,
c8459c6b-257.jpg,1,1,1007,475,1267,768,
c8459c6b-257.jpg,1,1,1074,693,1270,873,
c8459c6b-257.jpg,1,1,1267,456,1593,808,
c8459c6b-257.jpg,0,0,1361,793,1520,856,
c8459c6b-257.jpg,0,0,1635,424,1929,790,
c8459c6b-257.jpg,1,1,1741,787,1866,848,
c8459c6b-257.jpg,0,0,1931,443,1995,706,
c8459c6b-257.jpg,0,0,1934,707,1993,819,
c94855ad-205.jpg,4,4,321,674,617,966,
c94855ad-205.jpg,2,2,403,561,657,729,
c94855ad-205.jpg,4,4,439,390,681,580,
c94855ad-205.jpg,3,3,216,852,532,1100,
c94855ad-205.jpg,3,3,177,1039,486,1175,
c94855ad-205.jpg,1,1,496,187,701,380,
c94855ad-205.jpg,0,0,661,128,856,299,
c94855ad-205.jpg,0,0,830,90,1043,254,
c94855ad-205.jpg,0,0,1052,83,1274,238,
c94855ad-205.jpg,0,0,1218,139,1418,307,
c94855ad-205.jpg,0,0,1346,212,1552,425,
c94855ad-205.jpg,2,2,1358,429,1598,607,
c94855ad-205.jpg,2,2,1398,586,1627,755,
c94855ad-205.jpg,2,2,1399,701,1692,991,
c94855ad-205.jpg,3,3,1522,879,1772,1125,
c94855ad-205.jpg,2,2,1566,1070,1800,1239,
caf12a43-66.jpg,3,3,209,645,519,798,
caf12a43-66.jpg,0,0,100,636,234,725,
caf12a43-66.jpg,0,0,65,443,260,617,
caf12a43-66.jpg,0,0,260,519,519,675,
caf12a43-66.jpg,0,0,515,553,687,703,
caf12a43-66.jpg,0,0,489,696,679,833,
caf12a43-66.jpg,0,0,677,524,883,723,
caf12a43-66.jpg,0,0,668,711,875,878,
caf12a43-66.jpg,1,1,881,484,1131,749,
caf12a43-66.jpg,0,0,883,696,1104,899,
caf12a43-66.jpg,0,0,1141,478,1361,744,
caf12a43-66.jpg,0,0,1110,674,1279,897,
caf12a43-66.jpg,0,0,1357,441,1593,747,
caf12a43-66.jpg,0,0,1294,687,1418,887,
caf12a43-66.jpg,0,0,1453,699,1563,865,
caf12a43-66.jpg,0,0,1607,373,1815,680,
caf12a43-66.jpg,0,0,1780,409,1846,640,
caf12a43-66.jpg,0,0,1835,386,1905,644,
caf12a43-66.jpg,0,0,1588,661,1644,812,
caf12a43-66.jpg,0,0,1654,663,1730,835,
cb7648a4-27.jpg,3,3,432,401,734,736,
cb7648a4-27.jpg,3,3,3,535,172,709,
cb7648a4-27.jpg,3,3,11,696,99,789,
cb7648a4-27.jpg,3,3,835,457,1099,744,
cb7648a4-27.jpg,3,3,1106,401,1451,784,
cb7648a4-27.jpg,2,2,110,626,409,841,
cb7648a4-27.jpg,2,2,411,609,648,856,
cb7648a4-27.jpg,3,3,663,602,927,943,
cb7648a4-27.jpg,3,3,942,677,1149,926,
cb7648a4-27.jpg,3,3,1448,362,1719,754,
cb7648a4-27.jpg,3,3,1709,311,1875,628,
cb7648a4-27.jpg,2,2,1861,312,1953,535,
cb7648a4-27.jpg,1,1,1690,610,1851,835,
cb7648a4-27.jpg,1,1,1834,569,1899,747,
cb7648a4-27.jpg,1,1,1193,776,1353,895,
cb7648a4-27.jpg,1,1,1375,723,1545,865,
cb7648a4-27.jpg,1,1,1568,722,1695,860,
cbdcf4fe-16.jpg,1,1,1472,258,1703,569,
cbdcf4fe-16.jpg,1,1,1682,274,1827,562,
cbdcf4fe-16.jpg,2,2,279,358,488,647,
cbdcf4fe-16.jpg,2,2,151,349,296,626,
cbdcf4fe-16.jpg,2,2,73,330,186,558,
cbdcf4fe-16.jpg,2,2,22,320,89,444,
cbdcf4fe-16.jpg,1,1,64,497,139,570,
cbdcf4fe-16.jpg,2,2,102,551,210,722,
cbdcf4fe-16.jpg,2,2,190,597,335,782,
cbdcf4fe-16.jpg,2,2,274,602,451,856,
cbdcf4fe-16.jpg,2,2,454,632,652,910,
cbdcf4fe-16.jpg,2,2,1427,558,1593,870,
cbdcf4fe-16.jpg,2,2,1571,553,1748,781,
cbdcf4fe-16.jpg,1,1,1697,553,1810,701,
cbdcf4fe-16.jpg,6,6,1800,489,1907,634,
cbdcf4fe-16.jpg,2,2,1808,327,1891,511,
cbdcf4fe-16.jpg,2,2,1888,301,1958,452,
cbdcf4fe-16.jpg,1,1,1894,417,1966,508,
cbdcf4fe-16.jpg,4,4,472,389,687,653,
cbdcf4fe-16.jpg,4,4,640,645,843,905,
cbdcf4fe-16.jpg,4,4,841,675,1029,924,
cbdcf4fe-16.jpg,4,4,1032,668,1224,891,
cbdcf4fe-16.jpg,4,4,1230,623,1421,873,
cbdcf4fe-16.jpg,4,4,1295,330,1499,644,
cbdcf4fe-16.jpg,4,4,991,350,1290,691,
cbdcf4fe-16.jpg,4,4,687,349,986,690,
cbfb0c55-113.jpg,6,6,197,333,549,648,
cbfb0c55-113.jpg,5,5,142,40,468,354,
cbfb0c55-113.jpg,3,3,370,608,600,842,
cbfb0c55-113.jpg,2,2,429,805,648,1026,
cbfb0c55-113.jpg,1,1,568,958,758,1171,
cbfb0c55-113.jpg,0,0,731,1012,893,1213,
cbfb0c55-113.jpg,0,0,889,1025,1038,1213,
cbfb0c55-113.jpg,1,1,1027,1051,1196,1240,
cbfb0c55-113.jpg,0,0,1149,1007,1314,1206,
cbfb0c55-113.jpg,5,5,1527,17,1831,326,
cbfb0c55-113.jpg,3,3,1461,291,1780,637,
cbfb0c55-113.jpg,1,1,1425,588,1674,802,
cbfb0c55-113.jpg,1,1,1259,937,1448,1134,
cbfb0c55-113.jpg,1,1,1365,780,1608,1004,
cc0eaa25-33.jpg,1,1,88,317,303,691,
cc0eaa25-33.jpg,1,1,53,401,126,663,
cc0eaa25-33.jpg,0,0,8,429,49,634,
cc0eaa25-33.jpg,1,1,178,690,263,895,
cc0eaa25-33.jpg,1,1,280,307,589,688,
cc0eaa25-33.jpg,1,1,261,674,378,903,
cc0eaa25-33.jpg,0,0,386,672,531,867,
cc0eaa25-33.jpg,0,0,524,648,698,871,
cc0eaa25-33.jpg,1,1,586,327,851,663,
cc0eaa25-33.jpg,0,0,693,589,899,889,
cc0eaa25-33.jpg,2,2,852,325,1188,674,
cc0eaa25-33.jpg,2,2,1185,424,1475,703,
cc0eaa25-33.jpg,2,2,919,626,1198,961,
cc0eaa25-33.jpg,2,2,1208,666,1472,895,
cc0eaa25-33.jpg,2,2,1456,495,1709,685,
cc0eaa25-33.jpg,1,1,1491,674,1821,808,
cc0eaa25-33.jpg,2,2,1717,476,1974,671,
cc0eaa25-33.jpg,1,1,1893,653,1991,739,
cce45772-253.jpg,2,2,252,964,529,1217,
cce45772-253.jpg,0,0,161,1106,309,1254,
cce45772-253.jpg,2,2,312,763,577,1012,
cce45772-253.jpg,0,0,387,621,632,784,
cce45772-253.jpg,0,0,459,448,695,642,
cce45772-253.jpg,0,0,551,293,749,475,
cce45772-253.jpg,1,1,690,172,862,341,
cce45772-253.jpg,0,0,805,54,1016,247,
cce45772-253.jpg,0,0,1020,59,1222,252,
cce45772-253.jpg,0,0,1184,143,1349,300,
cce45772-253.jpg,0,0,1273,244,1461,443,
cce45772-253.jpg,0,0,1319,406,1558,617,
cce45772-253.jpg,0,0,1384,570,1604,752,
cce45772-253.jpg,2,2,1391,733,1654,999,
cce45772-253.jpg,2,2,1413,950,1679,1200,
cce45772-253.jpg,0,0,1526,1101,1714,1279,
cd09abfe-106.jpg,0,0,782,75,992,272,
cd09abfe-106.jpg,0,0,1008,35,1207,248,
cd09abfe-106.jpg,0,0,658,139,791,295,
cd09abfe-106.jpg,1,1,548,144,677,301,
cd09abfe-106.jpg,1,1,461,155,579,288,
cd09abfe-106.jpg,1,1,424,183,514,295,
cd09abfe-106.jpg,1,1,353,195,451,274,
cd09abfe-106.jpg,1,1,339,255,540,427,
cd09abfe-106.jpg,1,1,365,379,598,619,
cd09abfe-106.jpg,1,1,442,576,655,723,
cd09abfe-106.jpg,1,1,492,707,698,869,
cd09abfe-106.jpg,0,0,586,845,735,990,
cd09abfe-106.jpg,0,0,684,958,835,1099,
cd09abfe-106.jpg,0,0,817,1011,1001,1170,
cd09abfe-106.jpg,0,0,1026,1008,1202,1179,
cd09abfe-106.jpg,0,0,1186,938,1335,1094,
cd09abfe-106.jpg,0,0,1266,826,1424,974,
cd09abfe-106.jpg,1,1,1288,690,1494,838,
cd09abfe-106.jpg,1,1,1346,546,1530,694,
cd09abfe-106.jpg,1,1,1347,353,1584,559,
cd09abfe-106.jpg,1,1,1380,261,1593,375,
cd09abfe-106.jpg,0,0,1205,81,1350,264,
cd09abfe-106.jpg,0,0,1340,135,1441,289,
cd09abfe-106.jpg,0,0,1423,151,1509,283,
cd09abfe-106.jpg,0,0,1475,181,1546,286,
cd09abfe-106.jpg,0,0,1527,206,1581,270,
cd35e202-111.jpg,3,3,1378,669,1638,861,
cd35e202-111.jpg,0,0,79,428,189,667,
cd35e202-111.jpg,0,0,165,409,260,664,
cd35e202-111.jpg,0,0,152,661,218,848,
cd35e202-111.jpg,0,0,215,648,294,816,
cd35e202-111.jpg,0,0,240,367,478,663,
cd35e202-111.jpg,0,0,290,663,387,844,
cd35e202-111.jpg,0,0,360,652,529,864,
cd35e202-111.jpg,0,0,469,362,729,667,
cd35e202-111.jpg,0,0,518,660,656,832,
cd35e202-111.jpg,0,0,726,427,914,652,
cd35e202-111.jpg,0,0,658,645,821,864,
cd35e202-111.jpg,0,0,914,412,1145,679,
cd35e202-111.jpg,0,0,1142,495,1344,699,
cd35e202-111.jpg,0,0,823,606,1023,893,
cd35e202-111.jpg,0,0,1022,634,1228,868,
cd35e202-111.jpg,0,0,1224,677,1376,846,
cd35e202-111.jpg,0,0,1324,523,1500,710,
cd35e202-111.jpg,3,3,1493,493,1708,686,
cd35e202-111.jpg,2,2,1687,462,1855,645,
cd35e202-111.jpg,2,2,1629,645,1832,794,
d1bf28ca-279.jpg,0,0,190,527,266,658,
d1bf28ca-279.jpg,1,1,223,476,314,618,
d1bf28ca-279.jpg,1,1,263,631,405,728,
d1bf28ca-279.jpg,1,1,327,427,425,620,
d1bf28ca-279.jpg,1,1,288,438,355,631,
d1bf28ca-279.jpg,1,1,406,384,572,642,
d1bf28ca-279.jpg,1,1,374,629,437,752,
d1bf28ca-279.jpg,1,1,432,612,597,779,
d1bf28ca-279.jpg,1,1,572,416,769,674,
d1bf28ca-279.jpg,0,0,621,656,720,699,
d1bf28ca-279.jpg,1,1,776,389,1021,685,
d1bf28ca-279.jpg,1,1,1020,360,1267,660,
d1bf28ca-279.jpg,1,1,1071,658,1188,728,
d1bf28ca-279.jpg,0,0,1247,617,1319,675,
d1bf28ca-279.jpg,1,1,1270,400,1467,629,
d1bf28ca-279.jpg,1,1,1329,632,1456,730,
d1bf28ca-279.jpg,1,1,1431,454,1582,693,
d1bf28ca-279.jpg,1,1,1566,427,1727,648,
d1bf28ca-279.jpg,1,1,1464,604,1655,843,
d1bf28ca-279.jpg,1,1,1646,618,1694,701,
d1bf28ca-279.jpg,1,1,1697,546,1802,711,
d1bf28ca-279.jpg,1,1,1663,690,1759,835,
d1bf28ca-279.jpg,1,1,1772,589,1848,701,
d1bf28ca-279.jpg,1,1,1757,696,1816,806,
d2b3cd3c-263.jpg,1,1,750,500,793,711,
d2b3cd3c-263.jpg,1,1,798,478,1008,755,
d2b3cd3c-263.jpg,1,1,755,699,873,879,
d2b3cd3c-263.jpg,2,2,860,695,1045,953,
d2b3cd3c-263.jpg,1,1,1004,476,1096,760,
d2b3cd3c-263.jpg,1,1,1069,483,1174,784,
d64f7147-149.jpg,6,6,211,0,504,276,
d64f7147-149.jpg,3,3,249,271,535,518,
d64f7147-149.jpg,1,1,305,504,613,800,
d64f7147-149.jpg,6,6,555,905,727,1075,
d64f7147-149.jpg,6,6,1340,585,1627,862,
d64f7147-149.jpg,5,5,1538,91,1829,371,
d64f7147-149.jpg,1,1,438,751,667,982,
d64f7147-149.jpg,1,1,593,1068,772,1235,
d64f7147-149.jpg,0,0,716,1070,859,1219,
d64f7147-149.jpg,0,0,827,1119,961,1259,
d64f7147-149.jpg,0,0,962,1112,1089,1259,
d64f7147-149.jpg,0,0,1080,1084,1240,1234,
d64f7147-149.jpg,0,0,1168,1007,1337,1194,
d64f7147-149.jpg,2,2,1292,981,1512,1167,
d64f7147-149.jpg,1,1,1232,786,1481,985,
d64f7147-149.jpg,3,3,1398,346,1727,607,
d683bbb2-188.jpg,0,0,97,411,129,554,
d683bbb2-188.jpg,0,0,120,396,157,562,
d683bbb2-188.jpg,1,1,134,405,282,655,
d683bbb2-188.jpg,1,1,257,361,472,712,
d683bbb2-188.jpg,1,1,461,433,757,755,
d683bbb2-188.jpg,1,1,755,510,1002,751,
d683bbb2-188.jpg,0,0,239,654,289,743,
d683bbb2-188.jpg,0,0,343,668,407,763,
d683bbb2-188.jpg,0,0,438,649,546,793,
d683bbb2-188.jpg,0,0,594,651,744,818,
d683bbb2-188.jpg,0,0,750,672,917,847,
d683bbb2-188.jpg,0,0,932,618,1160,844,
d683bbb2-188.jpg,0,0,1012,557,1178,665,
d683bbb2-188.jpg,1,1,1178,547,1392,759,
d683bbb2-188.jpg,1,1,1149,678,1328,840,
d683bbb2-188.jpg,0,0,1350,576,1495,718,
d683bbb2-188.jpg,0,0,1331,699,1483,786,
d683bbb2-188.jpg,1,1,1488,519,1690,670,
d683bbb2-188.jpg,1,1,1453,639,1678,753,
d911e2d0-47.jpg,1,1,59,32,422,382,
d911e2d0-47.jpg,1,1,167,352,444,625,
d911e2d0-47.jpg,1,1,288,564,570,846,
d911e2d0-47.jpg,0,0,421,789,650,1024,
d911e2d0-47.jpg,0,0,645,846,854,1048,
d911e2d0-47.jpg,0,0,782,1004,970,1165,
d911e2d0-47.jpg,0,0,954,948,1133,1122,
d911e2d0-47.jpg,0,0,1066,792,1271,1020,
d911e2d0-47.jpg,0,0,1267,746,1504,1013,
d911e2d0-47.jpg,1,1,1370,553,1649,833,
d911e2d0-47.jpg,1,1,1470,344,1768,591,
d911e2d0-47.jpg,3,3,1585,43,1939,414,
da87f715-189.jpg,0,0,126,27,472,355,
da87f715-189.jpg,4,4,226,242,542,527,
da87f715-189.jpg,3,3,288,532,581,752,
da87f715-189.jpg,2,2,441,723,609,932,
da87f715-189.jpg,2,2,583,856,832,1067,
da87f715-189.jpg,2,2,825,969,1077,1212,
da87f715-189.jpg,1,1,1087,924,1351,1174,
da87f715-189.jpg,1,1,1493,81,1845,378,
da87f715-189.jpg,1,1,1491,355,1781,518,
da87f715-189.jpg,0,0,1490,515,1772,741,
da87f715-189.jpg,1,1,1318,846,1576,1047,
da87f715-189.jpg,0,0,1510,739,1658,902,
dad6d960-145.jpg,0,0,456,505,667,715,
dad6d960-145.jpg,1,1,648,502,891,763,
dad6d960-145.jpg,2,2,449,681,661,925,
dad6d960-145.jpg,2,2,636,698,728,829,
dad6d960-145.jpg,2,2,730,746,818,813,
dad6d960-145.jpg,2,2,821,735,870,785,
dad6d960-145.jpg,1,1,860,546,964,748,
dad6d960-145.jpg,1,1,944,505,1079,772,
dad6d960-145.jpg,2,2,856,744,918,804,
dd171414-143.jpg,5,5,287,547,618,875,
dd171414-143.jpg,5,5,185,818,487,1133,
dd171414-143.jpg,1,1,418,353,683,591,
dd171414-143.jpg,0,0,528,175,766,420,
dd171414-143.jpg,1,1,700,76,908,287,
dd171414-143.jpg,0,0,893,65,1065,244,
dd171414-143.jpg,0,0,1066,54,1249,220,
dd171414-143.jpg,0,0,1228,46,1392,207,
dd171414-143.jpg,0,0,1268,172,1456,355,
dd171414-143.jpg,0,0,1346,272,1563,498,
dd171414-143.jpg,1,1,1492,357,1736,601,
dd171414-143.jpg,0,0,1464,592,1722,830,
dd171414-143.jpg,4,4,1451,792,1785,1107,
dd171414-143.jpg,3,3,1458,1084,1791,1285,
df3ae704-48.jpg,0,0,49,392,153,543,
df3ae704-48.jpg,0,0,41,519,153,609,
df3ae704-48.jpg,0,0,137,384,252,615,
df3ae704-48.jpg,0,0,261,382,484,685,
df3ae704-48.jpg,0,0,212,609,378,805,
df3ae704-48.jpg,0,0,379,615,532,844,
df3ae704-48.jpg,0,0,488,424,746,723,
df3ae704-48.jpg,1,1,687,365,1000,747,
df3ae704-48.jpg,1,1,1000,374,1353,736,
df3ae704-48.jpg,0,0,550,691,758,906,
df3ae704-48.jpg,0,0,762,682,954,860,
df3ae704-48.jpg,0,0,953,621,1142,894,
df3ae704-48.jpg,0,0,1168,691,1333,859,
df3ae704-48.jpg,0,0,1343,408,1571,707,
df3ae704-48.jpg,0,0,1568,357,1773,631,
df3ae704-48.jpg,0,0,1369,674,1574,860,
df3ae704-48.jpg,0,0,1558,580,1767,797,
df3ae704-48.jpg,0,0,1757,362,1894,591,
df3ae704-48.jpg,0,0,1735,564,1889,677,
df3ae704-48.jpg,0,0,1856,358,1977,518,
df3ae704-48.jpg,0,0,1837,521,1961,593,
e039ac13-1.jpg,0,0,860,635,1053,889,
e039ac13-1.jpg,0,0,1057,578,1225,886,
e039ac13-1.jpg,0,0,1239,574,1443,832,
e039ac13-1.jpg,0,0,654,576,856,832,
e039ac13-1.jpg,1,1,502,578,641,803,
e039ac13-1.jpg,1,1,500,352,749,617,
e039ac13-1.jpg,1,1,1061,294,1372,614,
e039ac13-1.jpg,1,1,1379,330,1581,603,
e039ac13-1.jpg,2,2,1448,578,1605,821,
e039ac13-1.jpg,2,2,1587,298,1753,574,
e039ac13-1.jpg,2,2,1614,572,1751,791,
e039ac13-1.jpg,2,2,325,271,496,583,
e039ac13-1.jpg,2,2,285,567,496,774,
e039ac13-1.jpg,2,2,191,265,332,531,
e039ac13-1.jpg,2,2,1760,305,1850,552,
e039ac13-1.jpg,1,1,186,545,305,673,
e039ac13-1.jpg,2,2,94,469,211,617,
e039ac13-1.jpg,2,2,119,280,215,435,
e039ac13-1.jpg,1,1,11,386,117,513,
e039ac13-1.jpg,1,1,49,262,135,401,
e039ac13-1.jpg,1,1,0,217,56,291,
e039ac13-1.jpg,2,2,1756,549,1841,726,
e039ac13-1.jpg,3,3,747,312,1061,628,
e039ac13-1.jpg,2,2,1854,323,1895,525,
e039ac13-1.jpg,2,2,1848,545,1913,668,
e039ac13-1.jpg,1,1,1901,489,1953,578,
e039ac13-1.jpg,1,1,1939,294,1966,419,
e039ac13-1.jpg,1,1,1897,309,1935,437,
e0a09bed-254.jpg,0,0,213,53,438,186,
e0a09bed-254.jpg,1,1,249,137,553,424,
e0a09bed-254.jpg,3,3,309,384,597,688,
e0a09bed-254.jpg,0,0,405,632,623,836,
e0a09bed-254.jpg,0,0,467,811,677,1007,
e0a09bed-254.jpg,0,0,610,870,803,1042,
e0a09bed-254.jpg,0,0,690,991,870,1101,
e0a09bed-254.jpg,0,0,809,1063,951,1161,
e0a09bed-254.jpg,0,0,951,1055,1099,1163,
e0a09bed-254.jpg,0,0,1088,1037,1246,1142,
e0a09bed-254.jpg,0,0,1166,889,1351,1104,
e0a09bed-254.jpg,0,0,1302,832,1499,1050,
e0a09bed-254.jpg,0,0,1375,664,1595,889,
e0a09bed-254.jpg,3,3,1400,429,1705,731,
e0a09bed-254.jpg,1,1,1461,182,1764,462,
e2811a20-201.jpg,1,1,29,567,142,711,
e2811a20-201.jpg,1,1,135,576,258,755,
e2811a20-201.jpg,1,1,226,598,323,751,
e2811a20-201.jpg,1,1,268,514,383,739,
e2811a20-201.jpg,1,1,76,699,177,784,
e2811a20-201.jpg,1,1,151,735,315,850,
e2811a20-201.jpg,1,1,293,735,367,832,
e2811a20-201.jpg,0,0,351,445,532,726,
e2811a20-201.jpg,0,0,531,467,729,708,
e2811a20-201.jpg,0,0,699,430,948,702,
e2811a20-201.jpg,1,1,357,696,497,876,
e2811a20-201.jpg,0,0,500,674,661,851,
e2811a20-201.jpg,0,0,668,686,814,838,
e2811a20-201.jpg,0,0,807,661,977,837,
e2811a20-201.jpg,0,0,951,437,1198,709,
e2811a20-201.jpg,0,0,971,686,1129,844,
e2811a20-201.jpg,0,0,1139,680,1266,851,
e2811a20-201.jpg,0,0,1191,474,1349,700,
e2811a20-201.jpg,1,1,1343,427,1493,707,
e2811a20-201.jpg,0,0,1270,655,1418,881,
e2811a20-201.jpg,1,1,1468,516,1540,717,
e2811a20-201.jpg,1,1,1512,550,1601,718,
e2811a20-201.jpg,1,1,1585,537,1662,694,
e2811a20-201.jpg,0,0,1571,694,1627,765,
e2811a20-201.jpg,0,0,1474,722,1587,811,
e2811a20-201.jpg,1,1,1405,702,1498,850,
e2b30393-88.jpg,1,1,43,977,360,1257,
e2b30393-88.jpg,0,0,180,586,416,765,
e2b30393-88.jpg,1,1,78,739,392,1048,
e2b30393-88.jpg,0,0,272,414,526,642,
e2b30393-88.jpg,0,0,401,247,610,452,
e2b30393-88.jpg,0,0,1367,253,1572,462,
e2b30393-88.jpg,1,1,537,153,744,328,
e2b30393-88.jpg,1,1,709,81,967,263,
e2b30393-88.jpg,1,1,993,80,1246,266,
e2b30393-88.jpg,1,1,1254,129,1424,331,
e2b30393-88.jpg,0,0,1469,419,1714,637,
e2b30393-88.jpg,0,0,1561,589,1810,801,
e2b30393-88.jpg,1,1,1607,750,1909,1064,
e2b30393-88.jpg,1,1,1639,1013,1921,1263,
e3229c3b-19.jpg,2,2,754,37,993,280,
e3229c3b-19.jpg,2,2,997,33,1244,272,
e3229c3b-19.jpg,2,2,574,121,777,314,
e3229c3b-19.jpg,1,1,409,253,639,491,
e3229c3b-19.jpg,1,1,312,424,572,636,
e3229c3b-19.jpg,2,2,241,618,516,832,
e3229c3b-19.jpg,5,5,193,808,494,1109,
e3229c3b-19.jpg,6,6,140,1042,437,1289,
e3229c3b-19.jpg,2,2,1216,139,1415,333,
e3229c3b-19.jpg,2,2,1364,258,1593,492,
e3229c3b-19.jpg,3,3,1431,440,1706,666,
e3229c3b-19.jpg,2,2,1510,640,1778,846,
e3229c3b-19.jpg,5,5,1534,827,1840,1144,
e3229c3b-19.jpg,6,6,1595,1072,1862,1298,
e559ff0b-260.jpg,1,1,33,38,344,300,
e559ff0b-260.jpg,2,2,97,274,437,613,
e559ff0b-260.jpg,1,1,223,577,459,811,
e559ff0b-260.jpg,1,1,322,777,538,989,
e559ff0b-260.jpg,0,0,513,937,703,1099,
e559ff0b-260.jpg,0,0,707,1032,883,1153,
e559ff0b-260.jpg,0,0,1020,1016,1211,1128,
e559ff0b-260.jpg,1,1,1187,922,1384,1098,
e559ff0b-260.jpg,1,1,1356,763,1571,1006,
e559ff0b-260.jpg,1,1,1482,597,1715,850,
e559ff0b-260.jpg,3,3,1516,304,1854,645,
e559ff0b-260.jpg,4,4,1626,28,1947,326,
e957f889-55.jpg,0,0,223,312,327,591,
e957f889-55.jpg,0,0,314,343,478,629,
e957f889-55.jpg,0,0,261,599,315,781,
e957f889-55.jpg,1,1,328,617,444,795,
e957f889-55.jpg,1,1,478,339,706,650,
e957f889-55.jpg,1,1,449,632,562,851,
e957f889-55.jpg,0,0,574,585,785,879,
e957f889-55.jpg,1,1,715,370,996,696,
e957f889-55.jpg,1,1,983,429,1260,717,
e957f889-55.jpg,0,0,808,605,1055,844,
e957f889-55.jpg,0,0,1063,656,1325,871,
e957f889-55.jpg,1,1,1255,389,1496,701,
e957f889-55.jpg,1,1,1472,416,1741,669,
e957f889-55.jpg,0,0,1333,647,1711,867,
e958bf9f-107.jpg,2,2,647,511,857,721,
e958bf9f-107.jpg,2,2,627,721,777,884,
e958bf9f-107.jpg,1,1,614,891,753,995,
e958bf9f-107.jpg,1,1,637,964,766,1021,
e958bf9f-107.jpg,1,1,644,982,813,1085,
e958bf9f-107.jpg,0,0,704,1019,829,1114,
e958bf9f-107.jpg,0,0,754,1038,883,1173,
e958bf9f-107.jpg,0,0,857,1034,958,1202,
e958bf9f-107.jpg,1,1,735,403,912,550,
e958bf9f-107.jpg,4,4,791,274,956,411,
e958bf9f-107.jpg,4,4,899,210,1027,341,
e958bf9f-107.jpg,4,4,999,170,1107,298,
e958bf9f-107.jpg,4,4,1107,167,1215,281,
e958bf9f-107.jpg,4,4,1212,176,1327,295,
e958bf9f-107.jpg,4,4,1295,219,1426,333,
e958bf9f-107.jpg,4,4,1368,261,1497,403,
e958bf9f-107.jpg,3,3,1418,579,1644,792,
e958bf9f-107.jpg,3,3,1529,778,1686,920,
e958bf9f-107.jpg,2,2,1369,379,1545,508,
e958bf9f-107.jpg,4,4,1357,467,1535,629,
e958bf9f-107.jpg,0,0,961,1034,1078,1181,
e958bf9f-107.jpg,0,0,1079,1043,1198,1180,
e958bf9f-107.jpg,0,0,1197,1035,1313,1175,
e958bf9f-107.jpg,0,0,1315,1026,1415,1171,
e958bf9f-107.jpg,0,0,1412,1058,1481,1171,
e958bf9f-107.jpg,1,1,1549,913,1688,1034,
e958bf9f-107.jpg,2,2,1471,984,1653,1131,
e958bf9f-107.jpg,1,1,1426,1023,1546,1159,
ec98b5a9-206.jpg,5,5,180,908,481,1145,
ec98b5a9-206.jpg,3,3,250,674,554,938,
ec98b5a9-206.jpg,1,1,360,553,615,730,
ec98b5a9-206.jpg,2,2,415,383,638,583,
ec98b5a9-206.jpg,0,0,540,275,694,482,
ec98b5a9-206.jpg,0,0,682,221,858,410,
ec98b5a9-206.jpg,0,0,822,169,981,350,
ec98b5a9-206.jpg,0,0,982,167,1136,351,
ec98b5a9-206.jpg,0,0,1107,193,1287,382,
ec98b5a9-206.jpg,0,0,1269,207,1443,394,
ec98b5a9-206.jpg,0,0,1293,333,1518,543,
ec98b5a9-206.jpg,1,1,1293,471,1549,677,
ec98b5a9-206.jpg,2,2,1347,614,1661,889,
ec98b5a9-206.jpg,4,4,1440,844,1741,1111,
ec98b5a9-206.jpg,1,1,1645,1036,1771,1142,
ec98b5a9-206.jpg,2,2,235,1250,395,1299,
ec98b5a9-206.jpg,0,0,484,1258,563,1299,
ec98b5a9-206.jpg,0,0,569,1193,714,1299,
ec98b5a9-206.jpg,0,0,718,1176,868,1295,
ec98b5a9-206.jpg,0,0,868,1173,1025,1298,
ec98b5a9-206.jpg,0,0,1029,1175,1184,1295,
ec98b5a9-206.jpg,0,0,1182,1174,1345,1289,
ec98b5a9-206.jpg,0,0,1350,1212,1486,1297,
ec98b5a9-206.jpg,0,0,1473,1248,1547,1295,
f07e5340-266.jpg,0,0,142,89,464,323,
f07e5340-266.jpg,2,2,180,314,511,610,
f07e5340-266.jpg,1,1,282,554,562,777,
f07e5340-266.jpg,1,1,339,706,594,924,
f07e5340-266.jpg,1,1,472,852,648,1016,
f07e5340-266.jpg,1,1,639,895,814,1044,
f07e5340-266.jpg,0,0,777,929,938,1056,
f07e5340-266.jpg,0,0,945,932,1118,1048,
f07e5340-266.jpg,0,0,1115,895,1294,1044,
f07e5340-266.jpg,1,1,1278,856,1450,1040,
f07e5340-266.jpg,1,1,1369,722,1617,972,
f07e5340-266.jpg,0,0,1400,566,1674,785,
f07e5340-266.jpg,2,2,1470,323,1807,637,
f07e5340-266.jpg,1,1,1577,80,1877,362,
f08afd15-36.jpg,0,0,978,327,1324,688,
f08afd15-36.jpg,1,1,640,354,980,717,
f08afd15-36.jpg,1,1,440,406,663,699,
f08afd15-36.jpg,0,0,406,656,609,776,
f08afd15-36.jpg,0,0,644,672,752,782,
f08afd15-36.jpg,0,0,813,663,977,870,
f08afd15-36.jpg,0,0,996,653,1169,832,
f08afd15-36.jpg,0,0,1216,648,1324,790,
f08afd15-36.jpg,0,0,252,597,435,749,
f08afd15-36.jpg,0,0,167,569,272,675,
f08afd15-36.jpg,0,0,158,374,284,553,
f08afd15-36.jpg,0,0,78,355,175,516,
f08afd15-36.jpg,1,1,56,513,164,593,
f08afd15-36.jpg,1,1,1325,370,1544,672,
f08afd15-36.jpg,1,1,1327,640,1587,868,
f08afd15-36.jpg,0,0,1544,535,1746,817,
f08afd15-36.jpg,0,0,1732,411,1896,645,
f08afd15-36.jpg,0,0,1697,617,1878,725,
f08afd15-36.jpg,0,0,1846,551,1960,653,
f08afd15-36.jpg,0,0,1893,425,1985,553,
f08afd15-36.jpg,1,1,258,323,437,617,
f08afd15-36.jpg,1,1,1549,315,1765,626,
f0daeb4d-28.jpg,3,3,27,360,155,674,
f0daeb4d-28.jpg,3,3,153,459,296,719,
f0daeb4d-28.jpg,0,0,119,672,172,773,
f0daeb4d-28.jpg,2,2,159,715,282,879,
f0daeb4d-28.jpg,3,3,276,429,556,803,
f0daeb4d-28.jpg,2,2,295,784,409,913,
f0daeb4d-28.jpg,1,1,437,773,609,910,
f0daeb4d-28.jpg,1,1,632,803,776,934,
f0daeb4d-28.jpg,3,3,559,440,883,817,
f0daeb4d-28.jpg,3,3,884,437,1179,749,
f0daeb4d-28.jpg,3,3,1048,634,1308,988,
f0daeb4d-28.jpg,1,1,822,690,1040,948,
f0daeb4d-28.jpg,3,3,1289,675,1542,929,
f0daeb4d-28.jpg,2,2,1431,481,1681,720,
f0daeb4d-28.jpg,1,1,1654,529,1899,715,
f0daeb4d-28.jpg,0,0,1905,537,1991,688,
f0daeb4d-28.jpg,3,3,1834,688,1988,800,
f0daeb4d-28.jpg,1,1,1550,675,1819,843,
f0daeb4d-28.jpg,0,0,1216,526,1448,698,
f11eea49-190.jpg,4,4,32,725,427,1136,
f11eea49-190.jpg,0,0,81,1153,272,1270,
f11eea49-190.jpg,1,1,198,558,503,774,
f11eea49-190.jpg,1,1,314,366,581,621,
f11eea49-190.jpg,1,1,451,194,707,427,
f11eea49-190.jpg,0,0,658,127,867,331,
f11eea49-190.jpg,0,0,863,96,1067,301,
f11eea49-190.jpg,0,0,1058,108,1265,311,
f11eea49-190.jpg,0,0,1228,158,1440,358,
f11eea49-190.jpg,0,0,1378,247,1627,483,
f11eea49-190.jpg,0,0,1432,468,1716,720,
f11eea49-190.jpg,0,0,1455,717,1794,950,
f11eea49-190.jpg,4,4,1482,935,1861,1281,
f250a7c4-146.jpg,2,2,144,416,358,600,
f250a7c4-146.jpg,2,2,311,571,462,709,
f250a7c4-146.jpg,2,2,75,564,271,665,
f250a7c4-146.jpg,1,1,240,653,431,742,
f250a7c4-146.jpg,2,2,444,476,596,749,
f250a7c4-146.jpg,1,1,580,525,785,756,
f250a7c4-146.jpg,1,1,776,495,1031,793,
f250a7c4-146.jpg,1,1,1025,516,1227,764,
f250a7c4-146.jpg,2,2,705,731,933,971,
f250a7c4-146.jpg,2,2,935,731,1102,875,
f250a7c4-146.jpg,2,2,1104,736,1251,838,
f250a7c4-146.jpg,1,1,1198,458,1464,778,
f250a7c4-146.jpg,1,1,1451,447,1684,745,
f250a7c4-146.jpg,2,2,1262,751,1376,822,
f250a7c4-146.jpg,2,2,1387,736,1500,822,
f250a7c4-146.jpg,2,2,1507,740,1602,791,
f250a7c4-146.jpg,2,2,1604,722,1756,856,
f250a7c4-146.jpg,1,1,1682,453,1836,744,
f250a7c4-146.jpg,0,0,1825,453,1964,715,
f70a7554-199.jpg,2,2,256,201,564,511,
f70a7554-199.jpg,1,1,322,484,585,677,
f70a7554-199.jpg,2,2,368,671,626,867,
f70a7554-199.jpg,0,0,470,844,687,1067,
f70a7554-199.jpg,1,1,609,1007,806,1174,
f70a7554-199.jpg,1,1,765,1047,1007,1275,
f70a7554-199.jpg,1,1,999,1047,1233,1268,
f70a7554-199.jpg,1,1,1193,997,1397,1178,
f70a7554-199.jpg,1,1,1342,873,1545,1091,
f70a7554-199.jpg,1,1,1422,692,1660,895,
f70a7554-199.jpg,1,1,1473,522,1715,719,
f70a7554-199.jpg,3,3,1485,226,1818,557,
f887a525-273.jpg,1,1,94,457,185,621,
f887a525-273.jpg,1,1,174,492,274,650,
f887a525-273.jpg,1,1,237,449,309,663,
f887a525-273.jpg,1,1,288,443,411,687,
f887a525-273.jpg,1,1,394,381,580,726,
f887a525-273.jpg,1,1,150,626,271,750,
f887a525-273.jpg,1,1,247,660,346,800,
f887a525-273.jpg,1,1,319,666,421,825,
f887a525-273.jpg,1,1,401,653,586,887,
f887a525-273.jpg,1,1,575,363,812,672,
f887a525-273.jpg,1,1,572,639,774,908,
f887a525-273.jpg,1,1,773,645,924,824,
f887a525-273.jpg,1,1,797,405,1071,733,
f887a525-273.jpg,1,1,1067,371,1333,728,
f887a525-273.jpg,1,1,924,701,1053,875,
f887a525-273.jpg,1,1,1044,691,1230,908,
f887a525-273.jpg,1,1,1230,650,1343,812,
f887a525-273.jpg,1,1,1333,408,1510,703,
f887a525-273.jpg,1,1,1340,663,1521,950,
f887a525-273.jpg,1,1,1517,462,1687,763,
f887a525-273.jpg,2,2,1523,707,1644,926,
f887a525-273.jpg,1,1,1647,730,1730,899,
f887a525-273.jpg,1,1,1673,518,1762,733,
f887a525-273.jpg,1,1,1737,518,1813,717,
f887a525-273.jpg,1,1,1803,540,1843,725,
f887a525-273.jpg,1,1,1733,722,1789,851,
f887a525-273.jpg,1,1,1799,711,1859,808,
f887a525-273.jpg,1,1,1829,542,1910,691,
f9687157-53.jpg,2,2,150,116,409,379,
f9687157-53.jpg,3,3,239,346,503,682,
f9687157-53.jpg,0,0,378,645,574,865,
f9687157-53.jpg,0,0,472,819,695,1069,
f9687157-53.jpg,0,0,645,983,835,1182,
f9687157-53.jpg,0,0,784,1058,964,1230,
f9687157-53.jpg,0,0,951,1085,1098,1247,
f9687157-53.jpg,0,0,1094,1061,1231,1225,
f9687157-53.jpg,0,0,1238,1028,1396,1203,
f9687157-53.jpg,0,0,1337,892,1541,1102,
f9687157-53.jpg,0,0,1424,723,1652,953,
f9687157-53.jpg,1,1,1482,524,1694,742,
f9687157-53.jpg,4,4,1512,228,1778,551,
f9687157-53.jpg,3,3,1547,2,1786,237,
f99e85d7-159.jpg,0,0,108,443,147,634,
f99e85d7-159.jpg,1,1,143,429,226,653,
f99e85d7-159.jpg,2,2,209,433,345,648,
f99e85d7-159.jpg,2,2,328,389,583,647,
f99e85d7-159.jpg,2,2,564,399,834,647,
f99e85d7-159.jpg,2,2,823,455,1048,672,
f99e85d7-159.jpg,2,2,176,642,254,763,
f99e85d7-159.jpg,2,2,237,633,340,793,
f99e85d7-159.jpg,1,1,330,645,467,836,
f99e85d7-159.jpg,1,1,460,639,613,840,
f99e85d7-159.jpg,1,1,605,638,781,852,
f99e85d7-159.jpg,2,2,782,627,960,859,
f99e85d7-159.jpg,2,2,959,636,1159,874,
f99e85d7-159.jpg,1,1,1052,425,1270,688,
f99e85d7-159.jpg,0,0,1154,639,1328,823,
f99e85d7-159.jpg,1,1,1256,487,1438,683,
f99e85d7-159.jpg,1,1,1418,494,1558,657,
f99e85d7-159.jpg,0,0,1298,642,1464,757,
f99e85d7-159.jpg,2,2,1458,592,1644,705,
f99e85d7-159.jpg,2,2,1538,464,1711,610,
f9a8221b-194.jpg,6,6,1402,457,1658,674,
f9a8221b-194.jpg,4,4,1509,1079,1845,1294,
f9a8221b-194.jpg,3,3,1501,803,1802,1141,
f9a8221b-194.jpg,3,3,1483,637,1727,836,
f9a8221b-194.jpg,3,3,143,986,475,1284,
f9a8221b-194.jpg,2,2,236,660,492,854,
f9a8221b-194.jpg,1,1,312,457,566,674,
f9a8221b-194.jpg,0,0,417,279,615,489,
f9a8221b-194.jpg,0,0,572,180,747,371,
f9a8221b-194.jpg,1,1,724,123,958,333,
f9a8221b-194.jpg,0,0,963,113,1214,326,
f9a8221b-194.jpg,2,2,1205,170,1377,338,
f9a8221b-194.jpg,0,0,1324,272,1539,495,
fa238421-97.jpg,1,1,84,507,268,709,
fa238421-97.jpg,0,0,62,662,219,811,
fa238421-97.jpg,1,1,221,390,538,746,
fa238421-97.jpg,1,1,532,407,868,751,
fa238421-97.jpg,0,0,859,436,1141,733,
fa238421-97.jpg,1,1,230,702,390,835,
fa238421-97.jpg,1,1,439,651,591,835,
fa238421-97.jpg,0,0,596,744,773,855,
fa238421-97.jpg,1,1,773,667,994,857,
fa238421-97.jpg,0,0,1001,633,1236,884,
fa238421-97.jpg,1,1,1136,425,1366,687,
fa238421-97.jpg,1,1,1222,687,1462,893,
fa238421-97.jpg,5,5,1369,407,1564,576,
fa238421-97.jpg,4,4,1386,467,1734,640,
fa238421-97.jpg,1,1,1373,620,1606,773,
fa238421-97.jpg,0,0,1601,580,1845,713,
fa238421-97.jpg,0,0,1732,394,1907,587,
fa52a2ab-147.jpg,1,1,73,444,116,658,
fa52a2ab-147.jpg,0,0,105,493,182,713,
fa52a2ab-147.jpg,1,1,160,453,336,747,
fa52a2ab-147.jpg,1,1,316,502,478,747,
fa52a2ab-147.jpg,2,2,229,718,398,913,
fa52a2ab-147.jpg,2,2,385,736,533,836,
fa52a2ab-147.jpg,2,2,538,760,649,824,
fa52a2ab-147.jpg,2,2,667,735,767,811,
fa52a2ab-147.jpg,1,1,431,456,700,765,
fa52a2ab-147.jpg,1,1,693,445,951,751,
fa52a2ab-147.jpg,1,1,944,472,1159,750,
fa52a2ab-147.jpg,1,1,1153,474,1394,740,
fa52a2ab-147.jpg,1,1,1360,504,1520,752,
fa52a2ab-147.jpg,2,2,765,743,881,808,
fa52a2ab-147.jpg,2,2,898,738,1010,795,
fa52a2ab-147.jpg,2,2,1025,681,1216,868,
fa52a2ab-147.jpg,2,2,1282,703,1479,861,
fa52a2ab-147.jpg,2,2,1481,495,1589,707,
fa52a2ab-147.jpg,1,1,1558,456,1691,659,
fa52a2ab-147.jpg,1,1,1691,414,1817,596,
fa52a2ab-147.jpg,1,1,1487,638,1690,796,
fa52a2ab-147.jpg,2,2,1802,485,1902,614,
fa52a2ab-147.jpg,2,2,1673,569,1812,702,
fb42774b-207.jpg,1,1,759,427,992,707,
fb42774b-207.jpg,1,1,994,415,1237,710,
fb42774b-207.jpg,1,1,597,485,777,702,
fb42774b-207.jpg,2,2,286,500,376,661,
fb42774b-207.jpg,2,2,363,502,482,681,
fb42774b-207.jpg,1,1,468,480,608,709,
fb42774b-207.jpg,2,2,290,644,394,756,
fb42774b-207.jpg,2,2,399,675,470,779,
fb42774b-207.jpg,1,1,477,678,578,821,
fb42774b-207.jpg,0,0,582,665,737,854,
fb42774b-207.jpg,1,1,735,684,879,817,
fb42774b-207.jpg,1,1,882,689,1000,812,
fb42774b-207.jpg,1,1,1003,686,1154,869,
fb42774b-207.jpg,1,1,1151,675,1289,851,
fb42774b-207.jpg,1,1,1228,440,1407,695,
fb42774b-207.jpg,1,1,1405,428,1546,670,
fb42774b-207.jpg,1,1,1523,469,1673,666,
fb42774b-207.jpg,0,0,1291,632,1463,866,
fb42774b-207.jpg,1,1,1456,652,1577,853,
fb42774b-207.jpg,1,1,1566,657,1661,796,
fb42774b-207.jpg,1,1,1658,630,1791,782,
fb42774b-207.jpg,1,1,1723,491,1805,618,
fb42774b-207.jpg,1,1,1653,501,1717,644,
ff319412-220.jpg,3,3,779,439,932,669,
ff319412-220.jpg,2,2,775,650,939,914,
ff319412-220.jpg,2,2,894,410,992,654,
ff319412-220.jpg,2,2,989,425,1081,674,
ff319412-220.jpg,2,2,932,648,1030,895,
ff319412-220.jpg,2,2,1002,674,1109,881,
