image,class_id,class_name,xmin,ymin,xmax,ymax,score
1.jpg,3,3,741,298,1061,636,
1.jpg,1,1,496,348,755,625,
1.jpg,2,2,314,286,508,598,
1.jpg,2,2,176,288,334,540,
1.jpg,1,1,1054,279,1364,623,
1.jpg,1,1,1367,335,1587,608,
1.jpg,2,2,1591,292,1767,597,
1.jpg,2,2,1761,323,1863,560,
1.jpg,1,1,1766,552,1851,728,
1.jpg,2,2,1598,567,1766,795,
1.jpg,2,2,1437,583,1632,833,
1.jpg,0,0,1258,605,1429,857,
1.jpg,0,0,1051,608,1222,871,
1.jpg,0,0,860,632,1037,886,
1.jpg,0,0,660,613,860,836,
1.jpg,2,2,498,598,651,821,
1.jpg,2,2,279,571,485,803,
1.jpg,1,1,202,549,288,687,
1.jpg,2,2,96,474,201,641,
1.jpg,0,0,22,255,117,520,
10.jpg,0,0,993,499,1223,835,
10.jpg,0,0,720,480,960,783,
10.jpg,2,2,470,445,720,749,
10.jpg,2,2,332,499,498,731,
10.jpg,0,0,252,551,348,710,
10.jpg,0,0,135,527,285,710,
10.jpg,0,0,31,526,140,681,
10.jpg,2,2,67,687,175,823,
10.jpg,2,2,190,700,319,843,
10.jpg,2,2,313,705,466,883,
10.jpg,2,2,472,698,622,838,
10.jpg,2,2,625,662,764,852,
10.jpg,0,0,1241,490,1391,737,
10.jpg,2,2,1360,605,1485,824,
10.jpg,2,2,1393,431,1626,710,
10.jpg,2,2,1623,437,1737,666,
10.jpg,2,2,1732,462,1840,613,
10.jpg,0,0,1832,433,1925,589,
10.jpg,2,2,1504,676,1707,843,
10.jpg,2,2,1690,614,1813,802,
10.jpg,2,2,1790,603,1920,744,
10.jpg,0,0,1905,566,1999,691,
100.jpg,3,3,89,47,462,395,
100.jpg,3,3,224,387,497,623,
100.jpg,2,2,330,631,555,822,
100.jpg,1,1,482,795,683,1000,
100.jpg,1,1,636,926,824,1045,
100.jpg,0,0,831,924,1000,1086,
100.jpg,0,0,1003,916,1171,1045,
100.jpg,0,0,1169,891,1359,1028,
100.jpg,0,0,1362,779,1548,955,
100.jpg,2,2,1536,667,1731,850,
100.jpg,3,3,1475,357,1794,677,
100.jpg,3,3,1565,55,1941,386,
102.jpg,2,2,467,623,574,735,
102.jpg,1,1,561,643,644,753,
102.jpg,1,1,605,613,714,748,
102.jpg,1,1,703,603,806,757,
102.jpg,0,0,805,598,934,749,
102.jpg,0,0,934,536,1127,731,
102.jpg,0,0,1156,504,1338,704,
102.jpg,0,0,1350,547,1489,718,
102.jpg,1,1,1482,595,1564,748,
102.jpg,1,1,1557,616,1632,750,
102.jpg,1,1,1611,646,1670,760,
102.jpg,3,3,1657,654,1725,755,
102.jpg,2,2,531,739,647,814,
102.jpg,1,1,645,740,706,839,
102.jpg,1,1,696,740,796,848,
102.jpg,1,1,799,740,903,818,
102.jpg,1,1,918,708,1028,812,
102.jpg,0,0,1034,651,1166,790,
102.jpg,0,0,1167,696,1287,796,
102.jpg,0,0,1293,692,1395,781,
102.jpg,1,1,1405,712,1489,859,
102.jpg,1,1,1489,740,1558,835,
102.jpg,2,2,1558,746,1673,842,
103.jpg,2,2,392,593,493,691,
103.jpg,2,2,469,605,544,707,
103.jpg,1,1,508,572,606,695,
103.jpg,1,1,589,562,693,707,
103.jpg,1,1,686,551,809,699,
103.jpg,0,0,809,499,992,671,
103.jpg,0,0,1016,485,1190,653,
103.jpg,0,0,1192,520,1329,671,
103.jpg,1,1,1318,561,1401,707,
103.jpg,1,1,1385,581,1477,704,
103.jpg,1,1,1456,619,1511,722,
103.jpg,2,2,1501,622,1573,712,
103.jpg,2,2,393,684,473,760,
103.jpg,2,2,453,695,560,787,
103.jpg,1,1,544,691,609,791,
103.jpg,1,1,590,694,686,797,
103.jpg,2,2,680,687,774,767,
103.jpg,2,2,786,667,896,766,
103.jpg,0,0,909,602,1022,748,
103.jpg,0,0,1027,640,1135,749,
103.jpg,0,0,1143,637,1245,746,
103.jpg,1,1,1247,674,1337,811,
103.jpg,0,0,1337,704,1406,797,
103.jpg,2,2,1399,718,1519,808,
104.jpg,1,1,315,577,480,786,
104.jpg,1,1,477,504,687,725,
104.jpg,0,0,711,536,895,725,
104.jpg,1,1,902,564,1086,736,
104.jpg,0,0,1115,554,1267,716,
104.jpg,1,1,1274,579,1441,705,
104.jpg,3,3,1445,547,1627,677,
104.jpg,2,2,399,774,472,891,
104.jpg,1,1,467,748,573,878,
104.jpg,1,1,582,682,711,862,
104.jpg,1,1,714,714,860,839,
104.jpg,1,1,873,704,1034,902,
104.jpg,1,1,1043,704,1212,852,
104.jpg,0,0,1190,711,1301,828,
104.jpg,2,2,1306,681,1582,810,
105.jpg,1,1,418,708,608,921,
105.jpg,1,1,603,682,822,889,
105.jpg,0,0,834,668,1012,824,
105.jpg,1,1,1029,656,1202,821,
105.jpg,1,1,1212,670,1387,825,
105.jpg,2,2,1380,663,1532,801,
105.jpg,2,2,1531,695,1760,822,
105.jpg,2,2,1103,520,1277,684,
105.jpg,0,0,1272,561,1429,672,
105.jpg,2,2,1438,569,1667,696,
105.jpg,2,2,937,577,1095,711,
105.jpg,2,2,786,565,915,752,
105.jpg,2,2,666,593,782,722,
105.jpg,2,2,566,588,653,722,
106.jpg,2,2,361,386,587,592,
106.jpg,2,2,443,593,653,711,
106.jpg,2,2,487,722,699,861,
106.jpg,2,2,580,851,737,972,
106.jpg,1,1,682,961,829,1085,
106.jpg,1,1,814,1027,992,1167,
106.jpg,1,1,1024,1020,1195,1178,
106.jpg,1,1,1187,959,1329,1082,
106.jpg,1,1,1287,828,1428,976,
106.jpg,2,2,1290,702,1476,838,
106.jpg,2,2,1347,555,1534,694,
106.jpg,2,2,1345,355,1579,561,
106.jpg,2,2,353,192,453,277,
106.jpg,0,0,428,185,511,306,
106.jpg,1,1,463,162,570,288,
106.jpg,1,1,553,147,664,298,
106.jpg,0,0,657,144,798,297,
106.jpg,0,0,795,82,990,267,
106.jpg,0,0,1016,41,1206,243,
106.jpg,0,0,1208,89,1350,260,
106.jpg,1,1,1340,129,1435,291,
106.jpg,1,1,1415,151,1511,284,
106.jpg,1,1,1477,176,1543,291,
107.jpg,3,3,621,705,770,897,
107.jpg,3,3,647,514,837,716,
107.jpg,2,2,738,396,908,547,
107.jpg,3,3,803,277,947,410,
107.jpg,2,2,896,220,1022,338,
107.jpg,4,4,998,172,1111,288,
107.jpg,3,3,1106,165,1206,266,
107.jpg,2,2,1218,175,1309,284,
107.jpg,3,3,1312,220,1402,335,
107.jpg,2,2,1390,274,1493,387,
107.jpg,2,2,1377,379,1548,503,
107.jpg,2,2,1358,486,1521,622,
107.jpg,3,3,1431,585,1631,790,
107.jpg,2,2,1541,796,1679,921,
107.jpg,2,2,629,967,769,1074,
107.jpg,1,1,716,1027,805,1123,
107.jpg,1,1,758,1056,854,1170,
107.jpg,1,1,853,1033,958,1188,
107.jpg,1,1,958,1043,1074,1190,
107.jpg,0,0,1079,1041,1198,1173,
107.jpg,0,0,1199,1034,1311,1167,
107.jpg,0,0,1312,1024,1402,1163,
107.jpg,1,1,1406,1051,1490,1174,
107.jpg,2,2,1476,989,1653,1138,
107.jpg,1,1,1558,918,1683,1029,
108.jpg,2,2,732,46,995,116,
108.jpg,1,1,770,96,1084,180,
108.jpg,1,1,732,139,1058,248,
108.jpg,2,2,640,228,1049,355,
108.jpg,1,1,669,348,1040,467,
108.jpg,1,1,605,464,1065,654,
108.jpg,1,1,586,650,1058,840,
108.jpg,1,1,675,838,1030,952,
108.jpg,1,1,659,947,1023,1066,
108.jpg,1,1,710,1062,1040,1155,
108.jpg,1,1,745,1140,986,1246,
108.jpg,2,2,1046,99,1265,183,
108.jpg,2,2,1036,208,1338,312,
108.jpg,2,2,1005,312,1395,427,
108.jpg,2,2,1011,426,1385,551,
108.jpg,1,1,1046,554,1350,651,
108.jpg,0,0,1046,643,1382,760,
108.jpg,1,1,1014,768,1353,868,
108.jpg,1,1,1014,866,1312,967,
108.jpg,1,1,995,967,1347,1074,
108.jpg,0,0,1030,1067,1293,1114,
108.jpg,2,2,1008,1114,1255,1193,
111.jpg,1,1,67,450,167,687,
111.jpg,1,1,167,442,252,658,
111.jpg,1,1,252,389,465,663,
111.jpg,0,0,467,372,726,674,
111.jpg,1,1,724,427,899,651,
111.jpg,1,1,915,415,1146,683,
111.jpg,1,1,1145,494,1332,705,
111.jpg,1,1,1320,528,1484,708,
111.jpg,3,3,1484,499,1693,694,
111.jpg,3,3,1703,474,1828,650,
111.jpg,1,1,146,665,220,860,
111.jpg,1,1,211,649,293,822,
111.jpg,0,0,298,665,377,853,
111.jpg,0,0,357,656,527,867,
111.jpg,1,1,515,661,653,817,
111.jpg,1,1,646,627,820,864,
111.jpg,2,2,823,612,1016,894,
111.jpg,2,2,1025,640,1229,878,
111.jpg,2,2,1224,683,1382,855,
111.jpg,3,3,1386,691,1640,843,
111.jpg,3,3,1633,653,1833,803,
112.jpg,5,5,147,1003,472,1270,
112.jpg,5,5,180,741,495,1036,
112.jpg,4,4,265,568,525,760,
112.jpg,3,3,347,392,601,577,
112.jpg,1,1,466,204,648,405,
112.jpg,1,1,631,115,789,282,
112.jpg,1,1,778,69,1008,229,
112.jpg,1,1,1011,49,1249,238,
112.jpg,1,1,1239,122,1398,298,
112.jpg,1,1,1372,214,1547,425,
112.jpg,3,3,1416,400,1682,610,
112.jpg,3,3,1470,610,1738,782,
112.jpg,4,4,1486,767,1799,1057,
112.jpg,4,4,1506,1050,1810,1286,
113.jpg,4,4,157,56,462,340,
113.jpg,6,6,229,345,542,636,
113.jpg,3,3,366,623,603,820,
113.jpg,2,2,432,814,644,1017,
113.jpg,1,1,580,966,756,1161,
113.jpg,1,1,726,1019,887,1217,
113.jpg,1,1,889,1034,1033,1217,
113.jpg,0,0,1034,1055,1188,1253,
113.jpg,0,0,1151,1016,1311,1199,
113.jpg,0,0,1271,941,1446,1119,
113.jpg,1,1,1382,799,1608,1009,
113.jpg,3,3,1426,597,1669,806,
113.jpg,2,2,1460,299,1779,627,
113.jpg,4,4,1533,24,1827,315,
114.jpg,4,4,5,880,302,1029,
114.jpg,4,4,22,641,348,899,
114.jpg,4,4,92,466,405,676,
114.jpg,3,3,205,288,480,524,
114.jpg,2,2,370,110,595,364,
114.jpg,1,1,560,35,780,238,
114.jpg,1,1,782,4,1002,176,
114.jpg,1,1,1038,4,1265,162,
114.jpg,0,0,1265,13,1460,230,
114.jpg,2,2,1380,84,1625,338,
114.jpg,2,2,1515,240,1782,477,
114.jpg,3,3,1578,414,1860,622,
114.jpg,4,4,1605,572,1968,862,
115.jpg,1,1,347,521,427,616,
115.jpg,1,1,458,530,522,679,
115.jpg,2,2,544,481,686,697,
115.jpg,0,0,685,486,844,697,
115.jpg,0,0,812,450,981,690,
115.jpg,0,0,981,477,1165,697,
115.jpg,0,0,1160,463,1322,696,
115.jpg,0,0,1309,478,1448,701,
115.jpg,1,1,1437,554,1506,708,
115.jpg,1,1,1501,572,1581,707,
115.jpg,1,1,1577,587,1632,689,
115.jpg,2,2,1642,539,1714,649,
115.jpg,2,2,400,632,477,732,
115.jpg,1,1,511,675,585,782,
115.jpg,1,1,581,692,662,817,
115.jpg,2,2,660,676,790,886,
115.jpg,1,1,779,673,885,834,
115.jpg,0,0,873,675,985,840,
115.jpg,0,0,985,685,1102,847,
115.jpg,0,0,1114,667,1226,837,
115.jpg,1,1,1226,684,1346,865,
115.jpg,1,1,1346,693,1449,857,
115.jpg,1,1,1438,692,1525,825,
115.jpg,1,1,1526,699,1607,796,
116.jpg,4,4,433,826,630,938,
116.jpg,3,3,451,693,683,853,
116.jpg,2,2,521,578,742,739,
116.jpg,2,2,570,469,788,630,
116.jpg,2,2,646,364,852,521,
116.jpg,1,1,711,218,863,380,
116.jpg,1,1,817,164,959,299,
116.jpg,1,1,962,152,1149,299,
116.jpg,1,1,1153,125,1314,279,
116.jpg,1,1,1281,208,1443,366,
116.jpg,1,1,1419,274,1593,421,
116.jpg,2,2,1404,425,1632,568,
116.jpg,3,3,1475,546,1684,684,
116.jpg,3,3,1494,666,1723,828,
116.jpg,4,4,1588,791,1799,930,
116.jpg,2,2,423,983,493,1093,
116.jpg,1,1,483,973,541,1093,
116.jpg,1,1,526,994,598,1113,
116.jpg,1,1,591,1010,653,1156,
116.jpg,1,1,649,1026,762,1234,
116.jpg,0,0,752,1038,914,1260,
116.jpg,0,0,898,1042,1085,1247,
116.jpg,0,0,1073,1054,1259,1265,
116.jpg,0,0,1232,1029,1410,1252,
116.jpg,0,0,1388,1006,1552,1199,
116.jpg,2,2,1537,985,1668,1123,
116.jpg,2,2,1594,977,1711,1081,
117.jpg,2,2,626,496,810,624,
117.jpg,2,2,664,608,873,731,
117.jpg,2,2,817,471,969,637,
117.jpg,2,2,873,611,1031,760,
117.jpg,2,2,977,483,1135,639,
117.jpg,2,2,1031,614,1209,793,
117.jpg,2,2,1120,424,1306,651,
117.jpg,2,2,1205,616,1368,859,
117.jpg,1,1,1312,413,1488,636,
117.jpg,1,1,1356,630,1446,769,
117.jpg,1,1,1454,367,1649,610,
117.jpg,1,1,1431,572,1558,770,
117.jpg,0,0,1616,376,1743,615,
117.jpg,0,0,1541,603,1635,768,
117.jpg,0,0,1711,382,1828,591,
117.jpg,0,0,1665,599,1722,761,
117.jpg,0,0,1622,628,1662,743,
117.jpg,0,0,551,568,659,687,
118.jpg,2,2,8,344,130,514,
118.jpg,2,2,128,394,285,576,
118.jpg,1,1,272,410,472,654,
118.jpg,1,1,460,440,738,708,
118.jpg,0,0,735,442,1082,763,
118.jpg,0,0,1128,414,1470,758,
118.jpg,0,0,592,700,808,921,
118.jpg,0,0,808,748,1045,953,
118.jpg,0,0,1090,674,1318,956,
118.jpg,0,0,1332,667,1522,897,
118.jpg,1,1,1540,648,1730,845,
118.jpg,1,1,1722,537,1890,730,
118.jpg,1,1,1705,334,1878,600,
118.jpg,0,0,1880,308,1999,514,
118.jpg,0,0,1872,503,1985,644,
118.jpg,0,0,1462,370,1725,670,
118.jpg,1,1,408,641,588,884,
118.jpg,1,1,240,589,405,789,
118.jpg,1,1,135,550,262,678,
119.jpg,4,4,62,85,410,316,
119.jpg,3,3,112,316,425,511,
119.jpg,2,2,230,487,538,691,
119.jpg,2,2,355,685,628,893,
119.jpg,1,1,540,867,800,1055,
119.jpg,0,0,755,940,1038,1176,
119.jpg,0,0,1098,925,1378,1161,
119.jpg,1,1,1330,834,1588,1023,
119.jpg,1,1,1482,672,1740,895,
119.jpg,2,2,1568,464,1882,700,
119.jpg,3,3,1660,306,1958,503,
119.jpg,4,4,1678,46,1992,342,
12.jpg,2,2,984,406,1261,756,
12.jpg,2,2,728,474,981,724,
12.jpg,0,0,520,508,717,682,
12.jpg,0,0,201,495,543,691,
12.jpg,2,2,51,533,199,665,
12.jpg,2,2,20,660,173,823,
12.jpg,2,2,190,690,516,854,
12.jpg,2,2,520,676,744,896,
12.jpg,2,2,757,670,984,855,
12.jpg,2,2,998,648,1217,885,
12.jpg,1,1,1285,445,1510,777,
12.jpg,1,1,1499,443,1729,805,
12.jpg,0,0,1707,434,1805,685,
12.jpg,0,0,1807,360,1931,654,
12.jpg,0,0,1788,632,1894,809,
120.jpg,4,4,441,344,690,528,
120.jpg,4,4,485,512,726,668,
120.jpg,4,4,537,607,722,754,
120.jpg,2,2,584,682,752,863,
120.jpg,2,2,663,760,760,930,
120.jpg,1,1,749,796,889,967,
120.jpg,0,0,859,840,980,982,
120.jpg,0,0,978,853,1093,982,
120.jpg,0,0,1077,805,1210,989,
120.jpg,0,0,1181,859,1326,1021,
120.jpg,0,0,1279,776,1427,956,
120.jpg,1,1,1320,702,1511,852,
120.jpg,2,2,1367,572,1604,766,
120.jpg,3,3,1491,451,1717,650,
120.jpg,2,2,673,165,783,297,
120.jpg,0,0,606,173,678,254,
120.jpg,1,1,768,172,884,324,
120.jpg,1,1,881,154,1002,321,
120.jpg,1,1,1004,165,1117,344,
120.jpg,1,1,1109,177,1238,341,
120.jpg,1,1,1222,185,1331,323,
120.jpg,1,1,1321,199,1440,319,
120.jpg,1,1,1428,209,1526,305,
120.jpg,1,1,1515,223,1605,302,
120.jpg,1,1,1596,246,1695,307,
121.jpg,0,0,2,396,315,667,
121.jpg,0,0,158,633,380,927,
121.jpg,0,0,330,349,690,672,
121.jpg,0,0,702,308,998,633,
121.jpg,0,0,1002,327,1298,618,
121.jpg,0,0,1308,364,1558,594,
121.jpg,1,1,1560,358,1742,557,
121.jpg,1,1,1742,323,1932,479,
121.jpg,1,1,1582,479,1898,670,
121.jpg,1,1,1368,555,1618,776,
121.jpg,1,1,1152,563,1412,834,
121.jpg,1,1,900,594,1160,877,
121.jpg,0,0,620,620,872,914,
121.jpg,0,0,387,652,618,932,
121.jpg,1,1,35,652,170,884,
122.jpg,1,1,28,338,205,488,
122.jpg,1,1,180,360,455,555,
122.jpg,1,1,110,472,398,706,
122.jpg,1,1,440,379,725,611,
122.jpg,1,1,402,539,635,782,
122.jpg,1,1,722,349,1085,650,
122.jpg,0,0,638,576,898,875,
122.jpg,0,0,902,609,1222,973,
122.jpg,0,0,1082,308,1490,667,
122.jpg,0,0,1230,622,1540,940,
122.jpg,0,0,1485,256,1942,689,
122.jpg,0,0,1540,648,1820,938,
122.jpg,0,0,1858,540,1999,901,
123.jpg,1,1,180,478,259,701,
123.jpg,2,2,272,690,378,892,
123.jpg,1,1,256,450,432,698,
123.jpg,0,0,426,465,602,710,
123.jpg,0,0,585,450,760,696,
123.jpg,1,1,764,478,942,705,
123.jpg,1,1,949,538,1088,707,
123.jpg,1,1,1091,567,1254,709,
123.jpg,2,2,1243,546,1435,689,
123.jpg,0,0,360,687,441,831,
123.jpg,0,0,414,698,509,851,
123.jpg,0,0,469,697,601,855,
123.jpg,0,0,598,682,733,856,
123.jpg,1,1,728,674,901,894,
123.jpg,0,0,893,684,1067,870,
123.jpg,1,1,1067,690,1220,852,
123.jpg,1,1,1219,680,1414,800,
125.jpg,3,3,157,417,373,551,
125.jpg,3,3,185,526,405,673,
125.jpg,2,2,375,444,618,636,
125.jpg,2,2,388,608,671,777,
125.jpg,2,2,604,481,847,668,
125.jpg,2,2,672,631,917,816,
125.jpg,1,1,885,417,1143,695,
125.jpg,1,1,1151,459,1380,718,
125.jpg,1,1,1017,627,1231,881,
125.jpg,1,1,1387,426,1641,732,
125.jpg,1,1,1629,448,1846,728,
125.jpg,1,1,1231,588,1428,839,
125.jpg,0,0,1425,687,1578,839,
125.jpg,1,1,1578,706,1699,823,
125.jpg,1,1,1706,713,1790,821,
125.jpg,1,1,1784,705,1854,832,
126.jpg,1,1,68,410,155,680,
126.jpg,1,1,119,449,207,706,
126.jpg,1,1,172,413,418,716,
126.jpg,0,0,411,425,674,708,
126.jpg,0,0,689,439,917,696,
126.jpg,2,2,922,389,1182,678,
126.jpg,2,2,1191,472,1452,665,
126.jpg,2,2,1441,434,1679,626,
126.jpg,2,2,1676,452,1845,557,
126.jpg,2,2,208,703,302,842,
126.jpg,1,1,306,711,388,825,
126.jpg,0,0,378,704,538,825,
126.jpg,0,0,531,627,689,832,
126.jpg,1,1,697,655,894,844,
126.jpg,1,1,905,626,1117,878,
126.jpg,2,2,1162,623,1424,806,
126.jpg,2,2,1385,603,1696,756,
126.jpg,2,2,1658,537,1939,658,
127.jpg,3,3,126,999,440,1242,
127.jpg,4,4,218,772,538,1088,
127.jpg,2,2,298,623,571,815,
127.jpg,1,1,395,286,616,499,
127.jpg,1,1,564,185,761,340,
127.jpg,1,1,729,86,964,286,
127.jpg,1,1,971,71,1206,284,
127.jpg,1,1,1164,182,1370,361,
127.jpg,1,1,1303,318,1522,539,
127.jpg,4,4,1354,643,1617,837,
127.jpg,4,4,1383,808,1688,1113,
127.jpg,4,4,1516,1002,1760,1285,
129.jpg,2,2,303,428,370,612,
129.jpg,2,2,348,439,427,622,
129.jpg,2,2,385,452,477,627,
129.jpg,2,2,302,605,385,769,
129.jpg,2,2,386,622,480,802,
129.jpg,2,2,1782,444,1851,603,
129.jpg,2,2,1743,592,1858,725,
129.jpg,4,4,1602,602,1757,773,
129.jpg,2,2,1696,428,1774,605,
129.jpg,1,1,1608,434,1711,610,
129.jpg,1,1,1499,636,1661,826,
129.jpg,2,2,1450,350,1605,657,
129.jpg,1,1,1347,586,1506,875,
129.jpg,1,1,1267,384,1445,629,
129.jpg,1,1,1189,616,1347,829,
129.jpg,1,1,456,640,577,846,
129.jpg,2,2,451,400,603,653,
129.jpg,2,2,585,412,764,644,
129.jpg,1,1,569,619,699,818,
129.jpg,1,1,698,623,864,825,
129.jpg,1,1,861,630,1025,801,
129.jpg,1,1,1022,646,1190,821,
129.jpg,0,0,1008,369,1257,664,
129.jpg,0,0,772,370,1012,654,
130.jpg,2,2,485,536,635,712,
130.jpg,2,2,482,699,674,863,
130.jpg,2,2,644,548,779,729,
130.jpg,2,2,664,719,873,907,
130.jpg,1,1,835,732,1002,959,
130.jpg,1,1,757,557,906,735,
130.jpg,1,1,903,537,1090,773,
130.jpg,1,1,1001,719,1176,928,
130.jpg,0,0,1080,538,1282,763,
130.jpg,0,0,1286,517,1514,784,
130.jpg,0,0,1519,517,1711,783,
130.jpg,1,1,1715,541,1824,749,
130.jpg,2,2,1827,497,1908,759,
130.jpg,0,0,1180,743,1345,924,
130.jpg,0,0,1337,769,1495,916,
130.jpg,0,0,1499,767,1627,927,
130.jpg,0,0,1624,737,1740,932,
130.jpg,1,1,1738,733,1834,955,
130.jpg,1,1,1818,750,1893,902,
131.jpg,0,0,212,461,289,678,
131.jpg,0,0,258,479,366,672,
131.jpg,1,1,348,438,529,691,
131.jpg,0,0,528,431,731,691,
131.jpg,1,1,734,449,938,668,
131.jpg,1,1,940,418,1127,685,
131.jpg,1,1,1128,475,1276,650,
131.jpg,1,1,1272,485,1434,651,
131.jpg,2,2,1437,490,1592,639,
131.jpg,1,1,264,667,302,825,
131.jpg,1,1,299,661,353,817,
131.jpg,0,0,358,677,456,814,
131.jpg,0,0,457,678,563,822,
131.jpg,0,0,574,687,698,838,
131.jpg,0,0,703,629,858,851,
131.jpg,1,1,867,629,1043,887,
131.jpg,1,1,1047,671,1214,853,
131.jpg,2,2,1170,639,1401,804,
131.jpg,2,2,1370,631,1590,755,
134.jpg,2,2,162,491,395,694,
134.jpg,1,1,266,657,481,849,
134.jpg,1,1,381,516,531,676,
134.jpg,1,1,472,573,674,816,
134.jpg,1,1,679,531,881,770,
134.jpg,0,0,879,552,1068,742,
134.jpg,0,0,1074,560,1248,729,
134.jpg,2,2,1238,540,1432,795,
134.jpg,0,0,1369,511,1516,628,
134.jpg,0,0,1466,575,1638,826,
134.jpg,0,0,1536,497,1701,679,
134.jpg,1,1,1621,664,1812,867,
134.jpg,2,2,1679,529,1869,708,
135.jpg,2,2,208,474,441,657,
135.jpg,2,2,439,482,712,687,
135.jpg,1,1,724,521,875,726,
135.jpg,1,1,556,658,806,867,
135.jpg,1,1,356,644,562,753,
135.jpg,1,1,799,592,1025,838,
135.jpg,2,2,1034,558,1248,806,
135.jpg,0,0,1248,596,1435,781,
135.jpg,0,0,1436,604,1616,797,
135.jpg,2,2,1609,584,1788,831,
135.jpg,0,0,1801,623,1952,855,
135.jpg,0,0,1739,558,1846,675,
136.jpg,1,1,113,551,258,687,
136.jpg,1,1,14,623,182,883,
136.jpg,2,2,189,563,401,798,
136.jpg,0,0,403,587,603,786,
136.jpg,0,0,605,591,806,790,
136.jpg,2,2,803,563,1045,829,
136.jpg,0,0,1052,595,1292,883,
136.jpg,1,1,1281,690,1528,930,
136.jpg,1,1,1331,526,1609,750,
136.jpg,1,1,1494,687,1701,829,
136.jpg,3,3,1614,593,1882,707,
136.jpg,0,0,977,529,1153,658,
136.jpg,0,0,1181,487,1383,739,
137.jpg,3,3,0,906,371,1291,
137.jpg,4,4,200,744,493,956,
137.jpg,4,4,246,415,546,727,
137.jpg,0,0,426,282,601,458,
137.jpg,5,5,601,210,780,394,
137.jpg,4,4,763,168,1012,363,
137.jpg,5,5,1006,180,1230,386,
137.jpg,5,5,1231,253,1419,443,
137.jpg,4,4,1469,493,1776,817,
137.jpg,5,5,1538,756,1901,1121,
14.jpg,5,5,1608,1037,1843,1261,
14.jpg,3,3,1525,792,1778,1010,
14.jpg,2,2,1404,524,1682,795,
14.jpg,0,0,1355,356,1587,515,
14.jpg,1,1,1317,199,1499,357,
14.jpg,0,0,1196,72,1381,243,
14.jpg,0,0,1001,28,1190,214,
14.jpg,0,0,775,45,972,226,
14.jpg,0,0,626,93,769,218,
14.jpg,0,0,425,150,640,332,
14.jpg,0,0,322,291,541,474,
14.jpg,0,0,246,425,464,604,
14.jpg,3,3,154,563,425,846,
14.jpg,2,2,134,836,401,1068,
14.jpg,2,2,131,1072,379,1291,
140.jpg,1,1,244,438,412,619,
140.jpg,1,1,392,384,621,684,
140.jpg,1,1,274,599,392,731,
140.jpg,1,1,418,677,535,772,
140.jpg,0,0,537,661,672,796,
140.jpg,0,0,667,675,840,865,
140.jpg,0,0,835,684,956,793,
140.jpg,0,0,977,650,1128,820,
140.jpg,0,0,614,393,889,691,
140.jpg,0,0,869,465,1087,733,
140.jpg,0,0,1083,479,1286,767,
140.jpg,0,0,1127,684,1338,934,
140.jpg,0,0,1269,516,1424,718,
140.jpg,1,1,1345,699,1422,786,
140.jpg,2,2,1418,605,1574,776,
140.jpg,2,2,1456,503,1629,642,
142.jpg,2,2,298,752,556,1012,
142.jpg,2,2,409,644,647,829,
142.jpg,1,1,385,475,628,661,
142.jpg,1,1,461,312,661,514,
142.jpg,1,1,615,216,801,380,
142.jpg,1,1,741,120,970,282,
142.jpg,2,2,973,140,1189,339,
142.jpg,1,1,1180,225,1356,383,
142.jpg,1,1,1325,257,1519,468,
142.jpg,1,1,1321,456,1556,664,
142.jpg,1,1,1366,643,1599,810,
142.jpg,2,2,1380,784,1650,993,
142.jpg,2,2,1406,962,1673,1145,
142.jpg,0,0,337,1054,432,1188,
142.jpg,0,0,402,1023,531,1243,
142.jpg,0,0,534,1057,709,1241,
142.jpg,0,0,670,1102,908,1245,
142.jpg,0,0,912,1105,1148,1272,
142.jpg,0,0,1137,1160,1322,1273,
143.jpg,4,4,180,820,492,1130,
143.jpg,4,4,293,555,611,863,
143.jpg,2,2,416,366,682,592,
143.jpg,2,2,525,165,764,427,
143.jpg,1,1,702,95,890,281,
143.jpg,1,1,893,75,1066,236,
143.jpg,1,1,1063,55,1257,202,
143.jpg,1,1,1227,37,1389,194,
143.jpg,0,0,1272,181,1454,355,
143.jpg,0,0,1348,270,1553,490,
143.jpg,1,1,1514,355,1737,595,
143.jpg,0,0,1466,599,1721,825,
143.jpg,4,4,1451,810,1773,1102,
143.jpg,1,1,1467,1089,1786,1265,
144.jpg,2,2,92,360,200,533,
144.jpg,2,2,195,439,300,695,
144.jpg,1,1,269,490,419,719,
144.jpg,0,0,393,470,599,757,
144.jpg,1,1,606,511,792,747,
144.jpg,3,3,410,712,608,890,
144.jpg,3,3,609,718,770,828,
144.jpg,3,3,770,742,899,814,
144.jpg,0,0,748,453,1022,772,
144.jpg,0,0,1025,435,1280,733,
144.jpg,1,1,1040,729,1160,797,
144.jpg,0,0,1169,718,1282,776,
144.jpg,2,2,1296,715,1481,841,
144.jpg,2,2,1497,681,1656,808,
144.jpg,2,2,1664,596,1788,740,
144.jpg,0,0,1286,456,1482,730,
144.jpg,0,0,1474,438,1669,691,
144.jpg,0,0,1640,455,1752,701,
145.jpg,0,0,456,496,657,718,
145.jpg,0,0,651,509,886,761,
145.jpg,0,0,854,557,954,750,
145.jpg,2,2,953,501,1066,770,
145.jpg,3,3,448,681,656,909,
145.jpg,2,2,641,707,728,849,
145.jpg,1,1,721,750,821,826,
145.jpg,1,1,847,740,914,807,
146.jpg,2,2,137,424,353,605,
146.jpg,2,2,235,640,430,755,
146.jpg,2,2,353,562,492,738,
146.jpg,2,2,441,490,602,744,
146.jpg,0,0,582,527,778,759,
146.jpg,0,0,774,503,1022,795,
146.jpg,0,0,1030,528,1238,764,
146.jpg,0,0,1200,460,1451,772,
146.jpg,0,0,1456,454,1679,740,
146.jpg,0,0,1671,464,1847,730,
146.jpg,0,0,1829,444,1962,709,
146.jpg,2,2,706,709,924,958,
146.jpg,2,2,931,734,1092,872,
146.jpg,2,2,1119,748,1255,840,
146.jpg,1,1,1255,761,1373,813,
146.jpg,1,1,1373,747,1502,809,
146.jpg,2,2,1607,723,1757,854,
147.jpg,1,1,75,454,144,669,
147.jpg,0,0,104,489,196,711,
147.jpg,0,0,159,474,328,752,
147.jpg,1,1,329,501,475,744,
147.jpg,0,0,431,451,686,771,
147.jpg,0,0,693,458,953,744,
147.jpg,0,0,946,469,1160,753,
147.jpg,0,0,1161,475,1387,728,
147.jpg,0,0,1365,496,1509,748,
147.jpg,1,1,1491,504,1582,703,
147.jpg,1,1,1572,464,1682,657,
147.jpg,1,1,1691,419,1824,594,
147.jpg,3,3,226,742,396,898,
147.jpg,2,2,375,741,520,836,
147.jpg,2,2,527,760,648,825,
147.jpg,1,1,670,744,769,801,
147.jpg,1,1,772,751,873,812,
147.jpg,1,1,893,735,995,790,
147.jpg,2,2,1010,696,1217,875,
147.jpg,2,2,1292,718,1480,864,
147.jpg,1,1,1477,648,1692,798,
147.jpg,3,3,1665,592,1823,706,
148.jpg,5,5,125,990,453,1262,
148.jpg,4,4,202,757,529,1039,
148.jpg,3,3,271,579,556,784,
148.jpg,2,2,295,364,601,599,
148.jpg,1,1,384,177,647,407,
148.jpg,3,3,573,94,767,295,
148.jpg,1,1,1006,52,1263,276,
148.jpg,1,1,767,59,1015,291,
148.jpg,1,1,1173,143,1379,351,
148.jpg,1,1,1340,180,1579,435,
148.jpg,1,1,1387,379,1695,622,
148.jpg,3,3,1471,580,1757,775,
148.jpg,1,1,1414,779,1718,1056,
148.jpg,4,4,1569,917,1830,1210,
148.jpg,4,4,1632,1175,1850,1299,
149.jpg,2,2,226,6,500,269,
149.jpg,3,3,260,271,533,518,
149.jpg,1,1,311,503,602,793,
149.jpg,1,1,434,759,665,975,
149.jpg,6,6,540,942,703,1076,
149.jpg,0,0,596,1072,748,1238,
149.jpg,0,0,710,1069,852,1210,
149.jpg,0,0,823,1126,964,1264,
149.jpg,0,0,968,1111,1096,1251,
149.jpg,0,0,1076,1082,1233,1236,
149.jpg,0,0,1172,1017,1341,1192,
149.jpg,1,1,1292,990,1497,1169,
149.jpg,2,2,1233,800,1485,979,
149.jpg,6,6,1343,583,1618,857,
149.jpg,4,4,1422,351,1728,625,
149.jpg,5,5,1539,105,1826,381,
15.jpg,2,2,1657,232,1944,500,
15.jpg,1,1,1502,475,1826,774,
15.jpg,1,1,1458,747,1690,957,
15.jpg,1,1,1304,826,1507,1060,
15.jpg,0,0,1196,957,1348,1163,
15.jpg,0,0,1022,1047,1214,1204,
15.jpg,0,0,716,1038,860,1171,
15.jpg,0,0,549,951,710,1124,
15.jpg,0,0,364,812,570,1041,
15.jpg,0,0,246,648,479,830,
15.jpg,3,3,138,348,457,644,
15.jpg,2,2,61,74,364,344,
150.jpg,0,0,110,415,210,518,
150.jpg,0,0,195,425,342,584,
150.jpg,0,0,285,562,396,671,
150.jpg,0,0,345,482,440,627,
150.jpg,1,1,400,458,563,668,
150.jpg,0,0,559,459,751,661,
150.jpg,0,0,550,643,677,775,
150.jpg,0,0,443,640,543,732,
150.jpg,0,0,752,407,990,663,
150.jpg,0,0,679,625,841,778,
150.jpg,0,0,845,640,1002,749,
150.jpg,0,0,1000,569,1149,754,
150.jpg,0,0,1021,405,1264,650,
150.jpg,0,0,1159,604,1295,739,
150.jpg,0,0,1263,459,1431,654,
150.jpg,0,0,1300,643,1448,774,
150.jpg,0,0,1428,437,1583,665,
150.jpg,0,0,1435,621,1555,749,
150.jpg,0,0,1559,491,1645,650,
151.jpg,0,0,306,533,441,681,
151.jpg,0,0,451,500,689,723,
151.jpg,0,0,712,517,918,719,
151.jpg,0,0,909,476,1056,708,
151.jpg,1,1,666,643,780,825,
151.jpg,1,1,456,657,640,842,
151.jpg,0,0,838,705,893,805,
152.jpg,0,0,135,475,342,616,
152.jpg,0,0,345,460,556,681,
152.jpg,0,0,518,578,618,710,
152.jpg,0,0,394,655,592,793,
152.jpg,0,0,589,690,697,783,
152.jpg,0,0,570,529,736,750,
152.jpg,0,0,688,495,943,766,
152.jpg,0,0,686,717,857,884,
152.jpg,0,0,873,688,1053,904,
152.jpg,0,0,950,498,1196,760,
152.jpg,0,0,1070,634,1286,921,
152.jpg,0,0,1222,429,1540,753,
152.jpg,0,0,1286,721,1486,861,
152.jpg,0,0,1511,636,1686,888,
152.jpg,0,0,1555,416,1879,752,
152.jpg,0,0,1699,711,1863,897,
152.jpg,0,0,1882,548,1999,769,
152.jpg,0,0,1865,721,1999,858,
154.jpg,3,3,137,1078,415,1291,
154.jpg,4,4,208,845,517,1111,
154.jpg,1,1,323,702,579,873,
154.jpg,0,0,359,513,626,708,
154.jpg,0,0,440,310,641,523,
154.jpg,0,0,606,155,785,347,
154.jpg,0,0,771,63,998,249,
154.jpg,0,0,1027,69,1258,268,
154.jpg,0,0,1258,168,1435,362,
154.jpg,0,0,1369,343,1561,549,
154.jpg,0,0,1370,540,1625,718,
154.jpg,0,0,1520,661,1765,847,
154.jpg,4,4,1457,846,1754,1116,
154.jpg,4,4,1599,1048,1811,1255,
155.jpg,3,3,142,39,452,288,
155.jpg,4,4,222,288,555,615,
155.jpg,0,0,351,560,611,775,
155.jpg,0,0,388,754,629,980,
155.jpg,0,0,509,924,722,1142,
155.jpg,0,0,681,1001,866,1197,
155.jpg,0,0,847,1055,1019,1243,
155.jpg,0,0,1017,1047,1199,1216,
155.jpg,0,0,1183,1009,1368,1190,
155.jpg,0,0,1300,900,1495,1103,
155.jpg,0,0,1384,706,1627,951,
155.jpg,0,0,1408,514,1670,731,
155.jpg,4,4,1469,260,1799,579,
155.jpg,5,5,1454,3,1772,253,
156.jpg,0,0,114,485,198,613,
156.jpg,0,0,182,506,279,672,
156.jpg,1,1,261,473,393,707,
156.jpg,1,1,387,469,574,739,
156.jpg,0,0,574,476,789,725,
156.jpg,0,0,153,627,309,723,
156.jpg,0,0,287,690,398,793,
156.jpg,0,0,383,714,547,866,
156.jpg,0,0,543,712,732,890,
156.jpg,0,0,783,414,1083,718,
156.jpg,0,0,1079,414,1387,705,
156.jpg,0,0,1389,476,1598,714,
156.jpg,1,1,1598,434,1758,733,
156.jpg,0,0,718,704,918,927,
156.jpg,0,0,928,701,1116,923,
156.jpg,0,0,1118,695,1315,924,
156.jpg,0,0,1319,691,1495,924,
156.jpg,1,1,1498,696,1657,932,
156.jpg,1,1,1644,699,1780,861,
157.jpg,2,2,898,513,1044,682,
157.jpg,1,1,1009,490,1111,672,
157.jpg,2,2,918,657,989,817,
157.jpg,1,1,993,672,1024,812,
158.jpg,2,2,386,492,527,619,
158.jpg,1,1,525,528,632,675,
158.jpg,0,0,627,517,767,695,
158.jpg,0,0,611,667,757,761,
158.jpg,1,1,438,613,609,721,
158.jpg,0,0,769,516,951,718,
158.jpg,1,1,958,517,1147,708,
158.jpg,1,1,1148,456,1382,701,
158.jpg,0,0,1380,462,1593,690,
158.jpg,1,1,1599,504,1724,682,
158.jpg,1,1,1719,461,1811,691,
158.jpg,0,0,906,691,1070,851,
158.jpg,0,0,738,681,905,820,
158.jpg,0,0,1070,677,1237,866,
158.jpg,0,0,1237,684,1386,865,
158.jpg,0,0,1385,681,1531,853,
158.jpg,1,1,1531,678,1648,848,
158.jpg,1,1,1643,681,1731,848,
158.jpg,2,2,1737,687,1787,793,
159.jpg,0,0,109,437,149,626,
159.jpg,0,0,144,431,219,655,
159.jpg,1,1,212,432,337,650,
159.jpg,1,1,327,378,561,648,
159.jpg,1,1,560,396,813,653,
159.jpg,1,1,825,463,1039,680,
159.jpg,1,1,1049,422,1258,693,
159.jpg,1,1,1258,489,1417,683,
159.jpg,0,0,1324,691,1325,693,
159.jpg,1,1,1420,506,1550,655,
159.jpg,2,2,1543,485,1650,605,
159.jpg,1,1,175,633,255,764,
159.jpg,1,1,244,626,335,802,
159.jpg,1,1,328,640,461,842,
159.jpg,0,0,458,640,607,828,
159.jpg,0,0,611,637,779,836,
159.jpg,0,0,786,625,956,855,
159.jpg,1,1,966,636,1149,867,
159.jpg,1,1,1152,637,1328,835,
159.jpg,0,0,1307,650,1458,768,
159.jpg,2,2,1454,605,1646,699,
16.jpg,4,4,981,351,1293,697,
16.jpg,4,4,684,350,985,691,
16.jpg,4,4,1291,343,1514,640,
16.jpg,4,4,473,388,690,660,
16.jpg,1,1,276,359,484,651,
16.jpg,0,0,148,345,282,626,
16.jpg,0,0,63,338,176,557,
16.jpg,1,1,1482,239,1714,570,
16.jpg,2,2,1711,264,1811,579,
16.jpg,0,0,1826,322,1904,524,
16.jpg,2,2,125,585,199,724,
16.jpg,2,2,211,617,301,787,
16.jpg,2,2,287,629,446,863,
16.jpg,3,3,448,623,654,913,
16.jpg,4,4,628,643,852,926,
16.jpg,4,4,825,659,1034,938,
16.jpg,4,4,1028,668,1238,911,
16.jpg,4,4,1229,620,1428,901,
16.jpg,2,2,1414,603,1599,900,
16.jpg,2,2,1581,571,1752,792,
16.jpg,0,0,1726,552,1828,713,
160.jpg,2,2,154,946,486,1276,
160.jpg,1,1,219,757,498,963,
160.jpg,0,0,300,549,569,775,
160.jpg,0,0,413,341,621,573,
160.jpg,0,0,576,231,790,441,
160.jpg,0,0,775,166,1023,389,
160.jpg,0,0,1027,166,1276,403,
160.jpg,0,0,1232,247,1460,492,
160.jpg,0,0,1398,393,1607,623,
160.jpg,1,1,1440,590,1712,820,
160.jpg,1,1,1495,813,1773,1010,
160.jpg,1,1,1520,994,1840,1263,
162.jpg,1,1,424,519,515,680,
162.jpg,1,1,483,504,564,681,
162.jpg,2,2,527,452,674,668,
162.jpg,2,2,670,439,829,680,
162.jpg,0,0,822,456,1024,678,
162.jpg,0,0,1032,479,1224,690,
162.jpg,0,0,1227,472,1380,670,
162.jpg,0,0,1385,439,1502,643,
162.jpg,0,0,1480,501,1551,664,
162.jpg,0,0,1544,519,1596,647,
162.jpg,1,1,640,639,789,818,
162.jpg,1,1,556,668,647,798,
162.jpg,1,1,483,678,550,791,
162.jpg,1,1,793,656,909,784,
162.jpg,0,0,906,670,1029,784,
162.jpg,0,0,1037,683,1145,763,
162.jpg,0,0,1160,650,1277,763,
162.jpg,1,1,1285,616,1412,832,
162.jpg,0,0,1406,663,1561,848,
163.jpg,1,1,803,500,906,707,
163.jpg,1,1,895,468,987,702,
163.jpg,0,0,979,486,1109,702,
163.jpg,0,0,950,682,1019,776,
164.jpg,0,0,329,497,440,647,
164.jpg,0,0,435,445,583,664,
164.jpg,0,0,580,461,774,678,
164.jpg,0,0,770,486,976,695,
164.jpg,0,0,982,490,1128,682,
164.jpg,0,0,1134,458,1285,656,
164.jpg,0,0,1258,504,1360,670,
164.jpg,0,0,1357,520,1429,653,
164.jpg,0,0,421,618,554,750,
164.jpg,0,0,553,661,676,715,
164.jpg,0,0,682,668,795,740,
164.jpg,1,1,1045,599,1182,798,
164.jpg,0,0,1225,664,1358,797,
164.jpg,1,1,1167,629,1216,750,
166.jpg,6,6,435,870,714,1078,
166.jpg,0,0,572,1094,722,1229,
166.jpg,0,0,724,1046,903,1204,
166.jpg,0,0,902,1029,1128,1197,
166.jpg,0,0,1134,1039,1367,1198,
166.jpg,0,0,1367,1053,1541,1187,
166.jpg,0,0,1544,1072,1679,1204,
166.jpg,3,3,501,732,732,903,
166.jpg,1,1,561,613,815,784,
166.jpg,1,1,576,418,753,629,
166.jpg,0,0,724,359,893,534,
166.jpg,0,0,896,326,1116,528,
166.jpg,0,0,1112,322,1337,517,
166.jpg,0,0,1337,366,1506,530,
166.jpg,0,0,1448,414,1645,627,
166.jpg,2,2,1445,601,1693,769,
166.jpg,2,2,1518,722,1750,887,
166.jpg,4,4,1547,826,1821,1039,
167.jpg,4,4,195,885,460,1129,
167.jpg,6,6,285,685,573,934,
167.jpg,6,6,412,554,624,745,
167.jpg,4,4,1374,899,1625,1130,
167.jpg,6,6,1329,681,1602,910,
167.jpg,2,2,1424,504,1608,709,
167.jpg,2,2,1261,480,1469,639,
167.jpg,0,0,1298,374,1444,503,
167.jpg,0,0,1173,369,1327,521,
167.jpg,0,0,1021,332,1174,469,
167.jpg,0,0,879,297,1035,432,
167.jpg,0,0,750,317,927,499,
167.jpg,1,1,589,298,756,477,
167.jpg,1,1,495,420,692,619,
167.jpg,0,0,551,1156,726,1299,
167.jpg,0,0,727,1104,905,1299,
167.jpg,0,0,863,1151,1016,1299,
167.jpg,0,0,1014,1143,1167,1290,
167.jpg,0,0,1164,1142,1328,1292,
167.jpg,0,0,1309,1208,1444,1299,
168.jpg,2,2,87,472,147,631,
168.jpg,2,2,137,496,240,654,
168.jpg,2,2,216,510,334,695,
168.jpg,2,2,298,489,434,687,
168.jpg,1,1,421,477,572,678,
168.jpg,1,1,550,435,744,657,
168.jpg,1,1,756,415,989,660,
168.jpg,1,1,995,415,1234,660,
168.jpg,1,1,1232,436,1408,654,
168.jpg,1,1,1406,432,1524,661,
168.jpg,1,1,1509,476,1614,667,
168.jpg,1,1,1583,496,1667,671,
168.jpg,2,2,1658,465,1754,636,
168.jpg,2,2,156,656,293,796,
168.jpg,1,1,299,678,385,810,
168.jpg,1,1,385,649,545,801,
168.jpg,0,0,544,653,679,776,
168.jpg,0,0,667,616,835,773,
168.jpg,0,0,827,649,983,718,
168.jpg,1,1,983,646,1134,736,
168.jpg,0,0,1132,622,1283,750,
168.jpg,0,0,1287,640,1414,750,
168.jpg,1,1,1411,640,1548,798,
168.jpg,2,2,1592,625,1709,776,
168.jpg,1,1,1540,661,1596,790,
169.jpg,0,0,85,436,298,616,
169.jpg,1,1,296,408,524,646,
169.jpg,1,1,528,445,734,658,
169.jpg,1,1,737,432,938,667,
169.jpg,1,1,682,618,857,790,
169.jpg,0,0,521,620,680,766,
169.jpg,1,1,369,626,499,735,
169.jpg,1,1,250,616,366,701,
169.jpg,1,1,872,607,1050,824,
169.jpg,1,1,741,430,944,667,
169.jpg,1,1,927,466,1112,661,
169.jpg,0,0,1090,496,1235,656,
169.jpg,0,0,1051,630,1185,804,
169.jpg,3,3,1240,435,1444,619,
169.jpg,3,3,1202,598,1422,770,
169.jpg,2,2,1422,552,1577,696,
169.jpg,3,3,1444,442,1563,561,
17.jpg,4,4,1296,390,1573,718,
17.jpg,4,4,1563,354,1790,684,
17.jpg,4,4,1051,437,1290,706,
17.jpg,1,1,758,418,1046,728,
17.jpg,2,2,540,443,770,718,
17.jpg,2,2,349,434,563,657,
17.jpg,3,3,149,452,366,603,
17.jpg,2,2,75,555,255,697,
17.jpg,5,5,267,610,535,831,
17.jpg,2,2,526,669,729,883,
17.jpg,2,2,741,682,951,954,
17.jpg,3,3,981,662,1220,969,
17.jpg,0,0,1231,703,1410,930,
17.jpg,0,0,1422,715,1549,910,
17.jpg,0,0,1587,694,1682,896,
17.jpg,0,0,1720,670,1799,836,
17.jpg,0,0,1811,626,1890,824,
17.jpg,2,2,1767,351,1878,616,
17.jpg,1,1,1838,230,1925,515,
170.jpg,3,3,299,449,421,581,
170.jpg,1,1,309,562,427,656,
170.jpg,3,3,429,458,592,634,
170.jpg,2,2,428,618,653,769,
170.jpg,1,1,589,516,747,690,
170.jpg,1,1,727,520,903,702,
170.jpg,0,0,647,677,796,802,
170.jpg,0,0,801,660,989,835,
170.jpg,1,1,908,517,1095,733,
170.jpg,0,0,1093,510,1302,726,
170.jpg,1,1,1306,489,1535,722,
170.jpg,1,1,1538,520,1745,688,
170.jpg,0,0,1001,699,1163,831,
170.jpg,0,0,1179,671,1338,821,
170.jpg,0,0,1483,682,1608,756,
170.jpg,0,0,1621,691,1719,750,
170.jpg,1,1,1337,712,1458,756,
173.jpg,1,1,235,447,357,690,
173.jpg,0,0,312,383,538,656,
173.jpg,0,0,535,431,753,661,
173.jpg,0,0,729,360,985,653,
173.jpg,0,0,985,384,1232,671,
173.jpg,0,0,1238,362,1464,620,
173.jpg,0,0,1443,350,1641,626,
173.jpg,0,0,1614,398,1725,620,
173.jpg,0,0,1709,454,1814,586,
173.jpg,0,0,1803,448,1870,550,
173.jpg,0,0,531,615,695,781,
173.jpg,0,0,285,647,472,736,
173.jpg,0,0,731,626,880,696,
173.jpg,0,0,1237,598,1387,715,
173.jpg,1,1,1403,595,1572,783,
173.jpg,0,0,1557,595,1666,780,
173.jpg,3,3,1644,599,1769,757,
174.jpg,1,1,770,393,908,680,
174.jpg,0,0,895,469,1019,708,
174.jpg,1,1,1009,439,1150,715,
175.jpg,1,1,469,373,711,626,
175.jpg,0,0,366,499,508,625,
175.jpg,0,0,374,603,505,681,
175.jpg,0,0,711,379,943,643,
175.jpg,0,0,948,371,1160,609,
175.jpg,0,0,1145,346,1372,612,
175.jpg,1,1,1351,412,1492,615,
175.jpg,1,1,1141,581,1327,763,
175.jpg,0,0,1322,571,1456,770,
175.jpg,3,3,1435,581,1622,757,
175.jpg,2,2,1541,447,1687,592,
175.jpg,0,0,1461,471,1540,615,
175.jpg,1,1,1686,432,1793,558,
175.jpg,3,3,1603,541,1764,658,
177.jpg,4,4,238,932,522,1191,
177.jpg,3,3,309,759,585,997,
177.jpg,2,2,386,639,611,808,
177.jpg,2,2,395,454,627,650,
177.jpg,1,1,469,315,669,468,
177.jpg,1,1,625,263,815,391,
177.jpg,1,1,818,240,1032,379,
177.jpg,0,0,1034,208,1254,362,
177.jpg,1,1,1221,274,1419,411,
177.jpg,1,1,1402,294,1618,483,
177.jpg,2,2,1434,485,1680,674,
177.jpg,2,2,1450,675,1693,831,
177.jpg,3,3,1425,834,1708,1032,
177.jpg,4,4,1503,969,1790,1180,
178.jpg,1,1,205,846,508,1129,
178.jpg,4,4,273,593,566,875,
178.jpg,2,2,390,471,643,640,
178.jpg,1,1,422,352,635,544,
178.jpg,1,1,461,162,629,374,
178.jpg,0,0,632,178,803,333,
178.jpg,0,0,809,141,963,314,
178.jpg,0,0,969,124,1106,298,
178.jpg,0,0,1098,150,1282,322,
178.jpg,1,1,1269,136,1440,356,
178.jpg,3,3,1183,371,1374,531,
178.jpg,2,2,1316,280,1541,488,
178.jpg,4,4,1331,422,1660,725,
178.jpg,4,4,1445,685,1748,952,
178.jpg,4,4,1567,909,1812,1166,
179.jpg,1,1,260,404,340,544,
179.jpg,0,0,335,447,411,578,
179.jpg,1,1,385,424,495,618,
179.jpg,1,1,483,407,616,629,
179.jpg,0,0,614,404,776,653,
179.jpg,0,0,783,379,1032,677,
179.jpg,0,0,1038,356,1287,664,
179.jpg,0,0,1298,422,1431,660,
179.jpg,0,0,1434,325,1611,603,
179.jpg,0,0,1611,338,1715,565,
179.jpg,1,1,1769,329,1834,459,
179.jpg,2,2,1611,548,1756,661,
179.jpg,0,0,1499,558,1645,701,
179.jpg,0,0,1364,534,1524,746,
179.jpg,0,0,1190,639,1351,774,
179.jpg,0,0,1012,634,1151,753,
179.jpg,0,0,824,653,960,767,
179.jpg,0,0,650,639,805,776,
179.jpg,0,0,505,612,648,774,
179.jpg,1,1,285,560,444,674,
179.jpg,0,0,408,592,528,722,
18.jpg,1,1,911,366,1214,708,
18.jpg,1,1,673,425,905,752,
18.jpg,4,4,388,438,681,768,
18.jpg,4,4,193,399,414,733,
18.jpg,1,1,82,385,204,645,
18.jpg,2,2,1199,400,1440,722,
18.jpg,0,0,1441,493,1663,675,
18.jpg,0,0,1658,448,1923,665,
18.jpg,0,0,155,691,254,893,
18.jpg,0,0,249,713,354,895,
18.jpg,0,0,338,719,482,939,
18.jpg,0,0,491,766,643,960,
18.jpg,0,0,648,733,843,988,
18.jpg,2,2,869,685,1094,1034,
18.jpg,2,2,1101,656,1352,965,
18.jpg,2,2,1364,663,1579,874,
18.jpg,6,6,1572,645,1876,805,
180.jpg,1,1,715,435,915,690,
180.jpg,0,0,914,431,1116,677,
180.jpg,1,1,1105,398,1245,681,
180.jpg,0,0,1215,448,1282,650,
180.jpg,1,1,835,622,1016,851,
180.jpg,0,0,1002,670,1083,802,
181.jpg,0,0,396,463,501,606,
181.jpg,1,1,506,524,677,672,
181.jpg,2,2,405,610,569,722,
181.jpg,2,2,567,654,811,788,
181.jpg,1,1,680,578,818,715,
181.jpg,1,1,808,554,985,742,
181.jpg,1,1,789,696,961,818,
181.jpg,0,0,973,526,1172,743,
181.jpg,0,0,960,668,1150,861,
181.jpg,0,0,1179,504,1396,752,
181.jpg,0,0,1148,688,1321,867,
181.jpg,0,0,1392,472,1640,757,
181.jpg,0,0,1640,430,1866,723,
181.jpg,0,0,1915,353,1999,640,
181.jpg,0,0,1851,476,1914,690,
181.jpg,0,0,1361,691,1495,832,
182.jpg,0,0,125,544,190,745,
182.jpg,0,0,172,530,235,767,
182.jpg,0,0,209,509,415,797,
182.jpg,0,0,408,493,648,787,
182.jpg,0,0,657,564,858,783,
182.jpg,0,0,866,454,1085,742,
182.jpg,1,1,1103,466,1276,708,
182.jpg,0,0,221,772,274,842,
182.jpg,0,0,280,788,353,856,
182.jpg,0,0,380,774,480,879,
182.jpg,0,0,527,756,643,867,
182.jpg,0,0,664,691,873,909,
182.jpg,0,0,873,675,1090,844,
182.jpg,1,1,1085,671,1293,825,
182.jpg,1,1,1254,561,1367,699,
182.jpg,3,3,1287,644,1519,753,
182.jpg,2,2,1373,512,1566,658,
182.jpg,2,2,1566,444,1698,588,
182.jpg,1,1,1514,585,1685,682,
183.jpg,4,4,401,937,643,1178,
183.jpg,4,4,448,680,703,951,
183.jpg,1,1,556,547,763,709,
183.jpg,1,1,654,384,828,575,
183.jpg,0,0,774,278,931,445,
183.jpg,0,0,921,239,1044,374,
183.jpg,0,0,1045,252,1167,373,
183.jpg,0,0,1170,271,1315,438,
183.jpg,0,0,1279,363,1456,550,
183.jpg,2,2,1344,512,1544,680,
183.jpg,3,3,1382,657,1628,918,
183.jpg,4,4,1466,887,1708,1140,
184.jpg,3,3,390,113,606,291,
184.jpg,2,2,450,263,685,503,
184.jpg,1,1,519,489,722,646,
184.jpg,2,2,573,637,787,810,
184.jpg,0,0,658,798,819,965,
184.jpg,1,1,767,910,934,1082,
184.jpg,0,0,899,989,1083,1154,
184.jpg,0,0,1086,996,1274,1160,
184.jpg,0,0,1227,911,1379,1048,
184.jpg,0,0,1351,818,1519,999,
184.jpg,2,2,1390,685,1602,852,
184.jpg,1,1,1390,527,1599,691,
184.jpg,3,3,1416,287,1654,528,
184.jpg,4,4,1482,107,1708,343,
185.jpg,2,2,186,488,289,661,
185.jpg,2,2,242,657,423,803,
185.jpg,1,1,310,518,448,714,
185.jpg,1,1,442,514,564,696,
185.jpg,1,1,566,504,791,766,
185.jpg,0,0,779,440,1053,810,
185.jpg,0,0,1062,470,1325,786,
185.jpg,0,0,1322,489,1542,731,
185.jpg,0,0,1527,505,1636,627,
185.jpg,0,0,1620,455,1769,684,
185.jpg,0,0,1574,621,1695,773,
185.jpg,0,0,1403,604,1577,807,
185.jpg,0,0,1258,694,1384,856,
185.jpg,0,0,1056,730,1202,844,
185.jpg,0,0,893,731,1032,862,
185.jpg,0,0,722,734,842,873,
185.jpg,0,0,530,686,679,867,
185.jpg,2,2,443,693,528,887,
186.jpg,0,0,643,442,811,609,
186.jpg,2,2,802,454,973,678,
186.jpg,1,1,969,404,1138,712,
186.jpg,0,0,687,579,801,764,
186.jpg,0,0,789,586,856,746,
188.jpg,0,0,134,407,263,654,
188.jpg,0,0,115,418,158,536,
188.jpg,0,0,269,366,463,708,
188.jpg,0,0,461,439,747,756,
188.jpg,0,0,757,517,995,750,
188.jpg,0,0,1019,554,1170,667,
188.jpg,0,0,1187,540,1377,761,
188.jpg,0,0,1358,581,1490,728,
188.jpg,0,0,1485,528,1635,670,
188.jpg,0,0,1158,678,1321,828,
188.jpg,0,0,940,615,1156,848,
188.jpg,0,0,747,649,911,848,
188.jpg,0,0,570,653,738,818,
188.jpg,0,0,441,636,544,805,
189.jpg,2,2,134,28,464,321,
189.jpg,4,4,229,247,536,520,
189.jpg,3,3,297,519,584,749,
189.jpg,2,2,434,737,591,933,
189.jpg,2,2,598,865,822,1070,
189.jpg,2,2,826,955,1092,1209,
189.jpg,1,1,1077,937,1345,1149,
189.jpg,1,1,1335,862,1572,1031,
189.jpg,0,0,1516,751,1648,894,
189.jpg,0,0,1488,513,1765,737,
189.jpg,1,1,1501,349,1788,523,
189.jpg,2,2,1498,86,1846,371,
19.jpg,6,6,1576,1096,1881,1295,
19.jpg,5,5,1543,845,1832,1106,
19.jpg,1,1,1516,656,1770,831,
19.jpg,2,2,1435,470,1698,645,
19.jpg,1,1,1354,255,1587,480,
19.jpg,1,1,1220,139,1408,338,
19.jpg,1,1,991,48,1237,285,
19.jpg,1,1,749,43,993,278,
19.jpg,1,1,572,125,770,315,
19.jpg,2,2,408,253,663,483,
19.jpg,1,1,313,436,576,643,
19.jpg,2,2,244,623,510,827,
19.jpg,5,5,211,821,487,1108,
19.jpg,6,6,160,1062,441,1283,
190.jpg,4,4,45,734,430,1124,
190.jpg,1,1,209,542,499,786,
190.jpg,4,4,1488,949,1865,1247,
190.jpg,0,0,1460,715,1782,945,
190.jpg,0,0,1431,475,1711,717,
190.jpg,0,0,1373,256,1622,488,
190.jpg,0,0,1233,151,1444,349,
190.jpg,1,1,1063,100,1264,301,
190.jpg,0,0,858,97,1061,306,
190.jpg,0,0,652,121,855,329,
190.jpg,1,1,454,192,699,440,
190.jpg,1,1,314,373,580,637,
191.jpg,0,0,131,384,194,561,
191.jpg,1,1,179,392,260,590,
191.jpg,3,3,251,412,364,636,
191.jpg,2,2,513,364,713,636,
191.jpg,2,2,1288,391,1476,647,
191.jpg,2,2,1649,369,1803,613,
191.jpg,2,2,1803,365,1887,567,
191.jpg,1,1,1482,324,1681,647,
191.jpg,0,0,998,332,1291,658,
191.jpg,0,0,706,305,1003,660,
191.jpg,1,1,384,618,547,830,
191.jpg,1,1,557,613,719,836,
191.jpg,1,1,296,613,380,771,
191.jpg,1,1,163,574,298,749,
191.jpg,1,1,719,634,901,814,
191.jpg,1,1,899,638,1070,803,
191.jpg,0,0,1059,650,1241,814,
191.jpg,1,1,1246,604,1417,817,
191.jpg,2,2,1420,615,1584,816,
191.jpg,1,1,1589,565,1759,773,
191.jpg,1,1,1756,545,1928,807,
191.jpg,2,2,1885,264,1999,473,
194.jpg,3,3,151,996,466,1281,
194.jpg,2,2,238,663,494,854,
194.jpg,1,1,308,455,568,676,
194.jpg,1,1,408,279,623,504,
194.jpg,0,0,564,180,747,361,
194.jpg,1,1,723,122,961,327,
194.jpg,1,1,964,123,1212,301,
194.jpg,3,3,1219,183,1373,338,
194.jpg,2,2,1332,279,1537,493,
194.jpg,6,6,1404,451,1655,677,
194.jpg,3,3,1482,639,1727,845,
194.jpg,2,2,1497,807,1811,1138,
194.jpg,3,3,1524,1073,1834,1287,
195.jpg,2,2,227,561,452,818,
195.jpg,1,1,372,737,585,973,
195.jpg,0,0,518,896,708,1108,
195.jpg,4,4,88,0,359,191,
195.jpg,0,0,651,1010,824,1194,
195.jpg,0,0,803,1099,952,1241,
195.jpg,0,0,956,1080,1104,1232,
195.jpg,0,0,1104,1061,1272,1227,
195.jpg,0,0,1236,986,1426,1188,
195.jpg,0,0,1362,862,1582,1076,
195.jpg,3,3,1456,681,1682,906,
195.jpg,0,0,1497,403,1833,737,
195.jpg,2,2,1557,104,1867,446,
196.jpg,0,0,101,391,195,564,
196.jpg,0,0,189,434,266,613,
196.jpg,0,0,238,387,351,592,
196.jpg,0,0,347,350,522,612,
196.jpg,0,0,524,382,738,602,
196.jpg,0,0,287,554,458,756,
196.jpg,0,0,437,560,643,767,
196.jpg,0,0,718,352,1003,660,
196.jpg,0,0,1005,359,1286,644,
196.jpg,0,0,1279,379,1476,609,
196.jpg,0,0,1482,374,1656,630,
196.jpg,0,0,1634,404,1753,643,
196.jpg,0,0,1273,599,1456,739,
196.jpg,1,1,1458,581,1616,788,
196.jpg,0,0,1615,605,1699,757,
196.jpg,0,0,1738,436,1816,622,
196.jpg,1,1,1802,417,1890,592,
197.jpg,0,0,235,434,374,571,
197.jpg,2,2,251,569,445,712,
197.jpg,1,1,380,465,589,646,
197.jpg,3,3,589,524,731,698,
197.jpg,3,3,445,630,682,761,
197.jpg,1,1,667,667,815,784,
197.jpg,0,0,732,473,922,680,
197.jpg,0,0,925,454,1153,696,
197.jpg,0,0,1161,483,1387,687,
197.jpg,0,0,1386,451,1625,737,
197.jpg,0,0,1628,441,1851,715,
197.jpg,1,1,1835,459,1921,668,
197.jpg,1,1,1896,469,1999,678,
197.jpg,1,1,782,613,1021,839,
197.jpg,1,1,1005,619,1235,844,
198.jpg,0,0,77,451,203,671,
198.jpg,0,0,0,457,87,663,
198.jpg,0,0,196,439,453,740,
198.jpg,0,0,453,444,722,732,
198.jpg,0,0,714,458,945,685,
198.jpg,0,0,951,448,1177,698,
198.jpg,0,0,1177,459,1350,694,
198.jpg,0,0,1350,479,1486,664,
198.jpg,2,2,1482,420,1673,615,
198.jpg,2,2,1583,506,1769,668,
198.jpg,3,3,1358,593,1589,740,
198.jpg,0,0,1209,643,1366,794,
198.jpg,0,0,1011,615,1211,838,
198.jpg,0,0,783,610,1005,811,
198.jpg,0,0,72,666,224,812,
199.jpg,3,3,263,208,563,504,
199.jpg,2,2,328,489,586,684,
199.jpg,3,3,380,678,624,869,
199.jpg,2,2,466,855,654,1067,
199.jpg,0,0,611,1010,802,1177,
199.jpg,1,1,770,1056,1002,1262,
199.jpg,1,1,1006,1060,1238,1273,
199.jpg,1,1,1198,995,1392,1180,
199.jpg,0,0,1341,873,1554,1085,
199.jpg,1,1,1422,702,1654,903,
199.jpg,1,1,1470,528,1724,721,
199.jpg,2,2,1495,226,1812,551,
2.jpg,3,3,44,365,287,705,
2.jpg,1,1,288,350,551,687,
2.jpg,2,2,552,436,819,716,
2.jpg,2,2,829,394,1128,744,
2.jpg,2,2,1140,456,1404,765,
2.jpg,2,2,1411,511,1614,756,
2.jpg,2,2,1614,520,1920,741,
2.jpg,0,0,1823,696,1982,877,
2.jpg,2,2,1484,744,1834,925,
2.jpg,2,2,1228,724,1472,970,
2.jpg,2,2,955,700,1235,995,
2.jpg,2,2,694,669,951,966,
2.jpg,0,0,499,668,696,947,
2.jpg,0,0,348,662,502,960,
2.jpg,0,0,228,698,346,963,
2.jpg,0,0,137,698,226,907,
2.jpg,0,0,70,697,140,864,
20.jpg,6,6,75,10,373,275,
20.jpg,6,6,144,276,502,588,
20.jpg,1,1,269,594,507,735,
20.jpg,0,0,325,747,585,930,
20.jpg,0,0,487,911,693,1111,
20.jpg,1,1,679,997,844,1201,
20.jpg,1,1,840,1025,998,1217,
20.jpg,1,1,996,1013,1164,1193,
20.jpg,1,1,1158,969,1338,1164,
20.jpg,1,1,1288,843,1493,1062,
20.jpg,0,0,1390,665,1649,889,
20.jpg,1,1,1446,462,1719,685,
20.jpg,6,6,1461,167,1807,473,
20.jpg,6,6,1491,10,1816,167,
201.jpg,1,1,353,449,535,729,
201.jpg,1,1,277,526,402,742,
201.jpg,0,0,532,462,725,708,
201.jpg,0,0,698,421,947,707,
201.jpg,0,0,956,432,1195,711,
201.jpg,0,0,1177,466,1341,705,
201.jpg,1,1,1344,434,1503,708,
201.jpg,1,1,354,694,496,876,
201.jpg,1,1,493,656,654,858,
201.jpg,1,1,656,681,803,822,
201.jpg,0,0,806,649,967,839,
201.jpg,0,0,972,685,1122,825,
201.jpg,0,0,1127,684,1266,839,
201.jpg,1,1,1264,653,1424,872,
202.jpg,1,1,714,701,1069,993,
202.jpg,0,0,719,995,1024,1171,
202.jpg,0,0,783,509,1106,715,
202.jpg,1,1,798,333,1150,512,
202.jpg,0,0,850,252,1161,371,
202.jpg,1,1,977,752,1256,985,
202.jpg,0,0,995,613,1247,756,
203.jpg,1,1,177,414,367,602,
203.jpg,1,1,377,485,587,704,
203.jpg,1,1,582,524,725,737,
203.jpg,1,1,709,488,876,749,
203.jpg,1,1,861,448,1124,777,
203.jpg,0,0,1124,488,1380,783,
203.jpg,0,0,1363,459,1657,805,
203.jpg,0,0,1648,492,1931,810,
203.jpg,1,1,970,677,1198,956,
203.jpg,1,1,754,715,963,941,
203.jpg,1,1,360,667,637,829,
203.jpg,0,0,602,709,754,861,
203.jpg,1,1,1202,742,1395,944,
203.jpg,0,0,1399,757,1589,941,
204.jpg,0,0,6,477,298,798,
204.jpg,0,0,292,465,595,798,
204.jpg,0,0,590,483,821,770,
204.jpg,1,1,828,404,1074,757,
204.jpg,1,1,767,675,985,961,
204.jpg,1,1,987,707,1153,907,
204.jpg,1,1,1060,486,1206,736,
204.jpg,1,1,1231,678,1485,810,
204.jpg,2,2,1276,486,1451,695,
204.jpg,0,0,1179,540,1293,737,
204.jpg,1,1,572,719,758,930,
204.jpg,1,1,382,749,566,926,
205.jpg,3,3,212,862,516,1102,
205.jpg,4,4,316,672,622,969,
205.jpg,2,2,408,560,656,733,
205.jpg,1,1,438,380,677,579,
205.jpg,1,1,487,194,706,394,
205.jpg,0,0,667,131,854,295,
205.jpg,0,0,818,58,1053,247,
205.jpg,0,0,1048,45,1277,240,
205.jpg,0,0,1212,134,1409,311,
205.jpg,0,0,1341,216,1537,417,
205.jpg,2,2,1364,411,1602,609,
205.jpg,2,2,1390,591,1632,753,
205.jpg,3,3,1396,708,1695,989,
205.jpg,3,3,1506,880,1783,1126,
205.jpg,4,4,1557,1082,1801,1243,
206.jpg,4,4,180,903,473,1150,
206.jpg,3,3,248,666,569,942,
206.jpg,2,2,364,551,619,731,
206.jpg,2,2,412,383,628,605,
206.jpg,1,1,543,271,705,480,
206.jpg,0,0,685,223,857,411,
206.jpg,0,0,825,178,979,341,
206.jpg,0,0,979,164,1134,347,
206.jpg,0,0,1106,189,1279,383,
206.jpg,0,0,1277,203,1432,397,
206.jpg,0,0,1287,314,1512,544,
206.jpg,1,1,1293,500,1554,674,
206.jpg,2,2,1351,609,1658,886,
206.jpg,3,3,1444,846,1745,1123,
207.jpg,2,2,291,503,376,665,
207.jpg,2,2,358,499,476,688,
207.jpg,1,1,464,489,610,716,
207.jpg,1,1,609,475,763,702,
207.jpg,1,1,760,444,998,705,
207.jpg,1,1,1001,430,1235,708,
207.jpg,1,1,1235,442,1410,687,
207.jpg,1,1,1410,431,1547,680,
207.jpg,1,1,1538,468,1665,653,
207.jpg,1,1,467,681,581,827,
207.jpg,1,1,580,660,734,854,
207.jpg,1,1,731,688,878,806,
207.jpg,1,1,875,685,1001,812,
207.jpg,1,1,998,675,1146,854,
207.jpg,0,0,1155,687,1295,853,
207.jpg,0,0,1294,627,1462,858,
207.jpg,1,1,1454,637,1570,846,
207.jpg,1,1,1570,653,1667,797,
208.jpg,1,1,857,401,1008,606,
208.jpg,1,1,743,410,869,612,
208.jpg,1,1,1008,403,1109,596,
208.jpg,0,0,967,568,1048,755,
208.jpg,0,0,927,595,987,712,
208.jpg,1,1,845,578,919,719,
210.jpg,1,1,193,407,408,677,
210.jpg,1,1,398,399,647,678,
210.jpg,1,1,641,422,863,675,
210.jpg,1,1,860,416,1081,678,
210.jpg,1,1,1082,472,1292,705,
210.jpg,1,1,1288,520,1461,712,
210.jpg,1,1,1462,514,1703,717,
210.jpg,0,0,458,653,608,860,
210.jpg,0,0,604,632,773,854,
210.jpg,1,1,775,632,980,896,
210.jpg,0,0,983,637,1186,888,
210.jpg,1,1,1180,678,1377,870,
210.jpg,1,1,1380,679,1657,871,
210.jpg,1,1,280,674,394,829,
210.jpg,1,1,216,675,308,859,
211.jpg,1,1,176,980,432,1231,
211.jpg,1,1,242,747,507,1040,
211.jpg,1,1,341,595,588,795,
211.jpg,0,0,414,419,653,623,
211.jpg,0,0,535,262,696,443,
211.jpg,0,0,670,188,865,345,
211.jpg,0,0,837,115,1054,295,
211.jpg,0,0,1058,104,1272,305,
211.jpg,0,0,1223,196,1404,367,
211.jpg,0,0,1354,299,1533,502,
211.jpg,0,0,1374,480,1623,679,
211.jpg,1,1,1436,655,1684,839,
211.jpg,1,1,1422,839,1707,1103,
211.jpg,1,1,1526,1033,1788,1268,
212.jpg,2,2,186,102,476,370,
212.jpg,2,2,253,349,559,636,
212.jpg,1,1,376,583,618,795,
212.jpg,1,1,474,743,683,967,
212.jpg,0,0,592,904,782,1082,
212.jpg,0,0,764,961,926,1122,
212.jpg,0,0,902,1000,1049,1157,
212.jpg,0,0,1034,966,1174,1117,
212.jpg,0,0,1168,932,1336,1096,
212.jpg,0,0,1270,879,1461,1067,
212.jpg,0,0,1371,715,1567,931,
212.jpg,1,1,1426,554,1649,763,
212.jpg,1,1,1455,317,1756,597,
212.jpg,2,2,1555,78,1820,342,
213.jpg,0,0,128,365,218,554,
213.jpg,0,0,203,365,347,581,
213.jpg,0,0,222,547,351,728,
213.jpg,0,0,137,538,250,682,
213.jpg,1,1,312,362,498,577,
213.jpg,1,1,477,336,706,584,
213.jpg,1,1,702,318,982,618,
213.jpg,1,1,979,311,1241,599,
213.jpg,1,1,1247,339,1450,574,
213.jpg,1,1,1453,321,1603,542,
213.jpg,1,1,1592,324,1724,544,
213.jpg,1,1,616,530,793,772,
213.jpg,1,1,457,551,612,774,
213.jpg,1,1,321,569,463,777,
213.jpg,0,0,801,592,957,794,
213.jpg,0,0,960,571,1141,790,
213.jpg,0,0,1141,526,1316,769,
213.jpg,0,0,1316,552,1492,763,
213.jpg,1,1,1464,536,1645,743,
213.jpg,1,1,1606,523,1758,688,
213.jpg,2,2,1719,485,1857,658,
213.jpg,3,3,1721,317,1869,482,
214.jpg,1,1,715,389,925,607,
214.jpg,2,2,929,384,1090,623,
214.jpg,1,1,1073,389,1174,667,
214.jpg,1,1,740,593,890,784,
214.jpg,1,1,876,585,983,794,
215.jpg,2,2,266,394,440,545,
215.jpg,1,1,431,387,563,574,
215.jpg,1,1,327,527,498,688,
215.jpg,1,1,566,404,751,607,
215.jpg,1,1,502,554,664,736,
215.jpg,1,1,657,557,850,763,
215.jpg,1,1,745,406,967,612,
215.jpg,1,1,961,397,1186,622,
215.jpg,1,1,1186,377,1437,657,
215.jpg,0,0,1427,373,1625,629,
215.jpg,1,1,1621,390,1740,606,
215.jpg,1,1,848,566,1038,776,
215.jpg,1,1,1038,571,1209,783,
215.jpg,0,0,1211,603,1357,781,
215.jpg,0,0,1358,609,1498,774,
215.jpg,0,0,1490,618,1606,759,
216.jpg,0,0,221,497,353,699,
216.jpg,1,1,347,483,561,745,
216.jpg,0,0,554,479,799,746,
216.jpg,0,0,803,503,1012,729,
216.jpg,0,0,1016,493,1212,714,
216.jpg,0,0,1216,496,1393,699,
216.jpg,3,3,1425,458,1711,637,
216.jpg,4,4,1428,629,1687,791,
216.jpg,1,1,1308,647,1470,818,
216.jpg,1,1,1108,670,1312,872,
216.jpg,1,1,916,663,1115,878,
216.jpg,1,1,754,670,911,876,
216.jpg,0,0,599,735,734,867,
216.jpg,0,0,477,716,590,875,
216.jpg,1,1,353,708,472,855,
217.jpg,3,3,82,956,380,1197,
217.jpg,4,4,161,737,460,1043,
217.jpg,1,1,338,482,601,709,
217.jpg,1,1,451,328,670,548,
217.jpg,1,1,605,225,814,425,
217.jpg,2,2,796,164,1027,352,
217.jpg,1,1,1034,161,1266,331,
217.jpg,1,1,1258,229,1469,430,
217.jpg,1,1,1390,342,1603,569,
217.jpg,2,2,1454,524,1714,728,
217.jpg,1,1,1515,670,1777,862,
217.jpg,3,3,1524,838,1809,1105,
217.jpg,4,4,1653,1020,1874,1272,
218.jpg,4,4,124,45,437,337,
218.jpg,3,3,185,314,494,585,
218.jpg,2,2,272,568,507,773,
218.jpg,1,1,351,708,585,920,
218.jpg,1,1,498,841,697,1066,
218.jpg,0,0,622,978,797,1144,
218.jpg,0,0,777,1043,934,1158,
218.jpg,0,0,938,1045,1093,1168,
218.jpg,0,0,1095,1022,1265,1168,
218.jpg,0,0,1221,922,1426,1148,
218.jpg,0,0,1360,803,1581,1019,
218.jpg,3,3,1449,636,1686,872,
218.jpg,2,2,1493,408,1798,718,
218.jpg,4,4,1619,262,1885,477,
219.jpg,1,1,63,383,154,598,
219.jpg,2,2,147,316,238,674,
219.jpg,3,3,206,381,316,685,
219.jpg,3,3,316,382,457,672,
219.jpg,1,1,441,329,605,637,
219.jpg,1,1,306,658,431,963,
219.jpg,2,2,190,669,318,936,
219.jpg,1,1,90,613,191,843,
219.jpg,1,1,413,625,533,874,
219.jpg,1,1,591,354,792,622,
219.jpg,1,1,529,612,684,958,
219.jpg,1,1,667,608,845,898,
219.jpg,2,2,855,637,993,868,
219.jpg,2,2,1001,637,1152,903,
219.jpg,2,2,1140,644,1276,895,
219.jpg,1,1,756,357,1015,651,
219.jpg,1,1,1022,347,1294,651,
219.jpg,1,1,1288,372,1483,629,
219.jpg,2,2,1480,353,1666,640,
219.jpg,2,2,1282,616,1482,899,
219.jpg,3,3,1436,612,1571,863,
219.jpg,3,3,1514,643,1715,937,
219.jpg,3,3,1648,385,1778,679,
219.jpg,3,3,1767,398,1860,651,
22.jpg,2,2,82,506,332,725,
22.jpg,1,1,323,480,613,676,
22.jpg,1,1,351,668,626,879,
22.jpg,3,3,626,666,899,939,
22.jpg,0,0,620,393,988,685,
22.jpg,0,0,914,681,1201,982,
22.jpg,0,0,982,353,1382,633,
22.jpg,0,0,1211,625,1458,972,
22.jpg,0,0,1382,323,1716,600,
22.jpg,0,0,1463,604,1681,929,
22.jpg,1,1,1714,310,1946,610,
22.jpg,1,1,1679,610,1828,913,
220.jpg,3,3,787,451,931,664,
220.jpg,3,3,893,417,999,651,
220.jpg,1,1,982,414,1072,680,
220.jpg,1,1,782,633,940,920,
220.jpg,2,2,931,643,1031,893,
220.jpg,2,2,1009,667,1105,870,
222.jpg,3,3,74,386,154,663,
222.jpg,3,3,137,408,230,659,
222.jpg,2,2,221,361,332,631,
222.jpg,1,1,301,376,477,631,
222.jpg,1,1,435,376,677,673,
222.jpg,2,2,681,366,949,672,
222.jpg,2,2,945,390,1149,654,
222.jpg,2,2,1141,369,1372,673,
222.jpg,3,3,1362,400,1523,700,
222.jpg,3,3,1517,403,1650,664,
222.jpg,2,2,1652,390,1754,623,
222.jpg,1,1,150,672,233,940,
222.jpg,1,1,213,634,304,865,
222.jpg,1,1,283,615,401,930,
222.jpg,2,2,379,620,538,907,
222.jpg,2,2,538,646,671,874,
222.jpg,2,2,659,641,808,918,
222.jpg,2,2,807,653,953,908,
222.jpg,2,2,961,628,1147,957,
222.jpg,2,2,1131,631,1310,914,
222.jpg,3,3,1298,669,1471,934,
222.jpg,2,2,1474,633,1681,875,
222.jpg,2,2,1679,552,1831,767,
223.jpg,3,3,87,933,369,1201,
223.jpg,3,3,142,739,469,1029,
223.jpg,3,3,183,577,447,767,
223.jpg,3,3,270,422,536,643,
223.jpg,4,4,380,261,615,464,
223.jpg,5,5,576,206,772,346,
223.jpg,5,5,756,141,1015,318,
223.jpg,5,5,1022,138,1274,326,
223.jpg,5,5,1255,195,1438,346,
223.jpg,5,5,1355,276,1581,494,
223.jpg,3,3,1447,442,1716,668,
223.jpg,3,3,1570,591,1833,805,
223.jpg,3,3,1554,754,1899,1071,
223.jpg,2,2,1668,965,1957,1242,
224.jpg,4,4,106,145,397,409,
224.jpg,4,4,183,377,478,698,
224.jpg,4,4,311,643,521,877,
224.jpg,3,3,456,758,668,990,
224.jpg,3,3,563,919,768,1146,
224.jpg,2,2,741,989,919,1171,
224.jpg,3,3,866,1081,1011,1214,
224.jpg,3,3,1006,1046,1154,1194,
224.jpg,3,3,1153,1024,1324,1188,
224.jpg,4,4,1251,920,1444,1141,
224.jpg,3,3,1364,784,1561,1022,
224.jpg,3,3,1471,696,1666,901,
224.jpg,3,3,1499,453,1779,748,
224.jpg,3,3,1617,212,1861,510,
225.jpg,1,1,314,332,543,658,
225.jpg,0,0,537,394,764,661,
225.jpg,0,0,770,325,1045,663,
225.jpg,0,0,1047,305,1334,663,
225.jpg,0,0,1329,325,1557,619,
225.jpg,0,0,1563,285,1753,601,
225.jpg,0,0,1715,341,1867,602,
225.jpg,0,0,445,606,677,897,
225.jpg,1,1,324,625,499,849,
225.jpg,1,1,248,612,353,796,
225.jpg,1,1,215,376,344,629,
225.jpg,1,1,640,649,829,787,
225.jpg,0,0,844,656,1009,742,
225.jpg,0,0,1016,619,1189,798,
225.jpg,0,0,1190,591,1408,787,
225.jpg,1,1,1392,584,1603,890,
225.jpg,0,0,1602,585,1760,878,
226.jpg,0,0,287,424,537,748,
226.jpg,0,0,129,504,306,729,
226.jpg,1,1,122,716,286,899,
226.jpg,0,0,260,722,418,858,
226.jpg,0,0,564,740,731,872,
226.jpg,0,0,525,393,806,750,
226.jpg,0,0,805,431,1051,715,
226.jpg,0,0,1060,374,1309,692,
226.jpg,0,0,937,647,1179,961,
226.jpg,0,0,727,691,931,875,
226.jpg,0,0,1183,654,1411,950,
226.jpg,0,0,1299,422,1528,687,
226.jpg,0,0,1396,685,1540,865,
226.jpg,3,3,1514,619,1740,796,
226.jpg,0,0,1519,476,1660,672,
227.jpg,1,1,224,451,435,634,
227.jpg,2,2,274,615,542,811,
227.jpg,0,0,428,482,610,673,
227.jpg,0,0,610,464,826,710,
227.jpg,1,1,819,417,1089,731,
227.jpg,0,0,1099,460,1345,721,
227.jpg,0,0,1344,397,1591,711,
227.jpg,0,0,1572,420,1817,702,
227.jpg,1,1,932,665,1188,981,
227.jpg,1,1,708,668,961,933,
227.jpg,1,1,533,654,715,883,
227.jpg,0,0,1147,705,1316,851,
227.jpg,0,0,1491,683,1632,831,
227.jpg,0,0,1631,705,1760,825,
229.jpg,1,1,108,964,430,1235,
229.jpg,3,3,191,664,547,991,
229.jpg,2,2,285,488,575,717,
229.jpg,0,0,360,303,617,554,
229.jpg,0,0,480,142,690,370,
229.jpg,0,0,625,178,830,366,
229.jpg,0,0,830,186,998,350,
229.jpg,0,0,993,165,1170,333,
229.jpg,0,0,1155,178,1359,351,
229.jpg,0,0,1339,165,1549,402,
229.jpg,0,0,1446,301,1684,548,
229.jpg,0,0,1470,478,1743,710,
229.jpg,3,3,1476,658,1820,991,
229.jpg,2,2,1607,955,1888,1205,
23.jpg,3,3,1299,492,1555,682,
23.jpg,1,1,1555,425,1822,591,
23.jpg,0,0,1605,566,1902,719,
23.jpg,3,3,1328,676,1610,823,
23.jpg,3,3,1094,648,1352,852,
23.jpg,0,0,985,370,1319,662,
23.jpg,0,0,808,632,1087,956,
23.jpg,0,0,587,351,978,633,
23.jpg,0,0,541,620,799,947,
23.jpg,0,0,264,337,581,629,
23.jpg,0,0,310,614,543,966,
23.jpg,0,0,181,636,343,925,
23.jpg,0,0,93,354,279,614,
23.jpg,1,1,67,614,194,846,
23.jpg,1,1,58,465,111,595,
230.jpg,1,1,829,325,1073,680,
230.jpg,1,1,1067,374,1160,630,
230.jpg,0,0,1158,312,1219,592,
230.jpg,1,1,828,622,1095,899,
231.jpg,3,3,416,339,630,633,
231.jpg,0,0,617,484,774,693,
231.jpg,0,0,347,503,529,714,
231.jpg,0,0,290,535,417,715,
231.jpg,0,0,208,555,323,693,
231.jpg,1,1,263,673,373,774,
231.jpg,0,0,355,699,453,829,
231.jpg,0,0,438,650,550,874,
231.jpg,1,1,533,646,730,916,
231.jpg,1,1,725,696,825,820,
231.jpg,0,0,808,683,998,906,
231.jpg,0,0,989,644,1182,898,
231.jpg,0,0,1178,678,1378,892,
231.jpg,0,0,1372,654,1528,919,
231.jpg,3,3,770,418,1035,708,
231.jpg,2,2,1046,422,1302,704,
231.jpg,0,0,1299,487,1507,714,
231.jpg,0,0,1505,459,1668,709,
231.jpg,0,0,1520,654,1668,859,
231.jpg,0,0,1653,488,1775,690,
232.jpg,0,0,682,454,892,699,
232.jpg,3,3,902,496,1102,729,
232.jpg,1,1,867,705,972,904,
232.jpg,1,1,653,715,840,952,
233.jpg,2,2,509,415,795,699,
233.jpg,2,2,364,437,512,660,
233.jpg,2,2,304,421,390,673,
233.jpg,2,2,65,284,258,579,
233.jpg,1,1,196,592,381,847,
233.jpg,0,0,361,657,540,881,
233.jpg,0,0,519,664,708,874,
233.jpg,0,0,711,661,915,879,
233.jpg,0,0,927,641,1129,910,
233.jpg,0,0,790,480,1046,722,
233.jpg,1,1,1054,466,1266,722,
233.jpg,0,0,1130,636,1341,866,
233.jpg,0,0,1268,493,1464,697,
233.jpg,0,0,1353,647,1495,801,
233.jpg,0,0,1445,522,1607,687,
233.jpg,2,2,1595,524,1758,641,
233.jpg,3,3,1504,637,1718,748,
236.jpg,4,4,233,24,529,302,
236.jpg,4,4,272,289,585,566,
236.jpg,2,2,359,548,607,766,
236.jpg,1,1,435,734,650,968,
236.jpg,0,0,565,905,750,1079,
236.jpg,0,0,707,985,901,1137,
236.jpg,0,0,882,1012,1062,1171,
236.jpg,0,0,1055,1017,1229,1158,
236.jpg,0,0,1138,904,1304,1056,
236.jpg,0,0,1290,918,1475,1091,
236.jpg,0,0,1335,720,1564,953,
236.jpg,1,1,1390,563,1638,781,
236.jpg,2,2,1429,298,1737,607,
236.jpg,4,4,1440,40,1738,311,
237.jpg,1,1,291,506,379,664,
237.jpg,1,1,362,499,483,685,
237.jpg,1,1,467,488,609,712,
237.jpg,1,1,610,473,765,699,
237.jpg,1,1,762,442,998,707,
237.jpg,1,1,992,428,1235,708,
237.jpg,0,0,1228,447,1409,688,
237.jpg,1,1,1414,445,1544,673,
237.jpg,0,0,1537,468,1664,664,
237.jpg,0,0,470,688,586,827,
237.jpg,0,0,581,670,734,847,
237.jpg,1,1,731,688,880,809,
237.jpg,0,0,875,687,1001,817,
237.jpg,1,1,998,688,1149,847,
237.jpg,0,0,1152,683,1288,847,
237.jpg,0,0,1301,634,1461,853,
237.jpg,1,1,1458,644,1572,849,
237.jpg,1,1,1569,660,1664,799,
239.jpg,2,2,344,520,520,661,
239.jpg,1,1,522,522,686,703,
239.jpg,1,1,685,511,874,714,
239.jpg,1,1,864,492,1087,736,
239.jpg,1,1,1083,484,1309,716,
239.jpg,1,1,1293,444,1540,713,
239.jpg,1,1,1526,437,1751,710,
239.jpg,0,0,1722,452,1827,684,
239.jpg,1,1,1816,454,1901,681,
239.jpg,2,2,376,630,608,810,
239.jpg,1,1,620,665,777,826,
239.jpg,1,1,784,659,976,872,
239.jpg,1,1,984,673,1177,896,
239.jpg,1,1,1178,669,1337,859,
239.jpg,1,1,1335,694,1469,844,
239.jpg,2,2,1471,700,1619,883,
239.jpg,1,1,1603,716,1694,869,
239.jpg,2,2,1688,676,1808,879,
239.jpg,1,1,204,588,379,701,
240.jpg,1,1,191,409,411,678,
240.jpg,1,1,405,392,642,677,
240.jpg,1,1,642,417,861,672,
240.jpg,1,1,861,412,1079,681,
240.jpg,1,1,1079,476,1286,700,
240.jpg,2,2,1285,527,1461,713,
240.jpg,2,2,1461,514,1698,703,
240.jpg,2,2,1384,678,1657,877,
240.jpg,1,1,1180,675,1374,866,
240.jpg,1,1,983,635,1182,895,
240.jpg,1,1,776,628,980,904,
240.jpg,0,0,608,633,772,853,
240.jpg,1,1,460,657,611,854,
240.jpg,0,0,285,674,397,821,
240.jpg,0,0,221,670,308,859,
241.jpg,1,1,172,972,440,1229,
241.jpg,1,1,241,742,518,1045,
241.jpg,1,1,341,594,584,792,
241.jpg,0,0,408,418,647,619,
241.jpg,0,0,537,255,693,449,
241.jpg,0,0,671,184,867,347,
241.jpg,0,0,834,117,1052,298,
241.jpg,0,0,1062,111,1271,298,
241.jpg,0,0,1223,202,1408,364,
241.jpg,0,0,1361,304,1527,493,
241.jpg,0,0,1371,478,1621,680,
241.jpg,1,1,1432,659,1679,841,
241.jpg,1,1,1421,828,1706,1104,
241.jpg,1,1,1543,1040,1794,1265,
242.jpg,2,2,174,102,480,372,
242.jpg,1,1,252,350,559,627,
242.jpg,1,1,381,587,612,791,
242.jpg,1,1,476,746,681,960,
242.jpg,0,0,590,908,784,1074,
242.jpg,0,0,764,956,929,1113,
242.jpg,0,0,901,1000,1050,1143,
242.jpg,0,0,1037,966,1181,1126,
242.jpg,0,0,1165,934,1328,1099,
242.jpg,2,2,1265,881,1468,1063,
242.jpg,0,0,1379,721,1573,931,
242.jpg,1,1,1424,560,1653,759,
242.jpg,1,1,1461,320,1750,594,
242.jpg,2,2,1554,81,1818,339,
243.jpg,2,2,208,496,360,745,
243.jpg,2,2,317,432,515,738,
243.jpg,0,0,91,499,215,677,
243.jpg,1,1,111,669,265,842,
243.jpg,0,0,243,692,385,865,
243.jpg,0,0,496,432,734,706,
243.jpg,1,1,447,686,668,996,
243.jpg,1,1,637,679,839,930,
243.jpg,0,0,823,660,1023,917,
243.jpg,0,0,708,369,1007,712,
243.jpg,0,0,1007,379,1310,709,
243.jpg,0,0,1309,396,1525,676,
243.jpg,1,1,1523,409,1696,700,
243.jpg,1,1,1677,460,1824,711,
243.jpg,0,0,1813,477,1926,650,
243.jpg,0,0,1217,669,1396,879,
243.jpg,1,1,1388,638,1582,937,
243.jpg,1,1,1545,653,1707,869,
245.jpg,0,0,7,415,194,702,
245.jpg,1,1,3,673,171,1004,
245.jpg,1,1,143,675,341,922,
245.jpg,0,0,174,353,488,714,
245.jpg,0,0,491,355,823,712,
245.jpg,0,0,812,378,1075,668,
245.jpg,1,1,1072,366,1297,680,
245.jpg,0,0,1291,421,1487,689,
245.jpg,1,1,1477,430,1668,622,
245.jpg,0,0,1451,612,1657,762,
245.jpg,0,0,1309,658,1497,828,
245.jpg,0,0,1115,630,1334,876,
245.jpg,0,0,935,611,1175,949,
245.jpg,0,0,734,643,930,896,
245.jpg,0,0,520,698,724,949,
245.jpg,0,0,314,658,525,941,
246.jpg,1,1,225,424,447,655,
246.jpg,1,1,252,645,498,843,
246.jpg,1,1,435,459,657,737,
246.jpg,1,1,629,389,881,734,
246.jpg,0,0,603,685,844,935,
246.jpg,0,0,780,674,1046,1035,
246.jpg,0,0,868,404,1146,707,
246.jpg,0,0,1124,335,1466,728,
246.jpg,0,0,1471,342,1806,720,
246.jpg,0,0,1792,369,1993,673,
246.jpg,0,0,1012,674,1244,953,
246.jpg,0,0,1244,690,1461,969,
246.jpg,0,0,1463,674,1677,958,
246.jpg,0,0,1683,670,1851,920,
246.jpg,1,1,1859,641,1999,983,
247.jpg,2,2,268,580,517,806,
247.jpg,3,3,185,307,492,608,
247.jpg,3,3,177,4,364,341,
247.jpg,1,1,376,730,608,993,
247.jpg,0,0,502,911,680,1139,
247.jpg,0,0,662,1002,851,1162,
247.jpg,0,0,822,1062,992,1182,
247.jpg,0,0,996,1059,1168,1169,
247.jpg,0,0,1144,1013,1328,1175,
247.jpg,0,0,1304,954,1495,1166,
247.jpg,0,0,1353,763,1596,1002,
247.jpg,0,0,1422,597,1675,814,
247.jpg,1,1,1504,328,1806,650,
247.jpg,2,2,1639,62,1813,354,
248.jpg,2,2,107,1062,378,1279,
248.jpg,3,3,150,846,479,1168,
248.jpg,2,2,308,750,582,949,
248.jpg,2,2,260,523,550,764,
248.jpg,0,0,404,329,627,583,
248.jpg,0,0,569,249,805,451,
248.jpg,0,0,760,167,1024,377,
248.jpg,0,0,1032,171,1302,383,
248.jpg,0,0,1227,295,1460,496,
248.jpg,0,0,1385,408,1622,660,
248.jpg,0,0,1441,626,1728,864,
248.jpg,0,0,1376,836,1666,1038,
248.jpg,2,2,1492,948,1808,1264,
249.jpg,1,1,354,542,501,728,
249.jpg,1,1,464,528,644,787,
249.jpg,0,0,615,488,796,723,
249.jpg,0,0,772,427,1012,696,
249.jpg,0,0,1016,410,1258,692,
249.jpg,0,0,1250,492,1382,712,
249.jpg,0,0,1367,477,1512,746,
249.jpg,0,0,1503,493,1609,698,
249.jpg,0,0,729,678,853,800,
249.jpg,1,1,595,701,703,825,
249.jpg,0,0,453,685,569,863,
249.jpg,0,0,379,701,453,826,
249.jpg,0,0,1005,656,1118,759,
249.jpg,0,0,882,682,985,745,
249.jpg,0,0,1376,664,1532,825,
249.jpg,0,0,1272,678,1370,776,
249.jpg,1,1,1154,684,1253,763,
25.jpg,5,5,87,20,472,291,
25.jpg,0,0,185,301,546,608,
25.jpg,2,2,323,604,626,870,
25.jpg,2,2,484,840,684,1012,
25.jpg,0,0,590,1001,779,1202,
25.jpg,0,0,781,1034,978,1217,
25.jpg,1,1,976,1012,1175,1238,
25.jpg,1,1,1161,982,1357,1179,
25.jpg,0,0,1290,833,1488,1044,
25.jpg,1,1,1348,600,1629,900,
25.jpg,0,0,1408,298,1770,653,
25.jpg,5,5,1541,10,1911,362,
250.jpg,1,1,554,439,753,716,
250.jpg,1,1,756,428,940,656,
250.jpg,0,0,937,397,1073,640,
250.jpg,0,0,880,589,1006,715,
250.jpg,0,0,712,591,790,743,
252.jpg,0,0,243,562,430,758,
252.jpg,0,0,385,553,585,781,
252.jpg,0,0,531,531,761,795,
252.jpg,1,1,734,503,1009,876,
252.jpg,0,0,978,449,1255,785,
252.jpg,0,0,1231,365,1577,740,
252.jpg,0,0,1574,350,1909,736,
252.jpg,0,0,649,718,854,963,
252.jpg,0,0,500,739,652,924,
252.jpg,1,1,297,731,503,880,
253.jpg,2,2,249,964,526,1217,
253.jpg,2,2,300,758,578,1018,
253.jpg,1,1,386,620,633,791,
253.jpg,1,1,453,453,696,651,
253.jpg,1,1,554,284,744,476,
253.jpg,0,0,688,170,852,320,
253.jpg,0,0,801,67,1020,250,
253.jpg,0,0,1023,64,1223,246,
253.jpg,0,0,1190,140,1345,303,
253.jpg,1,1,1269,250,1456,456,
253.jpg,1,1,1312,418,1555,614,
253.jpg,1,1,1382,587,1609,749,
253.jpg,2,2,1389,735,1659,994,
253.jpg,2,2,1415,951,1678,1196,
254.jpg,3,3,307,394,599,679,
254.jpg,2,2,236,141,546,412,
254.jpg,1,1,413,640,628,844,
254.jpg,0,0,460,819,657,1019,
254.jpg,0,0,608,879,794,1042,
254.jpg,0,0,685,1002,860,1117,
254.jpg,0,0,803,1080,952,1166,
254.jpg,0,0,952,1062,1097,1163,
254.jpg,0,0,1094,1040,1253,1159,
254.jpg,0,0,1165,903,1356,1100,
254.jpg,0,0,1300,847,1507,1054,
254.jpg,0,0,1369,669,1590,883,
254.jpg,2,2,1393,436,1705,716,
254.jpg,2,2,1470,183,1769,465,
255.jpg,0,0,155,514,267,670,
255.jpg,0,0,235,486,384,683,
255.jpg,0,0,374,465,548,724,
255.jpg,1,1,553,465,747,717,
255.jpg,0,0,748,464,1009,750,
255.jpg,0,0,1058,454,1312,746,
255.jpg,0,0,1309,450,1490,684,
255.jpg,1,1,1489,450,1611,719,
255.jpg,1,1,1624,486,1738,684,
255.jpg,1,1,419,684,609,831,
255.jpg,1,1,270,653,421,837,
255.jpg,1,1,130,634,280,792,
255.jpg,0,0,611,671,748,814,
255.jpg,0,0,1282,667,1458,835,
255.jpg,0,0,1456,686,1628,898,
255.jpg,0,0,1610,638,1714,830,
255.jpg,0,0,1743,513,1806,661,
257.jpg,0,0,219,485,409,640,
257.jpg,0,0,400,523,565,716,
257.jpg,0,0,550,479,757,735,
257.jpg,0,0,755,475,1008,772,
257.jpg,1,1,1015,483,1261,770,
257.jpg,0,0,1278,473,1586,808,
257.jpg,0,0,1632,431,1937,790,
257.jpg,0,0,802,728,1029,881,
257.jpg,1,1,593,672,791,882,
257.jpg,1,1,352,638,594,830,
258.jpg,0,0,70,380,429,762,
258.jpg,0,0,471,393,815,769,
258.jpg,0,0,826,384,1078,718,
258.jpg,0,0,1074,403,1308,755,
258.jpg,1,1,1312,455,1495,702,
258.jpg,1,1,1493,501,1635,695,
258.jpg,1,1,1093,639,1358,954,
258.jpg,0,0,1353,654,1505,859,
258.jpg,2,2,1508,615,1703,810,
258.jpg,1,1,847,678,1104,838,
259.jpg,2,2,52,900,377,1209,
259.jpg,2,2,156,738,433,952,
259.jpg,1,1,260,565,518,785,
259.jpg,1,1,392,392,609,612,
259.jpg,1,1,547,299,732,446,
259.jpg,0,0,732,212,984,354,
259.jpg,0,0,1029,211,1288,347,
259.jpg,0,0,1271,284,1475,424,
259.jpg,0,0,1413,384,1627,601,
259.jpg,1,1,1486,546,1749,772,
259.jpg,1,1,1588,730,1835,924,
259.jpg,3,3,1601,881,1907,1190,
260.jpg,3,3,28,45,339,304,
260.jpg,2,2,99,281,422,598,
260.jpg,1,1,229,575,453,817,
260.jpg,0,0,326,773,538,987,
260.jpg,0,0,507,927,708,1107,
260.jpg,0,0,702,1042,886,1154,
260.jpg,0,0,1024,1016,1217,1125,
260.jpg,0,0,1194,919,1387,1091,
260.jpg,0,0,1360,771,1571,1002,
260.jpg,0,0,1486,601,1720,860,
260.jpg,3,3,1519,305,1858,647,
260.jpg,4,4,1637,21,1954,331,
261.jpg,1,1,285,483,437,712,
261.jpg,1,1,398,412,590,691,
261.jpg,1,1,582,391,801,660,
261.jpg,0,0,789,352,1079,661,
261.jpg,0,0,1080,369,1363,674,
261.jpg,0,0,1351,401,1563,642,
261.jpg,1,1,1561,324,1721,479,
261.jpg,1,1,1598,441,1805,654,
261.jpg,1,1,1409,596,1596,835,
261.jpg,1,1,1582,578,1735,807,
261.jpg,1,1,1261,613,1408,802,
261.jpg,1,1,1090,653,1254,817,
261.jpg,1,1,914,629,1089,814,
261.jpg,1,1,738,619,902,824,
261.jpg,1,1,561,647,757,863,
261.jpg,1,1,419,649,583,834,
262.jpg,1,1,545,489,767,712,
262.jpg,1,1,757,439,1022,714,
262.jpg,0,0,1034,414,1254,692,
262.jpg,0,0,1258,383,1540,699,
262.jpg,0,0,1527,391,1728,688,
262.jpg,1,1,1727,407,1851,644,
262.jpg,2,2,1692,634,1818,820,
262.jpg,0,0,1482,668,1611,822,
262.jpg,1,1,1343,691,1470,826,
262.jpg,2,2,1161,646,1321,845,
262.jpg,2,2,932,640,1172,885,
262.jpg,1,1,696,636,937,856,
262.jpg,1,1,524,660,703,801,
262.jpg,2,2,243,623,532,774,
262.jpg,2,2,367,528,553,682,
262.jpg,2,2,135,438,367,631,
263.jpg,2,2,793,477,1003,764,
263.jpg,1,1,998,480,1109,759,
263.jpg,1,1,1074,489,1167,786,
263.jpg,1,1,857,701,1053,954,
265.jpg,1,1,87,942,432,1296,
265.jpg,1,1,187,735,492,968,
265.jpg,0,0,277,509,586,771,
265.jpg,0,0,550,236,795,441,
265.jpg,0,0,769,151,1035,379,
265.jpg,0,0,1044,150,1310,390,
265.jpg,1,1,1274,241,1518,443,
265.jpg,0,0,1438,376,1683,614,
265.jpg,2,2,1459,586,1768,839,
265.jpg,1,1,1536,821,1826,1046,
265.jpg,1,1,1557,1019,1901,1299,
266.jpg,2,2,148,86,439,324,
266.jpg,2,2,192,317,511,608,
266.jpg,1,1,284,558,560,774,
266.jpg,1,1,345,710,586,940,
266.jpg,0,0,466,837,643,1027,
266.jpg,0,0,637,896,819,1040,
266.jpg,0,0,786,941,945,1050,
266.jpg,0,0,948,950,1119,1048,
266.jpg,0,0,1115,898,1298,1040,
266.jpg,0,0,1283,860,1450,1038,
266.jpg,2,2,1360,726,1611,967,
266.jpg,1,1,1405,574,1682,791,
266.jpg,2,2,1462,333,1811,640,
266.jpg,2,2,1579,90,1874,373,
268.jpg,1,1,579,337,790,672,
268.jpg,1,1,791,330,1018,718,
268.jpg,0,0,981,261,1105,653,
268.jpg,1,1,565,622,690,994,
268.jpg,0,0,678,637,798,981,
268.jpg,0,0,790,630,876,918,
27.jpg,3,3,26,552,175,765,
27.jpg,1,1,113,668,393,845,
27.jpg,3,3,429,397,734,734,
27.jpg,3,3,413,678,660,870,
27.jpg,3,3,684,625,943,968,
27.jpg,3,3,840,474,1110,744,
27.jpg,3,3,937,730,1160,942,
27.jpg,3,3,1114,408,1441,792,
27.jpg,3,3,1443,366,1720,750,
27.jpg,0,0,1404,749,1532,900,
27.jpg,3,3,1713,323,1884,633,
27.jpg,0,0,1867,310,1958,532,
27.jpg,0,0,1838,571,1917,743,
27.jpg,1,1,1713,628,1864,855,
270.jpg,1,1,72,393,228,674,
270.jpg,1,1,162,683,379,987,
270.jpg,0,0,198,368,501,742,
270.jpg,0,0,507,349,842,696,
270.jpg,0,0,380,692,604,976,
270.jpg,0,0,609,630,836,975,
270.jpg,0,0,823,301,1105,619,
270.jpg,0,0,863,591,1149,925,
270.jpg,0,0,1156,576,1454,918,
270.jpg,1,1,1082,203,1377,519,
270.jpg,2,2,1255,264,1613,597,
270.jpg,2,2,1471,304,1795,593,
270.jpg,1,1,1446,593,1720,862,
270.jpg,1,1,1646,570,1948,787,
271.jpg,2,2,53,1008,377,1261,
271.jpg,2,2,102,778,467,1105,
271.jpg,2,2,172,600,449,819,
271.jpg,2,2,252,387,545,648,
271.jpg,1,1,377,222,602,450,
271.jpg,2,2,579,162,778,373,
271.jpg,1,1,733,124,988,295,
271.jpg,1,1,986,127,1246,330,
271.jpg,2,2,1193,210,1412,402,
271.jpg,1,1,1357,292,1588,505,
271.jpg,2,2,1432,436,1714,693,
271.jpg,2,2,1517,635,1803,880,
271.jpg,1,1,1554,787,1918,1132,
271.jpg,2,2,1613,1054,1945,1294,
272.jpg,3,3,40,82,332,368,
272.jpg,2,2,57,375,423,736,
272.jpg,2,2,260,661,509,918,
272.jpg,1,1,411,830,653,1088,
272.jpg,0,0,613,1011,830,1201,
272.jpg,0,0,850,1085,1033,1244,
272.jpg,0,0,1036,1074,1227,1235,
272.jpg,0,0,1235,996,1442,1203,
272.jpg,2,2,1414,818,1646,1076,
272.jpg,1,1,1555,655,1801,904,
272.jpg,2,2,1626,343,1970,719,
272.jpg,2,2,1676,103,1988,350,
273.jpg,2,2,187,483,272,664,
273.jpg,1,1,250,448,322,673,
273.jpg,2,2,84,415,188,627,
273.jpg,2,2,293,434,404,696,
273.jpg,2,2,392,391,585,724,
273.jpg,1,1,580,373,816,683,
273.jpg,0,0,795,404,1065,740,
273.jpg,0,0,1071,376,1347,729,
273.jpg,1,1,1327,412,1523,694,
273.jpg,1,1,1508,460,1678,769,
273.jpg,1,1,1660,530,1772,761,
273.jpg,2,2,407,654,577,888,
273.jpg,1,1,580,644,784,904,
273.jpg,1,1,927,720,1059,871,
273.jpg,0,0,1052,710,1226,913,
273.jpg,1,1,1229,663,1351,826,
273.jpg,1,1,1341,665,1534,943,
273.jpg,1,1,1530,700,1662,930,
273.jpg,1,1,1659,750,1741,901,
273.jpg,1,1,323,680,415,830,
273.jpg,1,1,241,657,354,794,
274.jpg,2,2,818,504,990,773,
274.jpg,3,3,995,499,1102,753,
274.jpg,1,1,1082,493,1193,743,
274.jpg,1,1,841,692,1014,931,
275.jpg,2,2,50,485,226,685,
275.jpg,2,2,207,519,404,720,
275.jpg,2,2,399,500,556,726,
275.jpg,2,2,539,486,730,757,
275.jpg,2,2,726,434,997,794,
275.jpg,1,1,993,414,1249,737,
275.jpg,1,1,1223,431,1498,775,
275.jpg,1,1,1482,369,1782,749,
275.jpg,1,1,1723,393,1887,691,
275.jpg,1,1,1863,424,1977,757,
275.jpg,1,1,691,685,917,943,
275.jpg,1,1,510,706,714,898,
275.jpg,2,2,319,698,553,853,
275.jpg,2,2,118,661,323,799,
275.jpg,1,1,924,664,1158,936,
275.jpg,1,1,1170,723,1299,845,
275.jpg,0,0,1442,725,1621,919,
275.jpg,1,1,1714,674,1864,932,
276.jpg,1,1,81,341,333,693,
276.jpg,0,0,314,388,583,757,
276.jpg,0,0,597,345,884,742,
276.jpg,1,1,868,377,1123,711,
276.jpg,1,1,1110,423,1355,789,
276.jpg,1,1,1352,492,1523,765,
276.jpg,1,1,1525,498,1644,727,
276.jpg,1,1,1626,516,1762,702,
276.jpg,1,1,1759,486,1912,681,
276.jpg,2,2,122,640,311,898,
276.jpg,1,1,479,742,612,884,
276.jpg,0,0,600,729,778,926,
276.jpg,0,0,782,652,918,826,
276.jpg,1,1,920,654,1167,981,
276.jpg,1,1,1171,711,1365,937,
276.jpg,1,1,1356,702,1524,913,
276.jpg,1,1,1517,695,1664,856,
277.jpg,2,2,104,1024,428,1249,
277.jpg,1,1,197,847,513,1123,
277.jpg,1,1,242,657,521,851,
277.jpg,1,1,295,478,587,697,
277.jpg,1,1,395,280,617,508,
277.jpg,0,0,561,202,764,367,
277.jpg,1,1,729,136,990,318,
277.jpg,0,0,993,182,1246,350,
277.jpg,1,1,1243,186,1453,352,
277.jpg,2,2,1401,270,1633,491,
277.jpg,2,2,1430,474,1724,680,
277.jpg,1,1,1484,673,1767,857,
277.jpg,1,1,1503,842,1823,1109,
277.jpg,3,3,1577,1047,1903,1299,
278.jpg,2,2,182,30,499,332,
278.jpg,2,2,268,316,566,597,
278.jpg,1,1,296,591,561,824,
278.jpg,1,1,375,800,601,1015,
278.jpg,0,0,486,979,679,1161,
278.jpg,0,0,649,997,841,1148,
278.jpg,0,0,755,1066,948,1200,
278.jpg,0,0,905,1029,1075,1188,
278.jpg,0,0,1035,989,1239,1148,
278.jpg,0,0,1209,991,1411,1178,
278.jpg,1,1,1354,843,1588,1090,
278.jpg,1,1,1399,664,1684,892,
278.jpg,2,2,1451,384,1771,715,
278.jpg,2,2,1561,100,1864,448,
279.jpg,2,2,219,476,322,633,
279.jpg,1,1,286,483,357,631,
279.jpg,0,0,327,439,416,633,
279.jpg,1,1,393,393,569,644,
279.jpg,0,0,569,414,769,674,
279.jpg,0,0,769,404,1028,681,
279.jpg,0,0,1016,373,1273,658,
279.jpg,0,0,1274,393,1451,646,
279.jpg,0,0,1429,465,1567,701,
279.jpg,1,1,1570,421,1725,654,
279.jpg,1,1,432,599,595,770,
279.jpg,1,1,264,623,399,726,
279.jpg,2,2,1461,593,1660,844,
28.jpg,3,3,26,378,166,682,
28.jpg,3,3,144,468,290,721,
28.jpg,2,2,157,724,260,908,
28.jpg,3,3,288,425,563,803,
28.jpg,2,2,296,798,404,928,
28.jpg,3,3,557,455,873,831,
28.jpg,3,3,875,416,1176,762,
28.jpg,1,1,843,727,1041,963,
28.jpg,3,3,1055,648,1310,993,
28.jpg,0,0,1211,532,1443,693,
28.jpg,3,3,1299,685,1557,963,
28.jpg,1,1,1443,470,1669,727,
28.jpg,1,1,1676,538,1899,721,
28.jpg,1,1,1570,719,1834,864,
28.jpg,5,5,1843,700,1993,830,
280.jpg,1,1,554,468,721,682,
280.jpg,1,1,727,411,940,661,
280.jpg,0,0,935,445,1061,680,
280.jpg,1,1,1047,420,1170,701,
280.jpg,0,0,1145,444,1235,682,
280.jpg,0,0,619,606,805,842,
280.jpg,1,1,743,602,941,750,
281.jpg,2,2,347,572,478,721,
281.jpg,2,2,468,557,656,728,
281.jpg,1,1,643,556,775,735,
281.jpg,1,1,745,523,919,745,
281.jpg,1,1,899,496,1132,766,
281.jpg,0,0,1139,525,1355,789,
281.jpg,0,0,1358,489,1644,796,
281.jpg,0,0,1632,414,1898,755,
281.jpg,0,0,1896,505,1999,722,
281.jpg,2,2,503,711,744,859,
281.jpg,4,4,378,695,523,811,
281.jpg,1,1,731,729,858,897,
281.jpg,1,1,863,718,1085,932,
282.jpg,1,1,78,526,338,823,
282.jpg,1,1,310,477,589,791,
282.jpg,1,1,586,490,802,763,
282.jpg,1,1,783,552,973,808,
282.jpg,1,1,980,483,1188,736,
282.jpg,0,0,1118,591,1249,780,
282.jpg,2,2,1236,603,1401,774,
282.jpg,2,2,1403,606,1548,746,
282.jpg,1,1,904,675,1140,946,
282.jpg,2,2,1205,756,1408,903,
283.jpg,3,3,175,946,474,1195,
283.jpg,2,2,241,757,531,1026,
283.jpg,3,3,349,404,609,647,
283.jpg,3,3,1476,998,1770,1222,
283.jpg,3,3,495,294,697,508,
283.jpg,2,2,615,180,786,361,
283.jpg,2,2,329,614,581,810,
283.jpg,2,2,1459,787,1751,1039,
283.jpg,2,2,1431,651,1687,818,
283.jpg,2,2,1391,472,1667,664,
283.jpg,1,1,1389,289,1599,490,
283.jpg,0,0,1251,239,1442,409,
283.jpg,0,0,1015,179,1247,392,
283.jpg,0,0,791,153,1029,320,
29.jpg,1,1,113,1127,422,1299,
29.jpg,2,2,148,871,448,1156,
29.jpg,0,0,199,653,481,898,
29.jpg,2,2,269,511,567,690,
29.jpg,0,0,410,351,581,527,
29.jpg,1,1,513,145,720,353,
29.jpg,1,1,711,74,967,257,
29.jpg,1,1,978,71,1210,248,
29.jpg,1,1,1216,139,1391,325,
29.jpg,1,1,1422,289,1625,508,
29.jpg,2,2,1570,823,1873,1161,
29.jpg,2,2,1646,1103,1938,1299,
30.jpg,3,3,93,1,408,173,
30.jpg,1,1,141,178,484,484,
30.jpg,1,1,254,464,566,724,
30.jpg,1,1,407,693,649,919,
30.jpg,1,1,548,874,729,1103,
30.jpg,0,0,723,955,888,1165,
30.jpg,0,0,894,990,1066,1183,
30.jpg,0,0,1063,987,1235,1170,
30.jpg,0,0,1216,936,1399,1142,
30.jpg,1,1,1352,838,1567,1072,
30.jpg,1,1,1461,640,1693,880,
30.jpg,1,1,1520,402,1814,715,
30.jpg,2,2,1566,149,1882,440,
30.jpg,3,3,1661,6,1943,161,
31.jpg,2,2,305,510,441,716,
31.jpg,2,2,434,459,599,682,
31.jpg,0,0,603,439,798,670,
31.jpg,0,0,806,389,1066,674,
31.jpg,0,0,1073,389,1329,682,
31.jpg,1,1,1337,421,1543,684,
31.jpg,2,2,1541,456,1711,731,
31.jpg,2,2,1685,542,1801,763,
31.jpg,2,2,412,698,556,890,
31.jpg,1,1,564,668,760,902,
31.jpg,1,1,769,666,935,880,
31.jpg,0,0,944,654,1098,858,
31.jpg,0,0,1108,682,1248,853,
31.jpg,0,0,1261,657,1405,880,
31.jpg,2,2,1415,666,1557,927,
31.jpg,2,2,1551,721,1638,920,
32.jpg,2,2,421,514,611,711,
32.jpg,2,2,616,530,763,722,
32.jpg,2,2,769,499,979,757,
32.jpg,2,2,989,477,1254,740,
32.jpg,1,1,1266,462,1522,742,
32.jpg,1,1,1529,435,1848,773,
32.jpg,2,2,522,723,735,867,
32.jpg,1,1,741,752,914,918,
32.jpg,2,2,918,737,1148,983,
32.jpg,1,1,1160,725,1421,1016,
32.jpg,2,2,1435,736,1641,989,
32.jpg,0,0,1651,757,1818,954,
32.jpg,0,0,1827,760,1969,962,
33.jpg,1,1,273,302,574,699,
33.jpg,1,1,69,317,298,696,
33.jpg,1,1,263,682,380,913,
33.jpg,1,1,166,687,264,913,
33.jpg,1,1,379,670,522,878,
33.jpg,0,0,518,642,687,875,
33.jpg,0,0,573,324,850,667,
33.jpg,0,0,696,585,911,897,
33.jpg,2,2,853,343,1177,677,
33.jpg,2,2,924,625,1209,948,
33.jpg,2,2,1180,417,1457,707,
33.jpg,2,2,1212,663,1476,911,
33.jpg,2,2,1612,897,1612,899,
33.jpg,2,2,1463,485,1706,711,
33.jpg,2,2,1687,468,1987,687,
34.jpg,3,3,237,985,466,1273,
34.jpg,2,2,240,763,561,1040,
34.jpg,2,2,301,582,560,779,
34.jpg,2,2,354,394,609,588,
34.jpg,1,1,458,199,658,408,
34.jpg,1,1,609,102,815,298,
34.jpg,2,2,801,34,1025,271,
34.jpg,2,2,1028,37,1256,268,
34.jpg,2,2,1244,116,1435,287,
34.jpg,1,1,1370,219,1585,435,
34.jpg,2,2,1443,400,1724,625,
34.jpg,2,2,1531,586,1785,780,
34.jpg,2,2,1535,755,1848,1064,
34.jpg,4,4,1645,969,1948,1262,
36.jpg,1,1,254,319,460,626,
36.jpg,1,1,440,396,670,707,
36.jpg,1,1,645,358,983,714,
36.jpg,0,0,982,322,1325,701,
36.jpg,1,1,1321,367,1545,687,
36.jpg,1,1,1550,321,1763,629,
36.jpg,0,0,1722,396,1902,663,
36.jpg,1,1,986,622,1174,838,
36.jpg,1,1,1328,613,1586,873,
36.jpg,1,1,1535,530,1735,818,
36.jpg,1,1,416,592,609,779,
36.jpg,1,1,793,630,972,870,
37.jpg,1,1,612,490,770,766,
37.jpg,2,2,760,456,960,733,
37.jpg,1,1,919,451,1015,702,
37.jpg,1,1,745,687,828,880,
38.jpg,1,1,235,458,418,629,
38.jpg,1,1,424,462,638,685,
38.jpg,1,1,625,410,880,699,
38.jpg,1,1,876,463,1131,757,
38.jpg,1,1,1140,425,1454,745,
38.jpg,0,0,1451,390,1705,711,
38.jpg,0,0,1689,431,1787,708,
38.jpg,0,0,1761,386,1879,649,
38.jpg,0,0,534,626,750,848,
38.jpg,0,0,753,589,995,845,
38.jpg,0,0,1024,663,1195,834,
38.jpg,0,0,1201,735,1372,897,
38.jpg,0,0,1386,666,1516,858,
38.jpg,1,1,1577,709,1758,876,
38.jpg,0,0,318,609,545,772,
38.jpg,1,1,96,588,387,714,
38.jpg,2,2,28,422,238,607,
4.jpg,0,0,46,23,269,248,
4.jpg,1,1,117,214,449,508,
4.jpg,1,1,205,498,507,678,
4.jpg,1,1,308,670,596,868,
4.jpg,1,1,425,861,672,1078,
4.jpg,0,0,601,981,819,1205,
4.jpg,1,1,813,1010,1063,1267,
4.jpg,0,0,1063,981,1308,1228,
4.jpg,0,0,1273,908,1481,1125,
4.jpg,0,0,1398,765,1635,993,
4.jpg,1,1,1423,566,1719,777,
4.jpg,1,1,1461,381,1740,561,
4.jpg,2,2,1434,81,1775,381,
41.jpg,2,2,134,22,474,410,
41.jpg,2,2,232,373,512,656,
41.jpg,1,1,354,603,615,902,
41.jpg,1,1,470,858,695,1133,
41.jpg,0,0,689,852,887,1097,
41.jpg,0,0,828,991,987,1210,
41.jpg,0,0,993,1029,1161,1221,
41.jpg,0,0,1114,873,1292,1127,
41.jpg,0,0,1301,817,1498,1071,
41.jpg,0,0,1372,577,1637,883,
41.jpg,1,1,1456,376,1744,629,
41.jpg,2,2,1502,41,1834,422,
42.jpg,1,1,272,332,532,633,
42.jpg,0,0,538,459,743,709,
42.jpg,0,0,724,387,1045,728,
42.jpg,0,0,1051,356,1370,716,
42.jpg,0,0,1360,397,1598,699,
42.jpg,1,1,1599,358,1779,664,
42.jpg,1,1,1767,389,1873,613,
42.jpg,1,1,428,524,628,784,
42.jpg,1,1,286,584,428,802,
43.jpg,1,1,735,461,815,721,
43.jpg,1,1,812,545,886,756,
43.jpg,0,0,874,422,1077,712,
44.jpg,0,0,16,417,172,575,
44.jpg,1,1,169,448,401,653,
44.jpg,0,0,395,473,618,716,
44.jpg,0,0,572,380,903,698,
44.jpg,0,0,874,526,1128,776,
44.jpg,0,0,1128,451,1477,805,
44.jpg,0,0,1479,421,1727,776,
44.jpg,0,0,1715,452,1835,743,
44.jpg,0,0,1828,382,1915,680,
44.jpg,1,1,657,619,932,846,
44.jpg,1,1,419,643,651,873,
44.jpg,1,1,167,609,429,772,
46.jpg,3,3,166,972,469,1299,
46.jpg,1,1,174,764,454,985,
46.jpg,1,1,266,562,545,797,
46.jpg,0,0,356,319,605,571,
46.jpg,0,0,537,187,772,400,
46.jpg,0,0,743,49,1018,321,
46.jpg,0,0,1021,71,1290,305,
46.jpg,0,0,1229,244,1451,445,
46.jpg,0,0,1440,268,1674,482,
46.jpg,2,2,1422,521,1703,776,
46.jpg,1,1,1524,742,1802,971,
46.jpg,2,2,1519,959,1847,1228,
47.jpg,2,2,64,24,421,387,
47.jpg,1,1,166,349,447,630,
47.jpg,1,1,293,555,569,844,
47.jpg,0,0,431,780,637,1024,
47.jpg,0,0,634,835,850,1058,
47.jpg,0,0,779,999,970,1162,
47.jpg,0,0,957,944,1134,1125,
47.jpg,0,0,1073,798,1279,1016,
47.jpg,0,0,1286,764,1506,1010,
47.jpg,1,1,1363,554,1648,826,
47.jpg,1,1,1472,346,1774,601,
47.jpg,3,3,1582,48,1948,422,
48.jpg,1,1,254,404,486,692,
48.jpg,1,1,118,408,251,623,
48.jpg,0,0,486,441,737,732,
48.jpg,0,0,685,374,990,755,
48.jpg,0,0,1005,379,1354,746,
48.jpg,0,0,1337,414,1570,711,
48.jpg,0,0,1563,350,1772,640,
48.jpg,0,0,1757,365,1890,591,
48.jpg,0,0,541,690,754,909,
48.jpg,0,0,376,603,537,838,
48.jpg,0,0,212,599,370,817,
48.jpg,0,0,947,623,1145,911,
48.jpg,0,0,1566,564,1760,798,
48.jpg,0,0,1161,692,1347,852,
48.jpg,0,0,751,678,947,867,
49.jpg,1,1,603,462,824,732,
49.jpg,1,1,824,404,999,643,
49.jpg,1,1,605,670,724,937,
49.jpg,1,1,722,715,787,876,
49.jpg,0,0,785,708,841,903,
49.jpg,0,0,954,412,1079,722,
5.jpg,3,3,72,6,413,168,
5.jpg,1,1,91,177,458,518,
5.jpg,0,0,182,523,476,716,
5.jpg,0,0,281,719,552,961,
5.jpg,0,0,457,903,657,1145,
5.jpg,0,0,631,985,828,1208,
5.jpg,0,0,828,1001,1001,1218,
5.jpg,0,0,1004,1006,1169,1217,
5.jpg,0,0,1172,951,1369,1164,
5.jpg,0,0,1328,865,1535,1096,
5.jpg,0,0,1458,672,1729,942,
5.jpg,1,1,1526,465,1808,700,
5.jpg,2,2,1560,124,1928,483,
5.jpg,3,3,1666,15,1957,130,
50.jpg,1,1,444,473,715,718,
50.jpg,1,1,221,486,454,694,
50.jpg,3,3,38,572,318,764,
50.jpg,1,1,721,432,1035,761,
50.jpg,1,1,1074,444,1374,761,
50.jpg,1,1,1360,390,1629,763,
50.jpg,0,0,1635,492,1989,735,
50.jpg,0,0,1061,675,1311,956,
50.jpg,1,1,786,653,1058,952,
50.jpg,0,0,516,653,779,947,
50.jpg,0,0,1318,644,1498,899,
50.jpg,0,0,1503,607,1682,858,
51.jpg,1,1,114,374,402,735,
51.jpg,0,0,405,425,698,753,
51.jpg,0,0,706,476,964,761,
51.jpg,1,1,973,438,1256,723,
51.jpg,0,0,1258,485,1490,695,
51.jpg,0,0,1495,459,1711,658,
51.jpg,0,0,1714,436,1899,571,
51.jpg,1,1,622,644,825,899,
51.jpg,0,0,457,743,615,891,
51.jpg,0,0,831,640,1083,906,
51.jpg,0,0,1095,629,1356,891,
51.jpg,0,0,1351,619,1595,786,
51.jpg,1,1,1599,547,1911,739,
52.jpg,2,2,163,965,514,1292,
52.jpg,1,1,209,755,490,975,
52.jpg,2,2,296,554,561,772,
52.jpg,1,1,385,324,592,574,
52.jpg,1,1,551,201,773,442,
52.jpg,1,1,729,79,999,300,
52.jpg,1,1,1022,34,1257,273,
52.jpg,1,1,1203,171,1425,376,
52.jpg,0,0,1403,280,1622,512,
52.jpg,1,1,1487,501,1741,723,
52.jpg,1,1,1540,712,1816,926,
52.jpg,3,3,1529,917,1869,1245,
53.jpg,2,2,167,119,412,383,
53.jpg,3,3,229,347,499,688,
53.jpg,2,2,366,653,576,861,
53.jpg,1,1,474,826,692,1057,
53.jpg,0,0,622,983,824,1181,
53.jpg,0,0,780,1064,945,1228,
53.jpg,0,0,947,1099,1095,1246,
53.jpg,0,0,1098,1074,1240,1218,
53.jpg,0,0,1243,1056,1401,1198,
53.jpg,0,0,1334,907,1529,1109,
53.jpg,1,1,1425,726,1650,945,
53.jpg,2,2,1482,540,1693,728,
53.jpg,4,4,1537,233,1770,540,
53.jpg,3,3,1558,0,1785,244,
54.jpg,1,1,341,477,405,649,
54.jpg,1,1,392,473,482,664,
54.jpg,1,1,476,439,595,647,
54.jpg,1,1,585,422,754,653,
54.jpg,0,0,757,403,969,646,
54.jpg,0,0,970,427,1182,666,
54.jpg,1,1,1186,421,1341,647,
54.jpg,1,1,1332,422,1464,647,
54.jpg,1,1,1456,436,1554,626,
54.jpg,1,1,567,623,695,820,
54.jpg,1,1,445,644,563,802,
54.jpg,0,0,361,646,443,793,
54.jpg,0,0,677,620,834,832,
54.jpg,0,0,832,640,970,822,
54.jpg,1,1,973,651,1069,756,
54.jpg,0,0,1070,620,1229,824,
54.jpg,0,0,1216,610,1357,814,
54.jpg,0,0,1351,616,1453,752,
55.jpg,0,0,305,336,483,647,
55.jpg,1,1,466,347,696,656,
55.jpg,0,0,708,379,986,694,
55.jpg,1,1,983,441,1247,719,
55.jpg,1,1,1248,394,1485,707,
55.jpg,2,2,1480,401,1756,688,
55.jpg,1,1,560,578,793,896,
55.jpg,0,0,796,610,1048,845,
55.jpg,0,0,1056,656,1324,867,
55.jpg,0,0,1329,650,1702,863,
55.jpg,1,1,460,623,554,841,
55.jpg,1,1,324,619,431,810,
56.jpg,2,2,164,143,395,333,
56.jpg,1,1,189,302,434,521,
56.jpg,2,2,250,497,445,667,
56.jpg,1,1,311,619,506,811,
56.jpg,1,1,387,774,561,959,
56.jpg,1,1,506,882,670,1039,
56.jpg,0,0,672,923,854,1072,
56.jpg,0,0,856,927,1031,1065,
56.jpg,1,1,1015,876,1182,1033,
56.jpg,1,1,1108,759,1279,944,
56.jpg,2,2,1151,610,1354,804,
56.jpg,2,2,1214,496,1396,657,
56.jpg,2,2,1208,306,1451,527,
56.jpg,3,3,1261,147,1489,358,
57.jpg,2,2,138,947,416,1249,
57.jpg,2,2,187,678,453,965,
57.jpg,1,1,187,482,398,682,
57.jpg,1,1,274,309,466,521,
57.jpg,1,1,403,179,576,358,
57.jpg,0,0,516,113,696,290,
57.jpg,0,0,677,89,829,244,
57.jpg,0,0,812,131,966,274,
57.jpg,0,0,931,81,1101,233,
57.jpg,0,0,1069,107,1234,292,
57.jpg,1,1,1161,232,1356,445,
57.jpg,1,1,1264,387,1472,603,
57.jpg,2,2,1295,558,1589,855,
57.jpg,3,3,1408,825,1690,1115,
58.jpg,2,2,416,369,699,672,
58.jpg,2,2,708,417,931,682,
58.jpg,2,2,924,410,1174,691,
58.jpg,1,1,1157,374,1427,656,
58.jpg,1,1,1435,343,1663,634,
58.jpg,0,0,1641,305,1845,601,
58.jpg,0,0,1832,306,1969,612,
58.jpg,0,0,795,644,1050,886,
58.jpg,1,1,502,627,793,812,
58.jpg,0,0,1054,609,1286,856,
58.jpg,1,1,1289,593,1506,865,
58.jpg,1,1,1509,601,1663,849,
58.jpg,0,0,1669,584,1782,814,
58.jpg,0,0,1808,593,1963,794,
59.jpg,2,2,143,462,238,595,
59.jpg,1,1,228,476,347,670,
59.jpg,1,1,316,485,450,687,
59.jpg,1,1,425,438,602,718,
59.jpg,0,0,603,471,782,709,
59.jpg,0,0,786,441,1019,721,
59.jpg,0,0,1024,447,1264,731,
59.jpg,0,0,1256,461,1425,690,
59.jpg,0,0,1414,444,1550,682,
59.jpg,0,0,1538,458,1627,680,
59.jpg,0,0,1618,462,1670,663,
59.jpg,1,1,538,646,687,880,
59.jpg,1,1,390,670,529,838,
59.jpg,1,1,301,644,409,793,
59.jpg,1,1,177,599,296,756,
59.jpg,0,0,682,671,840,859,
59.jpg,0,0,840,712,980,855,
59.jpg,0,0,1145,658,1287,861,
59.jpg,1,1,1293,663,1424,875,
59.jpg,1,1,1402,666,1547,848,
59.jpg,0,0,993,701,1121,845,
6.jpg,0,0,967,373,1279,712,
6.jpg,0,0,1273,376,1516,685,
6.jpg,0,0,1525,391,1646,613,
6.jpg,0,0,1654,347,1794,555,
6.jpg,0,0,1802,381,1882,551,
6.jpg,0,0,1869,347,1957,552,
6.jpg,0,0,675,393,967,724,
6.jpg,0,0,469,431,704,678,
6.jpg,0,0,320,400,504,643,
6.jpg,0,0,191,370,358,594,
6.jpg,0,0,87,343,220,523,
6.jpg,2,2,105,527,275,682,
6.jpg,1,1,310,633,535,815,
6.jpg,0,0,538,668,707,861,
6.jpg,2,2,726,710,904,851,
6.jpg,0,0,907,693,1081,852,
6.jpg,0,0,1081,691,1255,845,
6.jpg,0,0,1258,662,1441,833,
6.jpg,0,0,1443,619,1587,811,
6.jpg,0,0,1601,561,1743,784,
6.jpg,0,0,1729,561,1838,755,
60.jpg,1,1,321,513,566,688,
60.jpg,1,1,385,651,654,835,
60.jpg,1,1,573,492,773,726,
60.jpg,1,1,769,486,989,716,
60.jpg,0,0,656,678,857,858,
60.jpg,0,0,850,642,1072,859,
60.jpg,0,0,983,432,1234,709,
60.jpg,0,0,1234,436,1464,685,
60.jpg,0,0,1458,390,1692,672,
60.jpg,0,0,1635,400,1856,687,
60.jpg,0,0,1805,430,1916,653,
60.jpg,1,1,1074,612,1277,889,
60.jpg,0,0,1270,642,1445,848,
60.jpg,1,1,1447,612,1574,838,
60.jpg,1,1,1589,670,1677,824,
60.jpg,0,0,1699,675,1787,835,
60.jpg,0,0,1787,678,1853,849,
62.jpg,2,2,84,177,426,503,
62.jpg,2,2,199,464,515,693,
62.jpg,1,1,313,651,628,892,
62.jpg,0,0,443,867,692,1095,
62.jpg,1,1,651,1001,893,1208,
62.jpg,3,3,25,13,347,241,
62.jpg,3,3,868,1035,1146,1287,
62.jpg,3,3,1142,1034,1424,1239,
62.jpg,1,1,1374,976,1613,1195,
62.jpg,0,0,1511,799,1775,1029,
62.jpg,1,1,1552,598,1861,833,
62.jpg,1,1,1640,407,1928,616,
62.jpg,2,2,1660,147,1975,440,
63.jpg,4,4,28,969,388,1263,
63.jpg,3,3,78,667,430,970,
63.jpg,1,1,210,479,504,690,
63.jpg,1,1,311,279,570,494,
63.jpg,0,0,475,138,690,324,
63.jpg,1,1,629,65,823,228,
63.jpg,1,1,809,14,989,188,
63.jpg,1,1,991,27,1166,198,
63.jpg,1,1,1162,32,1360,205,
63.jpg,1,1,1284,101,1490,286,
63.jpg,0,0,1414,223,1667,461,
63.jpg,1,1,1495,430,1755,653,
63.jpg,3,3,1549,621,1895,939,
63.jpg,4,4,1597,926,1955,1232,
64.jpg,2,2,163,1057,445,1299,
64.jpg,2,2,237,828,547,1129,
64.jpg,1,1,309,668,566,848,
64.jpg,2,2,357,486,593,677,
64.jpg,2,2,416,273,631,500,
64.jpg,2,2,561,187,764,373,
64.jpg,2,2,718,76,966,287,
64.jpg,2,2,945,111,1190,317,
64.jpg,2,2,1187,175,1380,349,
64.jpg,1,1,1309,284,1516,493,
64.jpg,2,2,1372,476,1615,684,
64.jpg,1,1,1432,654,1658,849,
64.jpg,3,3,1472,804,1766,1119,
64.jpg,2,2,1572,1032,1856,1283,
65.jpg,1,1,734,501,883,731,
65.jpg,0,0,885,504,992,705,
65.jpg,0,0,963,489,1025,715,
65.jpg,0,0,1001,468,1074,672,
65.jpg,1,1,777,714,845,842,
66.jpg,1,1,99,463,250,636,
66.jpg,1,1,267,512,506,688,
66.jpg,1,1,515,552,683,718,
66.jpg,1,1,677,536,877,732,
66.jpg,1,1,872,499,1125,764,
66.jpg,0,0,1134,489,1356,746,
66.jpg,0,0,1348,459,1608,749,
66.jpg,0,0,1599,376,1838,687,
66.jpg,0,0,1777,404,1863,642,
66.jpg,1,1,1835,394,1903,643,
66.jpg,2,2,222,651,516,811,
66.jpg,1,1,501,702,685,844,
66.jpg,0,0,677,695,886,886,
66.jpg,0,0,882,702,1096,903,
66.jpg,0,0,1112,660,1280,890,
66.jpg,0,0,1308,690,1428,885,
66.jpg,0,0,1440,736,1564,882,
66.jpg,0,0,1585,650,1645,834,
66.jpg,0,0,1651,674,1737,853,
68.jpg,0,0,361,519,515,780,
68.jpg,0,0,512,510,722,779,
68.jpg,0,0,721,469,1001,791,
68.jpg,0,0,982,398,1269,733,
68.jpg,0,0,1244,442,1460,719,
68.jpg,1,1,1456,418,1628,708,
68.jpg,1,1,1611,489,1705,702,
68.jpg,1,1,322,759,463,897,
68.jpg,1,1,473,733,605,923,
68.jpg,1,1,637,737,787,932,
68.jpg,1,1,808,766,980,926,
68.jpg,0,0,985,726,1156,928,
68.jpg,0,0,1179,707,1332,889,
68.jpg,1,1,1345,607,1518,938,
68.jpg,1,1,1519,696,1647,900,
69.jpg,2,2,103,1097,397,1299,
69.jpg,2,2,143,887,487,1190,
69.jpg,1,1,241,711,476,906,
69.jpg,3,3,309,506,583,729,
69.jpg,1,1,445,331,648,558,
69.jpg,0,0,564,201,795,373,
69.jpg,0,0,782,120,1034,315,
69.jpg,0,0,1031,122,1272,321,
69.jpg,0,0,1219,223,1438,431,
69.jpg,0,0,1358,367,1579,616,
69.jpg,1,1,1447,633,1698,834,
69.jpg,4,4,1485,801,1801,1132,
69.jpg,3,3,1550,1064,1869,1299,
70.jpg,0,0,111,428,280,716,
70.jpg,0,0,263,412,528,760,
70.jpg,0,0,529,406,851,760,
70.jpg,0,0,858,415,1140,722,
70.jpg,1,1,1137,427,1366,680,
70.jpg,1,1,1376,400,1599,631,
70.jpg,1,1,1570,448,1753,642,
70.jpg,2,2,77,681,245,875,
70.jpg,2,2,231,721,360,909,
70.jpg,1,1,367,740,527,885,
70.jpg,0,0,512,716,696,907,
70.jpg,0,0,705,668,879,897,
70.jpg,0,0,892,649,1122,866,
70.jpg,0,0,1131,647,1334,911,
70.jpg,1,1,1338,588,1569,891,
70.jpg,1,1,1556,615,1760,876,
71.jpg,4,4,87,35,389,341,
71.jpg,3,3,193,295,512,619,
71.jpg,2,2,308,586,545,794,
71.jpg,2,2,369,779,585,985,
71.jpg,0,0,487,923,683,1142,
71.jpg,0,0,648,985,831,1184,
71.jpg,1,1,811,1040,983,1238,
71.jpg,1,1,977,1020,1153,1218,
71.jpg,0,0,1129,996,1315,1176,
71.jpg,1,1,1258,907,1451,1101,
71.jpg,1,1,1367,759,1583,962,
71.jpg,2,2,1408,569,1647,781,
71.jpg,3,3,1441,291,1754,610,
71.jpg,4,4,1558,20,1872,329,
72.jpg,4,4,40,16,369,326,
72.jpg,3,3,134,308,457,640,
72.jpg,2,2,267,613,521,805,
72.jpg,1,1,376,779,586,997,
72.jpg,0,0,531,930,709,1118,
72.jpg,0,0,680,1023,853,1187,
72.jpg,0,0,845,1043,1001,1208,
72.jpg,0,0,1005,1048,1160,1204,
72.jpg,0,0,1163,1016,1332,1183,
72.jpg,0,0,1287,934,1467,1118,
72.jpg,1,1,1402,780,1615,995,
72.jpg,2,2,1461,599,1716,811,
72.jpg,1,1,1522,311,1825,634,
72.jpg,2,2,1606,13,1928,331,
76.jpg,2,2,27,442,289,642,
76.jpg,3,3,283,497,464,667,
76.jpg,2,2,453,447,687,716,
76.jpg,2,2,689,441,956,749,
76.jpg,1,1,961,459,1203,750,
76.jpg,1,1,1203,424,1474,761,
76.jpg,1,1,1472,376,1735,731,
76.jpg,1,1,1744,397,1864,711,
76.jpg,1,1,1872,396,1953,667,
76.jpg,0,0,618,636,854,882,
76.jpg,0,0,864,646,1086,869,
76.jpg,1,1,373,631,595,826,
76.jpg,2,2,98,606,403,749,
77.jpg,3,3,218,284,358,526,
77.jpg,2,2,351,305,509,578,
77.jpg,2,2,503,338,712,616,
77.jpg,1,1,712,324,992,647,
77.jpg,0,0,1028,318,1302,647,
77.jpg,1,1,1309,336,1527,631,
77.jpg,1,1,1534,315,1708,606,
77.jpg,1,1,1714,291,1861,542,
77.jpg,1,1,338,537,511,687,
77.jpg,0,0,1611,483,1767,705,
77.jpg,0,0,892,468,1044,695,
8.jpg,5,5,28,594,261,818,
8.jpg,0,0,140,434,438,619,
8.jpg,3,3,229,651,511,886,
8.jpg,0,0,425,405,720,700,
8.jpg,0,0,720,410,1017,724,
8.jpg,0,0,661,676,941,963,
8.jpg,0,0,1011,347,1369,743,
8.jpg,0,0,957,691,1179,903,
8.jpg,0,0,1170,670,1398,886,
8.jpg,0,0,1358,300,1669,701,
8.jpg,1,1,1661,294,1879,651,
8.jpg,0,0,1387,676,1551,851,
8.jpg,0,0,1585,651,1708,780,
8.jpg,0,0,1749,589,1861,777,
80.jpg,1,1,166,422,418,671,
80.jpg,1,1,418,376,696,722,
80.jpg,1,1,702,353,1005,742,
80.jpg,0,0,1005,404,1286,716,
80.jpg,0,0,1286,398,1569,722,
80.jpg,0,0,1567,324,1854,684,
80.jpg,1,1,267,637,534,904,
80.jpg,2,2,6,627,285,856,
80.jpg,1,1,524,634,822,959,
80.jpg,1,1,825,618,1076,978,
80.jpg,0,0,1085,661,1303,931,
80.jpg,0,0,1303,692,1463,894,
80.jpg,0,0,1461,661,1608,897,
80.jpg,0,0,1608,685,1747,861,
81.jpg,1,1,125,411,428,729,
81.jpg,0,0,421,400,728,740,
81.jpg,0,0,724,404,979,731,
81.jpg,1,1,986,367,1254,735,
81.jpg,1,1,1251,411,1502,715,
81.jpg,2,2,1486,427,1714,672,
81.jpg,2,2,1706,442,1964,643,
81.jpg,1,1,86,671,245,879,
81.jpg,0,0,244,699,408,902,
81.jpg,1,1,412,696,583,918,
81.jpg,0,0,580,661,790,918,
81.jpg,1,1,802,637,1041,955,
81.jpg,1,1,1043,656,1316,927,
81.jpg,1,1,1303,657,1558,909,
81.jpg,1,1,1557,627,1880,848,
84.jpg,1,1,566,420,848,712,
84.jpg,1,1,845,271,1112,589,
84.jpg,1,1,867,575,1082,940,
84.jpg,1,1,627,585,921,945,
85.jpg,1,1,114,421,361,613,
85.jpg,2,2,203,586,524,791,
85.jpg,1,1,372,462,570,680,
85.jpg,0,0,573,485,825,735,
85.jpg,2,2,815,514,1079,740,
85.jpg,0,0,1060,403,1325,682,
85.jpg,0,0,1328,328,1663,704,
85.jpg,0,0,1651,352,1937,651,
85.jpg,1,1,524,639,740,825,
85.jpg,1,1,716,674,953,896,
85.jpg,1,1,963,629,1218,956,
85.jpg,0,0,1218,640,1472,954,
86.jpg,0,0,47,403,303,742,
86.jpg,0,0,299,376,598,732,
86.jpg,0,0,596,452,843,707,
86.jpg,0,0,841,363,1103,707,
86.jpg,0,0,1109,455,1379,716,
86.jpg,0,0,1379,530,1583,695,
86.jpg,5,5,1651,479,1869,640,
86.jpg,4,4,1460,591,1803,766,
86.jpg,0,0,1254,654,1476,829,
86.jpg,0,0,1021,629,1267,891,
86.jpg,0,0,758,616,1014,937,
86.jpg,0,0,541,634,757,928,
86.jpg,0,0,351,718,537,887,
87.jpg,0,0,235,459,341,698,
87.jpg,0,0,340,493,498,705,
87.jpg,0,0,473,396,699,651,
87.jpg,0,0,695,353,1014,715,
87.jpg,0,0,1016,350,1335,699,
87.jpg,0,0,1335,407,1541,667,
87.jpg,0,0,1547,332,1770,636,
87.jpg,0,0,1740,401,1903,634,
87.jpg,1,1,321,667,495,856,
87.jpg,1,1,456,640,641,916,
87.jpg,0,0,643,647,848,934,
87.jpg,0,0,850,653,1008,897,
87.jpg,0,0,1016,658,1237,899,
87.jpg,0,0,1241,599,1469,878,
87.jpg,0,0,1456,581,1643,876,
87.jpg,0,0,1637,584,1814,815,
88.jpg,2,2,50,982,361,1255,
88.jpg,2,2,79,745,392,1046,
88.jpg,1,1,179,584,421,770,
88.jpg,1,1,269,410,527,636,
88.jpg,0,0,403,241,614,452,
88.jpg,2,2,534,143,737,324,
88.jpg,1,1,714,85,972,249,
88.jpg,1,1,995,90,1251,247,
88.jpg,1,1,1253,137,1437,308,
88.jpg,0,0,1373,249,1577,469,
88.jpg,1,1,1469,421,1721,643,
88.jpg,1,1,1563,589,1814,801,
88.jpg,1,1,1611,752,1919,1071,
88.jpg,2,2,1634,1009,1943,1283,
9.jpg,5,5,54,19,382,329,
9.jpg,0,0,219,458,449,687,
9.jpg,0,0,310,625,570,910,
9.jpg,0,0,478,787,701,1046,
9.jpg,0,0,611,925,801,1106,
9.jpg,0,0,790,976,966,1149,
9.jpg,0,0,957,972,1131,1160,
9.jpg,0,0,1105,938,1308,1118,
9.jpg,0,0,1243,840,1466,1069,
9.jpg,0,0,1408,731,1654,981,
9.jpg,1,1,1451,545,1713,762,
9.jpg,3,3,1467,261,1848,605,
9.jpg,1,1,1587,18,1943,301,
91.jpg,1,1,560,420,840,711,
91.jpg,1,1,640,591,928,951,
91.jpg,0,0,867,574,1077,942,
91.jpg,0,0,844,267,1114,598,
92.jpg,2,2,125,422,370,613,
92.jpg,2,2,206,591,521,804,
92.jpg,1,1,369,461,574,675,
92.jpg,1,1,524,633,728,832,
92.jpg,0,0,577,486,822,732,
92.jpg,2,2,818,520,1079,742,
92.jpg,1,1,1061,401,1327,682,
92.jpg,0,0,1328,336,1661,707,
92.jpg,0,0,1660,355,1943,653,
92.jpg,1,1,951,629,1218,951,
92.jpg,1,1,714,675,954,911,
92.jpg,1,1,1216,642,1464,961,
92.jpg,0,0,1460,672,1602,859,
92.jpg,0,0,1612,623,1799,786,
93.jpg,0,0,45,403,306,732,
93.jpg,0,0,289,370,592,731,
93.jpg,0,0,595,445,845,704,
93.jpg,0,0,851,367,1108,704,
93.jpg,0,0,1096,463,1382,715,
93.jpg,1,1,1379,524,1586,690,
93.jpg,5,5,1645,473,1854,646,
93.jpg,4,4,1454,586,1801,769,
93.jpg,0,0,1253,650,1473,832,
93.jpg,1,1,1018,629,1272,904,
93.jpg,0,0,753,636,1019,920,
93.jpg,0,0,543,636,756,937,
93.jpg,0,0,358,716,531,887,
94.jpg,0,0,467,396,692,656,
94.jpg,0,0,698,355,1016,704,
94.jpg,0,0,1021,343,1337,699,
94.jpg,0,0,1341,398,1538,666,
94.jpg,0,0,1545,332,1769,642,
94.jpg,0,0,1740,417,1902,631,
94.jpg,0,0,329,485,496,711,
94.jpg,0,0,229,454,343,694,
94.jpg,1,1,153,430,250,651,
94.jpg,1,1,456,642,643,909,
94.jpg,1,1,327,672,479,852,
94.jpg,0,0,644,643,854,938,
94.jpg,0,0,857,644,1019,893,
94.jpg,0,0,1012,656,1235,900,
94.jpg,0,0,1234,596,1464,889,
94.jpg,0,0,1463,585,1647,856,
94.jpg,0,0,1640,575,1815,818,
95.jpg,1,1,389,448,482,629,
95.jpg,2,2,458,404,606,647,
95.jpg,1,1,586,407,773,644,
95.jpg,0,0,760,374,1003,668,
95.jpg,0,0,1011,376,1257,661,
95.jpg,1,1,1263,384,1450,631,
95.jpg,2,2,1461,352,1608,651,
95.jpg,1,1,1611,427,1708,606,
95.jpg,1,1,386,616,496,805,
95.jpg,1,1,311,601,402,772,
95.jpg,1,1,457,642,580,852,
95.jpg,1,1,577,619,702,844,
95.jpg,0,0,708,616,853,825,
95.jpg,0,0,870,660,1022,805,
95.jpg,0,0,1022,660,1190,824,
95.jpg,0,0,1192,619,1354,832,
95.jpg,0,0,1357,592,1511,866,
95.jpg,1,1,1502,651,1657,831,
95.jpg,3,3,1596,602,1748,781,
96.jpg,1,1,317,436,536,680,
96.jpg,1,1,541,502,738,742,
96.jpg,1,1,712,450,989,750,
96.jpg,1,1,995,450,1279,742,
96.jpg,0,0,1276,462,1466,710,
96.jpg,1,1,1468,446,1609,679,
96.jpg,0,0,1618,439,1754,574,
96.jpg,2,2,1587,512,1825,648,
96.jpg,1,1,1362,640,1528,838,
96.jpg,1,1,1518,670,1677,858,
96.jpg,1,1,1598,627,1764,750,
96.jpg,1,1,1185,667,1360,829,
96.jpg,1,1,472,620,657,848,
96.jpg,2,2,264,681,492,802,
96.jpg,1,1,301,758,455,887,
97.jpg,0,0,217,394,538,746,
97.jpg,0,0,544,422,854,752,
97.jpg,0,0,865,427,1141,728,
97.jpg,0,0,1136,432,1365,690,
97.jpg,3,3,1366,412,1563,573,
97.jpg,4,4,1378,490,1709,644,
97.jpg,0,0,1328,622,1604,775,
97.jpg,0,0,1234,683,1446,894,
97.jpg,0,0,1005,615,1235,882,
